item_id,transaction_id,sequence,sku,product_name,quantity,unit_price,subtotal,discount_applied,is_void,error_type
TRX-20260901-000001-001,TRX-20260901-000001,1,SKU-1002,Minyak Goreng Bimoli 2L,2,37500.0,75000.0,0.0,False,NONE
TRX-20260901-000001-002,TRX-20260901-000001,2,SKU-1006,Kecap Manis Bango 520ml,1,25500.0,25500.0,0.0,False,NONE
TRX-20260901-000001-003,TRX-20260901-000001,3,SKU-1000,UNKNOWN PRODUCT,2,3400.0,6800.0,0.0,False,TYPO_SKU
TRX-20260901-000001-004,TRX-20260901-000001,4,SKU-3001,Air Mineral Aqua 600ml,1,4000.0,4000.0,0.0,False,NONE
TRX-20260901-000001-005,TRX-20260901-000001,5,SKU-4103,UNKNOWN PRODUCT,2,17000.0,34000.0,0.0,False,TYPO_SKU
TRX-20260901-000001-006,TRX-20260901-000001,6,SKU-4004,Sikat Gigi Formula Double Action 3s,2,15500.0,31000.0,0.0,False,NONE
TRX-20260901-000001-007,TRX-20260901-000001,7,SKU-4006,Paseo Facial Tissue 250 Sheets,1,16500.0,16500.0,0.0,False,NONE
TRX-20260901-000001-008,TRX-20260901-000001,8,SKU-1012,Kornet Sapi Pronas 198g,2,26000.0,52000.0,0.0,False,NONE
TRX-20260901-000001-009,TRX-20260901-000001,9,SKU-1010,Sedaap Mie Goreng 90g,1,3400.0,3400.0,0.0,False,NONE
TRX-20260901-000001-010,TRX-20260901-000001,10,SKU-5004,Pembersih Lantai Super Pell 770ml,2,14500.0,29000.0,0.0,False,NONE
TRX-20260901-000001-011,TRX-20260901-000001,11,SKU-1007,Saus Sambal ABC 335ml,2,17500.0,35000.0,0.0,False,NONE
TRX-20260901-000001-012,TRX-20260901-000001,12,SKU-1001,Beras Pandan Wangi 5kg,3,78500.0,235500.0,0.0,False,NONE
TRX-20260901-000001-013,TRX-20260901-000001,13,SKU-5005,Baygon Obat Nyamuk Semprot 600ml,2,42000.0,84000.0,0.0,False,TYPO_SKU
TRX-20260901-000001-014,TRX-20260901-000001,14,SKU-5006,Baterai ABC Alkaline AA 4s,2,21000.0,42000.0,0.0,False,NONE
TRX-20260901-000002-001,TRX-20260901-000002,1,SKU-3010,SilverQueen Cokelat Mede 58g,1,17000.0,17000.0,0.0,False,NONE
TRX-20260901-000002-002,TRX-20260901-000002,2,SKU-1007,Saus Sambal ABC 335ml,1,17500.0,17500.0,0.0,False,NONE
TRX-20260901-000002-003,TRX-20260901-000002,3,SKU-3007,Chitato Sapi Panggang 68g,1,12500.0,12500.0,0.0,False,NONE
TRX-20260901-000002-004,TRX-20260901-000002,4,SKU-2101,UNKNOWN PRODUCT,1,31000.0,31000.0,0.0,False,TYPO_SKU
TRX-20260901-000002-005,TRX-20260901-000002,5,SKU-3008,Taro Net Seaweed 65g,1,9800.0,9800.0,0.0,False,NONE
TRX-20260901-000003-001,TRX-20260901-000003,1,SKU-5006,Baterai ABC Alkaline AA 4s,1,21000.0,21000.0,0.0,False,NONE
TRX-20260901-000003-002,TRX-20260901-000003,2,SKU-5001,Deterjen Rinso Anti Noda 770g,1,23000.0,23000.0,0.0,False,NONE
TRX-20260901-000003-003,TRX-20260901-000003,3,SKU-3004,Kopi Kapal Api Spesial Mix 10s,1,15500.0,15500.0,0.0,False,NONE
TRX-20260901-000003-004,TRX-20260901-000003,4,SKU-3009,Oreo Original Roll 133g,1,11000.0,11000.0,0.0,False,NONE
TRX-20260901-000003-005,TRX-20260901-000003,5,SKU-3002,Air Mineral Le Minerale 600ml,2,3800.0,7600.0,0.0,False,NONE
TRX-20260901-000004-001,TRX-20260901-000004,1,SKU-1008,Indomie Goreng Spesial 85g,2,3500.0,7000.0,0.0,False,NONE
TRX-20260901-000004-002,TRX-20260901-000004,2,SKU-3002,Air Mineral Le Minerale 600ml,1,3800.0,3800.0,0.0,False,NONE
TRX-20260901-000004-003,TRX-20260901-000004,3,SKU-3001,Air Mineral Aqua 600ml,2,4000.0,8000.0,0.0,False,NONE
TRX-20260901-000004-004,TRX-20260901-000004,4,SKU-3005,Good Day Moccacino 250ml,2,8000.0,16000.0,0.0,False,NONE
TRX-20260901-000004-005,TRX-20260901-000004,5,SKU-3003,Teh Pucuk Harum 350ml,1,4500.0,4500.0,0.0,False,NONE
TRX-20260901-000004-006,TRX-20260901-000004,6,SKU-3004,Kopi Kapal Api Spesial Mix 10s,2,15500.0,31000.0,0.0,False,NONE
TRX-20260901-000004-007,TRX-20260901-000004,7,SKU-2006,Mentega Blue Band 200g,2,12500.0,25000.0,0.0,False,NONE
TRX-20260901-000004-008,TRX-20260901-000004,8,SKU-1005,Garam Dapur Cap Kapal 250g,1,5000.0,5000.0,0.0,False,NONE
TRX-20260901-000005-001,TRX-20260901-000005,1,SKU-3005,Good Day Moccacino 250ml,1,8000.0,8000.0,0.0,False,NONE
TRX-20260901-000005-002,TRX-20260901-000005,2,SKU-5006,Baterai ABC Alkaline AA 4s,1,21000.0,21000.0,0.0,False,NONE
TRX-20260901-000005-003,TRX-20260901-000005,3,SKU-3008,Taro Net Seaweed 65g,2,9800.0,19600.0,0.0,False,NONE
TRX-20260901-000005-004,TRX-20260901-000005,4,SKU-3002,Air Mineral Le Minerale 600ml,1,3800.0,3800.0,0.0,False,NONE
TRX-20260901-000005-005,TRX-20260901-000005,5,SKU-3009,Oreo Original Roll 133g,2,11000.0,22000.0,0.0,False,NONE
TRX-20260901-000006-001,TRX-20260901-000006,1,SKU-1007,Saus Sambal ABC 335ml,1,17500.0,17500.0,0.0,False,NONE
TRX-20260901-000006-002,TRX-20260901-000006,2,SKU-4001,Sabun Mandi Lifebuoy Total 10 450ml,1,27500.0,27500.0,0.0,False,NONE
TRX-20260901-000006-003,TRX-20260901-000006,3,SKU-4003,Pasta Gigi Pepsodent 190g,2,17000.0,34000.0,0.0,False,NONE
TRX-20260901-000006-004,TRX-20260901-000006,4,SKU-1011,Sarden ABC Saus Tomat 155g,5,12000.0,60000.0,0.0,False,NONE
TRX-20260901-000006-005,TRX-20260901-000006,5,SKU-1008,Indomie Goreng Spesial 85g,5,3500.0,17500.0,0.0,False,NONE
TRX-20260901-000006-006,TRX-20260901-000006,6,SKU-1003,Gula Pasir Gulaku 1kg,2,17500.0,35000.0,0.0,False,NONE
TRX-20260901-000006-007,TRX-20260901-000006,7,SKU-1009,Indomie Kuah Ayam Bawang 69g,1,3400.0,3400.0,0.0,False,NONE
TRX-20260901-000006-008,TRX-20260901-000006,8,SKU-4006,Paseo Facial Tissue 250 Sheets,2,16500.0,33000.0,0.0,False,NONE
TRX-20260901-000006-009,TRX-20260901-000006,9,SKU-5003,Sabun Cuci Piring Sunlight 650ml,2,15500.0,31000.0,0.0,False,NONE
TRX-20260901-000006-010,TRX-20260901-000006,10,SKU-5004,Pembersih Lantai Super Pell 770ml,1,14500.0,14500.0,0.0,False,NONE
TRX-20260901-000006-011,TRX-20260901-000006,11,SKU-4007,Minyak Telon My Baby 90ml,1,28000.0,28000.0,0.0,False,NONE
TRX-20260901-000006-012,TRX-20260901-000006,12,SKU-5007,UNKNOWN PRODUCT,2,21000.0,42000.0,0.0,False,TYPO_SKU
TRX-20260901-000006-013,TRX-20260901-000006,13,SKU-4005,Rexona Deodorant Roll On 45ml,1,20500.0,20500.0,0.0,False,NONE
TRX-20260901-000006-014,TRX-20260901-000006,14,SKU-1012,Kornet Sapi Pronas 198g,2,26000.0,52000.0,0.0,False,NONE
TRX-20260901-000006-015,TRX-20260901-000006,15,SKU-1004,Tepung Terigu Segitiga Biru 1kg,3,13500.0,40500.0,0.0,False,NONE
TRX-20260901-000006-016,TRX-20260901-000006,16,SKU-1005,Garam Dapur Cap Kapal 250g,1,5000.0,5000.0,0.0,False,NONE
TRX-20260901-000007-001,TRX-20260901-000007,1,SKU-3008,Taro Net Seaweed 65g,1,9800.0,9800.0,0.0,False,NONE
TRX-20260901-000007-002,TRX-20260901-000007,2,SKU-3009,Oreo Original Roll 133g,1,11000.0,11000.0,0.0,False,NONE
TRX-20260901-000007-003,TRX-20260901-000007,3,SKU-2006,Mentega Blue Band 200g,1,12500.0,12500.0,0.0,False,NONE
TRX-20260901-000007-004,TRX-20260901-000007,4,SKU-3006,Coca Cola 390ml,2,7500.0,15000.0,0.0,False,NONE
TRX-20260901-000007-005,TRX-20260901-000007,5,SKU-1000,UNKNOWN PRODUCT,2,3400.0,6800.0,0.0,False,TYPO_SKU
TRX-20260901-000007-006,TRX-20260901-000007,6,SKU-1004,Tepung Terigu Segitiga Biru 1kg,2,13500.0,27000.0,0.0,False,NONE
TRX-20260901-000008-001,TRX-20260901-000008,1,SKU-2003,Susu Ultra Milk Cokelat 1L,1,21500.0,21500.0,0.0,False,NONE
TRX-20260901-000008-002,TRX-20260901-000008,2,SKU-3006,Coca Cola 390ml,1,7500.0,7500.0,0.0,False,NONE
TRX-20260901-000008-003,TRX-20260901-000008,3,SKU-2004,Yakult Pack isi 5,1,11500.0,11500.0,0.0,False,NONE
TRX-20260901-000008-004,TRX-20260901-000008,4,SKU-3003,Teh Pucuk Harum 350ml,1,4500.0,4500.0,0.0,False,NONE
TRX-20260901-000009-001,TRX-20260901-000009,1,SKU-2004,Yakult Pack isi 5,1,11500.0,11500.0,0.0,False,NONE
TRX-20260901-000009-002,TRX-20260901-000009,2,SKU-1004,Tepung Terigu Segitiga Biru 1kg,1,13500.0,13500.0,0.0,False,NONE
TRX-20260901-000009-003,TRX-20260901-000009,3,SKU-3005,Good Day Moccacino 250ml,1,8000.0,8000.0,0.0,False,NONE
TRX-20260901-000009-004,TRX-20260901-000009,4,SKU-3004,Kopi Kapal Api Spesial Mix 10s,1,15500.0,15500.0,0.0,False,NONE
TRX-20260901-000009-005,TRX-20260901-000009,5,SKU-3001,Air Mineral Aqua 600ml,1,4000.0,4000.0,0.0,False,NONE
TRX-20260901-000010-001,TRX-20260901-000010,1,SKU-5006,Baterai ABC Alkaline AA 4s,3,21000.0,63000.0,0.0,False,NONE
TRX-20260901-000010-002,TRX-20260901-000010,2,SKU-4001,Sabun Mandi Lifebuoy Total 10 450ml,5,27500.0,137500.0,0.0,False,NONE
TRX-20260901-000010-003,TRX-20260901-000010,3,SKU-4002,Shampoo Sunsilk Black Shine 160ml,1,26000.0,26000.0,0.0,False,NONE
TRX-20260901-000010-004,TRX-20260901-000010,4,SKU-1007,Saus Sambal ABC 335ml,1,17500.0,17500.0,0.0,False,NONE
TRX-20260901-000010-005,TRX-20260901-000010,5,SKU-1010,Sedaap Mie Goreng 90g,1,3400.0,3400.0,0.0,False,NONE
TRX-20260901-000010-006,TRX-20260901-000010,6,SKU-1009,Indomie Kuah Ayam Bawang 69g,1,3400.0,3400.0,0.0,False,NONE
TRX-20260901-000010-007,TRX-20260901-000010,7,SKU-1001,Beras Pandan Wangi 5kg,1,78500.0,78500.0,0.0,False,NONE
TRX-20260901-000010-008,TRX-20260901-000010,8,SKU-1002,Minyak Goreng Bimoli 2L,2,37500.0,75000.0,0.0,False,NONE
TRX-20260901-000010-009,TRX-20260901-000010,9,SKU-5003,Sabun Cuci Piring Sunlight 650ml,3,15500.0,46500.0,0.0,False,NONE
TRX-20260901-000010-010,TRX-20260901-000010,10,SKU-5002,Pewangi Pakaian Molto All in 1 720ml,2,24000.0,48000.0,0.0,False,NONE
TRX-20260901-000010-011,TRX-20260901-000010,11,SKU-4004,Sikat Gigi Formula Double Action 3s,1,15500.0,15500.0,0.0,False,NONE
TRX-20260901-000010-012,TRX-20260901-000010,12,SKU-1002,Minyak Goreng Bimoli 2L,2,37500.0,75000.0,0.0,True,VOID_ITEM
TRX-20260901-000010-013,TRX-20260901-000010,13,SKU-1003,Gula Pasir Gulaku 1kg,1,17500.0,17500.0,0.0,False,NONE
TRX-20260901-000010-014,TRX-20260901-000010,14,SKU-4003,Pasta Gigi Pepsodent 190g,3,17000.0,51000.0,0.0,False,NONE
TRX-20260901-000010-015,TRX-20260901-000010,15,SKU-1011,Sarden ABC Saus Tomat 155g,5,12000.0,60000.0,0.0,False,NONE
TRX-20260901-000010-016,TRX-20260901-000010,16,SKU-1012,Kornet Sapi Pronas 198g,3,26000.0,78000.0,0.0,False,NONE
TRX-20260901-000010-017,TRX-20260901-000010,17,SKU-5001,Deterjen Rinso Anti Noda 770g,3,23000.0,69000.0,0.0,False,NONE
TRX-20260901-000010-018,TRX-20260901-000010,18,SKU-4007,Minyak Telon My Baby 90ml,1,28000.0,28000.0,0.0,False,NONE
TRX-20260901-000010-019,TRX-20260901-000010,19,SKU-1008,Indomie Goreng Spesial 85g,3,3500.0,10500.0,0.0,False,NONE
TRX-20260901-000010-020,TRX-20260901-000010,20,SKU-4002,Shampoo Sunsilk Black Shine 160ml,2,26000.0,52000.0,0.0,False,NONE
TRX-20260901-000011-001,TRX-20260901-000011,1,SKU-3001,Air Mineral Aqua 600ml,2,4000.0,8000.0,0.0,False,NONE
TRX-20260901-000011-002,TRX-20260901-000011,2,SKU-1004,Tepung Terigu Segitiga Biru 1kg,2,13500.0,27000.0,0.0,False,NONE
TRX-20260901-000011-003,TRX-20260901-000011,3,SKU-1008,Indomie Goreng Spesial 85g,1,3500.0,3500.0,0.0,False,NONE
TRX-20260901-000011-004,TRX-20260901-000011,4,SKU-2004,Yakult Pack isi 5,1,11500.0,11500.0,0.0,True,VOID_ITEM
TRX-20260901-000011-005,TRX-20260901-000011,5,SKU-5004,Pembersih Lantai Super Pell 770ml,2,14500.0,29000.0,0.0,False,NONE
TRX-20260901-000011-006,TRX-20260901-000011,6,SKU-3005,Good Day Moccacino 250ml,1,8000.0,8000.0,0.0,False,NONE
TRX-20260901-000012-001,TRX-20260901-000012,1,SKU-4003,Pasta Gigi Pepsodent 190g,1,17000.0,17000.0,0.0,False,NONE
TRX-20260901-000012-002,TRX-20260901-000012,2,SKU-4004,Sikat Gigi Formula Double Action 3s,2,15500.0,31000.0,0.0,False,NONE
TRX-20260901-000012-003,TRX-20260901-000012,3,SKU-1007,Saus Sambal ABC 335ml,3,17500.0,52500.0,0.0,False,NONE
TRX-20260901-000012-004,TRX-20260901-000012,4,SKU-5006,Baterai ABC Alkaline AA 4s,1,21000.0,21000.0,0.0,False,NONE
TRX-20260901-000012-005,TRX-20260901-000012,5,SKU-1009,Indomie Kuah Ayam Bawang 69g,1,3400.0,3400.0,0.0,False,NONE
TRX-20260901-000012-006,TRX-20260901-000012,6,SKU-5003,Sabun Cuci Piring Sunlight 650ml,1,15500.0,15500.0,0.0,False,NONE
TRX-20260901-000012-007,TRX-20260901-000012,7,SKU-5004,Pembersih Lantai Super Pell 770ml,1,14500.0,14500.0,0.0,False,NONE
TRX-20260901-000012-008,TRX-20260901-000012,8,SKU-1005,Garam Dapur Cap Kapal 250g,3,5000.0,15000.0,0.0,False,NONE
TRX-20260901-000012-009,TRX-20260901-000012,9,SKU-5001,Deterjen Rinso Anti Noda 770g,3,23000.0,69000.0,0.0,False,NONE
TRX-20260901-000012-010,TRX-20260901-000012,10,SKU-1001,Beras Pandan Wangi 5kg,1,78500.0,78500.0,0.0,False,NONE
TRX-20260901-000012-011,TRX-20260901-000012,11,SKU-1002,Minyak Goreng Bimoli 2L,1,37500.0,37500.0,0.0,False,NONE
TRX-20260901-000012-012,TRX-20260901-000012,12,SKU-1006,Kecap Manis Bango 520ml,2,25500.0,51000.0,0.0,False,NONE
TRX-20260901-000012-013,TRX-20260901-000012,13,SKU-1006,Kecap Manis Bango 520ml,2,25500.0,51000.0,0.0,False,NONE
TRX-20260901-000012-014,TRX-20260901-000012,14,SKU-5004,Pembersih Lantai Super Pell 770ml,1,14500.0,14500.0,0.0,False,NONE
TRX-20260901-000012-015,TRX-20260901-000012,15,SKU-4006,Paseo Facial Tissue 250 Sheets,2,16500.0,33000.0,0.0,False,NONE
TRX-20260901-000012-016,TRX-20260901-000012,16,SKU-4004,Sikat Gigi Formula Double Action 3s,5,15500.0,77500.0,0.0,False,NONE
TRX-20260901-000012-017,TRX-20260901-000012,17,SKU-1011,Sarden ABC Saus Tomat 155g,1,12000.0,12000.0,0.0,False,NONE
TRX-20260901-000012-018,TRX-20260901-000012,18,SKU-4007,Minyak Telon My Baby 90ml,2,28000.0,56000.0,0.0,False,NONE
TRX-20260901-000012-019,TRX-20260901-000012,19,SKU-4002,Shampoo Sunsilk Black Shine 160ml,1,26000.0,26000.0,0.0,False,NONE
TRX-20260901-000013-001,TRX-20260901-000013,1,SKU-1005,Garam Dapur Cap Kapal 250g,1,5000.0,5000.0,0.0,False,NONE
TRX-20260901-000013-002,TRX-20260901-000013,2,SKU-1009,Indomie Kuah Ayam Bawang 69g,1,3400.0,3400.0,0.0,True,VOID_ITEM
TRX-20260901-000013-003,TRX-20260901-000013,3,SKU-3007,Chitato Sapi Panggang 68g,2,12500.0,25000.0,0.0,False,NONE
TRX-20260901-000013-004,TRX-20260901-000013,4,SKU-1011,Sarden ABC Saus Tomat 155g,2,12000.0,24000.0,0.0,False,NONE
TRX-20260901-000013-005,TRX-20260901-000013,5,SKU-1010,Sedaap Mie Goreng 90g,1,3400.0,3400.0,0.0,False,NONE
TRX-20260901-000013-006,TRX-20260901-000013,6,SKU-5003,Sabun Cuci Piring Sunlight 650ml,1,15500.0,15500.0,0.0,False,NONE
TRX-20260901-000013-007,TRX-20260901-000013,7,SKU-3004,Kopi Kapal Api Spesial Mix 10s,1,15500.0,15500.0,0.0,False,NONE
TRX-20260901-000014-001,TRX-20260901-000014,1,SKU-2001,Telur Ayam Negeri 1kg,1,31000.0,31000.0,0.0,False,NONE
TRX-20260901-000014-002,TRX-20260901-000014,2,SKU-4005,Rexona Deodorant Roll On 45ml,1,20500.0,20500.0,0.0,False,TYPO_SKU
TRX-20260901-000014-003,TRX-20260901-000014,3,SKU-3001,Air Mineral Aqua 600ml,1,4000.0,4000.0,0.0,False,NONE
TRX-20260901-000015-001,TRX-20260901-000015,1,SKU-1008,Indomie Goreng Spesial 85g,3,3500.0,10500.0,0.0,False,NONE
TRX-20260901-000015-002,TRX-20260901-000015,2,SKU-4004,Sikat Gigi Formula Double Action 3s,2,15500.0,31000.0,0.0,False,NONE
TRX-20260901-000015-003,TRX-20260901-000015,3,SKU-1004,Tepung Terigu Segitiga Biru 1kg,1,13500.0,13500.0,0.0,True,VOID_ITEM
TRX-20260901-000015-004,TRX-20260901-000015,4,SKU-4002,Shampoo Sunsilk Black Shine 160ml,1,26000.0,26000.0,0.0,False,NONE
TRX-20260901-000015-005,TRX-20260901-000015,5,SKU-4001,Sabun Mandi Lifebuoy Total 10 450ml,1,27500.0,27500.0,0.0,False,NONE
TRX-20260901-000015-006,TRX-20260901-000015,6,SKU-4003,Pasta Gigi Pepsodent 190g,2,17000.0,34000.0,0.0,True,VOID_ITEM
TRX-20260901-000015-007,TRX-20260901-000015,7,SKU-5001,Deterjen Rinso Anti Noda 770g,2,23000.0,46000.0,0.0,False,NONE
TRX-20260901-000015-008,TRX-20260901-000015,8,SKU-5002,Pewangi Pakaian Molto All in 1 720ml,1,24000.0,24000.0,0.0,False,NONE
TRX-20260901-000015-009,TRX-20260901-000015,9,SKU-4007,Minyak Telon My Baby 90ml,2,28000.0,56000.0,0.0,False,NONE
TRX-20260901-000015-010,TRX-20260901-000015,10,SKU-4005,Rexona Deodorant Roll On 45ml,1,20500.0,20500.0,0.0,False,NONE
TRX-20260901-000015-011,TRX-20260901-000015,11,SKU-4006,Paseo Facial Tissue 250 Sheets,2,16500.0,33000.0,0.0,False,NONE
TRX-20260901-000015-012,TRX-20260901-000015,12,SKU-5004,Pembersih Lantai Super Pell 770ml,5,14500.0,72500.0,0.0,False,NONE
TRX-20260901-000015-013,TRX-20260901-000015,13,SKU-1010,Sedaap Mie Goreng 90g,2,3400.0,6800.0,0.0,False,NONE
TRX-20260901-000015-014,TRX-20260901-000015,14,SKU-1007,Saus Sambal ABC 335ml,1,17500.0,17500.0,0.0,False,NONE
TRX-20260901-000016-001,TRX-20260901-000016,1,SKU-5002,Pewangi Pakaian Molto All in 1 720ml,1,24000.0,24000.0,0.0,False,NONE
TRX-20260901-000016-002,TRX-20260901-000016,2,SKU-1011,Sarden ABC Saus Tomat 155g,2,12000.0,24000.0,0.0,True,VOID_ITEM
TRX-20260901-000016-003,TRX-20260901-000016,3,SKU-5005,Baygon Obat Nyamuk Semprot 600ml,1,42000.0,42000.0,0.0,False,NONE
TRX-20260901-000016-004,TRX-20260901-000016,4,SKU-1006,Kecap Manis Bango 520ml,5,25500.0,127500.0,0.0,False,NONE
TRX-20260901-000016-005,TRX-20260901-000016,5,SKU-5001,Deterjen Rinso Anti Noda 770g,2,23000.0,46000.0,0.0,False,NONE
TRX-20260901-000016-006,TRX-20260901-000016,6,SKU-4005,Rexona Deodorant Roll On 45ml,1,20500.0,20500.0,0.0,False,NONE
TRX-20260901-000016-007,TRX-20260901-000016,7,SKU-1003,Gula Pasir Gulaku 1kg,2,17500.0,35000.0,0.0,False,NONE
TRX-20260901-000016-008,TRX-20260901-000016,8,SKU-4007,Minyak Telon My Baby 90ml,1,28000.0,28000.0,0.0,False,NONE
TRX-20260901-000016-009,TRX-20260901-000016,9,SKU-4003,Pasta Gigi Pepsodent 190g,2,17000.0,34000.0,0.0,False,NONE
TRX-20260901-000016-010,TRX-20260901-000016,10,SKU-4001,Sabun Mandi Lifebuoy Total 10 450ml,2,27500.0,55000.0,0.0,False,NONE
TRX-20260901-000016-011,TRX-20260901-000016,11,SKU-4002,Shampoo Sunsilk Black Shine 160ml,1,26000.0,26000.0,0.0,False,NONE
TRX-20260901-000016-012,TRX-20260901-000016,12,SKU-1010,Sedaap Mie Goreng 90g,1,3400.0,3400.0,0.0,False,NONE
TRX-20260901-000017-001,TRX-20260901-000017,1,SKU-5001,Deterjen Rinso Anti Noda 770g,1,23000.0,23000.0,0.0,False,NONE
TRX-20260901-000017-002,TRX-20260901-000017,2,SKU-1003,Gula Pasir Gulaku 1kg,1,17500.0,17500.0,0.0,False,NONE
TRX-20260901-000017-003,TRX-20260901-000017,3,SKU-5006,Baterai ABC Alkaline AA 4s,1,21000.0,21000.0,0.0,False,NONE
TRX-20260901-000017-004,TRX-20260901-000017,4,SKU-5003,Sabun Cuci Piring Sunlight 650ml,2,15500.0,31000.0,0.0,False,NONE
TRX-20260901-000017-005,TRX-20260901-000017,5,SKU-1007,Saus Sambal ABC 335ml,1,17500.0,17500.0,0.0,True,VOID_ITEM
TRX-20260901-000017-006,TRX-20260901-000017,6,SKU-1001,Beras Pandan Wangi 5kg,5,78500.0,392500.0,0.0,False,NONE
TRX-20260901-000017-007,TRX-20260901-000017,7,SKU-4007,Minyak Telon My Baby 90ml,1,28000.0,28000.0,0.0,False,NONE
TRX-20260901-000017-008,TRX-20260901-000017,8,SKU-1002,Minyak Goreng Bimoli 2L,2,37500.0,75000.0,0.0,False,NONE
TRX-20260901-000018-001,TRX-20260901-000018,1,SKU-2006,Mentega Blue Band 200g,1,12500.0,12500.0,0.0,False,NONE
TRX-20260901-000018-002,TRX-20260901-000018,2,SKU-2008,Sari Roti Sobek Cokelat,1,19500.0,19500.0,0.0,False,NONE
TRX-20260901-000018-003,TRX-20260901-000018,3,SKU-3006,Coca Cola 390ml,1,7500.0,7500.0,0.0,False,NONE
TRX-20260901-000019-001,TRX-20260901-000019,1,SKU-5001,Deterjen Rinso Anti Noda 770g,2,23000.0,46000.0,0.0,False,NONE
TRX-20260901-000019-002,TRX-20260901-000019,2,SKU-5003,Sabun Cuci Piring Sunlight 650ml,1,15500.0,15500.0,0.0,False,NONE
TRX-20260901-000019-003,TRX-20260901-000019,3,SKU-5003,Sabun Cuci Piring Sunlight 650ml,1,15500.0,15500.0,0.0,False,NONE
TRX-20260901-000019-004,TRX-20260901-000019,4,SKU-5002,Pewangi Pakaian Molto All in 1 720ml,2,24000.0,48000.0,0.0,False,NONE
TRX-20260901-000019-005,TRX-20260901-000019,5,SKU-4001,Sabun Mandi Lifebuoy Total 10 450ml,2,27500.0,55000.0,0.0,False,NONE
TRX-20260901-000019-006,TRX-20260901-000019,6,SKU-1003,Gula Pasir Gulaku 1kg,1,17500.0,17500.0,0.0,False,NONE
TRX-20260901-000019-007,TRX-20260901-000019,7,SKU-1010,Sedaap Mie Goreng 90g,3,3400.0,10200.0,0.0,False,NONE
TRX-20260901-000019-008,TRX-20260901-000019,8,SKU-1007,Saus Sambal ABC 335ml,2,17500.0,35000.0,0.0,False,NONE
TRX-20260901-000019-009,TRX-20260901-000019,9,SKU-1004,Tepung Terigu Segitiga Biru 1kg,1,13500.0,13500.0,0.0,False,NONE
TRX-20260901-000019-010,TRX-20260901-000019,10,SKU-4002,Shampoo Sunsilk Black Shine 160ml,5,26000.0,130000.0,0.0,False,NONE
TRX-20260901-000019-011,TRX-20260901-000019,11,SKU-4003,Pasta Gigi Pepsodent 190g,1,17000.0,17000.0,0.0,False,NONE
TRX-20260901-000019-012,TRX-20260901-000019,12,SKU-4004,Sikat Gigi Formula Double Action 3s,1,15500.0,15500.0,0.0,False,NONE
TRX-20260901-000019-013,TRX-20260901-000019,13,SKU-1002,Minyak Goreng Bimoli 2L,2,37500.0,75000.0,0.0,False,NONE
TRX-20260901-000019-014,TRX-20260901-000019,14,SKU-4007,Minyak Telon My Baby 90ml,2,28000.0,56000.0,0.0,False,NONE
TRX-20260901-000019-015,TRX-20260901-000019,15,SKU-4005,Rexona Deodorant Roll On 45ml,2,20500.0,41000.0,0.0,False,NONE
TRX-20260901-000019-016,TRX-20260901-000019,16,SKU-1012,Kornet Sapi Pronas 198g,3,26000.0,78000.0,0.0,False,NONE
TRX-20260901-000019-017,TRX-20260901-000019,17,SKU-4006,Paseo Facial Tissue 250 Sheets,5,16500.0,82500.0,0.0,False,NONE
TRX-20260901-000019-018,TRX-20260901-000019,18,SKU-5004,Pembersih Lantai Super Pell 770ml,1,14500.0,14500.0,0.0,False,NONE
TRX-20260901-000019-019,TRX-20260901-000019,19,SKU-1001,Beras Pandan Wangi 5kg,3,78500.0,235500.0,0.0,False,NONE
TRX-20260901-000019-020,TRX-20260901-000019,20,SKU-1009,Indomie Kuah Ayam Bawang 69g,2,3400.0,6800.0,0.0,False,NONE
TRX-20260901-000019-021,TRX-20260901-000019,21,SKU-4004,Sikat Gigi Formula Double Action 3s,5,15500.0,77500.0,0.0,False,NONE
TRX-20260901-000020-001,TRX-20260901-000020,1,SKU-2002,Susu Ultra Milk Full Cream 1L,1,21500.0,21500.0,0.0,False,NONE
TRX-20260901-000021-001,TRX-20260901-000021,1,SKU-1012,Kornet Sapi Pronas 198g,1,26000.0,26000.0,0.0,False,NONE
TRX-20260901-000021-002,TRX-20260901-000021,2,SKU-5002,Pewangi Pakaian Molto All in 1 720ml,1,24000.0,24000.0,0.0,False,NONE
TRX-20260901-000021-003,TRX-20260901-000021,3,SKU-4002,Shampoo Sunsilk Black Shine 160ml,1,26000.0,26000.0,0.0,False,NONE
TRX-20260901-000021-004,TRX-20260901-000021,4,SKU-4001,Sabun Mandi Lifebuoy Total 10 450ml,1,27500.0,27500.0,0.0,False,NONE
TRX-20260901-000021-005,TRX-20260901-000021,5,SKU-3003,Teh Pucuk Harum 350ml,2,4500.0,9000.0,0.0,True,VOID_ITEM
TRX-20260901-000021-006,TRX-20260901-000021,6,SKU-3001,Air Mineral Aqua 600ml,2,4000.0,8000.0,0.0,False,NONE
TRX-20260901-000021-007,TRX-20260901-000021,7,SKU-3006,Coca Cola 390ml,1,7500.0,7500.0,0.0,False,NONE
TRX-20260901-000022-001,TRX-20260901-000022,1,SKU-3008,Taro Net Seaweed 65g,1,9800.0,9800.0,0.0,False,NONE
TRX-20260901-000022-002,TRX-20260901-000022,2,SKU-3009,Oreo Original Roll 133g,2,11000.0,22000.0,0.0,False,NONE
TRX-20260901-000022-003,TRX-20260901-000022,3,SKU-3002,Air Mineral Le Minerale 600ml,1,3800.0,3800.0,0.0,False,NONE
TRX-20260901-000022-004,TRX-20260901-000022,4,SKU-1004,Tepung Terigu Segitiga Biru 1kg,1,13500.0,13500.0,0.0,False,NONE
TRX-20260901-000022-005,TRX-20260901-000022,5,SKU-3006,Coca Cola 390ml,1,7500.0,7500.0,0.0,False,NONE
TRX-20260901-000022-006,TRX-20260901-000022,6,SKU-3005,Good Day Moccacino 250ml,2,8000.0,16000.0,0.0,False,NONE
TRX-20260901-000022-007,TRX-20260901-000022,7,SKU-3003,Teh Pucuk Harum 350ml,2,4500.0,9000.0,0.0,False,NONE
TRX-20260901-000022-008,TRX-20260901-000022,8,SKU-3004,Kopi Kapal Api Spesial Mix 10s,2,15500.0,31000.0,0.0,False,NONE
TRX-20260901-000023-001,TRX-20260901-000023,1,SKU-2006,Mentega Blue Band 200g,1,12500.0,12500.0,0.0,False,NONE
TRX-20260901-000023-002,TRX-20260901-000023,2,SKU-3008,Taro Net Seaweed 65g,1,9800.0,9800.0,0.0,False,NONE
TRX-20260901-000024-001,TRX-20260901-000024,1,SKU-3006,Coca Cola 390ml,1,7500.0,7500.0,0.0,False,NONE
TRX-20260901-000025-001,TRX-20260901-000025,1,SKU-3004,Kopi Kapal Api Spesial Mix 10s,1,15500.0,15500.0,0.0,False,NONE
TRX-20260901-000025-002,TRX-20260901-000025,2,SKU-1008,Indomie Goreng Spesial 85g,1,3500.0,3500.0,0.0,False,NONE
TRX-20260901-000025-003,TRX-20260901-000025,3,SKU-3010,SilverQueen Cokelat Mede 58g,1,17000.0,17000.0,0.0,False,NONE
TRX-20260901-000025-004,TRX-20260901-000025,4,SKU-3004,Kopi Kapal Api Spesial Mix 10s,1,15500.0,15500.0,0.0,False,NONE
TRX-20260901-000026-001,TRX-20260901-000026,1,SKU-1009,Indomie Kuah Ayam Bawang 69g,1,3400.0,3400.0,0.0,False,NONE
TRX-20260901-000026-002,TRX-20260901-000026,2,SKU-5001,Deterjen Rinso Anti Noda 770g,1,23000.0,23000.0,0.0,False,NONE
TRX-20260901-000026-003,TRX-20260901-000026,3,SKU-5003,Sabun Cuci Piring Sunlight 650ml,1,15500.0,15500.0,0.0,False,NONE
TRX-20260901-000026-004,TRX-20260901-000026,4,SKU-1004,Tepung Terigu Segitiga Biru 1kg,5,13500.0,67500.0,0.0,False,NONE
TRX-20260901-000026-005,TRX-20260901-000026,5,SKU-1010,Sedaap Mie Goreng 90g,1,3400.0,3400.0,0.0,False,NONE
TRX-20260901-000026-006,TRX-20260901-000026,6,SKU-4001,Sabun Mandi Lifebuoy Total 10 450ml,2,27500.0,55000.0,0.0,False,NONE
TRX-20260901-000026-007,TRX-20260901-000026,7,SKU-4003,Pasta Gigi Pepsodent 190g,1,17000.0,17000.0,0.0,False,NONE
TRX-20260901-000026-008,TRX-20260901-000026,8,SKU-5005,Baygon Obat Nyamuk Semprot 600ml,1,42000.0,42000.0,0.0,False,NONE
TRX-20260901-000026-009,TRX-20260901-000026,9,SKU-1009,Indomie Kuah Ayam Bawang 69g,5,3400.0,17000.0,0.0,False,TYPO_SKU
TRX-20260901-000026-010,TRX-20260901-000026,10,SKU-5106,UNKNOWN PRODUCT,1,21000.0,21000.0,0.0,False,TYPO_SKU
TRX-20260901-000026-011,TRX-20260901-000026,11,SKU-1001,Beras Pandan Wangi 5kg,1,78500.0,78500.0,0.0,False,NONE
TRX-20260901-000026-012,TRX-20260901-000026,12,SKU-4002,Shampoo Sunsilk Black Shine 160ml,1,26000.0,26000.0,0.0,False,NONE
TRX-20260901-000026-013,TRX-20260901-000026,13,SKU-5004,Pembersih Lantai Super Pell 770ml,3,14500.0,43500.0,0.0,False,NONE
TRX-20260901-000026-014,TRX-20260901-000026,14,SKU-4004,Sikat Gigi Formula Double Action 3s,2,15500.0,31000.0,0.0,False,NONE
TRX-20260901-000026-015,TRX-20260901-000026,15,SKU-4003,Pasta Gigi Pepsodent 190g,2,17000.0,34000.0,0.0,False,NONE
TRX-20260901-000027-001,TRX-20260901-000027,1,SKU-3004,Kopi Kapal Api Spesial Mix 10s,1,15500.0,15500.0,0.0,False,NONE
TRX-20260901-000027-002,TRX-20260901-000027,2,SKU-1005,Garam Dapur Cap Kapal 250g,1,5000.0,5000.0,0.0,False,NONE
TRX-20260901-000027-003,TRX-20260901-000027,3,SKU-1011,Sarden ABC Saus Tomat 155g,1,12000.0,12000.0,0.0,True,VOID_ITEM
TRX-20260901-000027-004,TRX-20260901-000027,4,SKU-2004,Yakult Pack isi 5,2,11500.0,23000.0,0.0,False,NONE
TRX-20260901-000027-005,TRX-20260901-000027,5,SKU-1008,Indomie Goreng Spesial 85g,2,3500.0,7000.0,0.0,False,NONE
TRX-20260901-000027-006,TRX-20260901-000027,6,SKU-2006,Mentega Blue Band 200g,2,12500.0,25000.0,0.0,False,NONE
TRX-20260901-000028-001,TRX-20260901-000028,1,SKU-3008,Taro Net Seaweed 65g,1,9800.0,9800.0,0.0,False,NONE
TRX-20260901-000028-002,TRX-20260901-000028,2,SKU-3007,Chitato Sapi Panggang 68g,1,12500.0,12500.0,0.0,False,NONE
TRX-20260901-000028-003,TRX-20260901-000028,3,SKU-2007,Sari Roti Tawar Spesial,1,16500.0,16500.0,0.0,False,NONE
TRX-20260901-000029-001,TRX-20260901-000029,1,SKU-2008,Sari Roti Sobek Cokelat,1,19500.0,19500.0,0.0,False,NONE
TRX-20260901-000029-002,TRX-20260901-000029,2,SKU-1003,Gula Pasir Gulaku 1kg,1,17500.0,17500.0,0.0,False,NONE
TRX-20260901-000029-003,TRX-20260901-000029,3,SKU-4005,Rexona Deodorant Roll On 45ml,1,20500.0,20500.0,0.0,False,NONE
TRX-20260901-000029-004,TRX-20260901-000029,4,SKU-1011,Sarden ABC Saus Tomat 155g,1,12000.0,12000.0,0.0,False,NONE
TRX-20260901-000029-005,TRX-20260901-000029,5,SKU-1007,Saus Sambal ABC 335ml,1,17500.0,17500.0,0.0,False,NONE
TRX-20260901-000029-006,TRX-20260901-000029,6,SKU-3002,Air Mineral Le Minerale 600ml,2,3800.0,7600.0,0.0,False,NONE
TRX-20260901-000030-001,TRX-20260901-000030,1,SKU-1009,Indomie Kuah Ayam Bawang 69g,2,3400.0,6800.0,0.0,False,NONE
TRX-20260901-000030-002,TRX-20260901-000030,2,SKU-3001,Air Mineral Aqua 600ml,2,4000.0,8000.0,0.0,False,NONE
TRX-20260901-000030-003,TRX-20260901-000030,3,SKU-0007,UNKNOWN PRODUCT,1,17500.0,17500.0,0.0,False,TYPO_SKU
TRX-20260901-000030-004,TRX-20260901-000030,4,SKU-1001,Beras Pandan Wangi 5kg,1,78500.0,78500.0,0.0,False,NONE
TRX-20260901-000030-005,TRX-20260901-000030,5,SKU-1003,Gula Pasir Gulaku 1kg,1,17500.0,17500.0,0.0,False,NONE
TRX-20260901-000030-006,TRX-20260901-000030,6,SKU-1010,Sedaap Mie Goreng 90g,1,3400.0,3400.0,0.0,False,NONE
TRX-20260901-000030-007,TRX-20260901-000030,7,SKU-2001,Telur Ayam Negeri 1kg,1,31000.0,31000.0,0.0,False,NONE
TRX-20260901-000030-008,TRX-20260901-000030,8,SKU-1003,Gula Pasir Gulaku 1kg,3,17500.0,52500.0,0.0,False,NONE
TRX-20260901-000030-009,TRX-20260901-000030,9,SKU-4001,Sabun Mandi Lifebuoy Total 10 450ml,3,27500.0,82500.0,0.0,False,NONE
TRX-20260901-000030-010,TRX-20260901-000030,10,SKU-4006,Paseo Facial Tissue 250 Sheets,5,16500.0,82500.0,0.0,True,VOID_ITEM
TRX-20260901-000030-011,TRX-20260901-000030,11,SKU-1006,Kecap Manis Bango 520ml,1,25500.0,25500.0,0.0,False,NONE
TRX-20260901-000030-012,TRX-20260901-000030,12,SKU-5005,Baygon Obat Nyamuk Semprot 600ml,1,42000.0,42000.0,0.0,False,NONE
TRX-20260901-000030-013,TRX-20260901-000030,13,SKU-1011,Sarden ABC Saus Tomat 155g,1,12000.0,12000.0,0.0,False,NONE
TRX-20260901-000030-014,TRX-20260901-000030,14,SKU-5006,Baterai ABC Alkaline AA 4s,1,21000.0,21000.0,0.0,False,NONE
TRX-20260901-000030-015,TRX-20260901-000030,15,SKU-5001,Deterjen Rinso Anti Noda 770g,3,23000.0,69000.0,0.0,False,NONE
TRX-20260901-000030-016,TRX-20260901-000030,16,SKU-1004,Tepung Terigu Segitiga Biru 1kg,1,13500.0,13500.0,0.0,False,NONE
TRX-20260901-000030-017,TRX-20260901-000030,17,SKU-4007,Minyak Telon My Baby 90ml,2,28000.0,56000.0,0.0,False,NONE
TRX-20260901-000030-018,TRX-20260901-000030,18,SKU-5004,Pembersih Lantai Super Pell 770ml,1,14500.0,14500.0,0.0,False,NONE
TRX-20260901-000030-019,TRX-20260901-000030,19,SKU-1012,Kornet Sapi Pronas 198g,1,26000.0,26000.0,0.0,False,NONE
TRX-20260901-000030-020,TRX-20260901-000030,20,SKU-4005,Rexona Deodorant Roll On 45ml,3,20500.0,61500.0,0.0,False,NONE
TRX-20260901-000030-021,TRX-20260901-000030,21,SKU-1002,Minyak Goreng Bimoli 2L,1,37500.0,37500.0,0.0,False,NONE
TRX-20260901-000031-001,TRX-20260901-000031,1,SKU-3009,Oreo Original Roll 133g,1,11000.0,11000.0,0.0,False,NONE
TRX-20260901-000031-002,TRX-20260901-000031,2,SKU-2007,Sari Roti Tawar Spesial,1,16500.0,16500.0,0.0,False,NONE
TRX-20260901-000032-001,TRX-20260901-000032,1,SKU-1003,Gula Pasir Gulaku 1kg,1,17500.0,17500.0,0.0,False,NONE
TRX-20260901-000032-002,TRX-20260901-000032,2,SKU-1012,Kornet Sapi Pronas 198g,1,26000.0,26000.0,0.0,False,NONE
TRX-20260901-000032-003,TRX-20260901-000032,3,SKU-3007,Chitato Sapi Panggang 68g,2,12500.0,25000.0,0.0,False,NONE
TRX-20260901-000032-004,TRX-20260901-000032,4,SKU-3001,Air Mineral Aqua 600ml,1,4000.0,4000.0,0.0,False,NONE
TRX-20260901-000032-005,TRX-20260901-000032,5,SKU-3092,UNKNOWN PRODUCT,1,3800.0,3800.0,0.0,False,TYPO_SKU
TRX-20260901-000033-001,TRX-20260901-000033,1,SKU-2005,Keju Kraft Cheddar 165g,1,24000.0,24000.0,0.0,False,NONE
TRX-20260901-000033-002,TRX-20260901-000033,2,SKU-3009,Oreo Original Roll 133g,1,11000.0,11000.0,0.0,False,NONE
TRX-20260901-000033-003,TRX-20260901-000033,3,SKU-3010,SilverQueen Cokelat Mede 58g,1,17000.0,17000.0,0.0,False,NONE
TRX-20260901-000034-001,TRX-20260901-000034,1,SKU-1010,Sedaap Mie Goreng 90g,2,3400.0,6800.0,0.0,True,VOID_ITEM
TRX-20260901-000034-002,TRX-20260901-000034,2,SKU-1004,Tepung Terigu Segitiga Biru 1kg,1,13500.0,13500.0,0.0,False,NONE
TRX-20260901-000034-003,TRX-20260901-000034,3,SKU-2006,Mentega Blue Band 200g,2,12500.0,25000.0,0.0,False,NONE
TRX-20260901-000034-004,TRX-20260901-000034,4,SKU-1011,Sarden ABC Saus Tomat 155g,1,12000.0,12000.0,0.0,False,NONE
TRX-20260901-000035-001,TRX-20260901-000035,1,SKU-1003,Gula Pasir Gulaku 1kg,3,17500.0,52500.0,0.0,False,NONE
TRX-20260901-000035-002,TRX-20260901-000035,2,SKU-1004,Tepung Terigu Segitiga Biru 1kg,3,13500.0,40500.0,0.0,False,NONE
TRX-20260901-000035-003,TRX-20260901-000035,3,SKU-1105,UNKNOWN PRODUCT,2,5000.0,10000.0,0.0,False,TYPO_SKU
TRX-20260901-000035-004,TRX-20260901-000035,4,SKU-5005,Baygon Obat Nyamuk Semprot 600ml,1,42000.0,42000.0,0.0,False,NONE
TRX-20260901-000035-005,TRX-20260901-000035,5,SKU-1010,Sedaap Mie Goreng 90g,1,3400.0,3400.0,0.0,False,NONE
TRX-20260901-000035-006,TRX-20260901-000035,6,SKU-2011,UNKNOWN PRODUCT,2,31000.0,62000.0,0.0,False,TYPO_SKU
TRX-20260901-000035-007,TRX-20260901-000035,7,SKU-4007,Minyak Telon My Baby 90ml,1,28000.0,28000.0,0.0,False,NONE
TRX-20260901-000035-008,TRX-20260901-000035,8,SKU-4005,Rexona Deodorant Roll On 45ml,2,20500.0,41000.0,0.0,False,TYPO_SKU
TRX-20260901-000035-009,TRX-20260901-000035,9,SKU-4004,Sikat Gigi Formula Double Action 3s,2,15500.0,31000.0,0.0,False,NONE
TRX-20260901-000035-010,TRX-20260901-000035,10,SKU-4002,Shampoo Sunsilk Black Shine 160ml,1,26000.0,26000.0,0.0,False,NONE
TRX-20260901-000035-011,TRX-20260901-000035,11,SKU-4001,Sabun Mandi Lifebuoy Total 10 450ml,1,27500.0,27500.0,0.0,False,NONE
TRX-20260901-000035-012,TRX-20260901-000035,12,SKU-4005,Rexona Deodorant Roll On 45ml,1,20500.0,20500.0,0.0,False,NONE
TRX-20260901-000035-013,TRX-20260901-000035,13,SKU-1006,Kecap Manis Bango 520ml,2,25500.0,51000.0,0.0,False,NONE
TRX-20260901-000035-014,TRX-20260901-000035,14,SKU-5003,Sabun Cuci Piring Sunlight 650ml,3,15500.0,46500.0,0.0,False,NONE
TRX-20260901-000036-001,TRX-20260901-000036,1,SKU-2001,Telur Ayam Negeri 1kg,1,31000.0,31000.0,0.0,False,NONE
TRX-20260901-000036-002,TRX-20260901-000036,2,SKU-2004,Yakult Pack isi 5,1,11500.0,11500.0,0.0,False,NONE
TRX-20260901-000036-003,TRX-20260901-000036,3,SKU-2008,Sari Roti Sobek Cokelat,1,19500.0,19500.0,0.0,False,NONE
TRX-20260901-000037-001,TRX-20260901-000037,1,SKU-3009,Oreo Original Roll 133g,1,11000.0,11000.0,0.0,False,NONE
TRX-20260901-000037-002,TRX-20260901-000037,2,SKU-1004,Tepung Terigu Segitiga Biru 1kg,1,13500.0,13500.0,0.0,False,NONE
TRX-20260901-000037-003,TRX-20260901-000037,3,SKU-4006,Paseo Facial Tissue 250 Sheets,1,16500.0,16500.0,0.0,False,NONE
TRX-20260901-000037-004,TRX-20260901-000037,4,SKU-4004,Sikat Gigi Formula Double Action 3s,1,15500.0,15500.0,0.0,False,NONE
TRX-20260901-000037-005,TRX-20260901-000037,5,SKU-3007,Chitato Sapi Panggang 68g,1,12500.0,12500.0,0.0,False,NONE
TRX-20260901-000037-006,TRX-20260901-000037,6,SKU-3001,Air Mineral Aqua 600ml,1,4000.0,4000.0,0.0,False,NONE
TRX-20260901-000037-007,TRX-20260901-000037,7,SKU-3093,UNKNOWN PRODUCT,1,4500.0,4500.0,0.0,False,TYPO_SKU
TRX-20260901-000038-001,TRX-20260901-000038,1,SKU-2004,Yakult Pack isi 5,1,11500.0,11500.0,0.0,False,NONE
TRX-20260901-000038-002,TRX-20260901-000038,2,SKU-5007,UNKNOWN PRODUCT,1,12500.0,12500.0,0.0,False,TYPO_SKU
TRX-20260901-000039-001,TRX-20260901-000039,1,SKU-1004,Tepung Terigu Segitiga Biru 1kg,3,13500.0,40500.0,0.0,False,NONE
TRX-20260901-000039-002,TRX-20260901-000039,2,SKU-5002,Pewangi Pakaian Molto All in 1 720ml,1,24000.0,24000.0,0.0,False,NONE
TRX-20260901-000039-003,TRX-20260901-000039,3,SKU-1006,Kecap Manis Bango 520ml,1,25500.0,25500.0,0.0,False,NONE
TRX-20260901-000039-004,TRX-20260901-000039,4,SKU-5001,Deterjen Rinso Anti Noda 770g,1,23000.0,23000.0,0.0,False,NONE
TRX-20260901-000039-005,TRX-20260901-000039,5,SKU-4003,Pasta Gigi Pepsodent 190g,2,17000.0,34000.0,0.0,False,NONE
TRX-20260901-000039-006,TRX-20260901-000039,6,SKU-4004,Sikat Gigi Formula Double Action 3s,2,15500.0,31000.0,0.0,False,NONE
TRX-20260901-000039-007,TRX-20260901-000039,7,SKU-4005,Rexona Deodorant Roll On 45ml,2,20500.0,41000.0,0.0,False,NONE
TRX-20260901-000039-008,TRX-20260901-000039,8,SKU-1021,UNKNOWN PRODUCT,1,78500.0,78500.0,0.0,False,TYPO_SKU
TRX-20260901-000039-009,TRX-20260901-000039,9,SKU-1002,Minyak Goreng Bimoli 2L,2,37500.0,75000.0,0.0,True,VOID_ITEM
TRX-20260901-000039-010,TRX-20260901-000039,10,SKU-6006,UNKNOWN PRODUCT,5,16500.0,82500.0,0.0,False,TYPO_SKU
TRX-20260901-000039-011,TRX-20260901-000039,11,SKU-5004,Pembersih Lantai Super Pell 770ml,2,14500.0,29000.0,0.0,False,NONE
TRX-20260901-000039-012,TRX-20260901-000039,12,SKU-2002,Susu Ultra Milk Full Cream 1L,2,21500.0,43000.0,0.0,False,TYPO_SKU
TRX-20260901-000039-013,TRX-20260901-000039,13,SKU-5003,Sabun Cuci Piring Sunlight 650ml,3,15500.0,46500.0,0.0,False,NONE
TRX-20260901-000039-014,TRX-20260901-000039,14,SKU-1011,Sarden ABC Saus Tomat 155g,1,12000.0,12000.0,0.0,False,NONE
TRX-20260901-000039-015,TRX-20260901-000039,15,SKU-4007,Minyak Telon My Baby 90ml,3,28000.0,84000.0,0.0,False,NONE
TRX-20260901-000039-016,TRX-20260901-000039,16,SKU-1009,Indomie Kuah Ayam Bawang 69g,1,3400.0,3400.0,0.0,False,NONE
TRX-20260901-000039-017,TRX-20260901-000039,17,SKU-4004,Sikat Gigi Formula Double Action 3s,2,15500.0,31000.0,0.0,False,NONE
TRX-20260901-000039-018,TRX-20260901-000039,18,SKU-4002,Shampoo Sunsilk Black Shine 160ml,2,26000.0,52000.0,0.0,False,NONE
TRX-20260901-000039-019,TRX-20260901-000039,19,SKU-1005,Garam Dapur Cap Kapal 250g,2,5000.0,10000.0,0.0,False,NONE
TRX-20260901-000040-001,TRX-20260901-000040,1,SKU-5003,Sabun Cuci Piring Sunlight 650ml,2,15500.0,31000.0,0.0,True,VOID_ITEM
TRX-20260901-000040-002,TRX-20260901-000040,2,SKU-4004,Sikat Gigi Formula Double Action 3s,1,15500.0,15500.0,0.0,False,NONE
TRX-20260901-000040-003,TRX-20260901-000040,3,SKU-1011,Sarden ABC Saus Tomat 155g,2,12000.0,24000.0,0.0,False,NONE
TRX-20260901-000040-004,TRX-20260901-000040,4,SKU-2006,Mentega Blue Band 200g,1,12500.0,12500.0,0.0,False,NONE
TRX-20260901-000040-005,TRX-20260901-000040,5,SKU-3005,Good Day Moccacino 250ml,1,8000.0,8000.0,0.0,True,VOID_ITEM
TRX-20260901-000040-006,TRX-20260901-000040,6,SKU-3006,Coca Cola 390ml,2,7500.0,15000.0,0.0,False,NONE
TRX-20260901-000040-007,TRX-20260901-000040,7,SKU-1010,Sedaap Mie Goreng 90g,1,3400.0,3400.0,0.0,False,NONE
TRX-20260901-000040-008,TRX-20260901-000040,8,SKU-1009,Indomie Kuah Ayam Bawang 69g,1,3400.0,3400.0,0.0,False,NONE
TRX-20260901-000041-001,TRX-20260901-000041,1,SKU-4003,Pasta Gigi Pepsodent 190g,1,17000.0,17000.0,0.0,False,TYPO_SKU
TRX-20260901-000041-002,TRX-20260901-000041,2,SKU-3008,Taro Net Seaweed 65g,1,9800.0,9800.0,0.0,False,NONE
TRX-20260901-000042-001,TRX-20260901-000042,1,SKU-1010,Sedaap Mie Goreng 90g,2,3400.0,6800.0,0.0,False,NONE
TRX-20260901-000042-002,TRX-20260901-000042,2,SKU-3004,Kopi Kapal Api Spesial Mix 10s,1,15500.0,15500.0,0.0,False,NONE
TRX-20260901-000042-003,TRX-20260901-000042,3,SKU-1005,Garam Dapur Cap Kapal 250g,1,5000.0,5000.0,0.0,True,VOID_ITEM
TRX-20260901-000042-004,TRX-20260901-000042,4,SKU-3009,Oreo Original Roll 133g,1,11000.0,11000.0,0.0,False,NONE
TRX-20260901-000042-005,TRX-20260901-000042,5,SKU-2006,Mentega Blue Band 200g,2,12500.0,25000.0,0.0,False,NONE
TRX-20260901-000042-006,TRX-20260901-000042,6,SKU-1004,Tepung Terigu Segitiga Biru 1kg,1,13500.0,13500.0,0.0,True,VOID_ITEM
TRX-20260901-000043-001,TRX-20260901-000043,1,SKU-5006,Baterai ABC Alkaline AA 4s,1,21000.0,21000.0,0.0,False,NONE
TRX-20260901-000043-002,TRX-20260901-000043,2,SKU-4004,Sikat Gigi Formula Double Action 3s,3,15500.0,46500.0,0.0,False,NONE
TRX-20260901-000043-003,TRX-20260901-000043,3,SKU-4006,Paseo Facial Tissue 250 Sheets,5,16500.0,82500.0,0.0,False,NONE
TRX-20260901-000043-004,TRX-20260901-000043,4,SKU-1006,Kecap Manis Bango 520ml,2,25500.0,51000.0,0.0,False,NONE
TRX-20260901-000043-005,TRX-20260901-000043,5,SKU-1002,Minyak Goreng Bimoli 2L,1,37500.0,37500.0,0.0,False,NONE
TRX-20260901-000043-006,TRX-20260901-000043,6,SKU-1007,Saus Sambal ABC 335ml,2,17500.0,35000.0,0.0,False,NONE
TRX-20260901-000043-007,TRX-20260901-000043,7,SKU-1004,Tepung Terigu Segitiga Biru 1kg,3,13500.0,40500.0,0.0,False,NONE
TRX-20260901-000043-008,TRX-20260901-000043,8,SKU-1010,Sedaap Mie Goreng 90g,1,3400.0,3400.0,0.0,False,NONE
TRX-20260901-000043-009,TRX-20260901-000043,9,SKU-5004,Pembersih Lantai Super Pell 770ml,5,14500.0,72500.0,0.0,False,NONE
TRX-20260901-000043-010,TRX-20260901-000043,10,SKU-4007,Minyak Telon My Baby 90ml,1,28000.0,28000.0,0.0,False,NONE
TRX-20260901-000043-011,TRX-20260901-000043,11,SKU-0003,UNKNOWN PRODUCT,1,17500.0,17500.0,0.0,False,TYPO_SKU
TRX-20260901-000044-001,TRX-20260901-000044,1,SKU-2008,Sari Roti Sobek Cokelat,1,19500.0,19500.0,0.0,False,NONE
TRX-20260901-000044-002,TRX-20260901-000044,2,SKU-3009,Oreo Original Roll 133g,1,11000.0,11000.0,0.0,False,NONE
TRX-20260901-000044-003,TRX-20260901-000044,3,SKU-3007,Chitato Sapi Panggang 68g,1,12500.0,12500.0,0.0,False,NONE
TRX-20260901-000045-001,TRX-20260901-000045,1,SKU-2004,Yakult Pack isi 5,1,11500.0,11500.0,0.0,False,NONE
TRX-20260901-000045-002,TRX-20260901-000045,2,SKU-3008,Taro Net Seaweed 65g,1,9800.0,9800.0,0.0,False,NONE
TRX-20260901-000046-001,TRX-20260901-000046,1,SKU-3007,Chitato Sapi Panggang 68g,1,12500.0,12500.0,0.0,False,NONE
TRX-20260901-000046-002,TRX-20260901-000046,2,SKU-3006,Coca Cola 390ml,1,7500.0,7500.0,0.0,False,NONE
TRX-20260901-000047-001,TRX-20260901-000047,1,SKU-4002,Shampoo Sunsilk Black Shine 160ml,5,26000.0,130000.0,0.0,False,NONE
TRX-20260901-000047-002,TRX-20260901-000047,2,SKU-4001,Sabun Mandi Lifebuoy Total 10 450ml,1,27500.0,27500.0,0.0,False,NONE
TRX-20260901-000047-003,TRX-20260901-000047,3,SKU-5003,Sabun Cuci Piring Sunlight 650ml,3,15500.0,46500.0,0.0,False,NONE
TRX-20260901-000047-004,TRX-20260901-000047,4,SKU-5001,Deterjen Rinso Anti Noda 770g,1,23000.0,23000.0,0.0,False,NONE
TRX-20260901-000047-005,TRX-20260901-000047,5,SKU-1008,Indomie Goreng Spesial 85g,1,3500.0,3500.0,0.0,False,NONE
TRX-20260901-000047-006,TRX-20260901-000047,6,SKU-2001,Telur Ayam Negeri 1kg,2,31000.0,62000.0,0.0,False,NONE
TRX-20260901-000047-007,TRX-20260901-000047,7,SKU-5002,Pewangi Pakaian Molto All in 1 720ml,2,24000.0,48000.0,0.0,False,NONE
TRX-20260901-000047-008,TRX-20260901-000047,8,SKU-4006,Paseo Facial Tissue 250 Sheets,2,16500.0,33000.0,0.0,False,NONE
TRX-20260901-000047-009,TRX-20260901-000047,9,SKU-1002,Minyak Goreng Bimoli 2L,1,37500.0,37500.0,0.0,False,NONE
TRX-20260901-000047-010,TRX-20260901-000047,10,SKU-1004,Tepung Terigu Segitiga Biru 1kg,1,13500.0,13500.0,0.0,False,NONE
TRX-20260901-000047-011,TRX-20260901-000047,11,SKU-1012,Kornet Sapi Pronas 198g,2,26000.0,52000.0,0.0,False,NONE
TRX-20260901-000047-012,TRX-20260901-000047,12,SKU-4005,Rexona Deodorant Roll On 45ml,3,20500.0,61500.0,0.0,False,NONE
TRX-20260901-000047-013,TRX-20260901-000047,13,SKU-2007,Sari Roti Tawar Spesial,1,16500.0,16500.0,0.0,False,TYPO_SKU
TRX-20260901-000047-014,TRX-20260901-000047,14,SKU-5005,Baygon Obat Nyamuk Semprot 600ml,1,42000.0,42000.0,0.0,False,NONE
TRX-20260901-000047-015,TRX-20260901-000047,15,SKU-5004,Pembersih Lantai Super Pell 770ml,1,14500.0,14500.0,0.0,False,NONE
TRX-20260901-000047-016,TRX-20260901-000047,16,SKU-5001,Deterjen Rinso Anti Noda 770g,1,23000.0,23000.0,0.0,False,NONE
TRX-20260901-000047-017,TRX-20260901-000047,17,SKU-1001,Beras Pandan Wangi 5kg,1,78500.0,78500.0,0.0,False,NONE
TRX-20260901-000047-018,TRX-20260901-000047,18,SKU-1003,Gula Pasir Gulaku 1kg,2,17500.0,35000.0,0.0,False,NONE
TRX-20260901-000047-019,TRX-20260901-000047,19,SKU-5006,Baterai ABC Alkaline AA 4s,3,21000.0,63000.0,0.0,False,NONE
TRX-20260901-000047-020,TRX-20260901-000047,20,SKU-1003,Gula Pasir Gulaku 1kg,1,17500.0,17500.0,0.0,False,NONE
TRX-20260901-000047-021,TRX-20260901-000047,21,SKU-1004,Tepung Terigu Segitiga Biru 1kg,3,13500.0,40500.0,0.0,False,NONE
TRX-20260901-000048-001,TRX-20260901-000048,1,SKU-5004,Pembersih Lantai Super Pell 770ml,1,14500.0,14500.0,0.0,False,NONE
TRX-20260901-000048-002,TRX-20260901-000048,2,SKU-3006,Coca Cola 390ml,1,7500.0,7500.0,0.0,False,NONE
TRX-20260901-000048-003,TRX-20260901-000048,3,SKU-3008,Taro Net Seaweed 65g,1,9800.0,9800.0,0.0,True,VOID_ITEM
TRX-20260901-000048-004,TRX-20260901-000048,4,SKU-1011,Sarden ABC Saus Tomat 155g,2,12000.0,24000.0,0.0,False,NONE
TRX-20260901-000049-001,TRX-20260901-000049,1,SKU-3102,UNKNOWN PRODUCT,1,3800.0,3800.0,0.0,False,TYPO_SKU
TRX-20260901-000049-002,TRX-20260901-000049,2,SKU-3005,Good Day Moccacino 250ml,1,8000.0,8000.0,0.0,False,NONE
TRX-20260901-000050-001,TRX-20260901-000050,1,SKU-2003,Susu Ultra Milk Cokelat 1L,1,21500.0,21500.0,0.0,False,NONE
TRX-20260901-000051-001,TRX-20260901-000051,1,SKU-1012,Kornet Sapi Pronas 198g,1,26000.0,26000.0,0.0,False,NONE
TRX-20260901-000051-002,TRX-20260901-000051,2,SKU-1008,Indomie Goreng Spesial 85g,1,3500.0,3500.0,0.0,False,NONE
TRX-20260901-000051-003,TRX-20260901-000051,3,SKU-3001,Air Mineral Aqua 600ml,2,4000.0,8000.0,0.0,False,NONE
TRX-20260901-000051-004,TRX-20260901-000051,4,SKU-1022,UNKNOWN PRODUCT,2,37500.0,75000.0,0.0,False,TYPO_SKU
TRX-20260901-000051-005,TRX-20260901-000051,5,SKU-1001,Beras Pandan Wangi 5kg,2,78500.0,157000.0,0.0,False,NONE
TRX-20260901-000051-006,TRX-20260901-000051,6,SKU-4004,Sikat Gigi Formula Double Action 3s,1,15500.0,15500.0,0.0,False,NONE
TRX-20260901-000051-007,TRX-20260901-000051,7,SKU-1004,Tepung Terigu Segitiga Biru 1kg,1,13500.0,13500.0,0.0,False,NONE
TRX-20260901-000051-008,TRX-20260901-000051,8,SKU-4005,Rexona Deodorant Roll On 45ml,3,20500.0,61500.0,0.0,False,NONE
TRX-20260901-000051-009,TRX-20260901-000051,9,SKU-1001,Beras Pandan Wangi 5kg,3,78500.0,235500.0,0.0,False,NONE
TRX-20260901-000051-010,TRX-20260901-000051,10,SKU-1005,Garam Dapur Cap Kapal 250g,1,5000.0,5000.0,0.0,False,NONE
TRX-20260901-000051-011,TRX-20260901-000051,11,SKU-5203,UNKNOWN PRODUCT,2,15500.0,31000.0,0.0,False,TYPO_SKU
TRX-20260901-000051-012,TRX-20260901-000051,12,SKU-4002,Shampoo Sunsilk Black Shine 160ml,1,26000.0,26000.0,0.0,False,NONE
TRX-20260901-000051-013,TRX-20260901-000051,13,SKU-4003,Pasta Gigi Pepsodent 190g,1,17000.0,17000.0,0.0,False,NONE
TRX-20260901-000051-014,TRX-20260901-000051,14,SKU-5006,Baterai ABC Alkaline AA 4s,2,21000.0,42000.0,0.0,False,NONE
TRX-20260901-000052-001,TRX-20260901-000052,1,SKU-2004,Yakult Pack isi 5,1,11500.0,11500.0,0.0,False,NONE
TRX-20260901-000052-002,TRX-20260901-000052,2,SKU-2002,Susu Ultra Milk Full Cream 1L,1,21500.0,21500.0,0.0,False,NONE
TRX-20260901-000052-003,TRX-20260901-000052,3,SKU-3001,Air Mineral Aqua 600ml,1,4000.0,4000.0,0.0,False,NONE
TRX-20260901-000053-001,TRX-20260901-000053,1,SKU-5003,Sabun Cuci Piring Sunlight 650ml,2,15500.0,31000.0,0.0,False,NONE
TRX-20260901-000053-002,TRX-20260901-000053,2,SKU-4004,Sikat Gigi Formula Double Action 3s,2,15500.0,31000.0,0.0,False,NONE
TRX-20260901-000053-003,TRX-20260901-000053,3,SKU-3008,Taro Net Seaweed 65g,2,9800.0,19600.0,0.0,False,NONE
TRX-20260901-000053-004,TRX-20260901-000053,4,SKU-1008,Indomie Goreng Spesial 85g,2,3500.0,7000.0,0.0,False,NONE
TRX-20260901-000053-005,TRX-20260901-000053,5,SKU-3017,UNKNOWN PRODUCT,1,12500.0,12500.0,0.0,True,VOID_ITEM
TRX-20260901-000053-006,TRX-20260901-000053,6,SKU-2004,Yakult Pack isi 5,1,11500.0,11500.0,0.0,False,NONE
TRX-20260901-000053-007,TRX-20260901-000053,7,SKU-3002,Air Mineral Le Minerale 600ml,2,3800.0,7600.0,0.0,False,NONE
TRX-20260901-000053-008,TRX-20260901-000053,8,SKU-1010,Sedaap Mie Goreng 90g,2,3400.0,6800.0,0.0,False,NONE
TRX-20260901-000053-009,TRX-20260901-000053,9,SKU-1005,Garam Dapur Cap Kapal 250g,2,5000.0,10000.0,0.0,False,NONE
TRX-20260901-000054-001,TRX-20260901-000054,1,SKU-3006,Coca Cola 390ml,1,7500.0,7500.0,0.0,False,NONE
TRX-20260901-000055-001,TRX-20260901-000055,1,SKU-3006,Coca Cola 390ml,1,7500.0,7500.0,0.0,False,NONE
TRX-20260901-000055-002,TRX-20260901-000055,2,SKU-1010,Sedaap Mie Goreng 90g,2,3400.0,6800.0,0.0,False,NONE
TRX-20260901-000055-003,TRX-20260901-000055,3,SKU-5004,Pembersih Lantai Super Pell 770ml,2,14500.0,29000.0,0.0,False,NONE
TRX-20260901-000055-004,TRX-20260901-000055,4,SKU-3002,Air Mineral Le Minerale 600ml,1,3800.0,3800.0,0.0,False,NONE
TRX-20260901-000055-005,TRX-20260901-000055,5,SKU-3004,Kopi Kapal Api Spesial Mix 10s,1,15500.0,15500.0,0.0,False,NONE
TRX-20260901-000055-006,TRX-20260901-000055,6,SKU-1004,Tepung Terigu Segitiga Biru 1kg,1,13500.0,13500.0,0.0,True,VOID_ITEM
TRX-20260901-000055-007,TRX-20260901-000055,7,SKU-2016,UNKNOWN PRODUCT,2,12500.0,25000.0,0.0,False,TYPO_SKU
TRX-20260901-000055-008,TRX-20260901-000055,8,SKU-1011,Sarden ABC Saus Tomat 155g,1,12000.0,12000.0,0.0,False,NONE
TRX-20260901-000056-001,TRX-20260901-000056,1,SKU-3003,Teh Pucuk Harum 350ml,2,4500.0,9000.0,0.0,False,TYPO_SKU
TRX-20260901-000056-002,TRX-20260901-000056,2,SKU-3008,Taro Net Seaweed 65g,1,9800.0,9800.0,0.0,False,NONE
TRX-20260901-000056-003,TRX-20260901-000056,3,SKU-1008,Indomie Goreng Spesial 85g,1,3500.0,3500.0,0.0,False,NONE
TRX-20260901-000056-004,TRX-20260901-000056,4,SKU-1011,Sarden ABC Saus Tomat 155g,1,12000.0,12000.0,0.0,False,NONE
TRX-20260901-000056-005,TRX-20260901-000056,5,SKU-2004,Yakult Pack isi 5,1,11500.0,11500.0,0.0,False,NONE
TRX-20260901-000056-006,TRX-20260901-000056,6,SKU-3003,Teh Pucuk Harum 350ml,1,4500.0,4500.0,0.0,False,NONE
TRX-20260901-000057-001,TRX-20260901-000057,1,SKU-1000,UNKNOWN PRODUCT,3,3400.0,10200.0,0.0,False,TYPO_SKU
TRX-20260901-000057-002,TRX-20260901-000057,2,SKU-5004,Pembersih Lantai Super Pell 770ml,2,14500.0,29000.0,0.0,False,NONE
TRX-20260901-000057-003,TRX-20260901-000057,3,SKU-1005,Garam Dapur Cap Kapal 250g,5,5000.0,25000.0,0.0,False,NONE
TRX-20260901-000057-004,TRX-20260901-000057,4,SKU-4007,Minyak Telon My Baby 90ml,1,28000.0,28000.0,0.0,True,VOID_ITEM
TRX-20260901-000057-005,TRX-20260901-000057,5,SKU-1010,Sedaap Mie Goreng 90g,1,3400.0,3400.0,0.0,False,NONE
TRX-20260901-000057-006,TRX-20260901-000057,6,SKU-4022,UNKNOWN PRODUCT,1,26000.0,26000.0,0.0,False,TYPO_SKU
TRX-20260901-000057-007,TRX-20260901-000057,7,SKU-4001,Sabun Mandi Lifebuoy Total 10 450ml,2,27500.0,55000.0,0.0,False,NONE
TRX-20260901-000057-008,TRX-20260901-000057,8,SKU-1004,Tepung Terigu Segitiga Biru 1kg,3,13500.0,40500.0,0.0,False,NONE
TRX-20260901-000057-009,TRX-20260901-000057,9,SKU-5002,Pewangi Pakaian Molto All in 1 720ml,5,24000.0,120000.0,0.0,False,NONE
TRX-20260901-000057-010,TRX-20260901-000057,10,SKU-4004,Sikat Gigi Formula Double Action 3s,2,15500.0,31000.0,0.0,False,NONE
TRX-20260901-000057-011,TRX-20260901-000057,11,SKU-1001,Beras Pandan Wangi 5kg,2,78500.0,157000.0,0.0,False,NONE
TRX-20260901-000058-001,TRX-20260901-000058,1,SKU-2008,Sari Roti Sobek Cokelat,1,19500.0,19500.0,0.0,False,NONE
TRX-20260901-000058-002,TRX-20260901-000058,2,SKU-3007,Chitato Sapi Panggang 68g,1,12500.0,12500.0,0.0,False,NONE
TRX-20260901-000058-003,TRX-20260901-000058,3,SKU-2004,Yakult Pack isi 5,1,11500.0,11500.0,0.0,False,NONE
TRX-20260901-000059-001,TRX-20260901-000059,1,SKU-1010,Sedaap Mie Goreng 90g,2,3400.0,6800.0,0.0,False,NONE
TRX-20260901-000059-002,TRX-20260901-000059,2,SKU-3008,Taro Net Seaweed 65g,1,9800.0,9800.0,0.0,False,NONE
TRX-20260901-000059-003,TRX-20260901-000059,3,SKU-2006,Mentega Blue Band 200g,2,12500.0,25000.0,0.0,False,NONE
TRX-20260901-000059-004,TRX-20260901-000059,4,SKU-3006,Coca Cola 390ml,1,7500.0,7500.0,0.0,False,NONE
TRX-20260901-000059-005,TRX-20260901-000059,5,SKU-1004,Tepung Terigu Segitiga Biru 1kg,2,13500.0,27000.0,0.0,False,NONE
TRX-20260901-000059-006,TRX-20260901-000059,6,SKU-3009,Oreo Original Roll 133g,1,11000.0,11000.0,0.0,False,NONE
TRX-20260901-000060-001,TRX-20260901-000060,1,SKU-3006,Coca Cola 390ml,1,7500.0,7500.0,0.0,True,VOID_ITEM
TRX-20260901-000060-002,TRX-20260901-000060,2,SKU-3004,Kopi Kapal Api Spesial Mix 10s,2,15500.0,31000.0,0.0,True,VOID_ITEM
TRX-20260901-000060-003,TRX-20260901-000060,3,SKU-2004,Yakult Pack isi 5,1,11500.0,11500.0,0.0,False,NONE
TRX-20260901-000060-004,TRX-20260901-000060,4,SKU-3007,Chitato Sapi Panggang 68g,2,12500.0,25000.0,0.0,False,NONE
TRX-20260901-000061-001,TRX-20260901-000061,1,SKU-4002,Shampoo Sunsilk Black Shine 160ml,2,26000.0,52000.0,0.0,False,NONE
TRX-20260901-000061-002,TRX-20260901-000061,2,SKU-4001,Sabun Mandi Lifebuoy Total 10 450ml,2,27500.0,55000.0,0.0,False,NONE
TRX-20260901-000061-003,TRX-20260901-000061,3,SKU-4005,Rexona Deodorant Roll On 45ml,1,20500.0,20500.0,0.0,False,NONE
TRX-20260901-000061-004,TRX-20260901-000061,4,SKU-1008,Indomie Goreng Spesial 85g,3,3500.0,10500.0,0.0,False,NONE
TRX-20260901-000061-005,TRX-20260901-000061,5,SKU-1010,Sedaap Mie Goreng 90g,2,3400.0,6800.0,0.0,False,NONE
TRX-20260901-000061-006,TRX-20260901-000061,6,SKU-1007,Saus Sambal ABC 335ml,1,17500.0,17500.0,0.0,False,NONE
TRX-20260901-000061-007,TRX-20260901-000061,7,SKU-5004,Pembersih Lantai Super Pell 770ml,1,14500.0,14500.0,0.0,False,NONE
TRX-20260901-000061-008,TRX-20260901-000061,8,SKU-5005,Baygon Obat Nyamuk Semprot 600ml,5,42000.0,210000.0,0.0,False,NONE
TRX-20260901-000061-009,TRX-20260901-000061,9,SKU-1005,Garam Dapur Cap Kapal 250g,1,5000.0,5000.0,0.0,False,NONE
TRX-20260901-000061-010,TRX-20260901-000061,10,SKU-1001,Beras Pandan Wangi 5kg,2,78500.0,157000.0,0.0,False,NONE
TRX-20260901-000061-011,TRX-20260901-000061,11,SKU-1003,Gula Pasir Gulaku 1kg,2,17500.0,35000.0,0.0,False,NONE
TRX-20260901-000062-001,TRX-20260901-000062,1,SKU-1005,Garam Dapur Cap Kapal 250g,2,5000.0,10000.0,0.0,False,NONE
TRX-20260901-000062-002,TRX-20260901-000062,2,SKU-3005,Good Day Moccacino 250ml,2,8000.0,16000.0,0.0,False,NONE
TRX-20260901-000062-003,TRX-20260901-000062,3,SKU-2004,Yakult Pack isi 5,1,11500.0,11500.0,0.0,False,NONE
TRX-20260901-000062-004,TRX-20260901-000062,4,SKU-2006,Mentega Blue Band 200g,2,12500.0,25000.0,0.0,False,NONE
TRX-20260901-000062-005,TRX-20260901-000062,5,SKU-3003,Teh Pucuk Harum 350ml,2,4500.0,9000.0,0.0,False,NONE
TRX-20260901-000062-006,TRX-20260901-000062,6,SKU-3009,Oreo Original Roll 133g,2,11000.0,22000.0,0.0,False,NONE
TRX-20260901-000062-007,TRX-20260901-000062,7,SKU-1009,Indomie Kuah Ayam Bawang 69g,1,3400.0,3400.0,0.0,False,NONE
TRX-20260901-000063-001,TRX-20260901-000063,1,SKU-3010,SilverQueen Cokelat Mede 58g,1,17000.0,17000.0,0.0,False,NONE
TRX-20260901-000063-002,TRX-20260901-000063,2,SKU-3003,Teh Pucuk Harum 350ml,1,4500.0,4500.0,0.0,False,NONE
TRX-20260901-000063-003,TRX-20260901-000063,3,SKU-2004,Yakult Pack isi 5,1,11500.0,11500.0,0.0,False,NONE
TRX-20260901-000064-001,TRX-20260901-000064,1,SKU-3001,Air Mineral Aqua 600ml,1,4000.0,4000.0,0.0,False,NONE
TRX-20260901-000064-002,TRX-20260901-000064,2,SKU-3005,Good Day Moccacino 250ml,1,8000.0,8000.0,0.0,False,NONE
TRX-20260901-000064-003,TRX-20260901-000064,3,SKU-3006,Coca Cola 390ml,2,7500.0,15000.0,0.0,False,NONE
TRX-20260901-000064-004,TRX-20260901-000064,4,SKU-3007,Chitato Sapi Panggang 68g,1,12500.0,12500.0,0.0,False,NONE
TRX-20260901-000064-005,TRX-20260901-000064,5,SKU-3008,Taro Net Seaweed 65g,2,9800.0,19600.0,0.0,False,NONE
TRX-20260901-000064-006,TRX-20260901-000064,6,SKU-2006,Mentega Blue Band 200g,1,12500.0,12500.0,0.0,False,NONE
TRX-20260901-000064-007,TRX-20260901-000064,7,SKU-5004,Pembersih Lantai Super Pell 770ml,2,14500.0,29000.0,0.0,False,NONE
TRX-20260901-000065-001,TRX-20260901-000065,1,SKU-1011,Sarden ABC Saus Tomat 155g,2,12000.0,24000.0,0.0,False,NONE
TRX-20260901-000065-002,TRX-20260901-000065,2,SKU-2006,Mentega Blue Band 200g,1,12500.0,12500.0,0.0,False,NONE
TRX-20260901-000065-003,TRX-20260901-000065,3,SKU-5004,Pembersih Lantai Super Pell 770ml,1,14500.0,14500.0,0.0,False,NONE
TRX-20260901-000065-004,TRX-20260901-000065,4,SKU-3002,Air Mineral Le Minerale 600ml,1,3800.0,3800.0,0.0,False,NONE
TRX-20260901-000065-005,TRX-20260901-000065,5,SKU-5003,Sabun Cuci Piring Sunlight 650ml,2,15500.0,31000.0,0.0,False,NONE
TRX-20260901-000065-006,TRX-20260901-000065,6,SKU-1008,Indomie Goreng Spesial 85g,2,3500.0,7000.0,0.0,False,NONE
TRX-20260901-000066-001,TRX-20260901-000066,1,SKU-1008,Indomie Goreng Spesial 85g,2,3500.0,7000.0,0.0,False,NONE
TRX-20260901-000066-002,TRX-20260901-000066,2,SKU-4002,Shampoo Sunsilk Black Shine 160ml,1,26000.0,26000.0,0.0,False,NONE
TRX-20260901-000066-003,TRX-20260901-000066,3,SKU-1010,Sedaap Mie Goreng 90g,1,3400.0,3400.0,0.0,False,NONE
TRX-20260901-000066-004,TRX-20260901-000066,4,SKU-4005,Rexona Deodorant Roll On 45ml,1,20500.0,20500.0,0.0,False,NONE
TRX-20260901-000066-005,TRX-20260901-000066,5,SKU-5006,Baterai ABC Alkaline AA 4s,1,21000.0,21000.0,0.0,False,NONE
TRX-20260901-000066-006,TRX-20260901-000066,6,SKU-1006,Kecap Manis Bango 520ml,1,25500.0,25500.0,0.0,False,NONE
TRX-20260901-000066-007,TRX-20260901-000066,7,SKU-5001,Deterjen Rinso Anti Noda 770g,1,23000.0,23000.0,0.0,False,NONE
TRX-20260901-000066-008,TRX-20260901-000066,8,SKU-5002,Pewangi Pakaian Molto All in 1 720ml,2,24000.0,48000.0,0.0,False,NONE
TRX-20260901-000066-009,TRX-20260901-000066,9,SKU-1001,Beras Pandan Wangi 5kg,5,78500.0,392500.0,0.0,False,NONE
TRX-20260901-000067-001,TRX-20260901-000067,1,SKU-2003,Susu Ultra Milk Cokelat 1L,1,21500.0,21500.0,0.0,False,NONE
TRX-20260901-000067-002,TRX-20260901-000067,2,SKU-5004,Pembersih Lantai Super Pell 770ml,1,14500.0,14500.0,0.0,False,NONE
TRX-20260901-000067-003,TRX-20260901-000067,3,SKU-3004,Kopi Kapal Api Spesial Mix 10s,1,15500.0,15500.0,0.0,False,NONE
TRX-20260901-000067-004,TRX-20260901-000067,4,SKU-3007,Chitato Sapi Panggang 68g,1,12500.0,12500.0,0.0,False,NONE
TRX-20260901-000068-001,TRX-20260901-000068,1,SKU-2006,Mentega Blue Band 200g,1,12500.0,12500.0,0.0,False,NONE
TRX-20260901-000068-002,TRX-20260901-000068,2,SKU-3007,Chitato Sapi Panggang 68g,1,12500.0,12500.0,0.0,False,NONE
TRX-20260901-000068-003,TRX-20260901-000068,3,SKU-3002,Air Mineral Le Minerale 600ml,1,3800.0,3800.0,0.0,False,NONE
TRX-20260901-000069-001,TRX-20260901-000069,1,SKU-5003,Sabun Cuci Piring Sunlight 650ml,2,15500.0,31000.0,0.0,False,NONE
TRX-20260901-000069-002,TRX-20260901-000069,2,SKU-5001,Deterjen Rinso Anti Noda 770g,1,23000.0,23000.0,0.0,False,NONE
TRX-20260901-000069-003,TRX-20260901-000069,3,SKU-5001,Deterjen Rinso Anti Noda 770g,1,23000.0,23000.0,0.0,False,NONE
TRX-20260901-000069-004,TRX-20260901-000069,4,SKU-5002,Pewangi Pakaian Molto All in 1 720ml,1,24000.0,24000.0,0.0,False,NONE
TRX-20260901-000069-005,TRX-20260901-000069,5,SKU-1004,Tepung Terigu Segitiga Biru 1kg,1,13500.0,13500.0,0.0,False,NONE
TRX-20260901-000069-006,TRX-20260901-000069,6,SKU-4004,Sikat Gigi Formula Double Action 3s,3,15500.0,46500.0,0.0,False,NONE
TRX-20260901-000069-007,TRX-20260901-000069,7,SKU-4003,Pasta Gigi Pepsodent 190g,1,17000.0,17000.0,0.0,False,NONE
TRX-20260901-000069-008,TRX-20260901-000069,8,SKU-5004,Pembersih Lantai Super Pell 770ml,2,14500.0,29000.0,0.0,False,NONE
TRX-20260901-000069-009,TRX-20260901-000069,9,SKU-1009,Indomie Kuah Ayam Bawang 69g,1,3400.0,3400.0,0.0,False,NONE
TRX-20260901-000069-010,TRX-20260901-000069,10,SKU-3001,Air Mineral Aqua 600ml,2,4000.0,8000.0,0.0,False,NONE
TRX-20260901-000069-011,TRX-20260901-000069,11,SKU-1011,Sarden ABC Saus Tomat 155g,2,12000.0,24000.0,0.0,False,NONE
TRX-20260901-000069-012,TRX-20260901-000069,12,SKU-1010,Sedaap Mie Goreng 90g,2,3400.0,6800.0,0.0,False,NONE
TRX-20260901-000070-001,TRX-20260901-000070,1,SKU-2008,Sari Roti Sobek Cokelat,1,19500.0,19500.0,0.0,False,NONE
TRX-20260901-000070-002,TRX-20260901-000070,2,SKU-3005,Good Day Moccacino 250ml,1,8000.0,8000.0,0.0,False,NONE
TRX-20260901-000071-001,TRX-20260901-000071,1,SKU-3009,Oreo Original Roll 133g,1,11000.0,11000.0,0.0,False,NONE
TRX-20260901-000071-002,TRX-20260901-000071,2,SKU-3010,SilverQueen Cokelat Mede 58g,1,17000.0,17000.0,0.0,False,NONE
TRX-20260901-000071-003,TRX-20260901-000071,3,SKU-2008,Sari Roti Sobek Cokelat,1,19500.0,19500.0,0.0,False,NONE
TRX-20260901-000072-001,TRX-20260901-000072,1,SKU-2008,Sari Roti Sobek Cokelat,1,19500.0,19500.0,0.0,False,NONE
TRX-20260901-000073-001,TRX-20260901-000073,1,SKU-1005,Garam Dapur Cap Kapal 250g,5,5000.0,25000.0,0.0,False,NONE
TRX-20260901-000073-002,TRX-20260901-000073,2,SKU-1001,Beras Pandan Wangi 5kg,5,78500.0,392500.0,0.0,False,NONE
TRX-20260901-000073-003,TRX-20260901-000073,3,SKU-1002,Minyak Goreng Bimoli 2L,1,37500.0,37500.0,0.0,False,NONE
TRX-20260901-000073-004,TRX-20260901-000073,4,SKU-5003,Sabun Cuci Piring Sunlight 650ml,2,15500.0,31000.0,0.0,False,NONE
TRX-20260901-000073-005,TRX-20260901-000073,5,SKU-1008,Indomie Goreng Spesial 85g,5,3500.0,17500.0,0.0,False,NONE
TRX-20260901-000073-006,TRX-20260901-000073,6,SKU-1004,Tepung Terigu Segitiga Biru 1kg,2,13500.0,27000.0,0.0,False,NONE
TRX-20260901-000073-007,TRX-20260901-000073,7,SKU-5002,Pewangi Pakaian Molto All in 1 720ml,1,24000.0,24000.0,0.0,False,NONE
TRX-20260901-000073-008,TRX-20260901-000073,8,SKU-1010,Sedaap Mie Goreng 90g,1,3400.0,3400.0,0.0,False,NONE
TRX-20260901-000073-009,TRX-20260901-000073,9,SKU-4004,Sikat Gigi Formula Double Action 3s,1,15500.0,15500.0,0.0,False,NONE
TRX-20260901-000074-001,TRX-20260901-000074,1,SKU-5003,Sabun Cuci Piring Sunlight 650ml,2,15500.0,31000.0,0.0,False,NONE
TRX-20260901-000074-002,TRX-20260901-000074,2,SKU-4004,Sikat Gigi Formula Double Action 3s,1,15500.0,15500.0,0.0,True,VOID_ITEM
TRX-20260901-000074-003,TRX-20260901-000074,3,SKU-3007,Chitato Sapi Panggang 68g,2,12500.0,25000.0,0.0,False,NONE
TRX-20260901-000074-004,TRX-20260901-000074,4,SKU-3009,Oreo Original Roll 133g,1,11000.0,11000.0,0.0,False,NONE
TRX-20260901-000075-001,TRX-20260901-000075,1,SKU-3006,Coca Cola 390ml,1,7500.0,7500.0,0.0,False,NONE
TRX-20260901-000076-001,TRX-20260901-000076,1,SKU-4007,Minyak Telon My Baby 90ml,1,28000.0,28000.0,0.0,False,NONE
TRX-20260901-000076-002,TRX-20260901-000076,2,SKU-4001,Sabun Mandi Lifebuoy Total 10 450ml,1,27500.0,27500.0,0.0,False,NONE
TRX-20260901-000076-003,TRX-20260901-000076,3,SKU-4002,Shampoo Sunsilk Black Shine 160ml,1,26000.0,26000.0,0.0,False,NONE
TRX-20260901-000076-004,TRX-20260901-000076,4,SKU-1007,Saus Sambal ABC 335ml,1,17500.0,17500.0,0.0,False,NONE
TRX-20260901-000076-005,TRX-20260901-000076,5,SKU-1009,Indomie Kuah Ayam Bawang 69g,3,3400.0,10200.0,0.0,False,NONE
TRX-20260901-000076-006,TRX-20260901-000076,6,SKU-2001,Telur Ayam Negeri 1kg,1,31000.0,31000.0,0.0,False,NONE
TRX-20260901-000076-007,TRX-20260901-000076,7,SKU-1002,Minyak Goreng Bimoli 2L,1,37500.0,37500.0,0.0,False,NONE
TRX-20260901-000076-008,TRX-20260901-000076,8,SKU-1001,Beras Pandan Wangi 5kg,1,78500.0,78500.0,0.0,False,NONE
TRX-20260901-000076-009,TRX-20260901-000076,9,SKU-1004,Tepung Terigu Segitiga Biru 1kg,3,13500.0,40500.0,0.0,False,NONE
TRX-20260901-000076-010,TRX-20260901-000076,10,SKU-1010,Sedaap Mie Goreng 90g,2,3400.0,6800.0,0.0,False,NONE
TRX-20260901-000076-011,TRX-20260901-000076,11,SKU-1011,Sarden ABC Saus Tomat 155g,1,12000.0,12000.0,0.0,False,NONE
TRX-20260901-000076-012,TRX-20260901-000076,12,SKU-4006,Paseo Facial Tissue 250 Sheets,1,16500.0,16500.0,0.0,False,NONE
TRX-20260901-000076-013,TRX-20260901-000076,13,SKU-4004,Sikat Gigi Formula Double Action 3s,1,15500.0,15500.0,0.0,False,NONE
TRX-20260901-000076-014,TRX-20260901-000076,14,SKU-5005,Baygon Obat Nyamuk Semprot 600ml,1,42000.0,42000.0,0.0,False,NONE
TRX-20260901-000076-015,TRX-20260901-000076,15,SKU-5002,Pewangi Pakaian Molto All in 1 720ml,1,24000.0,24000.0,0.0,False,NONE
TRX-20260901-000076-016,TRX-20260901-000076,16,SKU-1005,Garam Dapur Cap Kapal 250g,1,5000.0,5000.0,0.0,False,NONE
TRX-20260901-000076-017,TRX-20260901-000076,17,SKU-5004,Pembersih Lantai Super Pell 770ml,2,14500.0,29000.0,0.0,False,NONE
TRX-20260901-000076-018,TRX-20260901-000076,18,SKU-5006,Baterai ABC Alkaline AA 4s,2,21000.0,42000.0,0.0,False,NONE
TRX-20260901-000076-019,TRX-20260901-000076,19,SKU-4002,Shampoo Sunsilk Black Shine 160ml,1,26000.0,26000.0,0.0,False,NONE
TRX-20260901-000076-020,TRX-20260901-000076,20,SKU-4003,Pasta Gigi Pepsodent 190g,2,17000.0,34000.0,0.0,False,NONE
TRX-20260901-000076-021,TRX-20260901-000076,21,SKU-1001,Beras Pandan Wangi 5kg,1,78500.0,78500.0,0.0,False,NONE
TRX-20260901-000076-022,TRX-20260901-000076,22,SKU-4003,Pasta Gigi Pepsodent 190g,2,17000.0,34000.0,0.0,False,NONE
TRX-20260901-000077-001,TRX-20260901-000077,1,SKU-3009,Oreo Original Roll 133g,1,11000.0,11000.0,0.0,False,NONE
TRX-20260901-000078-001,TRX-20260901-000078,1,SKU-4006,Paseo Facial Tissue 250 Sheets,2,16500.0,33000.0,0.0,False,NONE
TRX-20260901-000078-002,TRX-20260901-000078,2,SKU-4002,Shampoo Sunsilk Black Shine 160ml,1,26000.0,26000.0,0.0,False,NONE
TRX-20260901-000078-003,TRX-20260901-000078,3,SKU-1009,Indomie Kuah Ayam Bawang 69g,2,3400.0,6800.0,0.0,False,NONE
TRX-20260901-000078-004,TRX-20260901-000078,4,SKU-3001,Air Mineral Aqua 600ml,2,4000.0,8000.0,0.0,False,NONE
TRX-20260901-000078-005,TRX-20260901-000078,5,SKU-1007,Saus Sambal ABC 335ml,1,17500.0,17500.0,0.0,False,NONE
TRX-20260901-000078-006,TRX-20260901-000078,6,SKU-5001,Deterjen Rinso Anti Noda 770g,1,23000.0,23000.0,0.0,False,NONE
TRX-20260901-000078-007,TRX-20260901-000078,7,SKU-5002,Pewangi Pakaian Molto All in 1 720ml,1,24000.0,24000.0,0.0,False,NONE
TRX-20260901-000078-008,TRX-20260901-000078,8,SKU-1001,Beras Pandan Wangi 5kg,2,78500.0,157000.0,0.0,False,NONE
TRX-20260901-000078-009,TRX-20260901-000078,9,SKU-1008,Indomie Goreng Spesial 85g,1,3500.0,3500.0,0.0,False,NONE
TRX-20260901-000078-010,TRX-20260901-000078,10,SKU-2001,Telur Ayam Negeri 1kg,2,31000.0,62000.0,0.0,False,NONE
TRX-20260901-000078-011,TRX-20260901-000078,11,SKU-1010,Sedaap Mie Goreng 90g,1,3400.0,3400.0,0.0,False,NONE
TRX-20260901-000078-012,TRX-20260901-000078,12,SKU-4004,Sikat Gigi Formula Double Action 3s,2,15500.0,31000.0,0.0,False,NONE
TRX-20260901-000078-013,TRX-20260901-000078,13,SKU-5006,Baterai ABC Alkaline AA 4s,1,21000.0,21000.0,0.0,False,NONE
TRX-20260901-000078-014,TRX-20260901-000078,14,SKU-4001,Sabun Mandi Lifebuoy Total 10 450ml,5,27500.0,137500.0,0.0,False,NONE
TRX-20260901-000079-001,TRX-20260901-000079,1,SKU-2006,Mentega Blue Band 200g,1,12500.0,12500.0,0.0,False,NONE
TRX-20260901-000080-001,TRX-20260901-000080,1,SKU-1012,Kornet Sapi Pronas 198g,1,26000.0,26000.0,0.0,False,NONE
TRX-20260901-000080-002,TRX-20260901-000080,2,SKU-5003,Sabun Cuci Piring Sunlight 650ml,1,15500.0,15500.0,0.0,False,NONE
TRX-20260901-000080-003,TRX-20260901-000080,3,SKU-4006,Paseo Facial Tissue 250 Sheets,1,16500.0,16500.0,0.0,False,NONE
TRX-20260901-000080-004,TRX-20260901-000080,4,SKU-4007,Minyak Telon My Baby 90ml,1,28000.0,28000.0,0.0,False,NONE
TRX-20260901-000080-005,TRX-20260901-000080,5,SKU-1009,Indomie Kuah Ayam Bawang 69g,1,3400.0,3400.0,0.0,False,NONE
TRX-20260901-000080-006,TRX-20260901-000080,6,SKU-3001,Air Mineral Aqua 600ml,2,4000.0,8000.0,0.0,False,NONE
TRX-20260901-000080-007,TRX-20260901-000080,7,SKU-5001,Deterjen Rinso Anti Noda 770g,3,23000.0,69000.0,0.0,False,NONE
TRX-20260901-000080-008,TRX-20260901-000080,8,SKU-5002,Pewangi Pakaian Molto All in 1 720ml,2,24000.0,48000.0,0.0,False,NONE
TRX-20260901-000080-009,TRX-20260901-000080,9,SKU-1008,Indomie Goreng Spesial 85g,1,3500.0,3500.0,0.0,False,NONE
TRX-20260901-000080-010,TRX-20260901-000080,10,SKU-4002,Shampoo Sunsilk Black Shine 160ml,1,26000.0,26000.0,0.0,False,NONE
TRX-20260901-000081-001,TRX-20260901-000081,1,SKU-3008,Taro Net Seaweed 65g,1,9800.0,9800.0,0.0,False,NONE
TRX-20260901-000081-002,TRX-20260901-000081,2,SKU-2006,Mentega Blue Band 200g,1,12500.0,12500.0,0.0,False,NONE
TRX-20260901-000081-003,TRX-20260901-000081,3,SKU-2001,Telur Ayam Negeri 1kg,1,31000.0,31000.0,0.0,False,NONE
TRX-20260901-000082-001,TRX-20260901-000082,1,SKU-4007,Minyak Telon My Baby 90ml,1,28000.0,28000.0,0.0,False,NONE
TRX-20260901-000082-002,TRX-20260901-000082,2,SKU-1004,Tepung Terigu Segitiga Biru 1kg,1,13500.0,13500.0,0.0,False,NONE
TRX-20260901-000082-003,TRX-20260901-000082,3,SKU-1005,Garam Dapur Cap Kapal 250g,1,5000.0,5000.0,0.0,False,NONE
TRX-20260901-000082-004,TRX-20260901-000082,4,SKU-5004,Pembersih Lantai Super Pell 770ml,1,14500.0,14500.0,0.0,False,NONE
TRX-20260901-000082-005,TRX-20260901-000082,5,SKU-4001,Sabun Mandi Lifebuoy Total 10 450ml,2,27500.0,55000.0,0.0,False,NONE
TRX-20260901-000082-006,TRX-20260901-000082,6,SKU-4003,Pasta Gigi Pepsodent 190g,1,17000.0,17000.0,0.0,False,NONE
TRX-20260901-000082-007,TRX-20260901-000082,7,SKU-1010,Sedaap Mie Goreng 90g,1,3400.0,3400.0,0.0,False,NONE
TRX-20260901-000082-008,TRX-20260901-000082,8,SKU-2001,Telur Ayam Negeri 1kg,2,31000.0,62000.0,0.0,False,NONE
TRX-20260901-000082-009,TRX-20260901-000082,9,SKU-1012,Kornet Sapi Pronas 198g,1,26000.0,26000.0,0.0,False,NONE
TRX-20260901-000082-010,TRX-20260901-000082,10,SKU-4006,Paseo Facial Tissue 250 Sheets,1,16500.0,16500.0,0.0,False,NONE
TRX-20260901-000082-011,TRX-20260901-000082,11,SKU-1011,Sarden ABC Saus Tomat 155g,2,12000.0,24000.0,0.0,False,NONE
TRX-20260901-000082-012,TRX-20260901-000082,12,SKU-1002,Minyak Goreng Bimoli 2L,2,37500.0,75000.0,0.0,False,NONE
TRX-20260901-000082-013,TRX-20260901-000082,13,SKU-1008,Indomie Goreng Spesial 85g,1,3500.0,3500.0,0.0,False,NONE
TRX-20260901-000082-014,TRX-20260901-000082,14,SKU-1007,Saus Sambal ABC 335ml,1,17500.0,17500.0,0.0,False,NONE
TRX-20260901-000082-015,TRX-20260901-000082,15,SKU-4005,Rexona Deodorant Roll On 45ml,1,20500.0,20500.0,0.0,False,NONE
TRX-20260901-000082-016,TRX-20260901-000082,16,SKU-5003,Sabun Cuci Piring Sunlight 650ml,1,15500.0,15500.0,0.0,False,NONE
TRX-20260901-000082-017,TRX-20260901-000082,17,SKU-5001,Deterjen Rinso Anti Noda 770g,2,23000.0,46000.0,0.0,False,NONE
TRX-20260901-000082-018,TRX-20260901-000082,18,SKU-4004,Sikat Gigi Formula Double Action 3s,1,15500.0,15500.0,0.0,False,NONE
TRX-20260901-000082-019,TRX-20260901-000082,19,SKU-1003,Gula Pasir Gulaku 1kg,2,17500.0,35000.0,0.0,False,NONE
TRX-20260901-000082-020,TRX-20260901-000082,20,SKU-4003,Pasta Gigi Pepsodent 190g,5,17000.0,85000.0,0.0,False,NONE
TRX-20260901-000082-021,TRX-20260901-000082,21,SKU-1006,Kecap Manis Bango 520ml,2,25500.0,51000.0,0.0,False,NONE
TRX-20260901-000082-022,TRX-20260901-000082,22,SKU-1001,Beras Pandan Wangi 5kg,3,78500.0,235500.0,0.0,False,NONE
TRX-20260901-000083-001,TRX-20260901-000083,1,SKU-1005,Garam Dapur Cap Kapal 250g,1,5000.0,5000.0,0.0,False,NONE
TRX-20260901-000083-002,TRX-20260901-000083,2,SKU-4007,Minyak Telon My Baby 90ml,1,28000.0,28000.0,0.0,False,NONE
TRX-20260901-000083-003,TRX-20260901-000083,3,SKU-1003,Gula Pasir Gulaku 1kg,2,17500.0,35000.0,0.0,False,NONE
TRX-20260901-000083-004,TRX-20260901-000083,4,SKU-4002,Shampoo Sunsilk Black Shine 160ml,5,26000.0,130000.0,0.0,False,NONE
TRX-20260901-000083-005,TRX-20260901-000083,5,SKU-1007,Saus Sambal ABC 335ml,1,17500.0,17500.0,0.0,True,VOID_ITEM
TRX-20260901-000083-006,TRX-20260901-000083,6,SKU-4004,Sikat Gigi Formula Double Action 3s,2,15500.0,31000.0,0.0,False,NONE
TRX-20260901-000083-007,TRX-20260901-000083,7,SKU-5005,Baygon Obat Nyamuk Semprot 600ml,2,42000.0,84000.0,0.0,False,NONE
TRX-20260901-000083-008,TRX-20260901-000083,8,SKU-7004,UNKNOWN PRODUCT,5,14500.0,72500.0,0.0,False,TYPO_SKU
TRX-20260901-000083-009,TRX-20260901-000083,9,SKU-1011,Sarden ABC Saus Tomat 155g,2,12000.0,24000.0,0.0,False,NONE
TRX-20260901-000083-010,TRX-20260901-000083,10,SKU-4006,Paseo Facial Tissue 250 Sheets,2,16500.0,33000.0,0.0,False,NONE
TRX-20260901-000083-011,TRX-20260901-000083,11,SKU-1001,Beras Pandan Wangi 5kg,5,78500.0,392500.0,0.0,False,NONE
TRX-20260901-000083-012,TRX-20260901-000083,12,SKU-5002,Pewangi Pakaian Molto All in 1 720ml,2,24000.0,48000.0,0.0,False,NONE
TRX-20260901-000083-013,TRX-20260901-000083,13,SKU-1002,Minyak Goreng Bimoli 2L,5,37500.0,187500.0,0.0,False,NONE
TRX-20260901-000083-014,TRX-20260901-000083,14,SKU-4003,Pasta Gigi Pepsodent 190g,3,17000.0,51000.0,0.0,False,NONE
TRX-20260901-000083-015,TRX-20260901-000083,15,SKU-1010,Sedaap Mie Goreng 90g,3,3400.0,10200.0,0.0,False,NONE
TRX-20260901-000083-016,TRX-20260901-000083,16,SKU-2001,Telur Ayam Negeri 1kg,1,31000.0,31000.0,0.0,False,NONE
TRX-20260901-000083-017,TRX-20260901-000083,17,SKU-1006,Kecap Manis Bango 520ml,2,25500.0,51000.0,0.0,False,NONE
TRX-20260901-000083-018,TRX-20260901-000083,18,SKU-5001,Deterjen Rinso Anti Noda 770g,1,23000.0,23000.0,0.0,False,NONE
TRX-20260901-000084-001,TRX-20260901-000084,1,SKU-3004,Kopi Kapal Api Spesial Mix 10s,1,15500.0,15500.0,0.0,False,NONE
TRX-20260901-000085-001,TRX-20260901-000085,1,SKU-3006,Coca Cola 390ml,1,7500.0,7500.0,0.0,True,VOID_ITEM
TRX-20260901-000085-002,TRX-20260901-000085,2,SKU-3003,Teh Pucuk Harum 350ml,1,4500.0,4500.0,0.0,False,NONE
TRX-20260901-000086-001,TRX-20260901-000086,1,SKU-1009,Indomie Kuah Ayam Bawang 69g,3,3400.0,10200.0,0.0,False,NONE
TRX-20260901-000086-002,TRX-20260901-000086,2,SKU-2001,Telur Ayam Negeri 1kg,1,31000.0,31000.0,0.0,False,NONE
TRX-20260901-000086-003,TRX-20260901-000086,3,SKU-4001,Sabun Mandi Lifebuoy Total 10 450ml,2,27500.0,55000.0,0.0,False,NONE
TRX-20260901-000086-004,TRX-20260901-000086,4,SKU-4002,Shampoo Sunsilk Black Shine 160ml,2,26000.0,52000.0,0.0,False,NONE
TRX-20260901-000086-005,TRX-20260901-000086,5,SKU-1003,Gula Pasir Gulaku 1kg,2,17500.0,35000.0,0.0,False,NONE
TRX-20260901-000086-006,TRX-20260901-000086,6,SKU-5002,Pewangi Pakaian Molto All in 1 720ml,5,24000.0,120000.0,0.0,False,NONE
TRX-20260901-000086-007,TRX-20260901-000086,7,SKU-4007,Minyak Telon My Baby 90ml,2,28000.0,56000.0,0.0,True,VOID_ITEM
TRX-20260901-000086-008,TRX-20260901-000086,8,SKU-4002,Shampoo Sunsilk Black Shine 160ml,5,26000.0,130000.0,0.0,False,NONE
TRX-20260901-000086-009,TRX-20260901-000086,9,SKU-1010,Sedaap Mie Goreng 90g,5,3400.0,17000.0,0.0,False,NONE
TRX-20260901-000086-010,TRX-20260901-000086,10,SKU-4003,Pasta Gigi Pepsodent 190g,2,17000.0,34000.0,0.0,False,NONE
TRX-20260901-000086-011,TRX-20260901-000086,11,SKU-4004,Sikat Gigi Formula Double Action 3s,1,15500.0,15500.0,0.0,False,NONE
TRX-20260901-000086-012,TRX-20260901-000086,12,SKU-1012,Kornet Sapi Pronas 198g,3,26000.0,78000.0,0.0,False,NONE
TRX-20260901-000086-013,TRX-20260901-000086,13,SKU-1011,Sarden ABC Saus Tomat 155g,1,12000.0,12000.0,0.0,False,NONE
TRX-20260901-000086-014,TRX-20260901-000086,14,SKU-1007,Saus Sambal ABC 335ml,2,17500.0,35000.0,0.0,False,NONE
TRX-20260901-000087-001,TRX-20260901-000087,1,SKU-3006,Coca Cola 390ml,2,7500.0,15000.0,0.0,False,NONE
TRX-20260901-000087-002,TRX-20260901-000087,2,SKU-3009,Oreo Original Roll 133g,1,11000.0,11000.0,0.0,False,NONE
TRX-20260901-000087-003,TRX-20260901-000087,3,SKU-4004,Sikat Gigi Formula Double Action 3s,2,15500.0,31000.0,0.0,False,NONE
TRX-20260901-000087-004,TRX-20260901-000087,4,SKU-3003,Teh Pucuk Harum 350ml,2,4500.0,9000.0,0.0,False,NONE
TRX-20260901-000087-005,TRX-20260901-000087,5,SKU-3008,Taro Net Seaweed 65g,2,9800.0,19600.0,0.0,True,VOID_ITEM
TRX-20260901-000088-001,TRX-20260901-000088,1,SKU-1003,Gula Pasir Gulaku 1kg,1,17500.0,17500.0,0.0,False,NONE
TRX-20260901-000088-002,TRX-20260901-000088,2,SKU-3008,Taro Net Seaweed 65g,1,9800.0,9800.0,0.0,False,NONE
TRX-20260901-000088-003,TRX-20260901-000088,3,SKU-3010,SilverQueen Cokelat Mede 58g,1,17000.0,17000.0,0.0,False,NONE
TRX-20260901-000089-001,TRX-20260901-000089,1,SKU-1001,Beras Pandan Wangi 5kg,1,78500.0,78500.0,0.0,False,NONE
TRX-20260901-000089-002,TRX-20260901-000089,2,SKU-1012,Kornet Sapi Pronas 198g,2,26000.0,52000.0,0.0,False,NONE
TRX-20260901-000089-003,TRX-20260901-000089,3,SKU-5006,Baterai ABC Alkaline AA 4s,3,21000.0,63000.0,0.0,False,NONE
TRX-20260901-000089-004,TRX-20260901-000089,4,SKU-1004,Tepung Terigu Segitiga Biru 1kg,3,13500.0,40500.0,0.0,False,NONE
TRX-20260901-000089-005,TRX-20260901-000089,5,SKU-5001,Deterjen Rinso Anti Noda 770g,2,23000.0,46000.0,0.0,False,NONE
TRX-20260901-000089-006,TRX-20260901-000089,6,SKU-5002,Pewangi Pakaian Molto All in 1 720ml,2,24000.0,48000.0,0.0,False,NONE
TRX-20260901-000089-007,TRX-20260901-000089,7,SKU-1006,Kecap Manis Bango 520ml,1,25500.0,25500.0,0.0,False,NONE
TRX-20260901-000089-008,TRX-20260901-000089,8,SKU-4002,Shampoo Sunsilk Black Shine 160ml,1,26000.0,26000.0,0.0,False,NONE
TRX-20260901-000089-009,TRX-20260901-000089,9,SKU-1010,Sedaap Mie Goreng 90g,2,3400.0,6800.0,0.0,False,NONE
TRX-20260901-000089-010,TRX-20260901-000089,10,SKU-2001,Telur Ayam Negeri 1kg,1,31000.0,31000.0,0.0,False,NONE
TRX-20260901-000089-011,TRX-20260901-000089,11,SKU-5002,Pewangi Pakaian Molto All in 1 720ml,3,24000.0,72000.0,0.0,False,NONE
TRX-20260901-000089-012,TRX-20260901-000089,12,SKU-4007,Minyak Telon My Baby 90ml,5,28000.0,140000.0,0.0,False,NONE
TRX-20260901-000089-013,TRX-20260901-000089,13,SKU-1002,Minyak Goreng Bimoli 2L,1,37500.0,37500.0,0.0,False,NONE
TRX-20260901-000090-001,TRX-20260901-000090,1,SKU-1007,Saus Sambal ABC 335ml,1,17500.0,17500.0,0.0,False,NONE
TRX-20260901-000090-002,TRX-20260901-000090,2,SKU-1010,Sedaap Mie Goreng 90g,1,3400.0,3400.0,0.0,False,NONE
TRX-20260901-000090-003,TRX-20260901-000090,3,SKU-3010,SilverQueen Cokelat Mede 58g,1,17000.0,17000.0,0.0,False,NONE
TRX-20260901-000090-004,TRX-20260901-000090,4,SKU-3007,Chitato Sapi Panggang 68g,1,12500.0,12500.0,0.0,False,NONE
TRX-20260901-000090-005,TRX-20260901-000090,5,SKU-3010,SilverQueen Cokelat Mede 58g,1,17000.0,17000.0,0.0,False,NONE
TRX-20260901-000091-001,TRX-20260901-000091,1,SKU-5003,Sabun Cuci Piring Sunlight 650ml,1,15500.0,15500.0,0.0,False,NONE
TRX-20260901-000091-002,TRX-20260901-000091,2,SKU-4001,Sabun Mandi Lifebuoy Total 10 450ml,1,27500.0,27500.0,0.0,False,NONE
TRX-20260901-000091-003,TRX-20260901-000091,3,SKU-5006,Baterai ABC Alkaline AA 4s,1,21000.0,21000.0,0.0,False,NONE
TRX-20260901-000091-004,TRX-20260901-000091,4,SKU-1003,Gula Pasir Gulaku 1kg,1,17500.0,17500.0,0.0,False,NONE
TRX-20260901-000091-005,TRX-20260901-000091,5,SKU-5004,Pembersih Lantai Super Pell 770ml,1,14500.0,14500.0,0.0,False,NONE
TRX-20260901-000091-006,TRX-20260901-000091,6,SKU-1008,Indomie Goreng Spesial 85g,3,3500.0,10500.0,0.0,False,NONE
TRX-20260901-000091-007,TRX-20260901-000091,7,SKU-5005,Baygon Obat Nyamuk Semprot 600ml,1,42000.0,42000.0,0.0,False,NONE
TRX-20260901-000091-008,TRX-20260901-000091,8,SKU-5002,Pewangi Pakaian Molto All in 1 720ml,1,24000.0,24000.0,0.0,False,NONE
TRX-20260901-000091-009,TRX-20260901-000091,9,SKU-1007,Saus Sambal ABC 335ml,2,17500.0,35000.0,0.0,False,NONE
TRX-20260901-000091-010,TRX-20260901-000091,10,SKU-1005,Garam Dapur Cap Kapal 250g,3,5000.0,15000.0,0.0,False,NONE
TRX-20260901-000091-011,TRX-20260901-000091,11,SKU-1012,Kornet Sapi Pronas 198g,1,26000.0,26000.0,0.0,False,NONE
TRX-20260901-000091-012,TRX-20260901-000091,12,SKU-1010,Sedaap Mie Goreng 90g,1,3400.0,3400.0,0.0,False,NONE
TRX-20260901-000091-013,TRX-20260901-000091,13,SKU-2001,Telur Ayam Negeri 1kg,1,31000.0,31000.0,0.0,False,NONE
TRX-20260901-000091-014,TRX-20260901-000091,14,SKU-1001,Beras Pandan Wangi 5kg,2,78500.0,157000.0,0.0,False,NONE
TRX-20260901-000091-015,TRX-20260901-000091,15,SKU-1002,Minyak Goreng Bimoli 2L,1,37500.0,37500.0,0.0,False,NONE
TRX-20260901-000092-001,TRX-20260901-000092,1,SKU-2008,Sari Roti Sobek Cokelat,1,19500.0,19500.0,0.0,False,NONE
TRX-20260901-000093-001,TRX-20260901-000093,1,SKU-2004,Yakult Pack isi 5,2,11500.0,23000.0,0.0,False,NONE
TRX-20260901-000093-002,TRX-20260901-000093,2,SKU-1010,Sedaap Mie Goreng 90g,2,3400.0,6800.0,0.0,False,NONE
TRX-20260901-000093-003,TRX-20260901-000093,3,SKU-3002,Air Mineral Le Minerale 600ml,2,3800.0,7600.0,0.0,False,NONE
TRX-20260901-000093-004,TRX-20260901-000093,4,SKU-5004,Pembersih Lantai Super Pell 770ml,2,14500.0,29000.0,0.0,False,NONE
TRX-20260901-000093-005,TRX-20260901-000093,5,SKU-1004,Tepung Terigu Segitiga Biru 1kg,1,13500.0,13500.0,0.0,False,NONE
TRX-20260901-000094-001,TRX-20260901-000094,1,SKU-2003,Susu Ultra Milk Cokelat 1L,1,21500.0,21500.0,0.0,False,NONE
TRX-20260901-000094-002,TRX-20260901-000094,2,SKU-3003,Teh Pucuk Harum 350ml,1,4500.0,4500.0,0.0,False,NONE
TRX-20260901-000095-001,TRX-20260901-000095,1,SKU-5006,Baterai ABC Alkaline AA 4s,1,21000.0,21000.0,0.0,False,NONE
TRX-20260901-000095-002,TRX-20260901-000095,2,SKU-2002,Susu Ultra Milk Full Cream 1L,1,21500.0,21500.0,0.0,False,TYPO_SKU
TRX-20260901-000095-003,TRX-20260901-000095,3,SKU-4007,Minyak Telon My Baby 90ml,1,28000.0,28000.0,0.0,False,NONE
TRX-20260901-000095-004,TRX-20260901-000095,4,SKU-3002,Air Mineral Le Minerale 600ml,1,3800.0,3800.0,0.0,False,NONE
TRX-20260901-000095-005,TRX-20260901-000095,5,SKU-5005,Baygon Obat Nyamuk Semprot 600ml,1,42000.0,42000.0,0.0,False,NONE
TRX-20260901-000095-006,TRX-20260901-000095,6,SKU-3005,Good Day Moccacino 250ml,1,8000.0,8000.0,0.0,False,NONE
TRX-20260901-000096-001,TRX-20260901-000096,1,SKU-5006,Baterai ABC Alkaline AA 4s,2,21000.0,42000.0,0.0,False,NONE
TRX-20260901-000096-002,TRX-20260901-000096,2,SKU-1003,Gula Pasir Gulaku 1kg,3,17500.0,52500.0,0.0,False,NONE
TRX-20260901-000096-003,TRX-20260901-000096,3,SKU-2002,Susu Ultra Milk Full Cream 1L,1,21500.0,21500.0,0.0,False,TYPO_SKU
TRX-20260901-000096-004,TRX-20260901-000096,4,SKU-1006,Kecap Manis Bango 520ml,1,25500.0,25500.0,0.0,False,NONE
TRX-20260901-000096-005,TRX-20260901-000096,5,SKU-1004,Tepung Terigu Segitiga Biru 1kg,2,13500.0,27000.0,0.0,False,NONE
TRX-20260901-000096-006,TRX-20260901-000096,6,SKU-4007,Minyak Telon My Baby 90ml,1,28000.0,28000.0,0.0,False,NONE
TRX-20260901-000096-007,TRX-20260901-000096,7,SKU-4004,Sikat Gigi Formula Double Action 3s,2,15500.0,31000.0,0.0,False,NONE
TRX-20260901-000096-008,TRX-20260901-000096,8,SKU-5003,Sabun Cuci Piring Sunlight 650ml,1,15500.0,15500.0,0.0,False,NONE
TRX-20260901-000096-009,TRX-20260901-000096,9,SKU-5004,Pembersih Lantai Super Pell 770ml,2,14500.0,29000.0,0.0,False,NONE
TRX-20260901-000096-010,TRX-20260901-000096,10,SKU-5001,Deterjen Rinso Anti Noda 770g,2,23000.0,46000.0,0.0,False,NONE
TRX-20260901-000096-011,TRX-20260901-000096,11,SKU-5002,Pewangi Pakaian Molto All in 1 720ml,1,24000.0,24000.0,0.0,False,NONE
TRX-20260901-000096-012,TRX-20260901-000096,12,SKU-1007,Saus Sambal ABC 335ml,5,17500.0,87500.0,0.0,False,NONE
TRX-20260901-000097-001,TRX-20260901-000097,1,SKU-2001,Telur Ayam Negeri 1kg,1,31000.0,31000.0,0.0,False,NONE
TRX-20260901-000097-002,TRX-20260901-000097,2,SKU-3002,Air Mineral Le Minerale 600ml,1,3800.0,3800.0,0.0,False,NONE
TRX-20260901-000098-001,TRX-20260901-000098,1,SKU-1011,Sarden ABC Saus Tomat 155g,1,12000.0,12000.0,0.0,False,NONE
TRX-20260901-000098-002,TRX-20260901-000098,2,SKU-1009,Indomie Kuah Ayam Bawang 69g,1,3400.0,3400.0,0.0,False,NONE
TRX-20260901-000098-003,TRX-20260901-000098,3,SKU-3013,UNKNOWN PRODUCT,1,4500.0,4500.0,0.0,False,TYPO_SKU
TRX-20260901-000098-004,TRX-20260901-000098,4,SKU-3009,Oreo Original Roll 133g,1,11000.0,11000.0,0.0,False,NONE
TRX-20260901-000099-001,TRX-20260901-000099,1,SKU-4004,Sikat Gigi Formula Double Action 3s,1,15500.0,15500.0,0.0,False,NONE
TRX-20260901-000099-002,TRX-20260901-000099,2,SKU-5003,Sabun Cuci Piring Sunlight 650ml,2,15500.0,31000.0,0.0,False,NONE
TRX-20260901-000099-003,TRX-20260901-000099,3,SKU-5004,Pembersih Lantai Super Pell 770ml,1,14500.0,14500.0,0.0,False,NONE
TRX-20260901-000099-004,TRX-20260901-000099,4,SKU-1005,Garam Dapur Cap Kapal 250g,5,5000.0,25000.0,0.0,True,VOID_ITEM
TRX-20260901-000099-005,TRX-20260901-000099,5,SKU-4001,Sabun Mandi Lifebuoy Total 10 450ml,2,27500.0,55000.0,0.0,False,NONE
TRX-20260901-000099-006,TRX-20260901-000099,6,SKU-4002,Shampoo Sunsilk Black Shine 160ml,1,26000.0,26000.0,0.0,False,NONE
TRX-20260901-000099-007,TRX-20260901-000099,7,SKU-5004,Pembersih Lantai Super Pell 770ml,1,14500.0,14500.0,0.0,False,NONE
TRX-20260901-000099-008,TRX-20260901-000099,8,SKU-1011,Sarden ABC Saus Tomat 155g,1,12000.0,12000.0,0.0,False,NONE
TRX-20260901-000099-009,TRX-20260901-000099,9,SKU-1001,Beras Pandan Wangi 5kg,1,78500.0,78500.0,0.0,False,NONE
TRX-20260901-000099-010,TRX-20260901-000099,10,SKU-1008,Indomie Goreng Spesial 85g,1,3500.0,3500.0,0.0,False,NONE
TRX-20260901-000099-011,TRX-20260901-000099,11,SKU-1007,Saus Sambal ABC 335ml,2,17500.0,35000.0,0.0,False,NONE
TRX-20260901-000099-012,TRX-20260901-000099,12,SKU-4002,Shampoo Sunsilk Black Shine 160ml,2,26000.0,52000.0,0.0,False,NONE
TRX-20260901-000099-013,TRX-20260901-000099,13,SKU-5006,Baterai ABC Alkaline AA 4s,1,21000.0,21000.0,0.0,False,NONE
TRX-20260901-000099-014,TRX-20260901-000099,14,SKU-5001,Deterjen Rinso Anti Noda 770g,1,23000.0,23000.0,0.0,False,NONE
TRX-20260901-000099-015,TRX-20260901-000099,15,SKU-5002,Pewangi Pakaian Molto All in 1 720ml,2,24000.0,48000.0,0.0,False,NONE
TRX-20260901-000099-016,TRX-20260901-000099,16,SKU-1006,Kecap Manis Bango 520ml,1,25500.0,25500.0,0.0,False,NONE
TRX-20260901-000099-017,TRX-20260901-000099,17,SKU-1009,Indomie Kuah Ayam Bawang 69g,2,3400.0,6800.0,0.0,False,NONE
TRX-20260901-000099-018,TRX-20260901-000099,18,SKU-3001,Air Mineral Aqua 600ml,2,4000.0,8000.0,0.0,False,NONE
TRX-20260901-000099-019,TRX-20260901-000099,19,SKU-4006,Paseo Facial Tissue 250 Sheets,1,16500.0,16500.0,0.0,False,NONE
TRX-20260901-000099-020,TRX-20260901-000099,20,SKU-1022,UNKNOWN PRODUCT,1,37500.0,37500.0,0.0,False,TYPO_SKU
TRX-20260901-000099-021,TRX-20260901-000099,21,SKU-1004,Tepung Terigu Segitiga Biru 1kg,1,13500.0,13500.0,0.0,False,NONE
TRX-20260901-000099-022,TRX-20260901-000099,22,SKU-1012,Kornet Sapi Pronas 198g,2,26000.0,52000.0,0.0,False,NONE
TRX-20260901-000099-023,TRX-20260901-000099,23,SKU-5005,Baygon Obat Nyamuk Semprot 600ml,1,42000.0,42000.0,0.0,False,NONE
TRX-20260901-000100-001,TRX-20260901-000100,1,SKU-1011,Sarden ABC Saus Tomat 155g,1,12000.0,12000.0,0.0,False,NONE
TRX-20260901-000100-002,TRX-20260901-000100,2,SKU-4006,Paseo Facial Tissue 250 Sheets,1,16500.0,16500.0,0.0,False,NONE
TRX-20260901-000100-003,TRX-20260901-000100,3,SKU-2008,Sari Roti Sobek Cokelat,1,19500.0,19500.0,0.0,False,NONE
TRX-20260901-000100-004,TRX-20260901-000100,4,SKU-3010,SilverQueen Cokelat Mede 58g,2,17000.0,34000.0,0.0,False,NONE
TRX-20260901-000100-005,TRX-20260901-000100,5,SKU-3009,Oreo Original Roll 133g,2,11000.0,22000.0,0.0,False,NONE
TRX-20260901-000100-006,TRX-20260901-000100,6,SKU-3004,Kopi Kapal Api Spesial Mix 10s,1,15500.0,15500.0,0.0,False,NONE
TRX-20260901-000101-001,TRX-20260901-000101,1,SKU-3008,Taro Net Seaweed 65g,2,9800.0,19600.0,0.0,False,NONE
TRX-20260901-000101-002,TRX-20260901-000101,2,SKU-3002,Air Mineral Le Minerale 600ml,1,3800.0,3800.0,0.0,False,NONE
TRX-20260901-000101-003,TRX-20260901-000101,3,SKU-1009,Indomie Kuah Ayam Bawang 69g,1,3400.0,3400.0,0.0,False,NONE
TRX-20260901-000101-004,TRX-20260901-000101,4,SKU-1010,Sedaap Mie Goreng 90g,2,3400.0,6800.0,0.0,False,NONE
TRX-20260901-000102-001,TRX-20260901-000102,1,SKU-3004,Kopi Kapal Api Spesial Mix 10s,1,15500.0,15500.0,0.0,False,NONE
TRX-20260901-000102-002,TRX-20260901-000102,2,SKU-3007,Chitato Sapi Panggang 68g,1,12500.0,12500.0,0.0,False,NONE
TRX-20260901-000103-001,TRX-20260901-000103,1,SKU-3002,Air Mineral Le Minerale 600ml,1,3800.0,3800.0,0.0,False,NONE
TRX-20260901-000104-001,TRX-20260901-000104,1,SKU-2004,Yakult Pack isi 5,1,11500.0,11500.0,0.0,False,NONE
TRX-20260901-000104-002,TRX-20260901-000104,2,SKU-3007,Chitato Sapi Panggang 68g,1,12500.0,12500.0,0.0,False,NONE
TRX-20260901-000105-001,TRX-20260901-000105,1,SKU-2003,Susu Ultra Milk Cokelat 1L,1,21500.0,21500.0,0.0,True,VOID_ITEM
TRX-20260901-000105-002,TRX-20260901-000105,2,SKU-3010,SilverQueen Cokelat Mede 58g,1,17000.0,17000.0,0.0,False,NONE
TRX-20260901-000106-001,TRX-20260901-000106,1,SKU-1009,Indomie Kuah Ayam Bawang 69g,3,3400.0,10200.0,0.0,False,NONE
TRX-20260901-000106-002,TRX-20260901-000106,2,SKU-2001,Telur Ayam Negeri 1kg,1,31000.0,31000.0,0.0,False,NONE
TRX-20260901-000106-003,TRX-20260901-000106,3,SKU-5001,Deterjen Rinso Anti Noda 770g,2,23000.0,46000.0,0.0,False,NONE
TRX-20260901-000106-004,TRX-20260901-000106,4,SKU-5002,Pewangi Pakaian Molto All in 1 720ml,1,24000.0,24000.0,0.0,False,NONE
TRX-20260901-000106-005,TRX-20260901-000106,5,SKU-1012,Kornet Sapi Pronas 198g,2,26000.0,52000.0,0.0,False,NONE
TRX-20260901-000106-006,TRX-20260901-000106,6,SKU-1011,Sarden ABC Saus Tomat 155g,5,12000.0,60000.0,0.0,True,VOID_ITEM
TRX-20260901-000106-007,TRX-20260901-000106,7,SKU-5002,Pewangi Pakaian Molto All in 1 720ml,3,24000.0,72000.0,0.0,False,NONE
TRX-20260901-000106-008,TRX-20260901-000106,8,SKU-5005,Baygon Obat Nyamuk Semprot 600ml,1,42000.0,42000.0,0.0,False,NONE
TRX-20260901-000106-009,TRX-20260901-000106,9,SKU-4005,Rexona Deodorant Roll On 45ml,1,20500.0,20500.0,0.0,True,VOID_ITEM
TRX-20260901-000106-010,TRX-20260901-000106,10,SKU-5003,Sabun Cuci Piring Sunlight 650ml,1,15500.0,15500.0,0.0,False,NONE
TRX-20260901-000106-011,TRX-20260901-000106,11,SKU-4006,Paseo Facial Tissue 250 Sheets,1,16500.0,16500.0,0.0,False,NONE
TRX-20260901-000106-012,TRX-20260901-000106,12,SKU-1001,Beras Pandan Wangi 5kg,1,78500.0,78500.0,0.0,False,NONE
TRX-20260901-000106-013,TRX-20260901-000106,13,SKU-1002,Minyak Goreng Bimoli 2L,1,37500.0,37500.0,0.0,False,NONE
TRX-20260901-000106-014,TRX-20260901-000106,14,SKU-1003,Gula Pasir Gulaku 1kg,5,17500.0,87500.0,0.0,False,NONE
TRX-20260901-000106-015,TRX-20260901-000106,15,SKU-1006,Kecap Manis Bango 520ml,5,25500.0,127500.0,0.0,True,VOID_ITEM
TRX-20260901-000106-016,TRX-20260901-000106,16,SKU-5005,Baygon Obat Nyamuk Semprot 600ml,2,42000.0,84000.0,0.0,False,TYPO_SKU
TRX-20260901-000106-017,TRX-20260901-000106,17,SKU-1005,Garam Dapur Cap Kapal 250g,2,5000.0,10000.0,0.0,False,NONE
TRX-20260901-000106-018,TRX-20260901-000106,18,SKU-5004,Pembersih Lantai Super Pell 770ml,3,14500.0,43500.0,0.0,False,NONE
TRX-20260901-000106-019,TRX-20260901-000106,19,SKU-4001,Sabun Mandi Lifebuoy Total 10 450ml,2,27500.0,55000.0,0.0,False,NONE
TRX-20260901-000106-020,TRX-20260901-000106,20,SKU-4002,Shampoo Sunsilk Black Shine 160ml,2,26000.0,52000.0,0.0,False,NONE
TRX-20260901-000106-021,TRX-20260901-000106,21,SKU-1004,Tepung Terigu Segitiga Biru 1kg,1,13500.0,13500.0,0.0,False,NONE
TRX-20260901-000106-022,TRX-20260901-000106,22,SKU-4002,Shampoo Sunsilk Black Shine 160ml,3,26000.0,78000.0,0.0,False,NONE
TRX-20260901-000107-001,TRX-20260901-000107,1,SKU-3002,Air Mineral Le Minerale 600ml,1,3800.0,3800.0,0.0,False,NONE
TRX-20260901-000107-002,TRX-20260901-000107,2,SKU-3008,Taro Net Seaweed 65g,1,9800.0,9800.0,0.0,False,NONE
TRX-20260901-000108-001,TRX-20260901-000108,1,SKU-4004,Sikat Gigi Formula Double Action 3s,2,15500.0,31000.0,0.0,False,NONE
TRX-20260901-000108-002,TRX-20260901-000108,2,SKU-2004,Yakult Pack isi 5,1,11500.0,11500.0,0.0,False,NONE
TRX-20260901-000108-003,TRX-20260901-000108,3,SKU-1008,Indomie Goreng Spesial 85g,1,3500.0,3500.0,0.0,False,NONE
TRX-20260901-000108-004,TRX-20260901-000108,4,SKU-1011,Sarden ABC Saus Tomat 155g,1,12000.0,12000.0,0.0,False,NONE
TRX-20260901-000108-005,TRX-20260901-000108,5,SKU-2006,Mentega Blue Band 200g,2,12500.0,25000.0,0.0,False,NONE
TRX-20260901-000108-006,TRX-20260901-000108,6,SKU-1010,Sedaap Mie Goreng 90g,2,3400.0,6800.0,0.0,False,NONE
TRX-20260901-000109-001,TRX-20260901-000109,1,SKU-2006,Mentega Blue Band 200g,2,12500.0,25000.0,0.0,True,VOID_ITEM
TRX-20260901-000109-002,TRX-20260901-000109,2,SKU-1010,Sedaap Mie Goreng 90g,2,3400.0,6800.0,0.0,False,NONE
TRX-20260901-000109-003,TRX-20260901-000109,3,SKU-3006,Coca Cola 390ml,1,7500.0,7500.0,0.0,False,NONE
TRX-20260901-000109-004,TRX-20260901-000109,4,SKU-3205,UNKNOWN PRODUCT,2,8000.0,16000.0,0.0,False,TYPO_SKU
TRX-20260901-000109-005,TRX-20260901-000109,5,SKU-1008,Indomie Goreng Spesial 85g,2,3500.0,7000.0,0.0,False,NONE
TRX-20260901-000109-006,TRX-20260901-000109,6,SKU-3007,Chitato Sapi Panggang 68g,2,12500.0,25000.0,0.0,False,NONE
TRX-20260901-000109-007,TRX-20260901-000109,7,SKU-3003,Teh Pucuk Harum 350ml,1,4500.0,4500.0,0.0,False,NONE
TRX-20260901-000109-008,TRX-20260901-000109,8,SKU-5004,Pembersih Lantai Super Pell 770ml,1,14500.0,14500.0,0.0,False,NONE
TRX-20260901-000109-009,TRX-20260901-000109,9,SKU-3008,Taro Net Seaweed 65g,2,9800.0,19600.0,0.0,False,NONE
TRX-20260901-000110-001,TRX-20260901-000110,1,SKU-2006,Mentega Blue Band 200g,1,12500.0,12500.0,0.0,False,NONE
TRX-20260901-000110-002,TRX-20260901-000110,2,SKU-3008,Taro Net Seaweed 65g,1,9800.0,9800.0,0.0,False,NONE
TRX-20260901-000111-001,TRX-20260901-000111,1,SKU-2003,Susu Ultra Milk Cokelat 1L,1,21500.0,21500.0,0.0,False,NONE
TRX-20260901-000111-002,TRX-20260901-000111,2,SKU-2008,Sari Roti Sobek Cokelat,1,19500.0,19500.0,0.0,False,NONE
TRX-20260901-000111-003,TRX-20260901-000111,3,SKU-2007,Sari Roti Tawar Spesial,1,16500.0,16500.0,0.0,False,NONE
TRX-20260901-000112-001,TRX-20260901-000112,1,SKU-5004,Pembersih Lantai Super Pell 770ml,1,14500.0,14500.0,0.0,False,NONE
TRX-20260901-000112-002,TRX-20260901-000112,2,SKU-5006,Baterai ABC Alkaline AA 4s,1,21000.0,21000.0,0.0,False,NONE
TRX-20260901-000112-003,TRX-20260901-000112,3,SKU-1008,Indomie Goreng Spesial 85g,1,3500.0,3500.0,0.0,False,NONE
TRX-20260901-000112-004,TRX-20260901-000112,4,SKU-1007,Saus Sambal ABC 335ml,2,17500.0,35000.0,0.0,False,NONE
TRX-20260901-000112-005,TRX-20260901-000112,5,SKU-1009,Indomie Kuah Ayam Bawang 69g,2,3400.0,6800.0,0.0,False,NONE
TRX-20260901-000112-006,TRX-20260901-000112,6,SKU-3001,Air Mineral Aqua 600ml,1,4000.0,4000.0,0.0,False,NONE
TRX-20260901-000112-007,TRX-20260901-000112,7,SKU-4003,Pasta Gigi Pepsodent 190g,2,17000.0,34000.0,0.0,False,NONE
TRX-20260901-000112-008,TRX-20260901-000112,8,SKU-1001,Beras Pandan Wangi 5kg,3,78500.0,235500.0,0.0,False,NONE
TRX-20260901-000112-009,TRX-20260901-000112,9,SKU-1005,Garam Dapur Cap Kapal 250g,1,5000.0,5000.0,0.0,False,NONE
TRX-20260901-000112-010,TRX-20260901-000112,10,SKU-1011,Sarden ABC Saus Tomat 155g,2,12000.0,24000.0,0.0,False,NONE
TRX-20260901-000112-011,TRX-20260901-000112,11,SKU-1004,Tepung Terigu Segitiga Biru 1kg,1,13500.0,13500.0,0.0,False,NONE
TRX-20260901-000112-012,TRX-20260901-000112,12,SKU-5003,Sabun Cuci Piring Sunlight 650ml,5,15500.0,77500.0,0.0,False,NONE
TRX-20260901-000112-013,TRX-20260901-000112,13,SKU-1007,Saus Sambal ABC 335ml,3,17500.0,52500.0,0.0,False,NONE
TRX-20260901-000112-014,TRX-20260901-000112,14,SKU-5005,Baygon Obat Nyamuk Semprot 600ml,2,42000.0,84000.0,0.0,False,NONE
TRX-20260901-000112-015,TRX-20260901-000112,15,SKU-4002,Shampoo Sunsilk Black Shine 160ml,2,26000.0,52000.0,0.0,False,NONE
TRX-20260901-000112-016,TRX-20260901-000112,16,SKU-1010,Sedaap Mie Goreng 90g,2,3400.0,6800.0,0.0,False,NONE
TRX-20260902-000113-001,TRX-20260902-000113,1,SKU-4007,Minyak Telon My Baby 90ml,2,28000.0,56000.0,0.0,False,NONE
TRX-20260902-000113-002,TRX-20260902-000113,2,SKU-1014,UNKNOWN PRODUCT,3,26000.0,78000.0,0.0,False,TYPO_SKU
TRX-20260902-000113-003,TRX-20260902-000113,3,SKU-1004,Tepung Terigu Segitiga Biru 1kg,1,13500.0,13500.0,0.0,False,NONE
TRX-20260902-000113-004,TRX-20260902-000113,4,SKU-4001,Sabun Mandi Lifebuoy Total 10 450ml,1,27500.0,27500.0,0.0,False,NONE
TRX-20260902-000113-005,TRX-20260902-000113,5,SKU-4003,Pasta Gigi Pepsodent 190g,2,17000.0,34000.0,0.0,False,NONE
TRX-20260902-000113-006,TRX-20260902-000113,6,SKU-1010,Sedaap Mie Goreng 90g,5,3400.0,17000.0,0.0,False,NONE
TRX-20260902-000113-007,TRX-20260902-000113,7,SKU-5005,Baygon Obat Nyamuk Semprot 600ml,1,42000.0,42000.0,0.0,False,NONE
TRX-20260902-000113-008,TRX-20260902-000113,8,SKU-1008,Indomie Goreng Spesial 85g,1,3500.0,3500.0,0.0,False,NONE
TRX-20260902-000113-009,TRX-20260902-000113,9,SKU-1007,Saus Sambal ABC 335ml,2,17500.0,35000.0,0.0,False,NONE
TRX-20260902-000113-010,TRX-20260902-000113,10,SKU-4002,Shampoo Sunsilk Black Shine 160ml,1,26000.0,26000.0,0.0,False,NONE
TRX-20260902-000114-001,TRX-20260902-000114,1,SKU-2002,Susu Ultra Milk Full Cream 1L,1,21500.0,21500.0,0.0,False,NONE
TRX-20260902-000114-002,TRX-20260902-000114,2,SKU-3007,Chitato Sapi Panggang 68g,1,12500.0,12500.0,0.0,False,NONE
TRX-20260902-000114-003,TRX-20260902-000114,3,SKU-3004,Kopi Kapal Api Spesial Mix 10s,1,15500.0,15500.0,0.0,False,NONE
TRX-20260902-000114-004,TRX-20260902-000114,4,SKU-2006,Mentega Blue Band 200g,1,12500.0,12500.0,0.0,False,NONE
TRX-20260902-000114-005,TRX-20260902-000114,5,SKU-3010,SilverQueen Cokelat Mede 58g,1,17000.0,17000.0,0.0,False,NONE
TRX-20260902-000114-006,TRX-20260902-000114,6,SKU-3005,Good Day Moccacino 250ml,1,8000.0,8000.0,0.0,False,NONE
TRX-20260902-000114-007,TRX-20260902-000114,7,SKU-3003,Teh Pucuk Harum 350ml,1,4500.0,4500.0,0.0,False,NONE
TRX-20260902-000115-001,TRX-20260902-000115,1,SKU-3004,Kopi Kapal Api Spesial Mix 10s,2,15500.0,31000.0,0.0,False,NONE
TRX-20260902-000115-002,TRX-20260902-000115,2,SKU-3008,Taro Net Seaweed 65g,1,9800.0,9800.0,0.0,False,NONE
TRX-20260902-000115-003,TRX-20260902-000115,3,SKU-1010,Sedaap Mie Goreng 90g,2,3400.0,6800.0,0.0,False,NONE
TRX-20260902-000115-004,TRX-20260902-000115,4,SKU-1011,Sarden ABC Saus Tomat 155g,1,12000.0,12000.0,0.0,False,NONE
TRX-20260902-000115-005,TRX-20260902-000115,5,SKU-3002,Air Mineral Le Minerale 600ml,1,3800.0,3800.0,0.0,False,NONE
TRX-20260902-000115-006,TRX-20260902-000115,6,SKU-4004,Sikat Gigi Formula Double Action 3s,1,15500.0,15500.0,0.0,False,NONE
TRX-20260902-000115-007,TRX-20260902-000115,7,SKU-3006,Coca Cola 390ml,1,7500.0,7500.0,0.0,False,NONE
TRX-20260902-000115-008,TRX-20260902-000115,8,SKU-1009,Indomie Kuah Ayam Bawang 69g,1,3400.0,3400.0,0.0,False,NONE
TRX-20260902-000116-001,TRX-20260902-000116,1,SKU-1008,Indomie Goreng Spesial 85g,2,3500.0,7000.0,0.0,True,VOID_ITEM
TRX-20260902-000116-002,TRX-20260902-000116,2,SKU-1005,Garam Dapur Cap Kapal 250g,2,5000.0,10000.0,0.0,False,NONE
TRX-20260902-000116-003,TRX-20260902-000116,3,SKU-3004,Kopi Kapal Api Spesial Mix 10s,2,15500.0,31000.0,0.0,False,NONE
TRX-20260902-000116-004,TRX-20260902-000116,4,SKU-4004,Sikat Gigi Formula Double Action 3s,2,15500.0,31000.0,0.0,False,NONE
TRX-20260902-000117-001,TRX-20260902-000117,1,SKU-3008,Taro Net Seaweed 65g,1,9800.0,9800.0,0.0,False,NONE
TRX-20260902-000117-002,TRX-20260902-000117,2,SKU-3007,Chitato Sapi Panggang 68g,1,12500.0,12500.0,0.0,False,NONE
TRX-20260902-000117-003,TRX-20260902-000117,3,SKU-1004,Tepung Terigu Segitiga Biru 1kg,1,13500.0,13500.0,0.0,False,NONE
TRX-20260902-000117-004,TRX-20260902-000117,4,SKU-3001,Air Mineral Aqua 600ml,2,4000.0,8000.0,0.0,False,NONE
TRX-20260902-000117-005,TRX-20260902-000117,5,SKU-3009,Oreo Original Roll 133g,2,11000.0,22000.0,0.0,False,NONE
TRX-20260902-000118-001,TRX-20260902-000118,1,SKU-2008,Sari Roti Sobek Cokelat,1,19500.0,19500.0,0.0,False,NONE
TRX-20260902-000119-001,TRX-20260902-000119,1,SKU-1029,UNKNOWN PRODUCT,2,3400.0,6800.0,0.0,False,TYPO_SKU
TRX-20260902-000119-002,TRX-20260902-000119,2,SKU-1007,Saus Sambal ABC 335ml,2,17500.0,35000.0,0.0,False,NONE
TRX-20260902-000119-003,TRX-20260902-000119,3,SKU-5203,UNKNOWN PRODUCT,3,15500.0,46500.0,0.0,False,TYPO_SKU
TRX-20260902-000119-004,TRX-20260902-000119,4,SKU-5004,Pembersih Lantai Super Pell 770ml,1,14500.0,14500.0,0.0,False,NONE
TRX-20260902-000119-005,TRX-20260902-000119,5,SKU-5001,Deterjen Rinso Anti Noda 770g,1,23000.0,23000.0,0.0,False,NONE
TRX-20260902-000119-006,TRX-20260902-000119,6,SKU-1003,Gula Pasir Gulaku 1kg,1,17500.0,17500.0,0.0,False,NONE
TRX-20260902-000119-007,TRX-20260902-000119,7,SKU-4003,Pasta Gigi Pepsodent 190g,2,17000.0,34000.0,0.0,False,NONE
TRX-20260902-000119-008,TRX-20260902-000119,8,SKU-1001,Beras Pandan Wangi 5kg,1,78500.0,78500.0,0.0,False,NONE
TRX-20260902-000119-009,TRX-20260902-000119,9,SKU-1005,Garam Dapur Cap Kapal 250g,2,5000.0,10000.0,0.0,False,NONE
TRX-20260902-000119-010,TRX-20260902-000119,10,SKU-4092,UNKNOWN PRODUCT,1,26000.0,26000.0,0.0,False,TYPO_SKU
TRX-20260902-000119-011,TRX-20260902-000119,11,SKU-5004,Pembersih Lantai Super Pell 770ml,3,14500.0,43500.0,0.0,False,NONE
TRX-20260902-000119-012,TRX-20260902-000119,12,SKU-1011,Sarden ABC Saus Tomat 155g,1,12000.0,12000.0,0.0,False,NONE
TRX-20260902-000119-013,TRX-20260902-000119,13,SKU-4204,UNKNOWN PRODUCT,2,15500.0,31000.0,0.0,False,TYPO_SKU
TRX-20260902-000119-014,TRX-20260902-000119,14,SKU-1007,Saus Sambal ABC 335ml,2,17500.0,35000.0,0.0,False,NONE
TRX-20260902-000120-001,TRX-20260902-000120,1,SKU-2002,Susu Ultra Milk Full Cream 1L,1,21500.0,21500.0,0.0,False,NONE
TRX-20260902-000120-002,TRX-20260902-000120,2,SKU-4006,Paseo Facial Tissue 250 Sheets,1,16500.0,16500.0,0.0,False,NONE
TRX-20260902-000120-003,TRX-20260902-000120,3,SKU-3010,SilverQueen Cokelat Mede 58g,2,17000.0,34000.0,0.0,False,NONE
TRX-20260902-000120-004,TRX-20260902-000120,4,SKU-3011,UNKNOWN PRODUCT,1,4000.0,4000.0,0.0,False,TYPO_SKU
TRX-20260902-000120-005,TRX-20260902-000120,5,SKU-3006,Coca Cola 390ml,1,7500.0,7500.0,0.0,False,NONE
TRX-20260902-000121-001,TRX-20260902-000121,1,SKU-3006,Coca Cola 390ml,1,7500.0,7500.0,0.0,False,NONE
TRX-20260902-000121-002,TRX-20260902-000121,2,SKU-3004,Kopi Kapal Api Spesial Mix 10s,1,15500.0,15500.0,0.0,False,NONE
TRX-20260902-000122-001,TRX-20260902-000122,1,SKU-3007,Chitato Sapi Panggang 68g,2,12500.0,25000.0,0.0,False,NONE
TRX-20260902-000122-002,TRX-20260902-000122,2,SKU-3003,Teh Pucuk Harum 350ml,2,4500.0,9000.0,0.0,False,NONE
TRX-20260902-000122-003,TRX-20260902-000122,3,SKU-1011,Sarden ABC Saus Tomat 155g,2,12000.0,24000.0,0.0,False,NONE
TRX-20260902-000122-004,TRX-20260902-000122,4,SKU-5003,Sabun Cuci Piring Sunlight 650ml,1,15500.0,15500.0,0.0,False,NONE
TRX-20260902-000122-005,TRX-20260902-000122,5,SKU-1009,Indomie Kuah Ayam Bawang 69g,2,3400.0,6800.0,0.0,False,NONE
TRX-20260902-000122-006,TRX-20260902-000122,6,SKU-4004,Sikat Gigi Formula Double Action 3s,2,15500.0,31000.0,0.0,False,NONE
TRX-20260902-000123-001,TRX-20260902-000123,1,SKU-1008,Indomie Goreng Spesial 85g,5,3500.0,17500.0,0.0,False,NONE
TRX-20260902-000123-002,TRX-20260902-000123,2,SKU-5002,Pewangi Pakaian Molto All in 1 720ml,3,24000.0,72000.0,0.0,False,NONE
TRX-20260902-000123-003,TRX-20260902-000123,3,SKU-1010,Sedaap Mie Goreng 90g,2,3400.0,6800.0,0.0,False,NONE
TRX-20260902-000123-004,TRX-20260902-000123,4,SKU-1007,Saus Sambal ABC 335ml,1,17500.0,17500.0,0.0,False,NONE
TRX-20260902-000123-005,TRX-20260902-000123,5,SKU-1012,Kornet Sapi Pronas 198g,1,26000.0,26000.0,0.0,False,TYPO_SKU
TRX-20260902-000123-006,TRX-20260902-000123,6,SKU-1011,Sarden ABC Saus Tomat 155g,1,12000.0,12000.0,0.0,False,NONE
TRX-20260902-000123-007,TRX-20260902-000123,7,SKU-4007,Minyak Telon My Baby 90ml,2,28000.0,56000.0,0.0,False,NONE
TRX-20260902-000123-008,TRX-20260902-000123,8,SKU-1006,Kecap Manis Bango 520ml,2,25500.0,51000.0,0.0,False,NONE
TRX-20260902-000123-009,TRX-20260902-000123,9,SKU-5005,Baygon Obat Nyamuk Semprot 600ml,1,42000.0,42000.0,0.0,False,NONE
TRX-20260902-000123-010,TRX-20260902-000123,10,SKU-4015,UNKNOWN PRODUCT,1,20500.0,20500.0,0.0,False,TYPO_SKU
TRX-20260902-000123-011,TRX-20260902-000123,11,SKU-5001,Deterjen Rinso Anti Noda 770g,1,23000.0,23000.0,0.0,False,NONE
TRX-20260902-000123-012,TRX-20260902-000123,12,SKU-5003,Sabun Cuci Piring Sunlight 650ml,2,15500.0,31000.0,0.0,False,NONE
TRX-20260902-000124-001,TRX-20260902-000124,1,SKU-4001,Sabun Mandi Lifebuoy Total 10 450ml,2,27500.0,55000.0,0.0,False,NONE
TRX-20260902-000124-002,TRX-20260902-000124,2,SKU-4003,Pasta Gigi Pepsodent 190g,1,17000.0,17000.0,0.0,False,NONE
TRX-20260902-000124-003,TRX-20260902-000124,3,SKU-1009,Indomie Kuah Ayam Bawang 69g,5,3400.0,17000.0,0.0,False,NONE
TRX-20260902-000124-004,TRX-20260902-000124,4,SKU-3001,Air Mineral Aqua 600ml,2,4000.0,8000.0,0.0,False,NONE
TRX-20260902-000124-005,TRX-20260902-000124,5,SKU-1002,Minyak Goreng Bimoli 2L,2,37500.0,75000.0,0.0,True,VOID_ITEM
TRX-20260902-000124-006,TRX-20260902-000124,6,SKU-1005,Garam Dapur Cap Kapal 250g,1,5000.0,5000.0,0.0,False,NONE
TRX-20260902-000124-007,TRX-20260902-000124,7,SKU-1007,Saus Sambal ABC 335ml,2,17500.0,35000.0,0.0,False,NONE
TRX-20260902-000124-008,TRX-20260902-000124,8,SKU-5002,Pewangi Pakaian Molto All in 1 720ml,1,24000.0,24000.0,0.0,False,NONE
TRX-20260902-000124-009,TRX-20260902-000124,9,SKU-5006,Baterai ABC Alkaline AA 4s,1,21000.0,21000.0,0.0,False,NONE
TRX-20260902-000124-010,TRX-20260902-000124,10,SKU-1006,Kecap Manis Bango 520ml,2,25500.0,51000.0,0.0,False,NONE
TRX-20260902-000124-011,TRX-20260902-000124,11,SKU-5003,Sabun Cuci Piring Sunlight 650ml,1,15500.0,15500.0,0.0,False,NONE
TRX-20260902-000124-012,TRX-20260902-000124,12,SKU-5001,Deterjen Rinso Anti Noda 770g,2,23000.0,46000.0,0.0,False,NONE
TRX-20260902-000124-012_DUP,TRX-20260902-000124,13,SKU-5001,Deterjen Rinso Anti Noda 770g,1,23000.0,23000.0,0.0,False,DOUBLE_SCAN
TRX-20260902-000124-014,TRX-20260902-000124,14,SKU-1091,UNKNOWN PRODUCT,2,78500.0,157000.0,0.0,False,TYPO_SKU
TRX-20260902-000124-015,TRX-20260902-000124,15,SKU-4003,Pasta Gigi Pepsodent 190g,2,17000.0,34000.0,0.0,False,NONE
TRX-20260902-000124-016,TRX-20260902-000124,16,SKU-4004,Sikat Gigi Formula Double Action 3s,1,15500.0,15500.0,0.0,False,NONE
TRX-20260902-000124-017,TRX-20260902-000124,17,SKU-4006,Paseo Facial Tissue 250 Sheets,1,16500.0,16500.0,0.0,False,NONE
TRX-20260902-000124-018,TRX-20260902-000124,18,SKU-4007,Minyak Telon My Baby 90ml,2,28000.0,56000.0,0.0,False,NONE
TRX-20260902-000124-019,TRX-20260902-000124,19,SKU-1003,Gula Pasir Gulaku 1kg,1,17500.0,17500.0,0.0,False,NONE
TRX-20260902-000124-020,TRX-20260902-000124,20,SKU-4005,Rexona Deodorant Roll On 45ml,3,20500.0,61500.0,0.0,False,NONE
TRX-20260902-000124-021,TRX-20260902-000124,21,SKU-1004,Tepung Terigu Segitiga Biru 1kg,3,13500.0,40500.0,0.0,False,NONE
TRX-20260902-000125-001,TRX-20260902-000125,1,SKU-5003,Sabun Cuci Piring Sunlight 650ml,1,15500.0,15500.0,0.0,False,NONE
TRX-20260902-000125-002,TRX-20260902-000125,2,SKU-4004,Sikat Gigi Formula Double Action 3s,1,15500.0,15500.0,0.0,False,NONE
TRX-20260902-000125-003,TRX-20260902-000125,3,SKU-5001,Deterjen Rinso Anti Noda 770g,1,23000.0,23000.0,0.0,False,NONE
TRX-20260902-000125-004,TRX-20260902-000125,4,SKU-1003,Gula Pasir Gulaku 1kg,1,17500.0,17500.0,0.0,False,NONE
TRX-20260902-000125-005,TRX-20260902-000125,5,SKU-3008,Taro Net Seaweed 65g,1,9800.0,9800.0,0.0,False,NONE
TRX-20260902-000125-006,TRX-20260902-000125,6,SKU-3009,Oreo Original Roll 133g,1,11000.0,11000.0,0.0,False,NONE
TRX-20260902-000125-007,TRX-20260902-000125,7,SKU-3001,Air Mineral Aqua 600ml,1,4000.0,4000.0,0.0,False,NONE
TRX-20260902-000125-008,TRX-20260902-000125,8,SKU-3002,Air Mineral Le Minerale 600ml,1,3800.0,3800.0,0.0,False,NONE
TRX-20260902-000126-001,TRX-20260902-000126,1,SKU-3009,Oreo Original Roll 133g,1,11000.0,11000.0,0.0,False,NONE
TRX-20260902-000127-001,TRX-20260902-000127,1,SKU-3007,Chitato Sapi Panggang 68g,1,12500.0,12500.0,0.0,False,NONE
TRX-20260902-000127-002,TRX-20260902-000127,2,SKU-4001,Sabun Mandi Lifebuoy Total 10 450ml,1,27500.0,27500.0,0.0,False,NONE
TRX-20260902-000127-003,TRX-20260902-000127,3,SKU-3007,Chitato Sapi Panggang 68g,2,12500.0,25000.0,0.0,False,NONE
TRX-20260902-000127-004,TRX-20260902-000127,4,SKU-3005,Good Day Moccacino 250ml,1,8000.0,8000.0,0.0,False,NONE
TRX-20260902-000127-005,TRX-20260902-000127,5,SKU-3009,Oreo Original Roll 133g,2,11000.0,22000.0,0.0,False,NONE
TRX-20260902-000128-001,TRX-20260902-000128,1,SKU-2001,Telur Ayam Negeri 1kg,1,31000.0,31000.0,0.0,False,NONE
TRX-20260902-000128-002,TRX-20260902-000128,2,SKU-3009,Oreo Original Roll 133g,1,11000.0,11000.0,0.0,False,NONE
TRX-20260902-000129-001,TRX-20260902-000129,1,SKU-2096,UNKNOWN PRODUCT,1,12500.0,12500.0,0.0,False,TYPO_SKU
TRX-20260902-000129-002,TRX-20260902-000129,2,SKU-2007,Sari Roti Tawar Spesial,1,16500.0,16500.0,0.0,False,NONE
TRX-20260902-000129-003,TRX-20260902-000129,3,SKU-3006,Coca Cola 390ml,1,7500.0,7500.0,0.0,False,NONE
TRX-20260902-000130-001,TRX-20260902-000130,1,SKU-3009,Oreo Original Roll 133g,1,11000.0,11000.0,0.0,False,NONE
TRX-20260902-000130-002,TRX-20260902-000130,2,SKU-2003,Susu Ultra Milk Cokelat 1L,1,21500.0,21500.0,0.0,False,NONE
TRX-20260902-000131-001,TRX-20260902-000131,1,SKU-4006,Paseo Facial Tissue 250 Sheets,3,16500.0,49500.0,0.0,False,NONE
TRX-20260902-000131-002,TRX-20260902-000131,2,SKU-5002,Pewangi Pakaian Molto All in 1 720ml,1,24000.0,24000.0,0.0,False,NONE
TRX-20260902-000131-003,TRX-20260902-000131,3,SKU-1004,Tepung Terigu Segitiga Biru 1kg,1,13500.0,13500.0,0.0,False,NONE
TRX-20260902-000131-004,TRX-20260902-000131,4,SKU-1012,Kornet Sapi Pronas 198g,1,26000.0,26000.0,0.0,False,NONE
TRX-20260902-000131-005,TRX-20260902-000131,5,SKU-5001,Deterjen Rinso Anti Noda 770g,1,23000.0,23000.0,0.0,False,NONE
TRX-20260902-000131-006,TRX-20260902-000131,6,SKU-5003,Sabun Cuci Piring Sunlight 650ml,1,15500.0,15500.0,0.0,False,NONE
TRX-20260902-000131-007,TRX-20260902-000131,7,SKU-1007,Saus Sambal ABC 335ml,3,17500.0,52500.0,0.0,False,NONE
TRX-20260902-000131-008,TRX-20260902-000131,8,SKU-1001,Beras Pandan Wangi 5kg,3,78500.0,235500.0,0.0,False,NONE
TRX-20260902-000131-009,TRX-20260902-000131,9,SKU-4002,Shampoo Sunsilk Black Shine 160ml,2,26000.0,52000.0,0.0,False,NONE
TRX-20260902-000131-010,TRX-20260902-000131,10,SKU-4001,Sabun Mandi Lifebuoy Total 10 450ml,2,27500.0,55000.0,0.0,False,NONE
TRX-20260902-000132-001,TRX-20260902-000132,1,SKU-1008,Indomie Goreng Spesial 85g,1,3500.0,3500.0,0.0,False,NONE
TRX-20260902-000132-002,TRX-20260902-000132,2,SKU-4005,Rexona Deodorant Roll On 45ml,1,20500.0,20500.0,0.0,False,NONE
TRX-20260902-000132-003,TRX-20260902-000132,3,SKU-2001,Telur Ayam Negeri 1kg,1,31000.0,31000.0,0.0,False,NONE
TRX-20260902-000132-004,TRX-20260902-000132,4,SKU-4004,Sikat Gigi Formula Double Action 3s,1,15500.0,15500.0,0.0,False,NONE
TRX-20260902-000132-005,TRX-20260902-000132,5,SKU-3030,UNKNOWN PRODUCT,2,17000.0,34000.0,0.0,False,TYPO_SKU
TRX-20260902-000132-006,TRX-20260902-000132,6,SKU-3001,Air Mineral Aqua 600ml,2,4000.0,8000.0,0.0,False,NONE
TRX-20260902-000132-007,TRX-20260902-000132,7,SKU-3006,Coca Cola 390ml,2,7500.0,15000.0,0.0,False,NONE
TRX-20260902-000133-001,TRX-20260902-000133,1,SKU-5004,Pembersih Lantai Super Pell 770ml,2,14500.0,29000.0,0.0,False,NONE
TRX-20260902-000133-002,TRX-20260902-000133,2,SKU-5903,UNKNOWN PRODUCT,5,15500.0,77500.0,0.0,False,TYPO_SKU
TRX-20260902-000133-003,TRX-20260902-000133,3,SKU-5001,Deterjen Rinso Anti Noda 770g,2,23000.0,46000.0,0.0,False,NONE
TRX-20260902-000133-004,TRX-20260902-000133,4,SKU-1010,Sedaap Mie Goreng 90g,5,3400.0,17000.0,0.0,False,NONE
TRX-20260902-000133-005,TRX-20260902-000133,5,SKU-4005,Rexona Deodorant Roll On 45ml,2,20500.0,41000.0,0.0,False,NONE
TRX-20260902-000133-006,TRX-20260902-000133,6,SKU-4004,Sikat Gigi Formula Double Action 3s,5,15500.0,77500.0,0.0,False,NONE
TRX-20260902-000133-007,TRX-20260902-000133,7,SKU-1001,Beras Pandan Wangi 5kg,2,78500.0,157000.0,0.0,False,NONE
TRX-20260902-000133-008,TRX-20260902-000133,8,SKU-1005,Garam Dapur Cap Kapal 250g,1,5000.0,5000.0,0.0,False,NONE
TRX-20260902-000133-009,TRX-20260902-000133,9,SKU-1012,Kornet Sapi Pronas 198g,1,26000.0,26000.0,0.0,False,NONE
TRX-20260902-000133-010,TRX-20260902-000133,10,SKU-1011,Sarden ABC Saus Tomat 155g,3,12000.0,36000.0,0.0,False,NONE
TRX-20260902-000134-001,TRX-20260902-000134,1,SKU-5003,Sabun Cuci Piring Sunlight 650ml,2,15500.0,31000.0,0.0,False,NONE
TRX-20260902-000134-002,TRX-20260902-000134,2,SKU-4004,Sikat Gigi Formula Double Action 3s,2,15500.0,31000.0,0.0,False,NONE
TRX-20260902-000134-003,TRX-20260902-000134,3,SKU-1008,Indomie Goreng Spesial 85g,2,3500.0,7000.0,0.0,False,NONE
TRX-20260902-000134-004,TRX-20260902-000134,4,SKU-1004,Tepung Terigu Segitiga Biru 1kg,1,13500.0,13500.0,0.0,False,NONE
TRX-20260902-000134-005,TRX-20260902-000134,5,SKU-1010,Sedaap Mie Goreng 90g,2,3400.0,6800.0,0.0,False,NONE
TRX-20260902-000134-006,TRX-20260902-000134,6,SKU-3005,Good Day Moccacino 250ml,2,8000.0,16000.0,0.0,False,NONE
TRX-20260902-000135-001,TRX-20260902-000135,1,SKU-3007,Chitato Sapi Panggang 68g,1,12500.0,12500.0,0.0,False,NONE
TRX-20260902-000135-002,TRX-20260902-000135,2,SKU-2008,Sari Roti Sobek Cokelat,1,19500.0,19500.0,0.0,False,NONE
TRX-20260902-000135-003,TRX-20260902-000135,3,SKU-2007,Sari Roti Tawar Spesial,1,16500.0,16500.0,0.0,False,NONE
TRX-20260902-000136-001,TRX-20260902-000136,1,SKU-1004,Tepung Terigu Segitiga Biru 1kg,1,13500.0,13500.0,0.0,False,NONE
TRX-20260902-000136-002,TRX-20260902-000136,2,SKU-4002,Shampoo Sunsilk Black Shine 160ml,1,26000.0,26000.0,0.0,False,NONE
TRX-20260902-000136-003,TRX-20260902-000136,3,SKU-4001,Sabun Mandi Lifebuoy Total 10 450ml,1,27500.0,27500.0,0.0,False,NONE
TRX-20260902-000136-004,TRX-20260902-000136,4,SKU-1002,Minyak Goreng Bimoli 2L,2,37500.0,75000.0,0.0,True,VOID_ITEM
TRX-20260902-000136-005,TRX-20260902-000136,5,SKU-5001,Deterjen Rinso Anti Noda 770g,5,23000.0,115000.0,0.0,False,NONE
TRX-20260902-000136-006,TRX-20260902-000136,6,SKU-5003,Sabun Cuci Piring Sunlight 650ml,1,15500.0,15500.0,0.0,False,NONE
TRX-20260902-000136-007,TRX-20260902-000136,7,SKU-5003,Sabun Cuci Piring Sunlight 650ml,2,15500.0,31000.0,0.0,False,NONE
TRX-20260902-000136-008,TRX-20260902-000136,8,SKU-1006,Kecap Manis Bango 520ml,1,25500.0,25500.0,0.0,False,NONE
TRX-20260902-000136-009,TRX-20260902-000136,9,SKU-1008,Indomie Goreng Spesial 85g,2,3500.0,7000.0,0.0,False,NONE
TRX-20260902-000136-010,TRX-20260902-000136,10,SKU-1007,Saus Sambal ABC 335ml,1,17500.0,17500.0,0.0,False,NONE
TRX-20260902-000136-011,TRX-20260902-000136,11,SKU-5006,Baterai ABC Alkaline AA 4s,3,21000.0,63000.0,0.0,False,NONE
TRX-20260902-000136-012,TRX-20260902-000136,12,SKU-1010,Sedaap Mie Goreng 90g,2,3400.0,6800.0,0.0,True,VOID_ITEM
TRX-20260902-000136-013,TRX-20260902-000136,13,SKU-4005,Rexona Deodorant Roll On 45ml,1,20500.0,20500.0,0.0,False,NONE
TRX-20260902-000136-014,TRX-20260902-000136,14,SKU-5005,Baygon Obat Nyamuk Semprot 600ml,1,42000.0,42000.0,0.0,False,NONE
TRX-20260902-000136-015,TRX-20260902-000136,15,SKU-5002,Pewangi Pakaian Molto All in 1 720ml,1,24000.0,24000.0,0.0,False,NONE
TRX-20260902-000136-016,TRX-20260902-000136,16,SKU-4004,Sikat Gigi Formula Double Action 3s,1,15500.0,15500.0,0.0,False,NONE
TRX-20260902-000136-017,TRX-20260902-000136,17,SKU-4003,Pasta Gigi Pepsodent 190g,1,17000.0,17000.0,0.0,False,NONE
TRX-20260902-000137-001,TRX-20260902-000137,1,SKU-3009,Oreo Original Roll 133g,1,11000.0,11000.0,0.0,False,NONE
TRX-20260902-000137-002,TRX-20260902-000137,2,SKU-3003,Teh Pucuk Harum 350ml,1,4500.0,4500.0,0.0,False,NONE
TRX-20260902-000138-001,TRX-20260902-000138,1,SKU-2001,Telur Ayam Negeri 1kg,1,31000.0,31000.0,0.0,False,NONE
TRX-20260902-000138-002,TRX-20260902-000138,2,SKU-3005,Good Day Moccacino 250ml,1,8000.0,8000.0,0.0,False,NONE
TRX-20260902-000138-003,TRX-20260902-000138,3,SKU-2006,Mentega Blue Band 200g,1,12500.0,12500.0,0.0,False,NONE
TRX-20260902-000139-001,TRX-20260902-000139,1,SKU-1012,Kornet Sapi Pronas 198g,2,26000.0,52000.0,0.0,False,NONE
TRX-20260902-000139-002,TRX-20260902-000139,2,SKU-5004,Pembersih Lantai Super Pell 770ml,2,14500.0,29000.0,0.0,False,NONE
TRX-20260902-000139-003,TRX-20260902-000139,3,SKU-4003,Pasta Gigi Pepsodent 190g,1,17000.0,17000.0,0.0,False,NONE
TRX-20260902-000139-004,TRX-20260902-000139,4,SKU-5011,UNKNOWN PRODUCT,5,23000.0,115000.0,0.0,False,TYPO_SKU
TRX-20260902-000139-005,TRX-20260902-000139,5,SKU-5003,Sabun Cuci Piring Sunlight 650ml,1,15500.0,15500.0,0.0,False,NONE
TRX-20260902-000139-006,TRX-20260902-000139,6,SKU-1010,Sedaap Mie Goreng 90g,2,3400.0,6800.0,0.0,False,NONE
TRX-20260902-000139-007,TRX-20260902-000139,7,SKU-1007,Saus Sambal ABC 335ml,2,17500.0,35000.0,0.0,False,NONE
TRX-20260902-000139-008,TRX-20260902-000139,8,SKU-1003,Gula Pasir Gulaku 1kg,2,17500.0,35000.0,0.0,False,NONE
TRX-20260902-000139-009,TRX-20260902-000139,9,SKU-4007,Minyak Telon My Baby 90ml,1,28000.0,28000.0,0.0,False,NONE
TRX-20260902-000139-010,TRX-20260902-000139,10,SKU-1004,Tepung Terigu Segitiga Biru 1kg,2,13500.0,27000.0,0.0,False,NONE
TRX-20260902-000139-011,TRX-20260902-000139,11,SKU-4906,UNKNOWN PRODUCT,1,16500.0,16500.0,0.0,False,TYPO_SKU
TRX-20260902-000139-012,TRX-20260902-000139,12,SKU-1009,Indomie Kuah Ayam Bawang 69g,1,3400.0,3400.0,0.0,False,NONE
TRX-20260902-000139-013,TRX-20260902-000139,13,SKU-7006,UNKNOWN PRODUCT,1,21000.0,21000.0,0.0,False,TYPO_SKU
TRX-20260902-000139-014,TRX-20260902-000139,14,SKU-4002,Shampoo Sunsilk Black Shine 160ml,5,26000.0,130000.0,0.0,False,NONE
TRX-20260902-000139-015,TRX-20260902-000139,15,SKU-5005,Baygon Obat Nyamuk Semprot 600ml,3,42000.0,126000.0,0.0,False,NONE
TRX-20260902-000139-016,TRX-20260902-000139,16,SKU-4001,Sabun Mandi Lifebuoy Total 10 450ml,1,27500.0,27500.0,0.0,False,NONE
TRX-20260902-000139-017,TRX-20260902-000139,17,SKU-1008,Indomie Goreng Spesial 85g,5,3500.0,17500.0,0.0,False,NONE
TRX-20260902-000139-018,TRX-20260902-000139,18,SKU-3001,Air Mineral Aqua 600ml,2,4000.0,8000.0,0.0,False,NONE
TRX-20260902-000139-019,TRX-20260902-000139,19,SKU-1006,Kecap Manis Bango 520ml,2,25500.0,51000.0,0.0,False,NONE
TRX-20260902-000139-020,TRX-20260902-000139,20,SKU-1007,Saus Sambal ABC 335ml,1,17500.0,17500.0,0.0,False,NONE
TRX-20260902-000139-021,TRX-20260902-000139,21,SKU-4005,Rexona Deodorant Roll On 45ml,1,20500.0,20500.0,0.0,False,NONE
TRX-20260902-000140-001,TRX-20260902-000140,1,SKU-2002,Susu Ultra Milk Full Cream 1L,1,21500.0,21500.0,0.0,False,NONE
TRX-20260902-000140-002,TRX-20260902-000140,2,SKU-3008,Taro Net Seaweed 65g,1,9800.0,9800.0,0.0,False,NONE
TRX-20260902-000140-003,TRX-20260902-000140,3,SKU-3003,Teh Pucuk Harum 350ml,1,4500.0,4500.0,0.0,False,NONE
TRX-20260902-000141-001,TRX-20260902-000141,1,SKU-3005,Good Day Moccacino 250ml,1,8000.0,8000.0,0.0,False,NONE
TRX-20260902-000142-001,TRX-20260902-000142,1,SKU-5003,Sabun Cuci Piring Sunlight 650ml,1,15500.0,15500.0,0.0,False,NONE
TRX-20260902-000142-002,TRX-20260902-000142,2,SKU-1010,Sedaap Mie Goreng 90g,2,3400.0,6800.0,0.0,False,NONE
TRX-20260902-000142-003,TRX-20260902-000142,3,SKU-5001,Deterjen Rinso Anti Noda 770g,5,23000.0,115000.0,0.0,False,NONE
TRX-20260902-000142-004,TRX-20260902-000142,4,SKU-5005,Baygon Obat Nyamuk Semprot 600ml,2,42000.0,84000.0,0.0,False,TYPO_SKU
TRX-20260902-000142-005,TRX-20260902-000142,5,SKU-1011,Sarden ABC Saus Tomat 155g,2,12000.0,24000.0,0.0,False,TYPO_SKU
TRX-20260902-000142-006,TRX-20260902-000142,6,SKU-1003,Gula Pasir Gulaku 1kg,1,17500.0,17500.0,0.0,False,NONE
TRX-20260902-000142-007,TRX-20260902-000142,7,SKU-1009,Indomie Kuah Ayam Bawang 69g,2,3400.0,6800.0,0.0,False,NONE
TRX-20260902-000142-008,TRX-20260902-000142,8,SKU-3001,Air Mineral Aqua 600ml,1,4000.0,4000.0,0.0,False,NONE
TRX-20260902-000142-009,TRX-20260902-000142,9,SKU-1006,Kecap Manis Bango 520ml,1,25500.0,25500.0,0.0,False,NONE
TRX-20260902-000142-010,TRX-20260902-000142,10,SKU-1003,Gula Pasir Gulaku 1kg,2,17500.0,35000.0,0.0,False,TYPO_SKU
TRX-20260902-000142-011,TRX-20260902-000142,11,SKU-5004,Pembersih Lantai Super Pell 770ml,1,14500.0,14500.0,0.0,False,NONE
TRX-20260902-000142-012,TRX-20260902-000142,12,SKU-1004,Tepung Terigu Segitiga Biru 1kg,3,13500.0,40500.0,0.0,False,NONE
TRX-20260902-000142-013,TRX-20260902-000142,13,SKU-1012,Kornet Sapi Pronas 198g,3,26000.0,78000.0,0.0,False,NONE
TRX-20260902-000142-014,TRX-20260902-000142,14,SKU-1007,Saus Sambal ABC 335ml,2,17500.0,35000.0,0.0,False,NONE
TRX-20260902-000142-015,TRX-20260902-000142,15,SKU-4001,Sabun Mandi Lifebuoy Total 10 450ml,2,27500.0,55000.0,0.0,False,NONE
TRX-20260902-000142-016,TRX-20260902-000142,16,SKU-4002,Shampoo Sunsilk Black Shine 160ml,2,26000.0,52000.0,0.0,False,NONE
TRX-20260902-000142-017,TRX-20260902-000142,17,SKU-4005,Rexona Deodorant Roll On 45ml,2,20500.0,41000.0,0.0,False,NONE
TRX-20260902-000142-018,TRX-20260902-000142,18,SKU-4003,Pasta Gigi Pepsodent 190g,3,17000.0,51000.0,0.0,False,NONE
TRX-20260902-000142-019,TRX-20260902-000142,19,SKU-4004,Sikat Gigi Formula Double Action 3s,1,15500.0,15500.0,0.0,False,NONE
TRX-20260902-000143-001,TRX-20260902-000143,1,SKU-1009,Indomie Kuah Ayam Bawang 69g,2,3400.0,6800.0,0.0,False,NONE
TRX-20260902-000143-002,TRX-20260902-000143,2,SKU-1003,Gula Pasir Gulaku 1kg,1,17500.0,17500.0,0.0,False,NONE
TRX-20260902-000143-003,TRX-20260902-000143,3,SKU-5006,Baterai ABC Alkaline AA 4s,1,21000.0,21000.0,0.0,False,NONE
TRX-20260902-000143-004,TRX-20260902-000143,4,SKU-1011,Sarden ABC Saus Tomat 155g,1,12000.0,12000.0,0.0,False,NONE
TRX-20260902-000143-005,TRX-20260902-000143,5,SKU-1002,Minyak Goreng Bimoli 2L,5,37500.0,187500.0,0.0,False,NONE
TRX-20260902-000143-006,TRX-20260902-000143,6,SKU-1006,Kecap Manis Bango 520ml,2,25500.0,51000.0,0.0,False,NONE
TRX-20260902-000143-007,TRX-20260902-000143,7,SKU-1008,Indomie Goreng Spesial 85g,1,3500.0,3500.0,0.0,False,NONE
TRX-20260902-000143-008,TRX-20260902-000143,8,SKU-5004,Pembersih Lantai Super Pell 770ml,1,14500.0,14500.0,0.0,False,NONE
TRX-20260902-000143-009,TRX-20260902-000143,9,SKU-4001,Sabun Mandi Lifebuoy Total 10 450ml,1,27500.0,27500.0,0.0,False,NONE
TRX-20260902-000143-010,TRX-20260902-000143,10,SKU-4005,Rexona Deodorant Roll On 45ml,3,20500.0,61500.0,0.0,False,NONE
TRX-20260902-000143-011,TRX-20260902-000143,11,SKU-1005,Garam Dapur Cap Kapal 250g,2,5000.0,10000.0,0.0,False,NONE
TRX-20260902-000143-012,TRX-20260902-000143,12,SKU-5003,Sabun Cuci Piring Sunlight 650ml,2,15500.0,31000.0,0.0,False,NONE
TRX-20260902-000143-013,TRX-20260902-000143,13,SKU-1004,Tepung Terigu Segitiga Biru 1kg,1,13500.0,13500.0,0.0,False,NONE
TRX-20260902-000143-014,TRX-20260902-000143,14,SKU-1007,Saus Sambal ABC 335ml,3,17500.0,52500.0,0.0,False,NONE
TRX-20260902-000143-015,TRX-20260902-000143,15,SKU-5002,Pewangi Pakaian Molto All in 1 720ml,2,24000.0,48000.0,0.0,False,NONE
TRX-20260902-000144-001,TRX-20260902-000144,1,SKU-3010,SilverQueen Cokelat Mede 58g,1,17000.0,17000.0,0.0,False,NONE
TRX-20260902-000144-002,TRX-20260902-000144,2,SKU-3001,Air Mineral Aqua 600ml,1,4000.0,4000.0,0.0,False,NONE
TRX-20260902-000144-003,TRX-20260902-000144,3,SKU-3009,Oreo Original Roll 133g,1,11000.0,11000.0,0.0,False,NONE
TRX-20260902-000145-001,TRX-20260902-000145,1,SKU-3003,Teh Pucuk Harum 350ml,1,4500.0,4500.0,0.0,False,NONE
TRX-20260902-000145-002,TRX-20260902-000145,2,SKU-3007,Chitato Sapi Panggang 68g,1,12500.0,12500.0,0.0,False,NONE
TRX-20260902-000146-001,TRX-20260902-000146,1,SKU-3005,Good Day Moccacino 250ml,1,8000.0,8000.0,0.0,False,NONE
TRX-20260902-000147-001,TRX-20260902-000147,1,SKU-3004,Kopi Kapal Api Spesial Mix 10s,1,15500.0,15500.0,0.0,False,NONE
TRX-20260902-000147-002,TRX-20260902-000147,2,SKU-2001,Telur Ayam Negeri 1kg,1,31000.0,31000.0,0.0,False,NONE
TRX-20260902-000148-001,TRX-20260902-000148,1,SKU-1004,Tepung Terigu Segitiga Biru 1kg,2,13500.0,27000.0,0.0,False,NONE
TRX-20260902-000148-002,TRX-20260902-000148,2,SKU-1011,Sarden ABC Saus Tomat 155g,2,12000.0,24000.0,0.0,False,NONE
TRX-20260902-000148-003,TRX-20260902-000148,3,SKU-5004,Pembersih Lantai Super Pell 770ml,2,14500.0,29000.0,0.0,False,NONE
TRX-20260902-000148-004,TRX-20260902-000148,4,SKU-4004,Sikat Gigi Formula Double Action 3s,3,15500.0,46500.0,0.0,False,NONE
TRX-20260902-000148-005,TRX-20260902-000148,5,SKU-5001,Deterjen Rinso Anti Noda 770g,1,23000.0,23000.0,0.0,False,NONE
TRX-20260902-000148-006,TRX-20260902-000148,6,SKU-5003,Sabun Cuci Piring Sunlight 650ml,1,15500.0,15500.0,0.0,False,NONE
TRX-20260902-000148-007,TRX-20260902-000148,7,SKU-1010,Sedaap Mie Goreng 90g,1,3400.0,3400.0,0.0,False,NONE
TRX-20260902-000148-008,TRX-20260902-000148,8,SKU-1007,Saus Sambal ABC 335ml,2,17500.0,35000.0,0.0,False,NONE
TRX-20260902-000148-009,TRX-20260902-000148,9,SKU-1001,Beras Pandan Wangi 5kg,5,78500.0,392500.0,0.0,False,NONE
TRX-20260902-000148-010,TRX-20260902-000148,10,SKU-3006,Coca Cola 390ml,2,7500.0,15000.0,0.0,False,TYPO_SKU
TRX-20260902-000148-011,TRX-20260902-000148,11,SKU-1012,Kornet Sapi Pronas 198g,2,26000.0,52000.0,0.0,False,NONE
TRX-20260902-000148-012,TRX-20260902-000148,12,SKU-5002,Pewangi Pakaian Molto All in 1 720ml,1,24000.0,24000.0,0.0,False,NONE
TRX-20260902-000148-013,TRX-20260902-000148,13,SKU-1007,Saus Sambal ABC 335ml,5,17500.0,87500.0,0.0,True,VOID_ITEM
TRX-20260902-000148-014,TRX-20260902-000148,14,SKU-4003,Pasta Gigi Pepsodent 190g,1,17000.0,17000.0,0.0,False,NONE
TRX-20260902-000148-015,TRX-20260902-000148,15,SKU-5005,Baygon Obat Nyamuk Semprot 600ml,2,42000.0,84000.0,0.0,False,NONE
TRX-20260902-000149-001,TRX-20260902-000149,1,SKU-4002,Shampoo Sunsilk Black Shine 160ml,3,26000.0,78000.0,0.0,False,NONE
TRX-20260902-000149-002,TRX-20260902-000149,2,SKU-1002,Minyak Goreng Bimoli 2L,1,37500.0,37500.0,0.0,False,NONE
TRX-20260902-000149-003,TRX-20260902-000149,3,SKU-1004,Tepung Terigu Segitiga Biru 1kg,2,13500.0,27000.0,0.0,False,NONE
TRX-20260902-000149-004,TRX-20260902-000149,4,SKU-1004,Tepung Terigu Segitiga Biru 1kg,5,13500.0,67500.0,0.0,False,NONE
TRX-20260902-000149-005,TRX-20260902-000149,5,SKU-1009,Indomie Kuah Ayam Bawang 69g,2,3400.0,6800.0,0.0,False,NONE
TRX-20260902-000149-006,TRX-20260902-000149,6,SKU-4004,Sikat Gigi Formula Double Action 3s,2,15500.0,31000.0,0.0,False,NONE
TRX-20260902-000149-007,TRX-20260902-000149,7,SKU-1010,Sedaap Mie Goreng 90g,1,3400.0,3400.0,0.0,False,NONE
TRX-20260902-000149-008,TRX-20260902-000149,8,SKU-1007,Saus Sambal ABC 335ml,2,17500.0,35000.0,0.0,False,NONE
TRX-20260902-000149-009,TRX-20260902-000149,9,SKU-4007,Minyak Telon My Baby 90ml,1,28000.0,28000.0,0.0,False,NONE
TRX-20260902-000149-010,TRX-20260902-000149,10,SKU-5004,Pembersih Lantai Super Pell 770ml,1,14500.0,14500.0,0.0,False,NONE
TRX-20260902-000149-011,TRX-20260902-000149,11,SKU-4003,Pasta Gigi Pepsodent 190g,1,17000.0,17000.0,0.0,False,NONE
TRX-20260902-000149-012,TRX-20260902-000149,12,SKU-4006,Paseo Facial Tissue 250 Sheets,1,16500.0,16500.0,0.0,False,NONE
TRX-20260902-000150-001,TRX-20260902-000150,1,SKU-5002,Pewangi Pakaian Molto All in 1 720ml,1,24000.0,24000.0,0.0,False,NONE
TRX-20260902-000150-002,TRX-20260902-000150,2,SKU-1003,Gula Pasir Gulaku 1kg,2,17500.0,35000.0,0.0,False,NONE
TRX-20260902-000150-003,TRX-20260902-000150,3,SKU-4007,Minyak Telon My Baby 90ml,3,28000.0,84000.0,0.0,False,NONE
TRX-20260902-000150-004,TRX-20260902-000150,4,SKU-4004,Sikat Gigi Formula Double Action 3s,2,15500.0,31000.0,0.0,False,NONE
TRX-20260902-000150-005,TRX-20260902-000150,5,SKU-4006,Paseo Facial Tissue 250 Sheets,1,16500.0,16500.0,0.0,False,NONE
TRX-20260902-000150-006,TRX-20260902-000150,6,SKU-1005,Garam Dapur Cap Kapal 250g,1,5000.0,5000.0,0.0,False,NONE
TRX-20260902-000150-007,TRX-20260902-000150,7,SKU-1001,Beras Pandan Wangi 5kg,1,78500.0,78500.0,0.0,False,NONE
TRX-20260902-000150-008,TRX-20260902-000150,8,SKU-1006,Kecap Manis Bango 520ml,5,25500.0,127500.0,0.0,False,NONE
TRX-20260902-000150-009,TRX-20260902-000150,9,SKU-5006,Baterai ABC Alkaline AA 4s,2,21000.0,42000.0,0.0,False,NONE
TRX-20260902-000150-010,TRX-20260902-000150,10,SKU-1010,Sedaap Mie Goreng 90g,3,3400.0,10200.0,0.0,False,NONE
TRX-20260902-000150-011,TRX-20260902-000150,11,SKU-5003,Sabun Cuci Piring Sunlight 650ml,2,15500.0,31000.0,0.0,False,NONE
TRX-20260902-000150-012,TRX-20260902-000150,12,SKU-5004,Pembersih Lantai Super Pell 770ml,1,14500.0,14500.0,0.0,False,NONE
TRX-20260902-000150-013,TRX-20260902-000150,13,SKU-4005,Rexona Deodorant Roll On 45ml,5,20500.0,102500.0,0.0,False,NONE
TRX-20260902-000151-001,TRX-20260902-000151,1,SKU-4003,Pasta Gigi Pepsodent 190g,2,17000.0,34000.0,0.0,False,NONE
TRX-20260902-000151-002,TRX-20260902-000151,2,SKU-4004,Sikat Gigi Formula Double Action 3s,1,15500.0,15500.0,0.0,False,NONE
TRX-20260902-000151-003,TRX-20260902-000151,3,SKU-4002,Shampoo Sunsilk Black Shine 160ml,5,26000.0,130000.0,0.0,False,NONE
TRX-20260902-000151-004,TRX-20260902-000151,4,SKU-5003,Sabun Cuci Piring Sunlight 650ml,2,15500.0,31000.0,0.0,False,NONE
TRX-20260902-000151-005,TRX-20260902-000151,5,SKU-4006,Paseo Facial Tissue 250 Sheets,3,16500.0,49500.0,0.0,False,NONE
TRX-20260902-000151-006,TRX-20260902-000151,6,SKU-5004,Pembersih Lantai Super Pell 770ml,3,14500.0,43500.0,0.0,False,NONE
TRX-20260902-000151-007,TRX-20260902-000151,7,SKU-5006,Baterai ABC Alkaline AA 4s,2,21000.0,42000.0,0.0,False,NONE
TRX-20260902-000151-008,TRX-20260902-000151,8,SKU-4004,Sikat Gigi Formula Double Action 3s,2,15500.0,31000.0,0.0,False,NONE
TRX-20260902-000151-009,TRX-20260902-000151,9,SKU-5002,Pewangi Pakaian Molto All in 1 720ml,1,24000.0,24000.0,0.0,False,NONE
TRX-20260902-000151-010,TRX-20260902-000151,10,SKU-1012,Kornet Sapi Pronas 198g,1,26000.0,26000.0,0.0,False,NONE
TRX-20260902-000151-011,TRX-20260902-000151,11,SKU-1006,Kecap Manis Bango 520ml,3,25500.0,76500.0,0.0,False,NONE
TRX-20260902-000151-012,TRX-20260902-000151,12,SKU-1005,Garam Dapur Cap Kapal 250g,3,5000.0,15000.0,0.0,False,NONE
TRX-20260902-000151-013,TRX-20260902-000151,13,SKU-5005,Baygon Obat Nyamuk Semprot 600ml,3,42000.0,126000.0,0.0,False,NONE
TRX-20260902-000151-014,TRX-20260902-000151,14,SKU-4025,UNKNOWN PRODUCT,2,20500.0,41000.0,0.0,False,TYPO_SKU
TRX-20260902-000151-015,TRX-20260902-000151,15,SKU-1011,Sarden ABC Saus Tomat 155g,2,12000.0,24000.0,0.0,False,NONE
TRX-20260902-000151-016,TRX-20260902-000151,16,SKU-1001,Beras Pandan Wangi 5kg,5,78500.0,392500.0,0.0,False,NONE
TRX-20260902-000151-017,TRX-20260902-000151,17,SKU-1003,Gula Pasir Gulaku 1kg,2,17500.0,35000.0,0.0,False,NONE
TRX-20260902-000151-018,TRX-20260902-000151,18,SKU-1007,Saus Sambal ABC 335ml,3,17500.0,52500.0,0.0,False,NONE
TRX-20260902-000151-019,TRX-20260902-000151,19,SKU-1003,Gula Pasir Gulaku 1kg,1,17500.0,17500.0,0.0,False,NONE
TRX-20260902-000152-001,TRX-20260902-000152,1,SKU-3009,Oreo Original Roll 133g,1,11000.0,11000.0,0.0,False,NONE
TRX-20260902-000152-002,TRX-20260902-000152,2,SKU-3007,Chitato Sapi Panggang 68g,1,12500.0,12500.0,0.0,False,NONE
TRX-20260902-000153-001,TRX-20260902-000153,1,SKU-1004,Tepung Terigu Segitiga Biru 1kg,2,13500.0,27000.0,0.0,False,NONE
TRX-20260902-000153-002,TRX-20260902-000153,2,SKU-3006,Coca Cola 390ml,2,7500.0,15000.0,0.0,False,NONE
TRX-20260902-000153-003,TRX-20260902-000153,3,SKU-5003,Sabun Cuci Piring Sunlight 650ml,1,15500.0,15500.0,0.0,False,NONE
TRX-20260902-000153-004,TRX-20260902-000153,4,SKU-3001,Air Mineral Aqua 600ml,2,4000.0,8000.0,0.0,False,NONE
TRX-20260902-000153-005,TRX-20260902-000153,5,SKU-4004,Sikat Gigi Formula Double Action 3s,2,15500.0,31000.0,0.0,False,NONE
TRX-20260902-000153-006,TRX-20260902-000153,6,SKU-3003,Teh Pucuk Harum 350ml,1,4500.0,4500.0,0.0,False,NONE
TRX-20260902-000154-001,TRX-20260902-000154,1,SKU-1006,Kecap Manis Bango 520ml,1,25500.0,25500.0,0.0,False,NONE
TRX-20260902-000154-002,TRX-20260902-000154,2,SKU-4005,Rexona Deodorant Roll On 45ml,5,20500.0,102500.0,0.0,False,NONE
TRX-20260902-000154-003,TRX-20260902-000154,3,SKU-1005,Garam Dapur Cap Kapal 250g,1,5000.0,5000.0,0.0,False,NONE
TRX-20260902-000154-004,TRX-20260902-000154,4,SKU-4001,Sabun Mandi Lifebuoy Total 10 450ml,1,27500.0,27500.0,0.0,False,NONE
TRX-20260902-000154-005,TRX-20260902-000154,5,SKU-5905,UNKNOWN PRODUCT,2,42000.0,84000.0,0.0,False,TYPO_SKU
TRX-20260902-000154-006,TRX-20260902-000154,6,SKU-4003,Pasta Gigi Pepsodent 190g,2,17000.0,34000.0,0.0,False,NONE
TRX-20260902-000154-007,TRX-20260902-000154,7,SKU-5002,Pewangi Pakaian Molto All in 1 720ml,2,24000.0,48000.0,0.0,False,NONE
TRX-20260902-000154-008,TRX-20260902-000154,8,SKU-4002,Shampoo Sunsilk Black Shine 160ml,2,26000.0,52000.0,0.0,False,NONE
TRX-20260902-000154-009,TRX-20260902-000154,9,SKU-1011,Sarden ABC Saus Tomat 155g,5,12000.0,60000.0,0.0,False,NONE
TRX-20260902-000154-010,TRX-20260902-000154,10,SKU-5006,Baterai ABC Alkaline AA 4s,1,21000.0,21000.0,0.0,False,NONE
TRX-20260902-000154-011,TRX-20260902-000154,11,SKU-5001,Deterjen Rinso Anti Noda 770g,1,23000.0,23000.0,0.0,False,NONE
TRX-20260902-000154-012,TRX-20260902-000154,12,SKU-4007,Minyak Telon My Baby 90ml,1,28000.0,28000.0,0.0,False,NONE
TRX-20260902-000154-013,TRX-20260902-000154,13,SKU-1003,Gula Pasir Gulaku 1kg,1,17500.0,17500.0,0.0,False,NONE
TRX-20260902-000154-014,TRX-20260902-000154,14,SKU-4004,Sikat Gigi Formula Double Action 3s,1,15500.0,15500.0,0.0,False,NONE
TRX-20260902-000154-015,TRX-20260902-000154,15,SKU-1008,Indomie Goreng Spesial 85g,1,3500.0,3500.0,0.0,False,NONE
TRX-20260902-000155-001,TRX-20260902-000155,1,SKU-1008,Indomie Goreng Spesial 85g,2,3500.0,7000.0,0.0,False,NONE
TRX-20260902-000155-002,TRX-20260902-000155,2,SKU-1007,Saus Sambal ABC 335ml,1,17500.0,17500.0,0.0,False,NONE
TRX-20260902-000155-003,TRX-20260902-000155,3,SKU-1011,Sarden ABC Saus Tomat 155g,3,12000.0,36000.0,0.0,False,NONE
TRX-20260902-000155-004,TRX-20260902-000155,4,SKU-5003,Sabun Cuci Piring Sunlight 650ml,2,15500.0,31000.0,0.0,False,NONE
TRX-20260902-000155-005,TRX-20260902-000155,5,SKU-5001,Deterjen Rinso Anti Noda 770g,1,23000.0,23000.0,0.0,False,NONE
TRX-20260902-000155-006,TRX-20260902-000155,6,SKU-4007,Minyak Telon My Baby 90ml,2,28000.0,56000.0,0.0,False,NONE
TRX-20260902-000155-007,TRX-20260902-000155,7,SKU-1004,Tepung Terigu Segitiga Biru 1kg,1,13500.0,13500.0,0.0,False,NONE
TRX-20260902-000155-008,TRX-20260902-000155,8,SKU-1012,Kornet Sapi Pronas 198g,5,26000.0,130000.0,0.0,False,NONE
TRX-20260902-000155-009,TRX-20260902-000155,9,SKU-4002,Shampoo Sunsilk Black Shine 160ml,1,26000.0,26000.0,0.0,False,NONE
TRX-20260902-000155-010,TRX-20260902-000155,10,SKU-4004,Sikat Gigi Formula Double Action 3s,2,15500.0,31000.0,0.0,False,NONE
TRX-20260902-000155-011,TRX-20260902-000155,11,SKU-1001,Beras Pandan Wangi 5kg,2,78500.0,157000.0,0.0,False,NONE
TRX-20260902-000155-012,TRX-20260902-000155,12,SKU-4003,Pasta Gigi Pepsodent 190g,3,17000.0,51000.0,0.0,False,NONE
TRX-20260902-000156-001,TRX-20260902-000156,1,SKU-5004,Pembersih Lantai Super Pell 770ml,1,14500.0,14500.0,0.0,False,NONE
TRX-20260902-000156-002,TRX-20260902-000156,2,SKU-3010,SilverQueen Cokelat Mede 58g,1,17000.0,17000.0,0.0,False,NONE
TRX-20260902-000156-003,TRX-20260902-000156,3,SKU-3010,SilverQueen Cokelat Mede 58g,2,17000.0,34000.0,0.0,False,NONE
TRX-20260902-000157-001,TRX-20260902-000157,1,SKU-5003,Sabun Cuci Piring Sunlight 650ml,2,15500.0,31000.0,0.0,False,NONE
TRX-20260902-000157-002,TRX-20260902-000157,2,SKU-5001,Deterjen Rinso Anti Noda 770g,1,23000.0,23000.0,0.0,False,NONE
TRX-20260902-000157-003,TRX-20260902-000157,3,SKU-4007,Minyak Telon My Baby 90ml,1,28000.0,28000.0,0.0,False,NONE
TRX-20260902-000157-004,TRX-20260902-000157,4,SKU-1007,Saus Sambal ABC 335ml,1,17500.0,17500.0,0.0,False,NONE
TRX-20260902-000157-005,TRX-20260902-000157,5,SKU-1003,Gula Pasir Gulaku 1kg,2,17500.0,35000.0,0.0,False,NONE
TRX-20260902-000157-006,TRX-20260902-000157,6,SKU-5006,Baterai ABC Alkaline AA 4s,1,21000.0,21000.0,0.0,False,NONE
TRX-20260902-000157-007,TRX-20260902-000157,7,SKU-4004,Sikat Gigi Formula Double Action 3s,1,15500.0,15500.0,0.0,False,TYPO_SKU
TRX-20260902-000157-008,TRX-20260902-000157,8,SKU-4002,Shampoo Sunsilk Black Shine 160ml,2,26000.0,52000.0,0.0,False,NONE
TRX-20260902-000157-009,TRX-20260902-000157,9,SKU-4001,Sabun Mandi Lifebuoy Total 10 450ml,2,27500.0,55000.0,0.0,False,NONE
TRX-20260902-000157-010,TRX-20260902-000157,10,SKU-1005,Garam Dapur Cap Kapal 250g,1,5000.0,5000.0,0.0,False,NONE
TRX-20260902-000157-011,TRX-20260902-000157,11,SKU-1001,Beras Pandan Wangi 5kg,1,78500.0,78500.0,0.0,False,NONE
TRX-20260902-000157-012,TRX-20260902-000157,12,SKU-1002,Minyak Goreng Bimoli 2L,2,37500.0,75000.0,0.0,False,NONE
TRX-20260902-000157-013,TRX-20260902-000157,13,SKU-1002,Minyak Goreng Bimoli 2L,1,37500.0,37500.0,0.0,False,NONE
TRX-20260902-000157-014,TRX-20260902-000157,14,SKU-1004,Tepung Terigu Segitiga Biru 1kg,5,13500.0,67500.0,0.0,False,NONE
TRX-20260902-000157-015,TRX-20260902-000157,15,SKU-1012,Kornet Sapi Pronas 198g,5,26000.0,130000.0,0.0,False,TYPO_SKU
TRX-20260902-000157-016,TRX-20260902-000157,16,SKU-2001,Telur Ayam Negeri 1kg,1,31000.0,31000.0,0.0,False,NONE
TRX-20260902-000157-017,TRX-20260902-000157,17,SKU-1009,Indomie Kuah Ayam Bawang 69g,1,3400.0,3400.0,0.0,False,NONE
TRX-20260902-000157-018,TRX-20260902-000157,18,SKU-1008,Indomie Goreng Spesial 85g,1,3500.0,3500.0,0.0,False,NONE
TRX-20260902-000158-001,TRX-20260902-000158,1,SKU-2003,Susu Ultra Milk Cokelat 1L,1,21500.0,21500.0,0.0,False,NONE
TRX-20260902-000158-002,TRX-20260902-000158,2,SKU-2207,UNKNOWN PRODUCT,1,16500.0,16500.0,0.0,False,TYPO_SKU
TRX-20260902-000158-003,TRX-20260902-000158,3,SKU-3006,Coca Cola 390ml,1,7500.0,7500.0,0.0,False,NONE
TRX-20260902-000159-001,TRX-20260902-000159,1,SKU-2003,Susu Ultra Milk Cokelat 1L,1,21500.0,21500.0,0.0,False,NONE
TRX-20260902-000159-002,TRX-20260902-000159,2,SKU-2001,Telur Ayam Negeri 1kg,1,31000.0,31000.0,0.0,False,NONE
TRX-20260902-000159-003,TRX-20260902-000159,3,SKU-3007,Chitato Sapi Panggang 68g,1,12500.0,12500.0,0.0,False,NONE
TRX-20260902-000160-001,TRX-20260902-000160,1,SKU-2008,Sari Roti Sobek Cokelat,1,19500.0,19500.0,0.0,False,NONE
TRX-20260902-000161-001,TRX-20260902-000161,1,SKU-4004,Sikat Gigi Formula Double Action 3s,1,15500.0,15500.0,0.0,False,NONE
TRX-20260902-000161-002,TRX-20260902-000161,2,SKU-3005,Good Day Moccacino 250ml,2,8000.0,16000.0,0.0,False,NONE
TRX-20260902-000161-003,TRX-20260902-000161,3,SKU-3002,Air Mineral Le Minerale 600ml,1,3800.0,3800.0,0.0,False,NONE
TRX-20260902-000161-004,TRX-20260902-000161,4,SKU-5004,Pembersih Lantai Super Pell 770ml,2,14500.0,29000.0,0.0,False,NONE
TRX-20260902-000161-005,TRX-20260902-000161,5,SKU-3004,Kopi Kapal Api Spesial Mix 10s,1,15500.0,15500.0,0.0,False,NONE
TRX-20260902-000161-006,TRX-20260902-000161,6,SKU-2004,Yakult Pack isi 5,2,11500.0,23000.0,0.0,False,NONE
TRX-20260902-000161-007,TRX-20260902-000161,7,SKU-1008,Indomie Goreng Spesial 85g,2,3500.0,7000.0,0.0,False,NONE
TRX-20260902-000161-008,TRX-20260902-000161,8,SKU-3003,Teh Pucuk Harum 350ml,2,4500.0,9000.0,0.0,False,NONE
TRX-20260902-000162-001,TRX-20260902-000162,1,SKU-5006,Baterai ABC Alkaline AA 4s,1,21000.0,21000.0,0.0,False,NONE
TRX-20260902-000162-002,TRX-20260902-000162,2,SKU-1010,Sedaap Mie Goreng 90g,2,3400.0,6800.0,0.0,False,NONE
TRX-20260902-000162-002_DUP,TRX-20260902-000162,3,SKU-1010,Sedaap Mie Goreng 90g,1,3400.0,3400.0,0.0,False,DOUBLE_SCAN
TRX-20260902-000162-004,TRX-20260902-000162,4,SKU-2001,Telur Ayam Negeri 1kg,1,31000.0,31000.0,0.0,False,NONE
TRX-20260902-000162-005,TRX-20260902-000162,5,SKU-4007,Minyak Telon My Baby 90ml,1,28000.0,28000.0,0.0,False,NONE
TRX-20260902-000162-006,TRX-20260902-000162,6,SKU-4001,Sabun Mandi Lifebuoy Total 10 450ml,5,27500.0,137500.0,0.0,False,NONE
TRX-20260902-000162-007,TRX-20260902-000162,7,SKU-4003,Pasta Gigi Pepsodent 190g,2,17000.0,34000.0,0.0,False,NONE
TRX-20260902-000162-008,TRX-20260902-000162,8,SKU-5004,Pembersih Lantai Super Pell 770ml,2,14500.0,29000.0,0.0,False,NONE
TRX-20260902-000162-009,TRX-20260902-000162,9,SKU-1006,Kecap Manis Bango 520ml,2,25500.0,51000.0,0.0,False,NONE
TRX-20260902-000162-010,TRX-20260902-000162,10,SKU-1005,Garam Dapur Cap Kapal 250g,5,5000.0,25000.0,0.0,False,NONE
TRX-20260902-000162-011,TRX-20260902-000162,11,SKU-4004,Sikat Gigi Formula Double Action 3s,1,15500.0,15500.0,0.0,False,NONE
TRX-20260902-000162-012,TRX-20260902-000162,12,SKU-5001,Deterjen Rinso Anti Noda 770g,5,23000.0,115000.0,0.0,True,VOID_ITEM
TRX-20260902-000162-013,TRX-20260902-000162,13,SKU-5003,Sabun Cuci Piring Sunlight 650ml,2,15500.0,31000.0,0.0,False,NONE
TRX-20260902-000162-014,TRX-20260902-000162,14,SKU-1009,Indomie Kuah Ayam Bawang 69g,1,3400.0,3400.0,0.0,False,NONE
TRX-20260902-000162-015,TRX-20260902-000162,15,SKU-4005,Rexona Deodorant Roll On 45ml,1,20500.0,20500.0,0.0,False,NONE
TRX-20260902-000162-016,TRX-20260902-000162,16,SKU-1003,Gula Pasir Gulaku 1kg,2,17500.0,35000.0,0.0,False,NONE
TRX-20260902-000162-017,TRX-20260902-000162,17,SKU-1004,Tepung Terigu Segitiga Biru 1kg,3,13500.0,40500.0,0.0,False,NONE
TRX-20260902-000162-018,TRX-20260902-000162,18,SKU-4006,Paseo Facial Tissue 250 Sheets,1,16500.0,16500.0,0.0,False,NONE
TRX-20260902-000163-001,TRX-20260902-000163,1,SKU-4201,UNKNOWN PRODUCT,1,27500.0,27500.0,0.0,False,TYPO_SKU
TRX-20260902-000163-002,TRX-20260902-000163,2,SKU-1012,Kornet Sapi Pronas 198g,1,26000.0,26000.0,0.0,False,NONE
TRX-20260902-000163-003,TRX-20260902-000163,3,SKU-1008,Indomie Goreng Spesial 85g,5,3500.0,17500.0,0.0,False,NONE
TRX-20260902-000163-004,TRX-20260902-000163,4,SKU-1007,Saus Sambal ABC 335ml,1,17500.0,17500.0,0.0,False,NONE
TRX-20260902-000163-005,TRX-20260902-000163,5,SKU-4003,Pasta Gigi Pepsodent 190g,1,17000.0,17000.0,0.0,False,NONE
TRX-20260902-000163-006,TRX-20260902-000163,6,SKU-5002,Pewangi Pakaian Molto All in 1 720ml,2,24000.0,48000.0,0.0,False,NONE
TRX-20260902-000163-007,TRX-20260902-000163,7,SKU-1004,Tepung Terigu Segitiga Biru 1kg,5,13500.0,67500.0,0.0,False,NONE
TRX-20260902-000163-008,TRX-20260902-000163,8,SKU-1003,Gula Pasir Gulaku 1kg,1,17500.0,17500.0,0.0,False,NONE
TRX-20260902-000163-009,TRX-20260902-000163,9,SKU-1010,Sedaap Mie Goreng 90g,1,3400.0,3400.0,0.0,False,NONE
TRX-20260902-000163-010,TRX-20260902-000163,10,SKU-5003,Sabun Cuci Piring Sunlight 650ml,1,15500.0,15500.0,0.0,False,NONE
TRX-20260902-000163-011,TRX-20260902-000163,11,SKU-5001,Deterjen Rinso Anti Noda 770g,1,23000.0,23000.0,0.0,False,NONE
TRX-20260902-000164-001,TRX-20260902-000164,1,SKU-1010,Sedaap Mie Goreng 90g,2,3400.0,6800.0,0.0,False,NONE
TRX-20260902-000164-002,TRX-20260902-000164,2,SKU-1007,Saus Sambal ABC 335ml,2,17500.0,35000.0,0.0,True,VOID_ITEM
TRX-20260902-000164-003,TRX-20260902-000164,3,SKU-1008,Indomie Goreng Spesial 85g,2,3500.0,7000.0,0.0,False,NONE
TRX-20260902-000164-004,TRX-20260902-000164,4,SKU-5003,Sabun Cuci Piring Sunlight 650ml,2,15500.0,31000.0,0.0,False,NONE
TRX-20260902-000164-005,TRX-20260902-000164,5,SKU-5001,Deterjen Rinso Anti Noda 770g,1,23000.0,23000.0,0.0,False,NONE
TRX-20260902-000164-006,TRX-20260902-000164,6,SKU-4001,Sabun Mandi Lifebuoy Total 10 450ml,2,27500.0,55000.0,0.0,False,NONE
TRX-20260902-000164-007,TRX-20260902-000164,7,SKU-1002,Minyak Goreng Bimoli 2L,2,37500.0,75000.0,0.0,False,NONE
TRX-20260902-000164-008,TRX-20260902-000164,8,SKU-1001,Beras Pandan Wangi 5kg,2,78500.0,157000.0,0.0,False,NONE
TRX-20260902-000164-009,TRX-20260902-000164,9,SKU-4004,Sikat Gigi Formula Double Action 3s,2,15500.0,31000.0,0.0,False,NONE
TRX-20260902-000164-010,TRX-20260902-000164,10,SKU-1011,Sarden ABC Saus Tomat 155g,5,12000.0,60000.0,0.0,False,NONE
TRX-20260902-000164-011,TRX-20260902-000164,11,SKU-5004,Pembersih Lantai Super Pell 770ml,3,14500.0,43500.0,0.0,False,NONE
TRX-20260902-000164-012,TRX-20260902-000164,12,SKU-4007,Minyak Telon My Baby 90ml,3,28000.0,84000.0,0.0,False,NONE
TRX-20260902-000164-013,TRX-20260902-000164,13,SKU-4003,Pasta Gigi Pepsodent 190g,2,17000.0,34000.0,0.0,False,NONE
TRX-20260902-000164-014,TRX-20260902-000164,14,SKU-5006,Baterai ABC Alkaline AA 4s,5,21000.0,105000.0,0.0,False,NONE
TRX-20260902-000164-015,TRX-20260902-000164,15,SKU-1009,Indomie Kuah Ayam Bawang 69g,2,3400.0,6800.0,0.0,True,VOID_ITEM
TRX-20260902-000164-016,TRX-20260902-000164,16,SKU-3001,Air Mineral Aqua 600ml,2,4000.0,8000.0,0.0,False,NONE
TRX-20260902-000164-017,TRX-20260902-000164,17,SKU-4002,Shampoo Sunsilk Black Shine 160ml,5,26000.0,130000.0,0.0,False,NONE
TRX-20260902-000165-001,TRX-20260902-000165,1,SKU-2002,Susu Ultra Milk Full Cream 1L,1,21500.0,21500.0,0.0,False,NONE
TRX-20260902-000165-002,TRX-20260902-000165,2,SKU-2008,Sari Roti Sobek Cokelat,1,19500.0,19500.0,0.0,False,NONE
TRX-20260902-000166-001,TRX-20260902-000166,1,SKU-2008,Sari Roti Sobek Cokelat,1,19500.0,19500.0,0.0,False,NONE
TRX-20260902-000167-001,TRX-20260902-000167,1,SKU-3001,Air Mineral Aqua 600ml,1,4000.0,4000.0,0.0,False,NONE
TRX-20260902-000167-002,TRX-20260902-000167,2,SKU-2001,Telur Ayam Negeri 1kg,1,31000.0,31000.0,0.0,True,VOID_ITEM
TRX-20260902-000167-003,TRX-20260902-000167,3,SKU-3004,Kopi Kapal Api Spesial Mix 10s,1,15500.0,15500.0,0.0,False,NONE
TRX-20260902-000168-001,TRX-20260902-000168,1,SKU-2008,Sari Roti Sobek Cokelat,1,19500.0,19500.0,0.0,False,NONE
TRX-20260902-000168-002,TRX-20260902-000168,2,SKU-3003,Teh Pucuk Harum 350ml,1,4500.0,4500.0,0.0,False,NONE
TRX-20260902-000169-001,TRX-20260902-000169,1,SKU-1008,Indomie Goreng Spesial 85g,3,3500.0,10500.0,0.0,False,NONE
TRX-20260902-000169-002,TRX-20260902-000169,2,SKU-3001,Air Mineral Aqua 600ml,2,4000.0,8000.0,0.0,False,NONE
TRX-20260902-000169-003,TRX-20260902-000169,3,SKU-5003,Sabun Cuci Piring Sunlight 650ml,1,15500.0,15500.0,0.0,False,TYPO_SKU
TRX-20260902-000169-004,TRX-20260902-000169,4,SKU-1011,Sarden ABC Saus Tomat 155g,2,12000.0,24000.0,0.0,False,NONE
TRX-20260902-000169-005,TRX-20260902-000169,5,SKU-5001,Deterjen Rinso Anti Noda 770g,1,23000.0,23000.0,0.0,False,NONE
TRX-20260902-000169-006,TRX-20260902-000169,6,SKU-1206,UNKNOWN PRODUCT,1,25500.0,25500.0,0.0,False,TYPO_SKU
TRX-20260902-000169-007,TRX-20260902-000169,7,SKU-4004,Sikat Gigi Formula Double Action 3s,1,15500.0,15500.0,0.0,False,NONE
TRX-20260902-000169-008,TRX-20260902-000169,8,SKU-1004,Tepung Terigu Segitiga Biru 1kg,1,13500.0,13500.0,0.0,False,NONE
TRX-20260902-000169-009,TRX-20260902-000169,9,SKU-5004,Pembersih Lantai Super Pell 770ml,1,14500.0,14500.0,0.0,False,NONE
TRX-20260902-000169-010,TRX-20260902-000169,10,SKU-4007,Minyak Telon My Baby 90ml,1,28000.0,28000.0,0.0,False,NONE
TRX-20260902-000169-011,TRX-20260902-000169,11,SKU-1000,UNKNOWN PRODUCT,2,78500.0,157000.0,0.0,False,TYPO_SKU
TRX-20260902-000169-012,TRX-20260902-000169,12,SKU-1002,Minyak Goreng Bimoli 2L,1,37500.0,37500.0,0.0,False,NONE
TRX-20260902-000169-013,TRX-20260902-000169,13,SKU-1012,Kornet Sapi Pronas 198g,1,26000.0,26000.0,0.0,False,NONE
TRX-20260902-000169-014,TRX-20260902-000169,14,SKU-1093,UNKNOWN PRODUCT,3,17500.0,52500.0,0.0,False,TYPO_SKU
TRX-20260902-000169-015,TRX-20260902-000169,15,SKU-5006,Baterai ABC Alkaline AA 4s,2,21000.0,42000.0,0.0,False,NONE
TRX-20260902-000169-016,TRX-20260902-000169,16,SKU-4002,Shampoo Sunsilk Black Shine 160ml,2,26000.0,52000.0,0.0,False,NONE
TRX-20260902-000169-017,TRX-20260902-000169,17,SKU-4001,Sabun Mandi Lifebuoy Total 10 450ml,2,27500.0,55000.0,0.0,False,NONE
TRX-20260902-000169-018,TRX-20260902-000169,18,SKU-1010,Sedaap Mie Goreng 90g,3,3400.0,10200.0,0.0,False,NONE
TRX-20260902-000169-019,TRX-20260902-000169,19,SKU-2001,Telur Ayam Negeri 1kg,2,31000.0,62000.0,0.0,False,NONE
TRX-20260902-000169-020,TRX-20260902-000169,20,SKU-4003,Pasta Gigi Pepsodent 190g,1,17000.0,17000.0,0.0,False,NONE
TRX-20260902-000170-001,TRX-20260902-000170,1,SKU-2005,Keju Kraft Cheddar 165g,1,24000.0,24000.0,0.0,False,NONE
TRX-20260902-000170-002,TRX-20260902-000170,2,SKU-3006,Coca Cola 390ml,1,7500.0,7500.0,0.0,False,NONE
TRX-20260902-000171-001,TRX-20260902-000171,1,SKU-1010,Sedaap Mie Goreng 90g,1,3400.0,3400.0,0.0,False,NONE
TRX-20260902-000171-002,TRX-20260902-000171,2,SKU-1009,Indomie Kuah Ayam Bawang 69g,2,3400.0,6800.0,0.0,False,NONE
TRX-20260902-000171-003,TRX-20260902-000171,3,SKU-4004,Sikat Gigi Formula Double Action 3s,2,15500.0,31000.0,0.0,False,NONE
TRX-20260902-000171-004,TRX-20260902-000171,4,SKU-1008,Indomie Goreng Spesial 85g,1,3500.0,3500.0,0.0,False,NONE
TRX-20260902-000172-001,TRX-20260902-000172,1,SKU-3009,Oreo Original Roll 133g,2,11000.0,22000.0,0.0,False,NONE
TRX-20260902-000172-002,TRX-20260902-000172,2,SKU-3005,Good Day Moccacino 250ml,1,8000.0,8000.0,0.0,False,NONE
TRX-20260902-000172-003,TRX-20260902-000172,3,SKU-1005,Garam Dapur Cap Kapal 250g,1,5000.0,5000.0,0.0,False,NONE
TRX-20260902-000172-004,TRX-20260902-000172,4,SKU-2006,Mentega Blue Band 200g,1,12500.0,12500.0,0.0,False,NONE
TRX-20260902-000172-005,TRX-20260902-000172,5,SKU-1009,Indomie Kuah Ayam Bawang 69g,1,3400.0,3400.0,0.0,False,NONE
TRX-20260902-000173-001,TRX-20260902-000173,1,SKU-3001,Air Mineral Aqua 600ml,1,4000.0,4000.0,0.0,False,NONE
TRX-20260902-000173-002,TRX-20260902-000173,2,SKU-2003,Susu Ultra Milk Cokelat 1L,1,21500.0,21500.0,0.0,True,VOID_ITEM
TRX-20260902-000173-003,TRX-20260902-000173,3,SKU-2006,Mentega Blue Band 200g,1,12500.0,12500.0,0.0,False,NONE
TRX-20260902-000174-001,TRX-20260902-000174,1,SKU-5001,Deterjen Rinso Anti Noda 770g,1,23000.0,23000.0,0.0,False,NONE
TRX-20260902-000174-002,TRX-20260902-000174,2,SKU-1009,Indomie Kuah Ayam Bawang 69g,1,3400.0,3400.0,0.0,False,NONE
TRX-20260902-000174-003,TRX-20260902-000174,3,SKU-1011,Sarden ABC Saus Tomat 155g,1,12000.0,12000.0,0.0,False,NONE
TRX-20260902-000174-004,TRX-20260902-000174,4,SKU-3009,Oreo Original Roll 133g,2,11000.0,22000.0,0.0,False,NONE
TRX-20260902-000175-001,TRX-20260902-000175,1,SKU-4001,Sabun Mandi Lifebuoy Total 10 450ml,5,27500.0,137500.0,0.0,False,NONE
TRX-20260902-000175-002,TRX-20260902-000175,2,SKU-1009,Indomie Kuah Ayam Bawang 69g,3,3400.0,10200.0,0.0,False,NONE
TRX-20260902-000175-003,TRX-20260902-000175,3,SKU-3001,Air Mineral Aqua 600ml,1,4000.0,4000.0,0.0,False,NONE
TRX-20260902-000175-004,TRX-20260902-000175,4,SKU-4005,Rexona Deodorant Roll On 45ml,1,20500.0,20500.0,0.0,False,NONE
TRX-20260902-000175-005,TRX-20260902-000175,5,SKU-1007,Saus Sambal ABC 335ml,1,17500.0,17500.0,0.0,False,NONE
TRX-20260902-000175-006,TRX-20260902-000175,6,SKU-4006,Paseo Facial Tissue 250 Sheets,5,16500.0,82500.0,0.0,False,NONE
TRX-20260902-000175-007,TRX-20260902-000175,7,SKU-1010,Sedaap Mie Goreng 90g,3,3400.0,10200.0,0.0,False,NONE
TRX-20260902-000175-008,TRX-20260902-000175,8,SKU-4003,Pasta Gigi Pepsodent 190g,2,17000.0,34000.0,0.0,False,NONE
TRX-20260902-000175-009,TRX-20260902-000175,9,SKU-4004,Sikat Gigi Formula Double Action 3s,2,15500.0,31000.0,0.0,False,NONE
TRX-20260902-000175-010,TRX-20260902-000175,10,SKU-4007,Minyak Telon My Baby 90ml,2,28000.0,56000.0,0.0,False,NONE
TRX-20260902-000175-011,TRX-20260902-000175,11,SKU-1004,Tepung Terigu Segitiga Biru 1kg,1,13500.0,13500.0,0.0,False,NONE
TRX-20260902-000175-012,TRX-20260902-000175,12,SKU-4002,Shampoo Sunsilk Black Shine 160ml,5,26000.0,130000.0,0.0,False,NONE
TRX-20260902-000175-013,TRX-20260902-000175,13,SKU-1003,Gula Pasir Gulaku 1kg,1,17500.0,17500.0,0.0,False,NONE
TRX-20260902-000175-014,TRX-20260902-000175,14,SKU-1008,Indomie Goreng Spesial 85g,2,3500.0,7000.0,0.0,False,NONE
TRX-20260902-000175-015,TRX-20260902-000175,15,SKU-5003,Sabun Cuci Piring Sunlight 650ml,1,15500.0,15500.0,0.0,False,NONE
TRX-20260902-000175-016,TRX-20260902-000175,16,SKU-1006,Kecap Manis Bango 520ml,3,25500.0,76500.0,0.0,False,NONE
TRX-20260902-000175-017,TRX-20260902-000175,17,SKU-5002,Pewangi Pakaian Molto All in 1 720ml,2,24000.0,48000.0,0.0,False,NONE
TRX-20260902-000176-001,TRX-20260902-000176,1,SKU-1006,Kecap Manis Bango 520ml,1,25500.0,25500.0,0.0,False,NONE
TRX-20260902-000176-002,TRX-20260902-000176,2,SKU-1010,Sedaap Mie Goreng 90g,1,3400.0,3400.0,0.0,False,NONE
TRX-20260902-000176-003,TRX-20260902-000176,3,SKU-4007,Minyak Telon My Baby 90ml,1,28000.0,28000.0,0.0,False,NONE
TRX-20260902-000176-004,TRX-20260902-000176,4,SKU-2001,Telur Ayam Negeri 1kg,1,31000.0,31000.0,0.0,False,NONE
TRX-20260902-000176-005,TRX-20260902-000176,5,SKU-1012,Kornet Sapi Pronas 198g,1,26000.0,26000.0,0.0,True,VOID_ITEM
TRX-20260902-000176-006,TRX-20260902-000176,6,SKU-3010,SilverQueen Cokelat Mede 58g,1,17000.0,17000.0,0.0,False,NONE
TRX-20260902-000176-007,TRX-20260902-000176,7,SKU-3009,Oreo Original Roll 133g,2,11000.0,22000.0,0.0,False,NONE
TRX-20260902-000176-008,TRX-20260902-000176,8,SKU-3007,Chitato Sapi Panggang 68g,2,12500.0,25000.0,0.0,False,NONE
TRX-20260902-000177-001,TRX-20260902-000177,1,SKU-2006,Mentega Blue Band 200g,1,12500.0,12500.0,0.0,False,NONE
TRX-20260902-000178-001,TRX-20260902-000178,1,SKU-1010,Sedaap Mie Goreng 90g,2,3400.0,6800.0,0.0,False,NONE
TRX-20260902-000178-002,TRX-20260902-000178,2,SKU-1008,Indomie Goreng Spesial 85g,2,3500.0,7000.0,0.0,False,NONE
TRX-20260902-000178-003,TRX-20260902-000178,3,SKU-1011,Sarden ABC Saus Tomat 155g,2,12000.0,24000.0,0.0,False,NONE
TRX-20260902-000178-004,TRX-20260902-000178,4,SKU-1004,Tepung Terigu Segitiga Biru 1kg,2,13500.0,27000.0,0.0,False,NONE
TRX-20260902-000178-005,TRX-20260902-000178,5,SKU-3002,Air Mineral Le Minerale 600ml,1,3800.0,3800.0,0.0,False,NONE
TRX-20260902-000178-006,TRX-20260902-000178,6,SKU-3001,Air Mineral Aqua 600ml,1,4000.0,4000.0,0.0,False,NONE
TRX-20260902-000178-007,TRX-20260902-000178,7,SKU-3003,Teh Pucuk Harum 350ml,1,4500.0,4500.0,0.0,False,NONE
TRX-20260902-000179-001,TRX-20260902-000179,1,SKU-3008,Taro Net Seaweed 65g,2,9800.0,19600.0,0.0,False,NONE
TRX-20260902-000179-002,TRX-20260902-000179,2,SKU-3003,Teh Pucuk Harum 350ml,2,4500.0,9000.0,0.0,False,NONE
TRX-20260902-000179-003,TRX-20260902-000179,3,SKU-2004,Yakult Pack isi 5,1,11500.0,11500.0,0.0,False,NONE
TRX-20260902-000179-004,TRX-20260902-000179,4,SKU-3006,Coca Cola 390ml,2,7500.0,15000.0,0.0,False,NONE
TRX-20260902-000179-005,TRX-20260902-000179,5,SKU-1010,Sedaap Mie Goreng 90g,2,3400.0,6800.0,0.0,True,VOID_ITEM
TRX-20260902-000179-006,TRX-20260902-000179,6,SKU-4004,Sikat Gigi Formula Double Action 3s,2,15500.0,31000.0,0.0,True,VOID_ITEM
TRX-20260902-000179-007,TRX-20260902-000179,7,SKU-5004,Pembersih Lantai Super Pell 770ml,2,14500.0,29000.0,0.0,False,NONE
TRX-20260902-000179-008,TRX-20260902-000179,8,SKU-3005,Good Day Moccacino 250ml,1,8000.0,8000.0,0.0,False,NONE
TRX-20260902-000180-001,TRX-20260902-000180,1,SKU-2005,Keju Kraft Cheddar 165g,1,24000.0,24000.0,0.0,False,NONE
TRX-20260902-000180-002,TRX-20260902-000180,2,SKU-3002,Air Mineral Le Minerale 600ml,1,3800.0,3800.0,0.0,False,NONE
TRX-20260902-000181-001,TRX-20260902-000181,1,SKU-5002,Pewangi Pakaian Molto All in 1 720ml,1,24000.0,24000.0,0.0,False,NONE
TRX-20260902-000181-002,TRX-20260902-000181,2,SKU-3008,Taro Net Seaweed 65g,1,9800.0,9800.0,0.0,False,TYPO_SKU
TRX-20260902-000181-003,TRX-20260902-000181,3,SKU-1003,Gula Pasir Gulaku 1kg,1,17500.0,17500.0,0.0,False,NONE
TRX-20260902-000181-004,TRX-20260902-000181,4,SKU-5003,Sabun Cuci Piring Sunlight 650ml,1,15500.0,15500.0,0.0,False,NONE
TRX-20260902-000181-005,TRX-20260902-000181,5,SKU-5006,Baterai ABC Alkaline AA 4s,1,21000.0,21000.0,0.0,False,NONE
TRX-20260902-000181-006,TRX-20260902-000181,6,SKU-3003,Teh Pucuk Harum 350ml,1,4500.0,4500.0,0.0,False,NONE
TRX-20260902-000181-007,TRX-20260902-000181,7,SKU-3001,Air Mineral Aqua 600ml,2,4000.0,8000.0,0.0,False,NONE
TRX-20260902-000182-001,TRX-20260902-000182,1,SKU-2008,Sari Roti Sobek Cokelat,1,19500.0,19500.0,0.0,False,NONE
TRX-20260902-000182-002,TRX-20260902-000182,2,SKU-3010,SilverQueen Cokelat Mede 58g,1,17000.0,17000.0,0.0,False,NONE
TRX-20260902-000182-003,TRX-20260902-000182,3,SKU-3009,Oreo Original Roll 133g,1,11000.0,11000.0,0.0,False,NONE
TRX-20260902-000183-001,TRX-20260902-000183,1,SKU-3908,UNKNOWN PRODUCT,1,9800.0,9800.0,0.0,False,TYPO_SKU
TRX-20260902-000184-001,TRX-20260902-000184,1,SKU-3010,SilverQueen Cokelat Mede 58g,1,17000.0,17000.0,0.0,False,NONE
TRX-20260902-000184-002,TRX-20260902-000184,2,SKU-2006,Mentega Blue Band 200g,1,12500.0,12500.0,0.0,False,NONE
TRX-20260902-000184-003,TRX-20260902-000184,3,SKU-4005,Rexona Deodorant Roll On 45ml,1,20500.0,20500.0,0.0,False,NONE
TRX-20260902-000184-004,TRX-20260902-000184,4,SKU-1006,Kecap Manis Bango 520ml,1,25500.0,25500.0,0.0,False,NONE
TRX-20260902-000184-005,TRX-20260902-000184,5,SKU-5001,Deterjen Rinso Anti Noda 770g,1,23000.0,23000.0,0.0,False,NONE
TRX-20260902-000184-006,TRX-20260902-000184,6,SKU-3005,Good Day Moccacino 250ml,2,8000.0,16000.0,0.0,False,NONE
TRX-20260902-000184-007,TRX-20260902-000184,7,SKU-3004,Kopi Kapal Api Spesial Mix 10s,1,15500.0,15500.0,0.0,False,NONE
TRX-20260902-000184-008,TRX-20260902-000184,8,SKU-3008,Taro Net Seaweed 65g,1,9800.0,9800.0,0.0,False,NONE
TRX-20260902-000185-001,TRX-20260902-000185,1,SKU-1004,Tepung Terigu Segitiga Biru 1kg,1,13500.0,13500.0,0.0,False,NONE
TRX-20260902-000185-002,TRX-20260902-000185,2,SKU-2002,Susu Ultra Milk Full Cream 1L,1,21500.0,21500.0,0.0,False,NONE
TRX-20260902-000185-003,TRX-20260902-000185,3,SKU-3009,Oreo Original Roll 133g,1,11000.0,11000.0,0.0,False,NONE
TRX-20260902-000185-004,TRX-20260902-000185,4,SKU-3003,Teh Pucuk Harum 350ml,1,4500.0,4500.0,0.0,False,NONE
TRX-20260902-000186-001,TRX-20260902-000186,1,SKU-4007,Minyak Telon My Baby 90ml,1,28000.0,28000.0,0.0,False,NONE
TRX-20260902-000186-002,TRX-20260902-000186,2,SKU-1003,Gula Pasir Gulaku 1kg,1,17500.0,17500.0,0.0,False,NONE
TRX-20260902-000186-003,TRX-20260902-000186,3,SKU-3005,Good Day Moccacino 250ml,2,8000.0,16000.0,0.0,False,NONE
TRX-20260902-000186-004,TRX-20260902-000186,4,SKU-3007,Chitato Sapi Panggang 68g,2,12500.0,25000.0,0.0,False,NONE
TRX-20260902-000187-001,TRX-20260902-000187,1,SKU-5004,Pembersih Lantai Super Pell 770ml,1,14500.0,14500.0,0.0,False,NONE
TRX-20260902-000187-002,TRX-20260902-000187,2,SKU-1011,Sarden ABC Saus Tomat 155g,1,12000.0,12000.0,0.0,True,VOID_ITEM
TRX-20260902-000187-003,TRX-20260902-000187,3,SKU-3002,Air Mineral Le Minerale 600ml,1,3800.0,3800.0,0.0,False,NONE
TRX-20260902-000187-004,TRX-20260902-000187,4,SKU-1004,Tepung Terigu Segitiga Biru 1kg,2,13500.0,27000.0,0.0,False,NONE
TRX-20260902-000187-005,TRX-20260902-000187,5,SKU-1008,Indomie Goreng Spesial 85g,1,3500.0,3500.0,0.0,False,NONE
TRX-20260902-000188-001,TRX-20260902-000188,1,SKU-3006,Coca Cola 390ml,1,7500.0,7500.0,0.0,False,NONE
TRX-20260902-000188-002,TRX-20260902-000188,2,SKU-3001,Air Mineral Aqua 600ml,1,4000.0,4000.0,0.0,True,VOID_ITEM
TRX-20260902-000188-003,TRX-20260902-000188,3,SKU-3008,Taro Net Seaweed 65g,1,9800.0,9800.0,0.0,False,NONE
TRX-20260902-000188-004,TRX-20260902-000188,4,SKU-1005,Garam Dapur Cap Kapal 250g,1,5000.0,5000.0,0.0,False,NONE
TRX-20260902-000188-005,TRX-20260902-000188,5,SKU-2004,Yakult Pack isi 5,2,11500.0,23000.0,0.0,False,NONE
TRX-20260902-000188-006,TRX-20260902-000188,6,SKU-4004,Sikat Gigi Formula Double Action 3s,1,15500.0,15500.0,0.0,True,VOID_ITEM
TRX-20260902-000188-007,TRX-20260902-000188,7,SKU-3003,Teh Pucuk Harum 350ml,2,4500.0,9000.0,0.0,True,VOID_ITEM
TRX-20260902-000188-008,TRX-20260902-000188,8,SKU-3005,Good Day Moccacino 250ml,2,8000.0,16000.0,0.0,False,NONE
TRX-20260902-000188-009,TRX-20260902-000188,9,SKU-1010,Sedaap Mie Goreng 90g,1,3400.0,3400.0,0.0,False,NONE
TRX-20260902-000189-001,TRX-20260902-000189,1,SKU-3003,Teh Pucuk Harum 350ml,1,4500.0,4500.0,0.0,False,NONE
TRX-20260902-000189-002,TRX-20260902-000189,2,SKU-4006,Paseo Facial Tissue 250 Sheets,1,16500.0,16500.0,0.0,False,NONE
TRX-20260902-000189-003,TRX-20260902-000189,3,SKU-1010,Sedaap Mie Goreng 90g,1,3400.0,3400.0,0.0,False,NONE
TRX-20260902-000189-004,TRX-20260902-000189,4,SKU-1011,Sarden ABC Saus Tomat 155g,1,12000.0,12000.0,0.0,False,NONE
TRX-20260902-000189-005,TRX-20260902-000189,5,SKU-3002,Air Mineral Le Minerale 600ml,1,3800.0,3800.0,0.0,False,NONE
TRX-20260902-000190-001,TRX-20260902-000190,1,SKU-4003,Pasta Gigi Pepsodent 190g,1,17000.0,17000.0,0.0,False,NONE
TRX-20260902-000190-002,TRX-20260902-000190,2,SKU-1002,Minyak Goreng Bimoli 2L,1,37500.0,37500.0,0.0,False,NONE
TRX-20260902-000190-003,TRX-20260902-000190,3,SKU-1001,Beras Pandan Wangi 5kg,1,78500.0,78500.0,0.0,False,NONE
TRX-20260902-000190-004,TRX-20260902-000190,4,SKU-1011,Sarden ABC Saus Tomat 155g,2,12000.0,24000.0,0.0,False,NONE
TRX-20260902-000190-005,TRX-20260902-000190,5,SKU-1003,Gula Pasir Gulaku 1kg,5,17500.0,87500.0,0.0,False,NONE
TRX-20260902-000190-006,TRX-20260902-000190,6,SKU-1009,Indomie Kuah Ayam Bawang 69g,1,3400.0,3400.0,0.0,False,NONE
TRX-20260902-000190-007,TRX-20260902-000190,7,SKU-3001,Air Mineral Aqua 600ml,1,4000.0,4000.0,0.0,False,NONE
TRX-20260902-000190-008,TRX-20260902-000190,8,SKU-1010,Sedaap Mie Goreng 90g,2,3400.0,6800.0,0.0,False,NONE
TRX-20260902-000190-009,TRX-20260902-000190,9,SKU-1007,Saus Sambal ABC 335ml,1,17500.0,17500.0,0.0,False,NONE
TRX-20260902-000190-010,TRX-20260902-000190,10,SKU-4002,Shampoo Sunsilk Black Shine 160ml,2,26000.0,52000.0,0.0,False,NONE
TRX-20260902-000190-011,TRX-20260902-000190,11,SKU-5001,Deterjen Rinso Anti Noda 770g,3,23000.0,69000.0,0.0,False,NONE
TRX-20260902-000190-012,TRX-20260902-000190,12,SKU-4001,Sabun Mandi Lifebuoy Total 10 450ml,2,27500.0,55000.0,0.0,False,NONE
TRX-20260902-000190-013,TRX-20260902-000190,13,SKU-1005,Garam Dapur Cap Kapal 250g,1,5000.0,5000.0,0.0,False,NONE
TRX-20260902-000190-014,TRX-20260902-000190,14,SKU-1004,Tepung Terigu Segitiga Biru 1kg,2,13500.0,27000.0,0.0,False,NONE
TRX-20260902-000190-015,TRX-20260902-000190,15,SKU-4004,Sikat Gigi Formula Double Action 3s,1,15500.0,15500.0,0.0,True,VOID_ITEM
TRX-20260902-000190-016,TRX-20260902-000190,16,SKU-1006,Kecap Manis Bango 520ml,2,25500.0,51000.0,0.0,False,NONE
TRX-20260902-000190-017,TRX-20260902-000190,17,SKU-1012,Kornet Sapi Pronas 198g,3,26000.0,78000.0,0.0,False,NONE
TRX-20260902-000190-018,TRX-20260902-000190,18,SKU-4007,Minyak Telon My Baby 90ml,2,28000.0,56000.0,0.0,False,NONE
TRX-20260902-000190-019,TRX-20260902-000190,19,SKU-4006,Paseo Facial Tissue 250 Sheets,2,16500.0,33000.0,0.0,False,NONE
TRX-20260902-000190-020,TRX-20260902-000190,20,SKU-4005,Rexona Deodorant Roll On 45ml,2,20500.0,41000.0,0.0,False,NONE
TRX-20260902-000190-021,TRX-20260902-000190,21,SKU-5003,Sabun Cuci Piring Sunlight 650ml,1,15500.0,15500.0,0.0,False,NONE
TRX-20260902-000191-001,TRX-20260902-000191,1,SKU-3009,Oreo Original Roll 133g,1,11000.0,11000.0,0.0,False,NONE
TRX-20260902-000192-001,TRX-20260902-000192,1,SKU-2001,Telur Ayam Negeri 1kg,1,31000.0,31000.0,0.0,False,NONE
TRX-20260902-000193-001,TRX-20260902-000193,1,SKU-2001,Telur Ayam Negeri 1kg,1,31000.0,31000.0,0.0,False,NONE
TRX-20260902-000193-002,TRX-20260902-000193,2,SKU-3005,Good Day Moccacino 250ml,1,8000.0,8000.0,0.0,False,NONE
TRX-20260902-000194-001,TRX-20260902-000194,1,SKU-4004,Sikat Gigi Formula Double Action 3s,2,15500.0,31000.0,0.0,False,NONE
TRX-20260902-000194-002,TRX-20260902-000194,2,SKU-1011,Sarden ABC Saus Tomat 155g,1,12000.0,12000.0,0.0,False,NONE
TRX-20260902-000194-003,TRX-20260902-000194,3,SKU-3005,Good Day Moccacino 250ml,2,8000.0,16000.0,0.0,False,NONE
TRX-20260902-000194-004,TRX-20260902-000194,4,SKU-2006,Mentega Blue Band 200g,2,12500.0,25000.0,0.0,False,NONE
TRX-20260902-000194-005,TRX-20260902-000194,5,SKU-3009,Oreo Original Roll 133g,2,11000.0,22000.0,0.0,False,NONE
TRX-20260902-000194-006,TRX-20260902-000194,6,SKU-3002,Air Mineral Le Minerale 600ml,1,3800.0,3800.0,0.0,False,NONE
TRX-20260902-000195-001,TRX-20260902-000195,1,SKU-5001,Deterjen Rinso Anti Noda 770g,2,23000.0,46000.0,0.0,False,NONE
TRX-20260902-000195-002,TRX-20260902-000195,2,SKU-4006,Paseo Facial Tissue 250 Sheets,3,16500.0,49500.0,0.0,False,NONE
TRX-20260902-000195-003,TRX-20260902-000195,3,SKU-4004,Sikat Gigi Formula Double Action 3s,1,15500.0,15500.0,0.0,False,NONE
TRX-20260902-000195-004,TRX-20260902-000195,4,SKU-4002,Shampoo Sunsilk Black Shine 160ml,2,26000.0,52000.0,0.0,False,NONE
TRX-20260902-000195-005,TRX-20260902-000195,5,SKU-4003,Pasta Gigi Pepsodent 190g,1,17000.0,17000.0,0.0,False,NONE
TRX-20260902-000195-006,TRX-20260902-000195,6,SKU-5002,Pewangi Pakaian Molto All in 1 720ml,1,24000.0,24000.0,0.0,False,NONE
TRX-20260902-000195-007,TRX-20260902-000195,7,SKU-1009,Indomie Kuah Ayam Bawang 69g,2,3400.0,6800.0,0.0,False,NONE
TRX-20260902-000195-008,TRX-20260902-000195,8,SKU-2001,Telur Ayam Negeri 1kg,1,31000.0,31000.0,0.0,False,NONE
TRX-20260902-000195-009,TRX-20260902-000195,9,SKU-4005,Rexona Deodorant Roll On 45ml,1,20500.0,20500.0,0.0,False,NONE
TRX-20260902-000195-010,TRX-20260902-000195,10,SKU-4003,Pasta Gigi Pepsodent 190g,1,17000.0,17000.0,0.0,False,NONE
TRX-20260902-000195-011,TRX-20260902-000195,11,SKU-1006,Kecap Manis Bango 520ml,3,25500.0,76500.0,0.0,False,NONE
TRX-20260902-000195-012,TRX-20260902-000195,12,SKU-1010,Sedaap Mie Goreng 90g,5,3400.0,17000.0,0.0,False,NONE
TRX-20260902-000195-013,TRX-20260902-000195,13,SKU-1011,Sarden ABC Saus Tomat 155g,2,12000.0,24000.0,0.0,False,NONE
TRX-20260902-000195-014,TRX-20260902-000195,14,SKU-1005,Garam Dapur Cap Kapal 250g,2,5000.0,10000.0,0.0,False,NONE
TRX-20260902-000196-001,TRX-20260902-000196,1,SKU-1006,Kecap Manis Bango 520ml,2,25500.0,51000.0,0.0,False,NONE
TRX-20260902-000196-002,TRX-20260902-000196,2,SKU-4002,Shampoo Sunsilk Black Shine 160ml,1,26000.0,26000.0,0.0,False,NONE
TRX-20260902-000196-003,TRX-20260902-000196,3,SKU-4001,Sabun Mandi Lifebuoy Total 10 450ml,2,27500.0,55000.0,0.0,True,VOID_ITEM
TRX-20260902-000196-004,TRX-20260902-000196,4,SKU-5001,Deterjen Rinso Anti Noda 770g,2,23000.0,46000.0,0.0,False,NONE
TRX-20260902-000196-005,TRX-20260902-000196,5,SKU-5004,Pembersih Lantai Super Pell 770ml,2,14500.0,29000.0,0.0,False,NONE
TRX-20260902-000196-006,TRX-20260902-000196,6,SKU-5006,Baterai ABC Alkaline AA 4s,2,21000.0,42000.0,0.0,False,NONE
TRX-20260902-000196-007,TRX-20260902-000196,7,SKU-4005,Rexona Deodorant Roll On 45ml,1,20500.0,20500.0,0.0,False,NONE
TRX-20260902-000196-008,TRX-20260902-000196,8,SKU-4004,Sikat Gigi Formula Double Action 3s,5,15500.0,77500.0,0.0,False,NONE
TRX-20260902-000196-009,TRX-20260902-000196,9,SKU-5002,Pewangi Pakaian Molto All in 1 720ml,1,24000.0,24000.0,0.0,False,NONE
TRX-20260902-000196-010,TRX-20260902-000196,10,SKU-1011,Sarden ABC Saus Tomat 155g,3,12000.0,36000.0,0.0,False,NONE
TRX-20260902-000196-011,TRX-20260902-000196,11,SKU-1008,Indomie Goreng Spesial 85g,1,3500.0,3500.0,0.0,False,NONE
TRX-20260902-000196-012,TRX-20260902-000196,12,SKU-1007,Saus Sambal ABC 335ml,1,17500.0,17500.0,0.0,False,NONE
TRX-20260902-000196-013,TRX-20260902-000196,13,SKU-1002,Minyak Goreng Bimoli 2L,1,37500.0,37500.0,0.0,False,NONE
TRX-20260902-000196-014,TRX-20260902-000196,14,SKU-1004,Tepung Terigu Segitiga Biru 1kg,2,13500.0,27000.0,0.0,False,NONE
TRX-20260902-000196-015,TRX-20260902-000196,15,SKU-1009,Indomie Kuah Ayam Bawang 69g,1,3400.0,3400.0,0.0,False,NONE
TRX-20260902-000196-016,TRX-20260902-000196,16,SKU-4007,Minyak Telon My Baby 90ml,3,28000.0,84000.0,0.0,False,NONE
TRX-20260902-000196-017,TRX-20260902-000196,17,SKU-4003,Pasta Gigi Pepsodent 190g,2,17000.0,34000.0,0.0,False,NONE
TRX-20260902-000196-018,TRX-20260902-000196,18,SKU-1001,Beras Pandan Wangi 5kg,1,78500.0,78500.0,0.0,False,NONE
TRX-20260902-000196-019,TRX-20260902-000196,19,SKU-1003,Gula Pasir Gulaku 1kg,2,17500.0,35000.0,0.0,False,NONE
TRX-20260902-000196-020,TRX-20260902-000196,20,SKU-1005,Garam Dapur Cap Kapal 250g,5,5000.0,25000.0,0.0,False,NONE
TRX-20260902-000197-001,TRX-20260902-000197,1,SKU-1011,Sarden ABC Saus Tomat 155g,1,12000.0,12000.0,0.0,False,NONE
TRX-20260902-000197-002,TRX-20260902-000197,2,SKU-1003,Gula Pasir Gulaku 1kg,3,17500.0,52500.0,0.0,False,NONE
TRX-20260902-000197-003,TRX-20260902-000197,3,SKU-1004,Tepung Terigu Segitiga Biru 1kg,2,13500.0,27000.0,0.0,False,NONE
TRX-20260902-000197-004,TRX-20260902-000197,4,SKU-1002,Minyak Goreng Bimoli 2L,1,37500.0,37500.0,0.0,False,NONE
TRX-20260902-000197-005,TRX-20260902-000197,5,SKU-1005,Garam Dapur Cap Kapal 250g,3,5000.0,15000.0,0.0,False,NONE
TRX-20260902-000197-006,TRX-20260902-000197,6,SKU-5006,Baterai ABC Alkaline AA 4s,5,21000.0,105000.0,0.0,False,NONE
TRX-20260902-000197-007,TRX-20260902-000197,7,SKU-1006,Kecap Manis Bango 520ml,2,25500.0,51000.0,0.0,False,NONE
TRX-20260902-000197-008,TRX-20260902-000197,8,SKU-1009,Indomie Kuah Ayam Bawang 69g,2,3400.0,6800.0,0.0,False,NONE
TRX-20260902-000197-009,TRX-20260902-000197,9,SKU-1007,Saus Sambal ABC 335ml,1,17500.0,17500.0,0.0,False,NONE
TRX-20260902-000197-010,TRX-20260902-000197,10,SKU-4006,Paseo Facial Tissue 250 Sheets,2,16500.0,33000.0,0.0,False,NONE
TRX-20260902-000197-011,TRX-20260902-000197,11,SKU-4002,Shampoo Sunsilk Black Shine 160ml,3,26000.0,78000.0,0.0,False,NONE
TRX-20260902-000197-012,TRX-20260902-000197,12,SKU-4001,Sabun Mandi Lifebuoy Total 10 450ml,1,27500.0,27500.0,0.0,False,NONE
TRX-20260902-000197-013,TRX-20260902-000197,13,SKU-4003,Pasta Gigi Pepsodent 190g,2,17000.0,34000.0,0.0,False,NONE
TRX-20260902-000197-014,TRX-20260902-000197,14,SKU-1010,Sedaap Mie Goreng 90g,3,3400.0,10200.0,0.0,False,NONE
TRX-20260902-000197-015,TRX-20260902-000197,15,SKU-2001,Telur Ayam Negeri 1kg,2,31000.0,62000.0,0.0,False,NONE
TRX-20260902-000197-016,TRX-20260902-000197,16,SKU-5005,Baygon Obat Nyamuk Semprot 600ml,2,42000.0,84000.0,0.0,False,NONE
TRX-20260902-000197-017,TRX-20260902-000197,17,SKU-5001,Deterjen Rinso Anti Noda 770g,3,23000.0,69000.0,0.0,False,NONE
TRX-20260902-000197-018,TRX-20260902-000197,18,SKU-5002,Pewangi Pakaian Molto All in 1 720ml,1,24000.0,24000.0,0.0,False,NONE
TRX-20260902-000197-019,TRX-20260902-000197,19,SKU-4007,Minyak Telon My Baby 90ml,5,28000.0,140000.0,0.0,False,NONE
TRX-20260902-000198-001,TRX-20260902-000198,1,SKU-3001,Air Mineral Aqua 600ml,1,4000.0,4000.0,0.0,False,NONE
TRX-20260902-000198-002,TRX-20260902-000198,2,SKU-3008,Taro Net Seaweed 65g,1,9800.0,9800.0,0.0,False,NONE
TRX-20260902-000198-003,TRX-20260902-000198,3,SKU-3006,Coca Cola 390ml,1,7500.0,7500.0,0.0,True,VOID_ITEM
TRX-20260902-000199-001,TRX-20260902-000199,1,SKU-4002,Shampoo Sunsilk Black Shine 160ml,2,26000.0,52000.0,0.0,False,NONE
TRX-20260902-000199-002,TRX-20260902-000199,2,SKU-4003,Pasta Gigi Pepsodent 190g,2,17000.0,34000.0,0.0,False,NONE
TRX-20260902-000199-003,TRX-20260902-000199,3,SKU-1005,Garam Dapur Cap Kapal 250g,1,5000.0,5000.0,0.0,False,NONE
TRX-20260902-000199-004,TRX-20260902-000199,4,SKU-4003,Pasta Gigi Pepsodent 190g,1,17000.0,17000.0,0.0,False,NONE
TRX-20260902-000199-005,TRX-20260902-000199,5,SKU-4007,Minyak Telon My Baby 90ml,1,28000.0,28000.0,0.0,False,NONE
TRX-20260902-000199-006,TRX-20260902-000199,6,SKU-1012,Kornet Sapi Pronas 198g,2,26000.0,52000.0,0.0,False,NONE
TRX-20260902-000199-007,TRX-20260902-000199,7,SKU-1007,Saus Sambal ABC 335ml,5,17500.0,87500.0,0.0,False,NONE
TRX-20260902-000199-008,TRX-20260902-000199,8,SKU-4001,Sabun Mandi Lifebuoy Total 10 450ml,1,27500.0,27500.0,0.0,False,NONE
TRX-20260902-000199-009,TRX-20260902-000199,9,SKU-1008,Indomie Goreng Spesial 85g,5,3500.0,17500.0,0.0,False,NONE
TRX-20260902-000199-010,TRX-20260902-000199,10,SKU-5004,Pembersih Lantai Super Pell 770ml,1,14500.0,14500.0,0.0,False,NONE
TRX-20260902-000199-011,TRX-20260902-000199,11,SKU-1002,Minyak Goreng Bimoli 2L,5,37500.0,187500.0,0.0,False,NONE
TRX-20260902-000199-012,TRX-20260902-000199,12,SKU-1006,Kecap Manis Bango 520ml,2,25500.0,51000.0,0.0,False,NONE
TRX-20260902-000199-013,TRX-20260902-000199,13,SKU-1010,Sedaap Mie Goreng 90g,2,3400.0,6800.0,0.0,False,NONE
TRX-20260902-000199-014,TRX-20260902-000199,14,SKU-5006,Baterai ABC Alkaline AA 4s,2,21000.0,42000.0,0.0,False,NONE
TRX-20260902-000199-015,TRX-20260902-000199,15,SKU-4005,Rexona Deodorant Roll On 45ml,2,20500.0,41000.0,0.0,False,NONE
TRX-20260902-000200-001,TRX-20260902-000200,1,SKU-2003,Susu Ultra Milk Cokelat 1L,1,21500.0,21500.0,0.0,False,NONE
TRX-20260902-000200-002,TRX-20260902-000200,2,SKU-2001,Telur Ayam Negeri 1kg,1,31000.0,31000.0,0.0,False,NONE
TRX-20260902-000200-003,TRX-20260902-000200,3,SKU-3004,Kopi Kapal Api Spesial Mix 10s,1,15500.0,15500.0,0.0,False,NONE
TRX-20260902-000201-001,TRX-20260902-000201,1,SKU-1009,Indomie Kuah Ayam Bawang 69g,1,3400.0,3400.0,0.0,False,NONE
TRX-20260902-000201-002,TRX-20260902-000201,2,SKU-2001,Telur Ayam Negeri 1kg,2,31000.0,62000.0,0.0,False,NONE
TRX-20260902-000201-003,TRX-20260902-000201,3,SKU-1009,Indomie Kuah Ayam Bawang 69g,1,3400.0,3400.0,0.0,False,TYPO_SKU
TRX-20260902-000201-004,TRX-20260902-000201,4,SKU-3001,Air Mineral Aqua 600ml,1,4000.0,4000.0,0.0,False,NONE
TRX-20260902-000201-005,TRX-20260902-000201,5,SKU-1011,Sarden ABC Saus Tomat 155g,5,12000.0,60000.0,0.0,False,NONE
TRX-20260902-000201-006,TRX-20260902-000201,6,SKU-4007,Minyak Telon My Baby 90ml,1,28000.0,28000.0,0.0,False,NONE
TRX-20260902-000201-007,TRX-20260902-000201,7,SKU-1005,Garam Dapur Cap Kapal 250g,2,5000.0,10000.0,0.0,False,NONE
TRX-20260902-000201-008,TRX-20260902-000201,8,SKU-1010,Sedaap Mie Goreng 90g,1,3400.0,3400.0,0.0,False,NONE
TRX-20260902-000201-009,TRX-20260902-000201,9,SKU-5006,Baterai ABC Alkaline AA 4s,2,21000.0,42000.0,0.0,False,NONE
TRX-20260902-000201-010,TRX-20260902-000201,10,SKU-1002,Minyak Goreng Bimoli 2L,2,37500.0,75000.0,0.0,False,NONE
TRX-20260902-000201-011,TRX-20260902-000201,11,SKU-1004,Tepung Terigu Segitiga Biru 1kg,1,13500.0,13500.0,0.0,False,NONE
TRX-20260902-000201-012,TRX-20260902-000201,12,SKU-4006,Paseo Facial Tissue 250 Sheets,5,16500.0,82500.0,0.0,False,NONE
TRX-20260902-000201-013,TRX-20260902-000201,13,SKU-1007,Saus Sambal ABC 335ml,2,17500.0,35000.0,0.0,False,NONE
TRX-20260902-000201-014,TRX-20260902-000201,14,SKU-5005,Baygon Obat Nyamuk Semprot 600ml,1,42000.0,42000.0,0.0,False,NONE
TRX-20260902-000201-015,TRX-20260902-000201,15,SKU-5002,Pewangi Pakaian Molto All in 1 720ml,5,24000.0,120000.0,0.0,False,NONE
TRX-20260902-000201-016,TRX-20260902-000201,16,SKU-4005,Rexona Deodorant Roll On 45ml,1,20500.0,20500.0,0.0,False,NONE
TRX-20260902-000201-017,TRX-20260902-000201,17,SKU-5003,Sabun Cuci Piring Sunlight 650ml,1,15500.0,15500.0,0.0,False,NONE
TRX-20260902-000201-018,TRX-20260902-000201,18,SKU-5004,Pembersih Lantai Super Pell 770ml,2,14500.0,29000.0,0.0,False,NONE
TRX-20260902-000201-019,TRX-20260902-000201,19,SKU-1003,Gula Pasir Gulaku 1kg,3,17500.0,52500.0,0.0,True,VOID_ITEM
TRX-20260902-000201-020,TRX-20260902-000201,20,SKU-4001,Sabun Mandi Lifebuoy Total 10 450ml,3,27500.0,82500.0,0.0,False,NONE
TRX-20260902-000201-021,TRX-20260902-000201,21,SKU-4002,Shampoo Sunsilk Black Shine 160ml,2,26000.0,52000.0,0.0,False,NONE
TRX-20260902-000201-022,TRX-20260902-000201,22,SKU-1004,Tepung Terigu Segitiga Biru 1kg,5,13500.0,67500.0,0.0,False,NONE
TRX-20260902-000201-023,TRX-20260902-000201,23,SKU-4004,Sikat Gigi Formula Double Action 3s,2,15500.0,31000.0,0.0,False,NONE
TRX-20260902-000202-001,TRX-20260902-000202,1,SKU-1009,Indomie Kuah Ayam Bawang 69g,1,3400.0,3400.0,0.0,False,NONE
TRX-20260902-000202-002,TRX-20260902-000202,2,SKU-1007,Saus Sambal ABC 335ml,1,17500.0,17500.0,0.0,False,NONE
TRX-20260902-000202-003,TRX-20260902-000202,3,SKU-1004,Tepung Terigu Segitiga Biru 1kg,1,13500.0,13500.0,0.0,False,NONE
TRX-20260902-000202-004,TRX-20260902-000202,4,SKU-4006,Paseo Facial Tissue 250 Sheets,1,16500.0,16500.0,0.0,False,NONE
TRX-20260902-000202-005,TRX-20260902-000202,5,SKU-4002,Shampoo Sunsilk Black Shine 160ml,2,26000.0,52000.0,0.0,False,NONE
TRX-20260902-000202-006,TRX-20260902-000202,6,SKU-4001,Sabun Mandi Lifebuoy Total 10 450ml,2,27500.0,55000.0,0.0,False,NONE
TRX-20260902-000202-007,TRX-20260902-000202,7,SKU-5003,Sabun Cuci Piring Sunlight 650ml,5,15500.0,77500.0,0.0,False,NONE
TRX-20260902-000202-008,TRX-20260902-000202,8,SKU-1006,Kecap Manis Bango 520ml,1,25500.0,25500.0,0.0,False,NONE
TRX-20260902-000202-009,TRX-20260902-000202,9,SKU-1007,Saus Sambal ABC 335ml,3,17500.0,52500.0,0.0,False,NONE
TRX-20260902-000202-010,TRX-20260902-000202,10,SKU-1003,Gula Pasir Gulaku 1kg,2,17500.0,35000.0,0.0,False,NONE
TRX-20260902-000202-011,TRX-20260902-000202,11,SKU-5005,Baygon Obat Nyamuk Semprot 600ml,2,42000.0,84000.0,0.0,False,NONE
TRX-20260902-000202-012,TRX-20260902-000202,12,SKU-4004,Sikat Gigi Formula Double Action 3s,1,15500.0,15500.0,0.0,False,NONE
TRX-20260902-000202-013,TRX-20260902-000202,13,SKU-5001,Deterjen Rinso Anti Noda 770g,1,23000.0,23000.0,0.0,False,NONE
TRX-20260902-000202-014,TRX-20260902-000202,14,SKU-5002,Pewangi Pakaian Molto All in 1 720ml,1,24000.0,24000.0,0.0,False,NONE
TRX-20260902-000203-001,TRX-20260902-000203,1,SKU-1009,Indomie Kuah Ayam Bawang 69g,2,3400.0,6800.0,0.0,True,VOID_ITEM
TRX-20260902-000203-002,TRX-20260902-000203,2,SKU-5003,Sabun Cuci Piring Sunlight 650ml,1,15500.0,15500.0,0.0,False,NONE
TRX-20260902-000203-003,TRX-20260902-000203,3,SKU-3007,Chitato Sapi Panggang 68g,2,12500.0,25000.0,0.0,False,NONE
TRX-20260902-000203-004,TRX-20260902-000203,4,SKU-5004,Pembersih Lantai Super Pell 770ml,2,14500.0,29000.0,0.0,False,NONE
TRX-20260902-000203-005,TRX-20260902-000203,5,SKU-1008,Indomie Goreng Spesial 85g,1,3500.0,3500.0,0.0,False,NONE
TRX-20260902-000203-006,TRX-20260902-000203,6,SKU-2004,Yakult Pack isi 5,2,11500.0,23000.0,0.0,True,VOID_ITEM
TRX-20260902-000204-001,TRX-20260902-000204,1,SKU-5002,Pewangi Pakaian Molto All in 1 720ml,1,24000.0,24000.0,0.0,False,NONE
TRX-20260902-000204-002,TRX-20260902-000204,2,SKU-3005,Good Day Moccacino 250ml,1,8000.0,8000.0,0.0,False,NONE
TRX-20260902-000204-003,TRX-20260902-000204,3,SKU-3009,Oreo Original Roll 133g,2,11000.0,22000.0,0.0,False,NONE
TRX-20260902-000204-004,TRX-20260902-000204,4,SKU-3005,Good Day Moccacino 250ml,1,8000.0,8000.0,0.0,False,NONE
TRX-20260902-000205-001,TRX-20260902-000205,1,SKU-3008,Taro Net Seaweed 65g,1,9800.0,9800.0,0.0,False,NONE
TRX-20260902-000206-001,TRX-20260902-000206,1,SKU-4003,Pasta Gigi Pepsodent 190g,2,17000.0,34000.0,0.0,False,NONE
TRX-20260902-000206-002,TRX-20260902-000206,2,SKU-1001,Beras Pandan Wangi 5kg,3,78500.0,235500.0,0.0,False,NONE
TRX-20260902-000206-003,TRX-20260902-000206,3,SKU-1002,Minyak Goreng Bimoli 2L,2,37500.0,75000.0,0.0,False,NONE
TRX-20260902-000206-004,TRX-20260902-000206,4,SKU-4001,Sabun Mandi Lifebuoy Total 10 450ml,5,27500.0,137500.0,0.0,False,NONE
TRX-20260902-000206-005,TRX-20260902-000206,5,SKU-4002,Shampoo Sunsilk Black Shine 160ml,2,26000.0,52000.0,0.0,False,NONE
TRX-20260902-000206-006,TRX-20260902-000206,6,SKU-5003,Sabun Cuci Piring Sunlight 650ml,2,15500.0,31000.0,0.0,False,NONE
TRX-20260902-000206-007,TRX-20260902-000206,7,SKU-5004,Pembersih Lantai Super Pell 770ml,2,14500.0,29000.0,0.0,False,NONE
TRX-20260902-000206-008,TRX-20260902-000206,8,SKU-5005,Baygon Obat Nyamuk Semprot 600ml,3,42000.0,126000.0,0.0,False,NONE
TRX-20260902-000206-009,TRX-20260902-000206,9,SKU-1005,Garam Dapur Cap Kapal 250g,1,5000.0,5000.0,0.0,False,NONE
TRX-20260902-000206-010,TRX-20260902-000206,10,SKU-1004,Tepung Terigu Segitiga Biru 1kg,2,13500.0,27000.0,0.0,False,NONE
TRX-20260902-000206-011,TRX-20260902-000206,11,SKU-1010,Sedaap Mie Goreng 90g,2,3400.0,6800.0,0.0,False,NONE
TRX-20260902-000206-012,TRX-20260902-000206,12,SKU-2001,Telur Ayam Negeri 1kg,1,31000.0,31000.0,0.0,False,NONE
TRX-20260902-000206-013,TRX-20260902-000206,13,SKU-5002,Pewangi Pakaian Molto All in 1 720ml,2,24000.0,48000.0,0.0,False,NONE
TRX-20260902-000206-014,TRX-20260902-000206,14,SKU-4004,Sikat Gigi Formula Double Action 3s,3,15500.0,46500.0,0.0,False,NONE
TRX-20260902-000206-015,TRX-20260902-000206,15,SKU-5004,Pembersih Lantai Super Pell 770ml,1,14500.0,14500.0,0.0,False,NONE
TRX-20260902-000206-016,TRX-20260902-000206,16,SKU-4006,Paseo Facial Tissue 250 Sheets,1,16500.0,16500.0,0.0,False,NONE
TRX-20260902-000206-017,TRX-20260902-000206,17,SKU-1007,Saus Sambal ABC 335ml,2,17500.0,35000.0,0.0,False,NONE
TRX-20260902-000207-001,TRX-20260902-000207,1,SKU-2008,Sari Roti Sobek Cokelat,1,19500.0,19500.0,0.0,False,NONE
TRX-20260902-000208-001,TRX-20260902-000208,1,SKU-2008,Sari Roti Sobek Cokelat,1,19500.0,19500.0,0.0,False,NONE
TRX-20260902-000209-001,TRX-20260902-000209,1,SKU-1007,Saus Sambal ABC 335ml,2,17500.0,35000.0,0.0,False,TYPO_SKU
TRX-20260902-000209-002,TRX-20260902-000209,2,SKU-4002,Shampoo Sunsilk Black Shine 160ml,5,26000.0,130000.0,0.0,False,NONE
TRX-20260902-000209-003,TRX-20260902-000209,3,SKU-4001,Sabun Mandi Lifebuoy Total 10 450ml,1,27500.0,27500.0,0.0,False,NONE
TRX-20260902-000209-004,TRX-20260902-000209,4,SKU-5002,Pewangi Pakaian Molto All in 1 720ml,1,24000.0,24000.0,0.0,False,NONE
TRX-20260902-000209-005,TRX-20260902-000209,5,SKU-4003,Pasta Gigi Pepsodent 190g,5,17000.0,85000.0,0.0,False,NONE
TRX-20260902-000209-006,TRX-20260902-000209,6,SKU-5001,Deterjen Rinso Anti Noda 770g,2,23000.0,46000.0,0.0,False,NONE
TRX-20260902-000209-007,TRX-20260902-000209,7,SKU-4006,Paseo Facial Tissue 250 Sheets,3,16500.0,49500.0,0.0,False,NONE
TRX-20260902-000209-008,TRX-20260902-000209,8,SKU-1010,Sedaap Mie Goreng 90g,1,3400.0,3400.0,0.0,False,NONE
TRX-20260902-000209-009,TRX-20260902-000209,9,SKU-1007,Saus Sambal ABC 335ml,1,17500.0,17500.0,0.0,False,NONE
TRX-20260902-000209-010,TRX-20260902-000209,10,SKU-4004,Sikat Gigi Formula Double Action 3s,5,15500.0,77500.0,0.0,False,NONE
TRX-20260902-000209-011,TRX-20260902-000209,11,SKU-5003,Sabun Cuci Piring Sunlight 650ml,3,15500.0,46500.0,0.0,False,NONE
TRX-20260902-000209-012,TRX-20260902-000209,12,SKU-4001,Sabun Mandi Lifebuoy Total 10 450ml,1,27500.0,27500.0,0.0,False,NONE
TRX-20260902-000210-001,TRX-20260902-000210,1,SKU-3010,SilverQueen Cokelat Mede 58g,1,17000.0,17000.0,0.0,False,NONE
TRX-20260902-000210-002,TRX-20260902-000210,2,SKU-3001,Air Mineral Aqua 600ml,1,4000.0,4000.0,0.0,False,NONE
TRX-20260902-000211-001,TRX-20260902-000211,1,SKU-1004,Tepung Terigu Segitiga Biru 1kg,1,13500.0,13500.0,0.0,False,NONE
TRX-20260902-000211-002,TRX-20260902-000211,2,SKU-1002,Minyak Goreng Bimoli 2L,1,37500.0,37500.0,0.0,False,NONE
TRX-20260902-000211-003,TRX-20260902-000211,3,SKU-1012,Kornet Sapi Pronas 198g,1,26000.0,26000.0,0.0,False,NONE
TRX-20260902-000211-004,TRX-20260902-000211,4,SKU-1005,Garam Dapur Cap Kapal 250g,1,5000.0,5000.0,0.0,False,NONE
TRX-20260902-000211-005,TRX-20260902-000211,5,SKU-3006,Coca Cola 390ml,1,7500.0,7500.0,0.0,False,NONE
TRX-20260902-000211-006,TRX-20260902-000211,6,SKU-3002,Air Mineral Le Minerale 600ml,2,3800.0,7600.0,0.0,False,NONE
TRX-20260902-000212-001,TRX-20260902-000212,1,SKU-5001,Deterjen Rinso Anti Noda 770g,1,23000.0,23000.0,0.0,False,NONE
TRX-20260902-000212-002,TRX-20260902-000212,2,SKU-1009,Indomie Kuah Ayam Bawang 69g,3,3400.0,10200.0,0.0,False,NONE
TRX-20260902-000212-003,TRX-20260902-000212,3,SKU-1002,Minyak Goreng Bimoli 2L,1,37500.0,37500.0,0.0,False,NONE
TRX-20260902-000212-004,TRX-20260902-000212,4,SKU-5004,Pembersih Lantai Super Pell 770ml,1,14500.0,14500.0,0.0,False,NONE
TRX-20260902-000212-005,TRX-20260902-000212,5,SKU-4001,Sabun Mandi Lifebuoy Total 10 450ml,3,27500.0,82500.0,0.0,False,NONE
TRX-20260902-000212-006,TRX-20260902-000212,6,SKU-1001,Beras Pandan Wangi 5kg,2,78500.0,157000.0,0.0,False,NONE
TRX-20260902-000212-007,TRX-20260902-000212,7,SKU-1005,Garam Dapur Cap Kapal 250g,1,5000.0,5000.0,0.0,False,NONE
TRX-20260902-000212-008,TRX-20260902-000212,8,SKU-5002,Pewangi Pakaian Molto All in 1 720ml,1,24000.0,24000.0,0.0,False,NONE
TRX-20260902-000212-009,TRX-20260902-000212,9,SKU-4006,Paseo Facial Tissue 250 Sheets,1,16500.0,16500.0,0.0,False,NONE
TRX-20260902-000212-010,TRX-20260902-000212,10,SKU-5005,Baygon Obat Nyamuk Semprot 600ml,1,42000.0,42000.0,0.0,True,VOID_ITEM
TRX-20260902-000213-001,TRX-20260902-000213,1,SKU-3009,Oreo Original Roll 133g,1,11000.0,11000.0,0.0,False,NONE
TRX-20260902-000213-002,TRX-20260902-000213,2,SKU-3002,Air Mineral Le Minerale 600ml,2,3800.0,7600.0,0.0,False,NONE
TRX-20260902-000213-003,TRX-20260902-000213,3,SKU-1010,Sedaap Mie Goreng 90g,1,3400.0,3400.0,0.0,False,NONE
TRX-20260902-000213-004,TRX-20260902-000213,4,SKU-3006,Coca Cola 390ml,2,7500.0,15000.0,0.0,True,VOID_ITEM
TRX-20260902-000213-005,TRX-20260902-000213,5,SKU-1005,Garam Dapur Cap Kapal 250g,1,5000.0,5000.0,0.0,True,VOID_ITEM
TRX-20260902-000213-006,TRX-20260902-000213,6,SKU-1008,Indomie Goreng Spesial 85g,2,3500.0,7000.0,0.0,False,NONE
TRX-20260902-000213-007,TRX-20260902-000213,7,SKU-3005,Good Day Moccacino 250ml,2,8000.0,16000.0,0.0,False,NONE
TRX-20260902-000213-008,TRX-20260902-000213,8,SKU-2004,Yakult Pack isi 5,1,11500.0,11500.0,0.0,False,NONE
TRX-20260902-000213-009,TRX-20260902-000213,9,SKU-5004,Pembersih Lantai Super Pell 770ml,2,14500.0,29000.0,0.0,False,NONE
TRX-20260902-000214-001,TRX-20260902-000214,1,SKU-1005,Garam Dapur Cap Kapal 250g,1,5000.0,5000.0,0.0,False,NONE
TRX-20260902-000214-002,TRX-20260902-000214,2,SKU-3006,Coca Cola 390ml,1,7500.0,7500.0,0.0,False,NONE
TRX-20260902-000214-003,TRX-20260902-000214,3,SKU-2004,Yakult Pack isi 5,1,11500.0,11500.0,0.0,False,NONE
TRX-20260902-000214-004,TRX-20260902-000214,4,SKU-3005,Good Day Moccacino 250ml,2,8000.0,16000.0,0.0,False,NONE
TRX-20260902-000215-001,TRX-20260902-000215,1,SKU-1009,Indomie Kuah Ayam Bawang 69g,1,3400.0,3400.0,0.0,False,NONE
TRX-20260902-000215-002,TRX-20260902-000215,2,SKU-3005,Good Day Moccacino 250ml,1,8000.0,8000.0,0.0,False,NONE
TRX-20260902-000215-003,TRX-20260902-000215,3,SKU-3002,Air Mineral Le Minerale 600ml,2,3800.0,7600.0,0.0,False,NONE
TRX-20260902-000215-004,TRX-20260902-000215,4,SKU-1008,Indomie Goreng Spesial 85g,1,3500.0,3500.0,0.0,True,VOID_ITEM
TRX-20260902-000215-005,TRX-20260902-000215,5,SKU-3107,UNKNOWN PRODUCT,2,12500.0,25000.0,0.0,False,TYPO_SKU
TRX-20260902-000215-006,TRX-20260902-000215,6,SKU-3003,Teh Pucuk Harum 350ml,1,4500.0,4500.0,0.0,False,NONE
TRX-20260902-000215-007,TRX-20260902-000215,7,SKU-1004,Tepung Terigu Segitiga Biru 1kg,1,13500.0,13500.0,0.0,True,VOID_ITEM
TRX-20260902-000215-008,TRX-20260902-000215,8,SKU-5004,Pembersih Lantai Super Pell 770ml,2,14500.0,29000.0,0.0,False,NONE
TRX-20260902-000215-009,TRX-20260902-000215,9,SKU-3001,Air Mineral Aqua 600ml,2,4000.0,8000.0,0.0,False,NONE
TRX-20260902-000216-001,TRX-20260902-000216,1,SKU-3004,Kopi Kapal Api Spesial Mix 10s,1,15500.0,15500.0,0.0,True,VOID_ITEM
TRX-20260902-000216-002,TRX-20260902-000216,2,SKU-1004,Tepung Terigu Segitiga Biru 1kg,1,13500.0,13500.0,0.0,False,NONE
TRX-20260902-000216-003,TRX-20260902-000216,3,SKU-3009,Oreo Original Roll 133g,1,11000.0,11000.0,0.0,False,NONE
TRX-20260902-000216-004,TRX-20260902-000216,4,SKU-4004,Sikat Gigi Formula Double Action 3s,1,15500.0,15500.0,0.0,False,NONE
TRX-20260902-000217-001,TRX-20260902-000217,1,SKU-4005,Rexona Deodorant Roll On 45ml,1,20500.0,20500.0,0.0,False,NONE
TRX-20260902-000217-002,TRX-20260902-000217,2,SKU-5003,Sabun Cuci Piring Sunlight 650ml,1,15500.0,15500.0,0.0,False,NONE
TRX-20260902-000217-003,TRX-20260902-000217,3,SKU-5002,Pewangi Pakaian Molto All in 1 720ml,1,24000.0,24000.0,0.0,False,NONE
TRX-20260902-000217-004,TRX-20260902-000217,4,SKU-5005,Baygon Obat Nyamuk Semprot 600ml,3,42000.0,126000.0,0.0,False,NONE
TRX-20260902-000217-005,TRX-20260902-000217,5,SKU-1004,Tepung Terigu Segitiga Biru 1kg,2,13500.0,27000.0,0.0,False,NONE
TRX-20260902-000217-006,TRX-20260902-000217,6,SKU-1009,Indomie Kuah Ayam Bawang 69g,1,3400.0,3400.0,0.0,False,NONE
TRX-20260902-000217-007,TRX-20260902-000217,7,SKU-2001,Telur Ayam Negeri 1kg,2,31000.0,62000.0,0.0,False,NONE
TRX-20260902-000217-008,TRX-20260902-000217,8,SKU-1007,Saus Sambal ABC 335ml,2,17500.0,35000.0,0.0,False,NONE
TRX-20260902-000217-009,TRX-20260902-000217,9,SKU-1006,Kecap Manis Bango 520ml,2,25500.0,51000.0,0.0,False,NONE
TRX-20260902-000217-010,TRX-20260902-000217,10,SKU-4006,Paseo Facial Tissue 250 Sheets,3,16500.0,49500.0,0.0,False,NONE
TRX-20260902-000217-011,TRX-20260902-000217,11,SKU-4002,Shampoo Sunsilk Black Shine 160ml,2,26000.0,52000.0,0.0,False,NONE
TRX-20260902-000217-012,TRX-20260902-000217,12,SKU-4003,Pasta Gigi Pepsodent 190g,1,17000.0,17000.0,0.0,False,NONE
TRX-20260902-000217-013,TRX-20260902-000217,13,SKU-4003,Pasta Gigi Pepsodent 190g,2,17000.0,34000.0,0.0,False,NONE
TRX-20260902-000217-014,TRX-20260902-000217,14,SKU-4004,Sikat Gigi Formula Double Action 3s,1,15500.0,15500.0,0.0,False,NONE
TRX-20260902-000217-015,TRX-20260902-000217,15,SKU-1001,Beras Pandan Wangi 5kg,1,78500.0,78500.0,0.0,False,NONE
TRX-20260902-000217-016,TRX-20260902-000217,16,SKU-1003,Gula Pasir Gulaku 1kg,1,17500.0,17500.0,0.0,False,NONE
TRX-20260902-000218-001,TRX-20260902-000218,1,SKU-3007,Chitato Sapi Panggang 68g,2,12500.0,25000.0,0.0,False,NONE
TRX-20260902-000218-002,TRX-20260902-000218,2,SKU-5004,Pembersih Lantai Super Pell 770ml,1,14500.0,14500.0,0.0,False,NONE
TRX-20260902-000218-003,TRX-20260902-000218,3,SKU-2006,Mentega Blue Band 200g,2,12500.0,25000.0,0.0,False,NONE
TRX-20260902-000218-004,TRX-20260902-000218,4,SKU-5003,Sabun Cuci Piring Sunlight 650ml,1,15500.0,15500.0,0.0,False,NONE
TRX-20260902-000218-005,TRX-20260902-000218,5,SKU-3004,Kopi Kapal Api Spesial Mix 10s,1,15500.0,15500.0,0.0,False,NONE
TRX-20260902-000218-006,TRX-20260902-000218,6,SKU-1008,Indomie Goreng Spesial 85g,1,3500.0,3500.0,0.0,False,NONE
TRX-20260902-000219-001,TRX-20260902-000219,1,SKU-3003,Teh Pucuk Harum 350ml,1,4500.0,4500.0,0.0,False,NONE
TRX-20260902-000219-002,TRX-20260902-000219,2,SKU-3010,SilverQueen Cokelat Mede 58g,1,17000.0,17000.0,0.0,False,NONE
TRX-20260902-000220-001,TRX-20260902-000220,1,SKU-2004,Yakult Pack isi 5,1,11500.0,11500.0,0.0,False,NONE
TRX-20260902-000220-002,TRX-20260902-000220,2,SKU-3002,Air Mineral Le Minerale 600ml,1,3800.0,3800.0,0.0,False,NONE
TRX-20260902-000220-003,TRX-20260902-000220,3,SKU-4004,Sikat Gigi Formula Double Action 3s,2,15500.0,31000.0,0.0,False,NONE
TRX-20260902-000220-004,TRX-20260902-000220,4,SKU-5004,Pembersih Lantai Super Pell 770ml,1,14500.0,14500.0,0.0,True,VOID_ITEM
TRX-20260902-000220-005,TRX-20260902-000220,5,SKU-3007,Chitato Sapi Panggang 68g,2,12500.0,25000.0,0.0,False,NONE
TRX-20260902-000220-006,TRX-20260902-000220,6,SKU-1010,Sedaap Mie Goreng 90g,2,3400.0,6800.0,0.0,False,NONE
TRX-20260902-000220-007,TRX-20260902-000220,7,SKU-1005,Garam Dapur Cap Kapal 250g,2,5000.0,10000.0,0.0,True,VOID_ITEM
TRX-20260902-000220-008,TRX-20260902-000220,8,SKU-1011,Sarden ABC Saus Tomat 155g,1,12000.0,12000.0,0.0,False,NONE
TRX-20260902-000220-009,TRX-20260902-000220,9,SKU-3909,UNKNOWN PRODUCT,2,11000.0,22000.0,0.0,False,TYPO_SKU
TRX-20260902-000221-001,TRX-20260902-000221,1,SKU-3007,Chitato Sapi Panggang 68g,1,12500.0,12500.0,0.0,False,NONE
TRX-20260902-000221-002,TRX-20260902-000221,2,SKU-2004,Yakult Pack isi 5,1,11500.0,11500.0,0.0,False,NONE
TRX-20260902-000221-003,TRX-20260902-000221,3,SKU-3010,SilverQueen Cokelat Mede 58g,1,17000.0,17000.0,0.0,False,NONE
TRX-20260902-000222-001,TRX-20260902-000222,1,SKU-4006,Paseo Facial Tissue 250 Sheets,1,16500.0,16500.0,0.0,False,NONE
TRX-20260902-000222-002,TRX-20260902-000222,2,SKU-3010,SilverQueen Cokelat Mede 58g,1,17000.0,17000.0,0.0,False,NONE
TRX-20260902-000222-003,TRX-20260902-000222,3,SKU-1003,Gula Pasir Gulaku 1kg,1,17500.0,17500.0,0.0,False,NONE
TRX-20260902-000222-004,TRX-20260902-000222,4,SKU-3010,SilverQueen Cokelat Mede 58g,2,17000.0,34000.0,0.0,False,NONE
TRX-20260902-000222-005,TRX-20260902-000222,5,SKU-3006,Coca Cola 390ml,2,7500.0,15000.0,0.0,False,NONE
TRX-20260902-000222-006,TRX-20260902-000222,6,SKU-3003,Teh Pucuk Harum 350ml,1,4500.0,4500.0,0.0,False,NONE
TRX-20260902-000223-001,TRX-20260902-000223,1,SKU-4004,Sikat Gigi Formula Double Action 3s,1,15500.0,15500.0,0.0,False,NONE
TRX-20260902-000223-002,TRX-20260902-000223,2,SKU-5003,Sabun Cuci Piring Sunlight 650ml,2,15500.0,31000.0,0.0,False,NONE
TRX-20260902-000223-003,TRX-20260902-000223,3,SKU-5001,Deterjen Rinso Anti Noda 770g,1,23000.0,23000.0,0.0,False,NONE
TRX-20260902-000223-004,TRX-20260902-000223,4,SKU-1005,Garam Dapur Cap Kapal 250g,1,5000.0,5000.0,0.0,False,NONE
TRX-20260902-000223-005,TRX-20260902-000223,5,SKU-1003,Gula Pasir Gulaku 1kg,3,17500.0,52500.0,0.0,False,NONE
TRX-20260902-000223-006,TRX-20260902-000223,6,SKU-1010,Sedaap Mie Goreng 90g,1,3400.0,3400.0,0.0,False,NONE
TRX-20260902-000223-007,TRX-20260902-000223,7,SKU-2001,Telur Ayam Negeri 1kg,2,31000.0,62000.0,0.0,False,NONE
TRX-20260902-000223-008,TRX-20260902-000223,8,SKU-1006,Kecap Manis Bango 520ml,1,25500.0,25500.0,0.0,False,NONE
TRX-20260902-000223-009,TRX-20260902-000223,9,SKU-1011,Sarden ABC Saus Tomat 155g,3,12000.0,36000.0,0.0,False,NONE
TRX-20260902-000223-010,TRX-20260902-000223,10,SKU-5006,Baterai ABC Alkaline AA 4s,1,21000.0,21000.0,0.0,False,NONE
TRX-20260902-000223-011,TRX-20260902-000223,11,SKU-1002,Minyak Goreng Bimoli 2L,2,37500.0,75000.0,0.0,False,NONE
TRX-20260902-000223-012,TRX-20260902-000223,12,SKU-4001,Sabun Mandi Lifebuoy Total 10 450ml,5,27500.0,137500.0,0.0,False,NONE
TRX-20260902-000223-013,TRX-20260902-000223,13,SKU-4002,Shampoo Sunsilk Black Shine 160ml,2,26000.0,52000.0,0.0,False,NONE
TRX-20260902-000223-014,TRX-20260902-000223,14,SKU-1004,Tepung Terigu Segitiga Biru 1kg,1,13500.0,13500.0,0.0,False,NONE
TRX-20260902-000223-015,TRX-20260902-000223,15,SKU-5005,Baygon Obat Nyamuk Semprot 600ml,2,42000.0,84000.0,0.0,False,NONE
TRX-20260902-000223-016,TRX-20260902-000223,16,SKU-4002,Shampoo Sunsilk Black Shine 160ml,5,26000.0,130000.0,0.0,False,NONE
TRX-20260902-000223-017,TRX-20260902-000223,17,SKU-4003,Pasta Gigi Pepsodent 190g,1,17000.0,17000.0,0.0,False,NONE
TRX-20260902-000223-018,TRX-20260902-000223,18,SKU-5005,Baygon Obat Nyamuk Semprot 600ml,1,42000.0,42000.0,0.0,False,TYPO_SKU
TRX-20260902-000223-019,TRX-20260902-000223,19,SKU-1007,Saus Sambal ABC 335ml,5,17500.0,87500.0,0.0,False,NONE
TRX-20260902-000223-020,TRX-20260902-000223,20,SKU-5004,Pembersih Lantai Super Pell 770ml,1,14500.0,14500.0,0.0,False,NONE
TRX-20260902-000224-001,TRX-20260902-000224,1,SKU-1009,Indomie Kuah Ayam Bawang 69g,1,3400.0,3400.0,0.0,False,NONE
TRX-20260902-000224-002,TRX-20260902-000224,2,SKU-2004,Yakult Pack isi 5,2,11500.0,23000.0,0.0,False,NONE
TRX-20260902-000224-003,TRX-20260902-000224,3,SKU-3008,Taro Net Seaweed 65g,2,9800.0,19600.0,0.0,False,NONE
TRX-20260902-000224-004,TRX-20260902-000224,4,SKU-1008,Indomie Goreng Spesial 85g,1,3500.0,3500.0,0.0,False,NONE
TRX-20260902-000224-005,TRX-20260902-000224,5,SKU-1005,Garam Dapur Cap Kapal 250g,2,5000.0,10000.0,0.0,False,NONE
TRX-20260902-000224-006,TRX-20260902-000224,6,SKU-1004,Tepung Terigu Segitiga Biru 1kg,1,13500.0,13500.0,0.0,False,NONE
TRX-20260903-000225-001,TRX-20260903-000225,1,SKU-2003,Susu Ultra Milk Cokelat 1L,1,21500.0,21500.0,0.0,False,NONE
TRX-20260903-000225-002,TRX-20260903-000225,2,SKU-3002,Air Mineral Le Minerale 600ml,1,3800.0,3800.0,0.0,False,NONE
TRX-20260903-000225-003,TRX-20260903-000225,3,SKU-2006,Mentega Blue Band 200g,1,12500.0,12500.0,0.0,False,NONE
TRX-20260903-000226-001,TRX-20260903-000226,1,SKU-3007,Chitato Sapi Panggang 68g,1,12500.0,12500.0,0.0,True,VOID_ITEM
TRX-20260903-000226-002,TRX-20260903-000226,2,SKU-3009,Oreo Original Roll 133g,1,11000.0,11000.0,0.0,False,NONE
TRX-20260903-000226-003,TRX-20260903-000226,3,SKU-1005,Garam Dapur Cap Kapal 250g,2,5000.0,10000.0,0.0,False,NONE
TRX-20260903-000226-004,TRX-20260903-000226,4,SKU-3005,Good Day Moccacino 250ml,1,8000.0,8000.0,0.0,False,NONE
TRX-20260903-000226-005,TRX-20260903-000226,5,SKU-5004,Pembersih Lantai Super Pell 770ml,2,14500.0,29000.0,0.0,False,NONE
TRX-20260903-000226-006,TRX-20260903-000226,6,SKU-2006,Mentega Blue Band 200g,1,12500.0,12500.0,0.0,False,NONE
TRX-20260903-000226-007,TRX-20260903-000226,7,SKU-1008,Indomie Goreng Spesial 85g,2,3500.0,7000.0,0.0,True,VOID_ITEM
TRX-20260903-000226-008,TRX-20260903-000226,8,SKU-3004,Kopi Kapal Api Spesial Mix 10s,1,15500.0,15500.0,0.0,False,NONE
TRX-20260903-000226-009,TRX-20260903-000226,9,SKU-4004,Sikat Gigi Formula Double Action 3s,1,15500.0,15500.0,0.0,False,NONE
TRX-20260903-000227-001,TRX-20260903-000227,1,SKU-2101,UNKNOWN PRODUCT,1,31000.0,31000.0,0.0,False,TYPO_SKU
TRX-20260903-000227-002,TRX-20260903-000227,2,SKU-2008,Sari Roti Sobek Cokelat,1,19500.0,19500.0,0.0,False,NONE
TRX-20260903-000227-003,TRX-20260903-000227,3,SKU-3010,SilverQueen Cokelat Mede 58g,1,17000.0,17000.0,0.0,False,NONE
TRX-20260903-000227-004,TRX-20260903-000227,4,SKU-3004,Kopi Kapal Api Spesial Mix 10s,2,15500.0,31000.0,0.0,False,NONE
TRX-20260903-000228-001,TRX-20260903-000228,1,SKU-2004,Yakult Pack isi 5,2,11500.0,23000.0,0.0,False,NONE
TRX-20260903-000228-002,TRX-20260903-000228,2,SKU-1004,Tepung Terigu Segitiga Biru 1kg,2,13500.0,27000.0,0.0,True,VOID_ITEM
TRX-20260903-000228-003,TRX-20260903-000228,3,SKU-1009,Indomie Kuah Ayam Bawang 69g,1,3400.0,3400.0,0.0,False,NONE
TRX-20260903-000228-004,TRX-20260903-000228,4,SKU-3005,Good Day Moccacino 250ml,1,8000.0,8000.0,0.0,False,NONE
TRX-20260903-000228-005,TRX-20260903-000228,5,SKU-3002,Air Mineral Le Minerale 600ml,1,3800.0,3800.0,0.0,False,NONE
TRX-20260903-000228-006,TRX-20260903-000228,6,SKU-3001,Air Mineral Aqua 600ml,2,4000.0,8000.0,0.0,False,NONE
TRX-20260903-000228-007,TRX-20260903-000228,7,SKU-1010,Sedaap Mie Goreng 90g,1,3400.0,3400.0,0.0,False,NONE
TRX-20260903-000228-008,TRX-20260903-000228,8,SKU-4004,Sikat Gigi Formula Double Action 3s,2,15500.0,31000.0,0.0,False,NONE
TRX-20260903-000229-001,TRX-20260903-000229,1,SKU-2004,Yakult Pack isi 5,1,11500.0,11500.0,0.0,False,NONE
TRX-20260903-000229-002,TRX-20260903-000229,2,SKU-3009,Oreo Original Roll 133g,1,11000.0,11000.0,0.0,False,NONE
TRX-20260903-000230-001,TRX-20260903-000230,1,SKU-1011,Sarden ABC Saus Tomat 155g,1,12000.0,12000.0,0.0,False,NONE
TRX-20260903-000230-002,TRX-20260903-000230,2,SKU-5002,Pewangi Pakaian Molto All in 1 720ml,2,24000.0,48000.0,0.0,False,NONE
TRX-20260903-000230-003,TRX-20260903-000230,3,SKU-4007,Minyak Telon My Baby 90ml,1,28000.0,28000.0,0.0,False,NONE
TRX-20260903-000230-004,TRX-20260903-000230,4,SKU-1012,Kornet Sapi Pronas 198g,1,26000.0,26000.0,0.0,False,NONE
TRX-20260903-000230-005,TRX-20260903-000230,5,SKU-1005,Garam Dapur Cap Kapal 250g,3,5000.0,15000.0,0.0,False,NONE
TRX-20260903-000230-006,TRX-20260903-000230,6,SKU-4003,Pasta Gigi Pepsodent 190g,3,17000.0,51000.0,0.0,False,NONE
TRX-20260903-000230-007,TRX-20260903-000230,7,SKU-4004,Sikat Gigi Formula Double Action 3s,2,15500.0,31000.0,0.0,False,NONE
TRX-20260903-000230-008,TRX-20260903-000230,8,SKU-1010,Sedaap Mie Goreng 90g,3,3400.0,10200.0,0.0,False,NONE
TRX-20260903-000230-009,TRX-20260903-000230,9,SKU-5006,Baterai ABC Alkaline AA 4s,5,21000.0,105000.0,0.0,False,NONE
TRX-20260903-000230-010,TRX-20260903-000230,10,SKU-1007,Saus Sambal ABC 335ml,2,17500.0,35000.0,0.0,False,NONE
TRX-20260903-000231-001,TRX-20260903-000231,1,SKU-5004,Pembersih Lantai Super Pell 770ml,1,14500.0,14500.0,0.0,False,NONE
TRX-20260903-000231-002,TRX-20260903-000231,2,SKU-1007,Saus Sambal ABC 335ml,2,17500.0,35000.0,0.0,False,NONE
TRX-20260903-000231-003,TRX-20260903-000231,3,SKU-1006,Kecap Manis Bango 520ml,2,25500.0,51000.0,0.0,False,NONE
TRX-20260903-000231-004,TRX-20260903-000231,4,SKU-1005,Garam Dapur Cap Kapal 250g,5,5000.0,25000.0,0.0,False,NONE
TRX-20260903-000231-005,TRX-20260903-000231,5,SKU-1003,Gula Pasir Gulaku 1kg,2,17500.0,35000.0,0.0,False,NONE
TRX-20260903-000231-006,TRX-20260903-000231,6,SKU-5006,Baterai ABC Alkaline AA 4s,1,21000.0,21000.0,0.0,False,NONE
TRX-20260903-000231-007,TRX-20260903-000231,7,SKU-5003,Sabun Cuci Piring Sunlight 650ml,1,15500.0,15500.0,0.0,False,NONE
TRX-20260903-000231-008,TRX-20260903-000231,8,SKU-1010,Sedaap Mie Goreng 90g,2,3400.0,6800.0,0.0,False,NONE
TRX-20260903-000231-009,TRX-20260903-000231,9,SKU-5002,Pewangi Pakaian Molto All in 1 720ml,1,24000.0,24000.0,0.0,False,NONE
TRX-20260903-000231-010,TRX-20260903-000231,10,SKU-4001,Sabun Mandi Lifebuoy Total 10 450ml,2,27500.0,55000.0,0.0,False,NONE
TRX-20260903-000231-011,TRX-20260903-000231,11,SKU-4002,Shampoo Sunsilk Black Shine 160ml,2,26000.0,52000.0,0.0,False,NONE
TRX-20260903-000231-012,TRX-20260903-000231,12,SKU-1004,Tepung Terigu Segitiga Biru 1kg,2,13500.0,27000.0,0.0,False,NONE
TRX-20260903-000231-013,TRX-20260903-000231,13,SKU-5005,Baygon Obat Nyamuk Semprot 600ml,2,42000.0,84000.0,0.0,False,NONE
TRX-20260903-000231-014,TRX-20260903-000231,14,SKU-4006,Paseo Facial Tissue 250 Sheets,5,16500.0,82500.0,0.0,False,NONE
TRX-20260903-000231-015,TRX-20260903-000231,15,SKU-5001,Deterjen Rinso Anti Noda 770g,1,23000.0,23000.0,0.0,False,NONE
TRX-20260903-000231-016,TRX-20260903-000231,16,SKU-4007,Minyak Telon My Baby 90ml,3,28000.0,84000.0,0.0,False,NONE
TRX-20260903-000231-017,TRX-20260903-000231,17,SKU-4005,Rexona Deodorant Roll On 45ml,3,20500.0,61500.0,0.0,False,NONE
TRX-20260903-000232-001,TRX-20260903-000232,1,SKU-1020,UNKNOWN PRODUCT,2,3400.0,6800.0,0.0,False,TYPO_SKU
TRX-20260903-000232-002,TRX-20260903-000232,2,SKU-3007,Chitato Sapi Panggang 68g,2,12500.0,25000.0,0.0,False,NONE
TRX-20260903-000232-003,TRX-20260903-000232,3,SKU-1005,Garam Dapur Cap Kapal 250g,2,5000.0,10000.0,0.0,False,NONE
TRX-20260903-000232-004,TRX-20260903-000232,4,SKU-2004,Yakult Pack isi 5,1,11500.0,11500.0,0.0,False,NONE
TRX-20260903-000233-001,TRX-20260903-000233,1,SKU-1908,UNKNOWN PRODUCT,2,3500.0,7000.0,0.0,False,TYPO_SKU
TRX-20260903-000233-002,TRX-20260903-000233,2,SKU-1010,Sedaap Mie Goreng 90g,1,3400.0,3400.0,0.0,False,NONE
TRX-20260903-000233-003,TRX-20260903-000233,3,SKU-2004,Yakult Pack isi 5,2,11500.0,23000.0,0.0,False,NONE
TRX-20260903-000233-004,TRX-20260903-000233,4,SKU-3006,Coca Cola 390ml,1,7500.0,7500.0,0.0,False,NONE
TRX-20260903-000233-005,TRX-20260903-000233,5,SKU-3007,Chitato Sapi Panggang 68g,1,12500.0,12500.0,0.0,False,NONE
TRX-20260903-000234-001,TRX-20260903-000234,1,SKU-3005,Good Day Moccacino 250ml,2,8000.0,16000.0,0.0,False,NONE
TRX-20260903-000234-002,TRX-20260903-000234,2,SKU-4004,Sikat Gigi Formula Double Action 3s,1,15500.0,15500.0,0.0,True,VOID_ITEM
TRX-20260903-000234-003,TRX-20260903-000234,3,SKU-2006,Mentega Blue Band 200g,2,12500.0,25000.0,0.0,False,NONE
TRX-20260903-000234-004,TRX-20260903-000234,4,SKU-3003,Teh Pucuk Harum 350ml,2,4500.0,9000.0,0.0,False,NONE
TRX-20260903-000234-005,TRX-20260903-000234,5,SKU-6004,UNKNOWN PRODUCT,1,14500.0,14500.0,0.0,False,TYPO_SKU
TRX-20260903-000235-001,TRX-20260903-000235,1,SKU-3005,Good Day Moccacino 250ml,1,8000.0,8000.0,0.0,False,NONE
TRX-20260903-000235-002,TRX-20260903-000235,2,SKU-1010,Sedaap Mie Goreng 90g,1,3400.0,3400.0,0.0,False,NONE
TRX-20260903-000235-003,TRX-20260903-000235,3,SKU-2004,Yakult Pack isi 5,2,11500.0,23000.0,0.0,False,NONE
TRX-20260903-000235-004,TRX-20260903-000235,4,SKU-1009,Indomie Kuah Ayam Bawang 69g,2,3400.0,6800.0,0.0,False,NONE
TRX-20260903-000235-005,TRX-20260903-000235,5,SKU-3006,Coca Cola 390ml,1,7500.0,7500.0,0.0,True,VOID_ITEM
TRX-20260903-000235-006,TRX-20260903-000235,6,SKU-5004,Pembersih Lantai Super Pell 770ml,2,14500.0,29000.0,0.0,False,NONE
TRX-20260903-000235-007,TRX-20260903-000235,7,SKU-3002,Air Mineral Le Minerale 600ml,2,3800.0,7600.0,0.0,False,NONE
TRX-20260903-000235-008,TRX-20260903-000235,8,SKU-4004,Sikat Gigi Formula Double Action 3s,1,15500.0,15500.0,0.0,True,VOID_ITEM
TRX-20260903-000235-009,TRX-20260903-000235,9,SKU-3009,Oreo Original Roll 133g,1,11000.0,11000.0,0.0,False,NONE
TRX-20260903-000236-001,TRX-20260903-000236,1,SKU-1001,Beras Pandan Wangi 5kg,2,78500.0,157000.0,0.0,False,NONE
TRX-20260903-000236-002,TRX-20260903-000236,2,SKU-1002,Minyak Goreng Bimoli 2L,1,37500.0,37500.0,0.0,False,NONE
TRX-20260903-000236-003,TRX-20260903-000236,3,SKU-5093,UNKNOWN PRODUCT,2,15500.0,31000.0,0.0,False,TYPO_SKU
TRX-20260903-000236-004,TRX-20260903-000236,4,SKU-5004,Pembersih Lantai Super Pell 770ml,2,14500.0,29000.0,0.0,False,NONE
TRX-20260903-000236-005,TRX-20260903-000236,5,SKU-1005,Garam Dapur Cap Kapal 250g,5,5000.0,25000.0,0.0,False,NONE
TRX-20260903-000236-006,TRX-20260903-000236,6,SKU-1012,Kornet Sapi Pronas 198g,2,26000.0,52000.0,0.0,False,NONE
TRX-20260903-000236-007,TRX-20260903-000236,7,SKU-4001,Sabun Mandi Lifebuoy Total 10 450ml,2,27500.0,55000.0,0.0,False,NONE
TRX-20260903-000236-008,TRX-20260903-000236,8,SKU-4007,Minyak Telon My Baby 90ml,2,28000.0,56000.0,0.0,False,NONE
TRX-20260903-000236-009,TRX-20260903-000236,9,SKU-1009,Indomie Kuah Ayam Bawang 69g,5,3400.0,17000.0,0.0,False,NONE
TRX-20260903-000236-010,TRX-20260903-000236,10,SKU-4002,Shampoo Sunsilk Black Shine 160ml,3,26000.0,78000.0,0.0,False,NONE
TRX-20260903-000236-011,TRX-20260903-000236,11,SKU-4006,Paseo Facial Tissue 250 Sheets,2,16500.0,33000.0,0.0,False,NONE
TRX-20260903-000236-012,TRX-20260903-000236,12,SKU-5005,Baygon Obat Nyamuk Semprot 600ml,2,42000.0,84000.0,0.0,False,NONE
TRX-20260903-000236-013,TRX-20260903-000236,13,SKU-4004,Sikat Gigi Formula Double Action 3s,1,15500.0,15500.0,0.0,False,NONE
TRX-20260903-000236-014,TRX-20260903-000236,14,SKU-1008,Indomie Goreng Spesial 85g,2,3500.0,7000.0,0.0,False,NONE
TRX-20260903-000236-015,TRX-20260903-000236,15,SKU-1006,Kecap Manis Bango 520ml,1,25500.0,25500.0,0.0,False,NONE
TRX-20260903-000236-016,TRX-20260903-000236,16,SKU-4005,Rexona Deodorant Roll On 45ml,3,20500.0,61500.0,0.0,False,NONE
TRX-20260903-000236-017,TRX-20260903-000236,17,SKU-1003,Gula Pasir Gulaku 1kg,1,17500.0,17500.0,0.0,False,NONE
TRX-20260903-000237-001,TRX-20260903-000237,1,SKU-3002,Air Mineral Le Minerale 600ml,1,3800.0,3800.0,0.0,False,NONE
TRX-20260903-000237-002,TRX-20260903-000237,2,SKU-3004,Kopi Kapal Api Spesial Mix 10s,1,15500.0,15500.0,0.0,False,NONE
TRX-20260903-000238-001,TRX-20260903-000238,1,SKU-3003,Teh Pucuk Harum 350ml,1,4500.0,4500.0,0.0,False,NONE
TRX-20260903-000238-002,TRX-20260903-000238,2,SKU-3005,Good Day Moccacino 250ml,1,8000.0,8000.0,0.0,False,NONE
TRX-20260903-000239-001,TRX-20260903-000239,1,SKU-3005,Good Day Moccacino 250ml,1,8000.0,8000.0,0.0,False,NONE
TRX-20260903-000239-002,TRX-20260903-000239,2,SKU-2003,Susu Ultra Milk Cokelat 1L,1,21500.0,21500.0,0.0,False,NONE
TRX-20260903-000240-001,TRX-20260903-000240,1,SKU-3004,Kopi Kapal Api Spesial Mix 10s,1,15500.0,15500.0,0.0,False,NONE
TRX-20260903-000240-002,TRX-20260903-000240,2,SKU-2004,Yakult Pack isi 5,1,11500.0,11500.0,0.0,False,NONE
TRX-20260903-000241-001,TRX-20260903-000241,1,SKU-3002,Air Mineral Le Minerale 600ml,1,3800.0,3800.0,0.0,False,NONE
TRX-20260903-000241-002,TRX-20260903-000241,2,SKU-3008,Taro Net Seaweed 65g,2,9800.0,19600.0,0.0,True,VOID_ITEM
TRX-20260903-000241-003,TRX-20260903-000241,3,SKU-1004,Tepung Terigu Segitiga Biru 1kg,2,13500.0,27000.0,0.0,False,NONE
TRX-20260903-000241-004,TRX-20260903-000241,4,SKU-2006,Mentega Blue Band 200g,2,12500.0,25000.0,0.0,False,NONE
TRX-20260903-000241-005,TRX-20260903-000241,5,SKU-1010,Sedaap Mie Goreng 90g,2,3400.0,6800.0,0.0,True,VOID_ITEM
TRX-20260903-000241-006,TRX-20260903-000241,6,SKU-1011,Sarden ABC Saus Tomat 155g,1,12000.0,12000.0,0.0,False,NONE
TRX-20260903-000241-007,TRX-20260903-000241,7,SKU-3004,Kopi Kapal Api Spesial Mix 10s,1,15500.0,15500.0,0.0,False,NONE
TRX-20260903-000241-008,TRX-20260903-000241,8,SKU-3025,UNKNOWN PRODUCT,1,8000.0,8000.0,0.0,False,TYPO_SKU
TRX-20260903-000241-009,TRX-20260903-000241,9,SKU-3001,Air Mineral Aqua 600ml,1,4000.0,4000.0,0.0,False,NONE
TRX-20260903-000242-001,TRX-20260903-000242,1,SKU-3007,Chitato Sapi Panggang 68g,1,12500.0,12500.0,0.0,False,NONE
TRX-20260903-000242-002,TRX-20260903-000242,2,SKU-2007,Sari Roti Tawar Spesial,1,16500.0,16500.0,0.0,False,NONE
TRX-20260903-000242-003,TRX-20260903-000242,3,SKU-2003,Susu Ultra Milk Cokelat 1L,1,21500.0,21500.0,0.0,False,NONE
TRX-20260903-000243-001,TRX-20260903-000243,1,SKU-1009,Indomie Kuah Ayam Bawang 69g,5,3400.0,17000.0,0.0,False,NONE
TRX-20260903-000243-002,TRX-20260903-000243,2,SKU-1002,Minyak Goreng Bimoli 2L,2,37500.0,75000.0,0.0,False,NONE
TRX-20260903-000243-003,TRX-20260903-000243,3,SKU-1001,Beras Pandan Wangi 5kg,2,78500.0,157000.0,0.0,False,NONE
TRX-20260903-000243-004,TRX-20260903-000243,4,SKU-1006,Kecap Manis Bango 520ml,1,25500.0,25500.0,0.0,False,NONE
TRX-20260903-000243-005,TRX-20260903-000243,5,SKU-1003,Gula Pasir Gulaku 1kg,2,17500.0,35000.0,0.0,False,NONE
TRX-20260903-000243-006,TRX-20260903-000243,6,SKU-1011,Sarden ABC Saus Tomat 155g,3,12000.0,36000.0,0.0,False,NONE
TRX-20260903-000243-007,TRX-20260903-000243,7,SKU-1012,Kornet Sapi Pronas 198g,1,26000.0,26000.0,0.0,False,NONE
TRX-20260903-000243-008,TRX-20260903-000243,8,SKU-4007,Minyak Telon My Baby 90ml,2,28000.0,56000.0,0.0,False,NONE
TRX-20260903-000243-009,TRX-20260903-000243,9,SKU-4001,Sabun Mandi Lifebuoy Total 10 450ml,1,27500.0,27500.0,0.0,False,NONE
TRX-20260903-000243-010,TRX-20260903-000243,10,SKU-4002,Shampoo Sunsilk Black Shine 160ml,2,26000.0,52000.0,0.0,False,NONE
TRX-20260903-000243-011,TRX-20260903-000243,11,SKU-1004,Tepung Terigu Segitiga Biru 1kg,1,13500.0,13500.0,0.0,False,NONE
TRX-20260903-000243-012,TRX-20260903-000243,12,SKU-4005,Rexona Deodorant Roll On 45ml,1,20500.0,20500.0,0.0,False,NONE
TRX-20260903-000243-013,TRX-20260903-000243,13,SKU-4002,Shampoo Sunsilk Black Shine 160ml,2,26000.0,52000.0,0.0,False,NONE
TRX-20260903-000243-014,TRX-20260903-000243,14,SKU-4004,Sikat Gigi Formula Double Action 3s,2,15500.0,31000.0,0.0,False,NONE
TRX-20260903-000243-015,TRX-20260903-000243,15,SKU-0008,UNKNOWN PRODUCT,3,3500.0,10500.0,0.0,False,TYPO_SKU
TRX-20260903-000243-016,TRX-20260903-000243,16,SKU-1010,Sedaap Mie Goreng 90g,2,3400.0,6800.0,0.0,False,NONE
TRX-20260903-000243-017,TRX-20260903-000243,17,SKU-1007,Saus Sambal ABC 335ml,2,17500.0,35000.0,0.0,False,NONE
TRX-20260903-000243-018,TRX-20260903-000243,18,SKU-4003,Pasta Gigi Pepsodent 190g,2,17000.0,34000.0,0.0,False,NONE
TRX-20260903-000243-019,TRX-20260903-000243,19,SKU-1005,Garam Dapur Cap Kapal 250g,3,5000.0,15000.0,0.0,False,NONE
TRX-20260903-000243-020,TRX-20260903-000243,20,SKU-5906,UNKNOWN PRODUCT,3,21000.0,63000.0,0.0,False,TYPO_SKU
TRX-20260903-000243-021,TRX-20260903-000243,21,SKU-5001,Deterjen Rinso Anti Noda 770g,1,23000.0,23000.0,0.0,False,NONE
TRX-20260903-000244-001,TRX-20260903-000244,1,SKU-3002,Air Mineral Le Minerale 600ml,1,3800.0,3800.0,0.0,False,NONE
TRX-20260903-000244-002,TRX-20260903-000244,2,SKU-3007,Chitato Sapi Panggang 68g,1,12500.0,12500.0,0.0,False,NONE
TRX-20260903-000245-001,TRX-20260903-000245,1,SKU-1005,Garam Dapur Cap Kapal 250g,1,5000.0,5000.0,0.0,False,NONE
TRX-20260903-000245-002,TRX-20260903-000245,2,SKU-1012,Kornet Sapi Pronas 198g,1,26000.0,26000.0,0.0,False,NONE
TRX-20260903-000245-003,TRX-20260903-000245,3,SKU-2003,Susu Ultra Milk Cokelat 1L,1,21500.0,21500.0,0.0,False,NONE
TRX-20260903-000245-004,TRX-20260903-000245,4,SKU-3005,Good Day Moccacino 250ml,2,8000.0,16000.0,0.0,False,NONE
TRX-20260903-000245-005,TRX-20260903-000245,5,SKU-3002,Air Mineral Le Minerale 600ml,2,3800.0,7600.0,0.0,False,NONE
TRX-20260903-000246-001,TRX-20260903-000246,1,SKU-4001,Sabun Mandi Lifebuoy Total 10 450ml,1,27500.0,27500.0,0.0,False,NONE
TRX-20260903-000246-002,TRX-20260903-000246,2,SKU-3002,Air Mineral Le Minerale 600ml,2,3800.0,7600.0,0.0,False,TYPO_SKU
TRX-20260903-000246-003,TRX-20260903-000246,3,SKU-5001,Deterjen Rinso Anti Noda 770g,1,23000.0,23000.0,0.0,False,NONE
TRX-20260903-000246-004,TRX-20260903-000246,4,SKU-4005,Rexona Deodorant Roll On 45ml,2,20500.0,41000.0,0.0,False,NONE
TRX-20260903-000246-005,TRX-20260903-000246,5,SKU-1003,Gula Pasir Gulaku 1kg,1,17500.0,17500.0,0.0,False,NONE
TRX-20260903-000246-006,TRX-20260903-000246,6,SKU-1001,Beras Pandan Wangi 5kg,1,78500.0,78500.0,0.0,False,NONE
TRX-20260903-000246-007,TRX-20260903-000246,7,SKU-4006,Paseo Facial Tissue 250 Sheets,1,16500.0,16500.0,0.0,False,NONE
TRX-20260903-000246-008,TRX-20260903-000246,8,SKU-5002,Pewangi Pakaian Molto All in 1 720ml,2,24000.0,48000.0,0.0,False,NONE
TRX-20260903-000246-009,TRX-20260903-000246,9,SKU-4004,Sikat Gigi Formula Double Action 3s,1,15500.0,15500.0,0.0,False,NONE
TRX-20260903-000246-010,TRX-20260903-000246,10,SKU-5005,Baygon Obat Nyamuk Semprot 600ml,2,42000.0,84000.0,0.0,False,NONE
TRX-20260903-000246-011,TRX-20260903-000246,11,SKU-5004,Pembersih Lantai Super Pell 770ml,2,14500.0,29000.0,0.0,False,NONE
TRX-20260903-000247-001,TRX-20260903-000247,1,SKU-3007,Chitato Sapi Panggang 68g,1,12500.0,12500.0,0.0,False,NONE
TRX-20260903-000247-002,TRX-20260903-000247,2,SKU-3005,Good Day Moccacino 250ml,2,8000.0,16000.0,0.0,False,NONE
TRX-20260903-000247-003,TRX-20260903-000247,3,SKU-3002,Air Mineral Le Minerale 600ml,1,3800.0,3800.0,0.0,False,NONE
TRX-20260903-000247-004,TRX-20260903-000247,4,SKU-3008,Taro Net Seaweed 65g,1,9800.0,9800.0,0.0,True,VOID_ITEM
TRX-20260903-000247-005,TRX-20260903-000247,5,SKU-3001,Air Mineral Aqua 600ml,1,4000.0,4000.0,0.0,False,NONE
TRX-20260903-000247-006,TRX-20260903-000247,6,SKU-4004,Sikat Gigi Formula Double Action 3s,2,15500.0,31000.0,0.0,False,NONE
TRX-20260903-000247-007,TRX-20260903-000247,7,SKU-3009,Oreo Original Roll 133g,2,11000.0,22000.0,0.0,False,NONE
TRX-20260903-000247-008,TRX-20260903-000247,8,SKU-3003,Teh Pucuk Harum 350ml,2,4500.0,9000.0,0.0,False,NONE
TRX-20260903-000248-001,TRX-20260903-000248,1,SKU-2004,Yakult Pack isi 5,1,11500.0,11500.0,0.0,False,NONE
TRX-20260903-000248-002,TRX-20260903-000248,2,SKU-2008,Sari Roti Sobek Cokelat,1,19500.0,19500.0,0.0,False,NONE
TRX-20260903-000248-003,TRX-20260903-000248,3,SKU-2025,UNKNOWN PRODUCT,1,24000.0,24000.0,0.0,False,TYPO_SKU
TRX-20260903-000249-001,TRX-20260903-000249,1,SKU-2003,Susu Ultra Milk Cokelat 1L,1,21500.0,21500.0,0.0,False,NONE
TRX-20260903-000249-002,TRX-20260903-000249,2,SKU-2002,Susu Ultra Milk Full Cream 1L,1,21500.0,21500.0,0.0,False,NONE
TRX-20260903-000250-001,TRX-20260903-000250,1,SKU-3001,Air Mineral Aqua 600ml,2,4000.0,8000.0,0.0,False,NONE
TRX-20260903-000250-002,TRX-20260903-000250,2,SKU-3008,Taro Net Seaweed 65g,2,9800.0,19600.0,0.0,False,NONE
TRX-20260903-000250-003,TRX-20260903-000250,3,SKU-3007,Chitato Sapi Panggang 68g,2,12500.0,25000.0,0.0,False,NONE
TRX-20260903-000250-004,TRX-20260903-000250,4,SKU-3003,Teh Pucuk Harum 350ml,2,4500.0,9000.0,0.0,False,NONE
TRX-20260903-000251-001,TRX-20260903-000251,1,SKU-3005,Good Day Moccacino 250ml,1,8000.0,8000.0,0.0,False,NONE
TRX-20260903-000252-001,TRX-20260903-000252,1,SKU-2001,Telur Ayam Negeri 1kg,1,31000.0,31000.0,0.0,False,NONE
TRX-20260903-000252-002,TRX-20260903-000252,2,SKU-3007,Chitato Sapi Panggang 68g,1,12500.0,12500.0,0.0,False,NONE
TRX-20260903-000252-003,TRX-20260903-000252,3,SKU-2006,Mentega Blue Band 200g,1,12500.0,12500.0,0.0,False,NONE
TRX-20260903-000253-001,TRX-20260903-000253,1,SKU-1002,Minyak Goreng Bimoli 2L,2,37500.0,75000.0,0.0,False,NONE
TRX-20260903-000253-002,TRX-20260903-000253,2,SKU-1006,Kecap Manis Bango 520ml,1,25500.0,25500.0,0.0,False,NONE
TRX-20260903-000253-003,TRX-20260903-000253,3,SKU-5003,Sabun Cuci Piring Sunlight 650ml,3,15500.0,46500.0,0.0,False,NONE
TRX-20260903-000253-004,TRX-20260903-000253,4,SKU-5004,Pembersih Lantai Super Pell 770ml,2,14500.0,29000.0,0.0,False,NONE
TRX-20260903-000253-005,TRX-20260903-000253,5,SKU-4003,Pasta Gigi Pepsodent 190g,1,17000.0,17000.0,0.0,False,NONE
TRX-20260903-000253-006,TRX-20260903-000253,6,SKU-4005,Rexona Deodorant Roll On 45ml,3,20500.0,61500.0,0.0,False,NONE
TRX-20260903-000253-007,TRX-20260903-000253,7,SKU-5006,Baterai ABC Alkaline AA 4s,1,21000.0,21000.0,0.0,False,NONE
TRX-20260903-000253-008,TRX-20260903-000253,8,SKU-1008,Indomie Goreng Spesial 85g,1,3500.0,3500.0,0.0,False,NONE
TRX-20260903-000253-009,TRX-20260903-000253,9,SKU-4002,Shampoo Sunsilk Black Shine 160ml,2,26000.0,52000.0,0.0,False,NONE
TRX-20260903-000253-010,TRX-20260903-000253,10,SKU-1009,Indomie Kuah Ayam Bawang 69g,1,3400.0,3400.0,0.0,False,NONE
TRX-20260903-000253-011,TRX-20260903-000253,11,SKU-1007,Saus Sambal ABC 335ml,2,17500.0,35000.0,0.0,False,NONE
TRX-20260903-000253-012,TRX-20260903-000253,12,SKU-1003,Gula Pasir Gulaku 1kg,2,17500.0,35000.0,0.0,False,NONE
TRX-20260903-000253-013,TRX-20260903-000253,13,SKU-4007,Minyak Telon My Baby 90ml,2,28000.0,56000.0,0.0,False,NONE
TRX-20260903-000254-001,TRX-20260903-000254,1,SKU-2002,Susu Ultra Milk Full Cream 1L,1,21500.0,21500.0,0.0,False,NONE
TRX-20260903-000254-002,TRX-20260903-000254,2,SKU-3009,Oreo Original Roll 133g,1,11000.0,11000.0,0.0,False,NONE
TRX-20260903-000255-001,TRX-20260903-000255,1,SKU-5001,Deterjen Rinso Anti Noda 770g,1,23000.0,23000.0,0.0,False,NONE
TRX-20260903-000255-002,TRX-20260903-000255,2,SKU-1003,Gula Pasir Gulaku 1kg,1,17500.0,17500.0,0.0,False,NONE
TRX-20260903-000255-003,TRX-20260903-000255,3,SKU-3008,Taro Net Seaweed 65g,2,9800.0,19600.0,0.0,False,NONE
TRX-20260903-000255-004,TRX-20260903-000255,4,SKU-3005,Good Day Moccacino 250ml,1,8000.0,8000.0,0.0,False,NONE
TRX-20260903-000256-001,TRX-20260903-000256,1,SKU-3006,Coca Cola 390ml,1,7500.0,7500.0,0.0,False,NONE
TRX-20260903-000256-002,TRX-20260903-000256,2,SKU-3007,Chitato Sapi Panggang 68g,1,12500.0,12500.0,0.0,False,NONE
TRX-20260903-000256-003,TRX-20260903-000256,3,SKU-2003,Susu Ultra Milk Cokelat 1L,1,21500.0,21500.0,0.0,False,NONE
TRX-20260903-000257-001,TRX-20260903-000257,1,SKU-3010,SilverQueen Cokelat Mede 58g,1,17000.0,17000.0,0.0,False,NONE
TRX-20260903-000258-001,TRX-20260903-000258,1,SKU-1001,Beras Pandan Wangi 5kg,5,78500.0,392500.0,0.0,False,NONE
TRX-20260903-000258-002,TRX-20260903-000258,2,SKU-1002,Minyak Goreng Bimoli 2L,1,37500.0,37500.0,0.0,False,NONE
TRX-20260903-000258-003,TRX-20260903-000258,3,SKU-1006,Kecap Manis Bango 520ml,2,25500.0,51000.0,0.0,False,NONE
TRX-20260903-000258-004,TRX-20260903-000258,4,SKU-1003,Gula Pasir Gulaku 1kg,2,17500.0,35000.0,0.0,False,NONE
TRX-20260903-000258-005,TRX-20260903-000258,5,SKU-5002,Pewangi Pakaian Molto All in 1 720ml,3,24000.0,72000.0,0.0,False,NONE
TRX-20260903-000258-006,TRX-20260903-000258,6,SKU-4003,Pasta Gigi Pepsodent 190g,2,17000.0,34000.0,0.0,False,NONE
TRX-20260903-000258-007,TRX-20260903-000258,7,SKU-4004,Sikat Gigi Formula Double Action 3s,2,15500.0,31000.0,0.0,False,NONE
TRX-20260903-000258-008,TRX-20260903-000258,8,SKU-5004,Pembersih Lantai Super Pell 770ml,1,14500.0,14500.0,0.0,True,VOID_ITEM
TRX-20260903-000258-009,TRX-20260903-000258,9,SKU-5003,Sabun Cuci Piring Sunlight 650ml,5,15500.0,77500.0,0.0,False,NONE
TRX-20260903-000258-010,TRX-20260903-000258,10,SKU-5001,Deterjen Rinso Anti Noda 770g,1,23000.0,23000.0,0.0,False,NONE
TRX-20260903-000258-011,TRX-20260903-000258,11,SKU-1006,Kecap Manis Bango 520ml,1,25500.0,25500.0,0.0,False,NONE
TRX-20260903-000258-012,TRX-20260903-000258,12,SKU-1005,Garam Dapur Cap Kapal 250g,2,5000.0,10000.0,0.0,False,NONE
TRX-20260903-000258-013,TRX-20260903-000258,13,SKU-4004,Sikat Gigi Formula Double Action 3s,2,15500.0,31000.0,0.0,False,NONE
TRX-20260903-000258-014,TRX-20260903-000258,14,SKU-4001,Sabun Mandi Lifebuoy Total 10 450ml,2,27500.0,55000.0,0.0,False,NONE
TRX-20260903-000258-015,TRX-20260903-000258,15,SKU-4002,Shampoo Sunsilk Black Shine 160ml,1,26000.0,26000.0,0.0,False,NONE
TRX-20260903-000258-016,TRX-20260903-000258,16,SKU-1007,Saus Sambal ABC 335ml,3,17500.0,52500.0,0.0,False,NONE
TRX-20260903-000258-017,TRX-20260903-000258,17,SKU-1010,Sedaap Mie Goreng 90g,2,3400.0,6800.0,0.0,False,NONE
TRX-20260903-000258-018,TRX-20260903-000258,18,SKU-2001,Telur Ayam Negeri 1kg,1,31000.0,31000.0,0.0,False,NONE
TRX-20260903-000258-019,TRX-20260903-000258,19,SKU-4002,Shampoo Sunsilk Black Shine 160ml,2,26000.0,52000.0,0.0,False,NONE
TRX-20260903-000258-020,TRX-20260903-000258,20,SKU-1011,Sarden ABC Saus Tomat 155g,1,12000.0,12000.0,0.0,False,NONE
TRX-20260903-000258-021,TRX-20260903-000258,21,SKU-5001,Deterjen Rinso Anti Noda 770g,2,23000.0,46000.0,0.0,False,NONE
TRX-20260903-000258-022,TRX-20260903-000258,22,SKU-1008,Indomie Goreng Spesial 85g,2,3500.0,7000.0,0.0,False,NONE
TRX-20260903-000258-023,TRX-20260903-000258,23,SKU-3001,Air Mineral Aqua 600ml,2,4000.0,8000.0,0.0,False,NONE
TRX-20260903-000258-024,TRX-20260903-000258,24,SKU-1012,Kornet Sapi Pronas 198g,5,26000.0,130000.0,0.0,False,NONE
TRX-20260903-000259-001,TRX-20260903-000259,1,SKU-3007,Chitato Sapi Panggang 68g,1,12500.0,12500.0,0.0,False,NONE
TRX-20260903-000260-001,TRX-20260903-000260,1,SKU-1009,Indomie Kuah Ayam Bawang 69g,2,3400.0,6800.0,0.0,True,VOID_ITEM
TRX-20260903-000260-002,TRX-20260903-000260,2,SKU-1004,Tepung Terigu Segitiga Biru 1kg,1,13500.0,13500.0,0.0,False,NONE
TRX-20260903-000260-003,TRX-20260903-000260,3,SKU-4004,Sikat Gigi Formula Double Action 3s,2,15500.0,31000.0,0.0,False,NONE
TRX-20260903-000260-004,TRX-20260903-000260,4,SKU-1011,Sarden ABC Saus Tomat 155g,1,12000.0,12000.0,0.0,False,NONE
TRX-20260903-000260-005,TRX-20260903-000260,5,SKU-2004,Yakult Pack isi 5,1,11500.0,11500.0,0.0,False,NONE
TRX-20260903-000260-006,TRX-20260903-000260,6,SKU-1005,Garam Dapur Cap Kapal 250g,1,5000.0,5000.0,0.0,False,NONE
TRX-20260903-000260-007,TRX-20260903-000260,7,SKU-3002,Air Mineral Le Minerale 600ml,2,3800.0,7600.0,0.0,False,NONE
TRX-20260903-000261-001,TRX-20260903-000261,1,SKU-3030,UNKNOWN PRODUCT,1,17000.0,17000.0,0.0,False,TYPO_SKU
TRX-20260903-000262-001,TRX-20260903-000262,1,SKU-4001,Sabun Mandi Lifebuoy Total 10 450ml,1,27500.0,27500.0,0.0,False,NONE
TRX-20260903-000262-002,TRX-20260903-000262,2,SKU-5006,Baterai ABC Alkaline AA 4s,1,21000.0,21000.0,0.0,False,NONE
TRX-20260903-000262-003,TRX-20260903-000262,3,SKU-5002,Pewangi Pakaian Molto All in 1 720ml,2,24000.0,48000.0,0.0,True,VOID_ITEM
TRX-20260903-000262-004,TRX-20260903-000262,4,SKU-4006,Paseo Facial Tissue 250 Sheets,2,16500.0,33000.0,0.0,False,NONE
TRX-20260903-000262-005,TRX-20260903-000262,5,SKU-5005,Baygon Obat Nyamuk Semprot 600ml,2,42000.0,84000.0,0.0,False,NONE
TRX-20260903-000262-006,TRX-20260903-000262,6,SKU-1012,Kornet Sapi Pronas 198g,3,26000.0,78000.0,0.0,False,NONE
TRX-20260903-000262-007,TRX-20260903-000262,7,SKU-1007,Saus Sambal ABC 335ml,1,17500.0,17500.0,0.0,False,NONE
TRX-20260903-000262-008,TRX-20260903-000262,8,SKU-4002,Shampoo Sunsilk Black Shine 160ml,2,26000.0,52000.0,0.0,False,NONE
TRX-20260903-000262-009,TRX-20260903-000262,9,SKU-4003,Pasta Gigi Pepsodent 190g,1,17000.0,17000.0,0.0,False,NONE
TRX-20260903-000263-001,TRX-20260903-000263,1,SKU-1001,Beras Pandan Wangi 5kg,1,78500.0,78500.0,0.0,False,NONE
TRX-20260903-000263-002,TRX-20260903-000263,2,SKU-1003,Gula Pasir Gulaku 1kg,2,17500.0,35000.0,0.0,False,NONE
TRX-20260903-000263-003,TRX-20260903-000263,3,SKU-5006,Baterai ABC Alkaline AA 4s,1,21000.0,21000.0,0.0,False,NONE
TRX-20260903-000263-004,TRX-20260903-000263,4,SKU-1012,Kornet Sapi Pronas 198g,5,26000.0,130000.0,0.0,False,NONE
TRX-20260903-000263-005,TRX-20260903-000263,5,SKU-5001,Deterjen Rinso Anti Noda 770g,2,23000.0,46000.0,0.0,False,NONE
TRX-20260903-000263-006,TRX-20260903-000263,6,SKU-1010,Sedaap Mie Goreng 90g,2,3400.0,6800.0,0.0,False,NONE
TRX-20260903-000263-007,TRX-20260903-000263,7,SKU-1007,Saus Sambal ABC 335ml,1,17500.0,17500.0,0.0,False,NONE
TRX-20260903-000263-008,TRX-20260903-000263,8,SKU-1002,Minyak Goreng Bimoli 2L,2,37500.0,75000.0,0.0,False,NONE
TRX-20260903-000263-009,TRX-20260903-000263,9,SKU-1006,Kecap Manis Bango 520ml,1,25500.0,25500.0,0.0,False,NONE
TRX-20260903-000263-010,TRX-20260903-000263,10,SKU-4002,Shampoo Sunsilk Black Shine 160ml,1,26000.0,26000.0,0.0,False,NONE
TRX-20260903-000263-011,TRX-20260903-000263,11,SKU-4003,Pasta Gigi Pepsodent 190g,2,17000.0,34000.0,0.0,False,NONE
TRX-20260903-000263-012,TRX-20260903-000263,12,SKU-4003,Pasta Gigi Pepsodent 190g,1,17000.0,17000.0,0.0,False,NONE
TRX-20260903-000263-013,TRX-20260903-000263,13,SKU-1004,Tepung Terigu Segitiga Biru 1kg,1,13500.0,13500.0,0.0,False,NONE
TRX-20260903-000263-014,TRX-20260903-000263,14,SKU-4005,Rexona Deodorant Roll On 45ml,2,20500.0,41000.0,0.0,False,NONE
TRX-20260903-000263-015,TRX-20260903-000263,15,SKU-1003,Gula Pasir Gulaku 1kg,1,17500.0,17500.0,0.0,False,NONE
TRX-20260903-000263-016,TRX-20260903-000263,16,SKU-4007,Minyak Telon My Baby 90ml,1,28000.0,28000.0,0.0,False,NONE
TRX-20260903-000263-017,TRX-20260903-000263,17,SKU-1008,Indomie Goreng Spesial 85g,3,3500.0,10500.0,0.0,False,NONE
TRX-20260903-000263-018,TRX-20260903-000263,18,SKU-4004,Sikat Gigi Formula Double Action 3s,3,15500.0,46500.0,0.0,False,NONE
TRX-20260903-000263-019,TRX-20260903-000263,19,SKU-5005,Baygon Obat Nyamuk Semprot 600ml,2,42000.0,84000.0,0.0,False,NONE
TRX-20260903-000264-001,TRX-20260903-000264,1,SKU-5003,Sabun Cuci Piring Sunlight 650ml,1,15500.0,15500.0,0.0,False,NONE
TRX-20260903-000264-002,TRX-20260903-000264,2,SKU-2004,Yakult Pack isi 5,1,11500.0,11500.0,0.0,False,NONE
TRX-20260903-000264-003,TRX-20260903-000264,3,SKU-1005,Garam Dapur Cap Kapal 250g,1,5000.0,5000.0,0.0,True,VOID_ITEM
TRX-20260903-000264-004,TRX-20260903-000264,4,SKU-1011,Sarden ABC Saus Tomat 155g,2,12000.0,24000.0,0.0,False,NONE
TRX-20260903-000264-005,TRX-20260903-000264,5,SKU-3009,Oreo Original Roll 133g,2,11000.0,22000.0,0.0,False,NONE
TRX-20260903-000264-006,TRX-20260903-000264,6,SKU-3003,Teh Pucuk Harum 350ml,2,4500.0,9000.0,0.0,True,VOID_ITEM
TRX-20260903-000265-001,TRX-20260903-000265,1,SKU-2004,Yakult Pack isi 5,1,11500.0,11500.0,0.0,False,NONE
TRX-20260903-000266-001,TRX-20260903-000266,1,SKU-3002,Air Mineral Le Minerale 600ml,1,3800.0,3800.0,0.0,False,NONE
TRX-20260903-000266-002,TRX-20260903-000266,2,SKU-3004,Kopi Kapal Api Spesial Mix 10s,1,15500.0,15500.0,0.0,False,NONE
TRX-20260903-000267-001,TRX-20260903-000267,1,SKU-1001,Beras Pandan Wangi 5kg,3,78500.0,235500.0,0.0,False,NONE
TRX-20260903-000267-002,TRX-20260903-000267,2,SKU-4001,Sabun Mandi Lifebuoy Total 10 450ml,1,27500.0,27500.0,0.0,False,NONE
TRX-20260903-000267-003,TRX-20260903-000267,3,SKU-1003,Gula Pasir Gulaku 1kg,3,17500.0,52500.0,0.0,False,NONE
TRX-20260903-000267-004,TRX-20260903-000267,4,SKU-1011,Sarden ABC Saus Tomat 155g,1,12000.0,12000.0,0.0,False,NONE
TRX-20260903-000267-005,TRX-20260903-000267,5,SKU-4006,Paseo Facial Tissue 250 Sheets,1,16500.0,16500.0,0.0,False,NONE
TRX-20260903-000267-006,TRX-20260903-000267,6,SKU-1010,Sedaap Mie Goreng 90g,1,3400.0,3400.0,0.0,False,NONE
TRX-20260903-000267-007,TRX-20260903-000267,7,SKU-4004,Sikat Gigi Formula Double Action 3s,3,15500.0,46500.0,0.0,False,NONE
TRX-20260903-000267-008,TRX-20260903-000267,8,SKU-4003,Pasta Gigi Pepsodent 190g,2,17000.0,34000.0,0.0,False,NONE
TRX-20260903-000267-009,TRX-20260903-000267,9,SKU-4007,Minyak Telon My Baby 90ml,1,28000.0,28000.0,0.0,False,NONE
TRX-20260903-000267-010,TRX-20260903-000267,10,SKU-1007,Saus Sambal ABC 335ml,2,17500.0,35000.0,0.0,False,NONE
TRX-20260903-000267-011,TRX-20260903-000267,11,SKU-1009,Indomie Kuah Ayam Bawang 69g,5,3400.0,17000.0,0.0,False,NONE
TRX-20260903-000267-012,TRX-20260903-000267,12,SKU-3001,Air Mineral Aqua 600ml,1,4000.0,4000.0,0.0,False,NONE
TRX-20260903-000267-013,TRX-20260903-000267,13,SKU-5005,Baygon Obat Nyamuk Semprot 600ml,1,42000.0,42000.0,0.0,True,VOID_ITEM
TRX-20260903-000267-014,TRX-20260903-000267,14,SKU-4002,Shampoo Sunsilk Black Shine 160ml,2,26000.0,52000.0,0.0,False,NONE
TRX-20260903-000267-015,TRX-20260903-000267,15,SKU-5002,Pewangi Pakaian Molto All in 1 720ml,1,24000.0,24000.0,0.0,False,NONE
TRX-20260903-000267-016,TRX-20260903-000267,16,SKU-1002,Minyak Goreng Bimoli 2L,1,37500.0,37500.0,0.0,False,NONE
TRX-20260903-000267-017,TRX-20260903-000267,17,SKU-1004,Tepung Terigu Segitiga Biru 1kg,2,13500.0,27000.0,0.0,False,NONE
TRX-20260903-000267-018,TRX-20260903-000267,18,SKU-1005,Garam Dapur Cap Kapal 250g,1,5000.0,5000.0,0.0,False,NONE
TRX-20260903-000268-001,TRX-20260903-000268,1,SKU-2007,Sari Roti Tawar Spesial,1,16500.0,16500.0,0.0,False,NONE
TRX-20260903-000269-001,TRX-20260903-000269,1,SKU-3004,Kopi Kapal Api Spesial Mix 10s,1,15500.0,15500.0,0.0,False,NONE
TRX-20260903-000270-001,TRX-20260903-000270,1,SKU-5004,Pembersih Lantai Super Pell 770ml,1,14500.0,14500.0,0.0,False,NONE
TRX-20260903-000270-002,TRX-20260903-000270,2,SKU-4004,Sikat Gigi Formula Double Action 3s,2,15500.0,31000.0,0.0,False,NONE
TRX-20260903-000270-003,TRX-20260903-000270,3,SKU-1010,Sedaap Mie Goreng 90g,2,3400.0,6800.0,0.0,False,NONE
TRX-20260903-000270-004,TRX-20260903-000270,4,SKU-1007,Saus Sambal ABC 335ml,1,17500.0,17500.0,0.0,False,NONE
TRX-20260903-000270-005,TRX-20260903-000270,5,SKU-4002,Shampoo Sunsilk Black Shine 160ml,1,26000.0,26000.0,0.0,False,NONE
TRX-20260903-000270-006,TRX-20260903-000270,6,SKU-5005,Baygon Obat Nyamuk Semprot 600ml,1,42000.0,42000.0,0.0,False,NONE
TRX-20260903-000270-007,TRX-20260903-000270,7,SKU-4001,Sabun Mandi Lifebuoy Total 10 450ml,1,27500.0,27500.0,0.0,False,NONE
TRX-20260903-000270-008,TRX-20260903-000270,8,SKU-4003,Pasta Gigi Pepsodent 190g,1,17000.0,17000.0,0.0,False,NONE
TRX-20260903-000270-009,TRX-20260903-000270,9,SKU-1003,Gula Pasir Gulaku 1kg,2,17500.0,35000.0,0.0,True,VOID_ITEM
TRX-20260903-000270-010,TRX-20260903-000270,10,SKU-5002,Pewangi Pakaian Molto All in 1 720ml,1,24000.0,24000.0,0.0,False,NONE
TRX-20260903-000270-011,TRX-20260903-000270,11,SKU-1005,Garam Dapur Cap Kapal 250g,2,5000.0,10000.0,0.0,False,NONE
TRX-20260903-000270-012,TRX-20260903-000270,12,SKU-1001,Beras Pandan Wangi 5kg,3,78500.0,235500.0,0.0,False,NONE
TRX-20260903-000270-013,TRX-20260903-000270,13,SKU-1011,Sarden ABC Saus Tomat 155g,1,12000.0,12000.0,0.0,False,NONE
TRX-20260903-000270-014,TRX-20260903-000270,14,SKU-1004,Tepung Terigu Segitiga Biru 1kg,2,13500.0,27000.0,0.0,False,NONE
TRX-20260903-000270-015,TRX-20260903-000270,15,SKU-4003,Pasta Gigi Pepsodent 190g,2,17000.0,34000.0,0.0,False,NONE
TRX-20260903-000270-016,TRX-20260903-000270,16,SKU-5003,Sabun Cuci Piring Sunlight 650ml,1,15500.0,15500.0,0.0,False,NONE
TRX-20260903-000271-001,TRX-20260903-000271,1,SKU-1010,Sedaap Mie Goreng 90g,1,3400.0,3400.0,0.0,False,NONE
TRX-20260903-000271-002,TRX-20260903-000271,2,SKU-2007,Sari Roti Tawar Spesial,1,16500.0,16500.0,0.0,False,NONE
TRX-20260903-000271-003,TRX-20260903-000271,3,SKU-4001,Sabun Mandi Lifebuoy Total 10 450ml,1,27500.0,27500.0,0.0,False,NONE
TRX-20260903-000271-004,TRX-20260903-000271,4,SKU-3002,Air Mineral Le Minerale 600ml,2,3800.0,7600.0,0.0,False,NONE
TRX-20260903-000272-001,TRX-20260903-000272,1,SKU-3005,Good Day Moccacino 250ml,1,8000.0,8000.0,0.0,False,NONE
TRX-20260903-000273-001,TRX-20260903-000273,1,SKU-1009,Indomie Kuah Ayam Bawang 69g,1,3400.0,3400.0,0.0,False,NONE
TRX-20260903-000273-002,TRX-20260903-000273,2,SKU-3009,Oreo Original Roll 133g,1,11000.0,11000.0,0.0,False,NONE
TRX-20260903-000273-003,TRX-20260903-000273,3,SKU-3005,Good Day Moccacino 250ml,2,8000.0,16000.0,0.0,False,NONE
TRX-20260903-000273-004,TRX-20260903-000273,4,SKU-1004,Tepung Terigu Segitiga Biru 1kg,2,13500.0,27000.0,0.0,False,NONE
TRX-20260903-000274-001,TRX-20260903-000274,1,SKU-1005,Garam Dapur Cap Kapal 250g,5,5000.0,25000.0,0.0,False,NONE
TRX-20260903-000274-002,TRX-20260903-000274,2,SKU-5002,Pewangi Pakaian Molto All in 1 720ml,3,24000.0,72000.0,0.0,False,NONE
TRX-20260903-000274-003,TRX-20260903-000274,3,SKU-4006,Paseo Facial Tissue 250 Sheets,5,16500.0,82500.0,0.0,False,NONE
TRX-20260903-000274-004,TRX-20260903-000274,4,SKU-5003,Sabun Cuci Piring Sunlight 650ml,1,15500.0,15500.0,0.0,False,NONE
TRX-20260903-000274-005,TRX-20260903-000274,5,SKU-5004,Pembersih Lantai Super Pell 770ml,2,14500.0,29000.0,0.0,False,NONE
TRX-20260903-000274-006,TRX-20260903-000274,6,SKU-4001,Sabun Mandi Lifebuoy Total 10 450ml,2,27500.0,55000.0,0.0,False,NONE
TRX-20260903-000274-007,TRX-20260903-000274,7,SKU-4002,Shampoo Sunsilk Black Shine 160ml,2,26000.0,52000.0,0.0,False,NONE
TRX-20260903-000274-008,TRX-20260903-000274,8,SKU-1001,Beras Pandan Wangi 5kg,2,78500.0,157000.0,0.0,False,NONE
TRX-20260903-000274-009,TRX-20260903-000274,9,SKU-1003,Gula Pasir Gulaku 1kg,2,17500.0,35000.0,0.0,False,NONE
TRX-20260903-000274-010,TRX-20260903-000274,10,SKU-4005,Rexona Deodorant Roll On 45ml,1,20500.0,20500.0,0.0,False,NONE
TRX-20260903-000274-011,TRX-20260903-000274,11,SKU-4003,Pasta Gigi Pepsodent 190g,5,17000.0,85000.0,0.0,False,NONE
TRX-20260903-000275-001,TRX-20260903-000275,1,SKU-3005,Good Day Moccacino 250ml,2,8000.0,16000.0,0.0,False,NONE
TRX-20260903-000275-002,TRX-20260903-000275,2,SKU-3003,Teh Pucuk Harum 350ml,2,4500.0,9000.0,0.0,False,NONE
TRX-20260903-000275-003,TRX-20260903-000275,3,SKU-3008,Taro Net Seaweed 65g,1,9800.0,9800.0,0.0,False,NONE
TRX-20260903-000275-004,TRX-20260903-000275,4,SKU-5003,Sabun Cuci Piring Sunlight 650ml,1,15500.0,15500.0,0.0,False,NONE
TRX-20260903-000275-005,TRX-20260903-000275,5,SKU-3004,Kopi Kapal Api Spesial Mix 10s,1,15500.0,15500.0,0.0,False,NONE
TRX-20260903-000275-006,TRX-20260903-000275,6,SKU-3009,Oreo Original Roll 133g,2,11000.0,22000.0,0.0,False,NONE
TRX-20260903-000276-001,TRX-20260903-000276,1,SKU-2005,Keju Kraft Cheddar 165g,1,24000.0,24000.0,0.0,False,NONE
TRX-20260903-000276-002,TRX-20260903-000276,2,SKU-2003,Susu Ultra Milk Cokelat 1L,1,21500.0,21500.0,0.0,False,NONE
TRX-20260903-000276-003,TRX-20260903-000276,3,SKU-3002,Air Mineral Le Minerale 600ml,1,3800.0,3800.0,0.0,False,NONE
TRX-20260903-000277-001,TRX-20260903-000277,1,SKU-2003,Susu Ultra Milk Cokelat 1L,1,21500.0,21500.0,0.0,False,NONE
TRX-20260903-000278-001,TRX-20260903-000278,1,SKU-4005,Rexona Deodorant Roll On 45ml,1,20500.0,20500.0,0.0,True,VOID_ITEM
TRX-20260903-000278-002,TRX-20260903-000278,2,SKU-3210,UNKNOWN PRODUCT,1,17000.0,17000.0,0.0,False,TYPO_SKU
TRX-20260903-000278-003,TRX-20260903-000278,3,SKU-4001,Sabun Mandi Lifebuoy Total 10 450ml,1,27500.0,27500.0,0.0,False,NONE
TRX-20260903-000278-004,TRX-20260903-000278,4,SKU-3001,Air Mineral Aqua 600ml,1,4000.0,4000.0,0.0,False,NONE
TRX-20260903-000278-005,TRX-20260903-000278,5,SKU-3009,Oreo Original Roll 133g,2,11000.0,22000.0,0.0,False,NONE
TRX-20260903-000278-006,TRX-20260903-000278,6,SKU-3008,Taro Net Seaweed 65g,1,9800.0,9800.0,0.0,False,NONE
TRX-20260903-000278-007,TRX-20260903-000278,7,SKU-3005,Good Day Moccacino 250ml,1,8000.0,8000.0,0.0,False,NONE
TRX-20260903-000279-001,TRX-20260903-000279,1,SKU-4004,Sikat Gigi Formula Double Action 3s,2,15500.0,31000.0,0.0,False,NONE
TRX-20260903-000279-002,TRX-20260903-000279,2,SKU-1001,Beras Pandan Wangi 5kg,3,78500.0,235500.0,0.0,False,NONE
TRX-20260903-000279-003,TRX-20260903-000279,3,SKU-1002,Minyak Goreng Bimoli 2L,2,37500.0,75000.0,0.0,False,NONE
TRX-20260903-000279-004,TRX-20260903-000279,4,SKU-1003,Gula Pasir Gulaku 1kg,1,17500.0,17500.0,0.0,False,NONE
TRX-20260903-000279-005,TRX-20260903-000279,5,SKU-1006,Kecap Manis Bango 520ml,5,25500.0,127500.0,0.0,False,NONE
TRX-20260903-000279-006,TRX-20260903-000279,6,SKU-5005,Baygon Obat Nyamuk Semprot 600ml,1,42000.0,42000.0,0.0,False,NONE
TRX-20260903-000279-007,TRX-20260903-000279,7,SKU-1004,Tepung Terigu Segitiga Biru 1kg,1,13500.0,13500.0,0.0,False,NONE
TRX-20260903-000279-008,TRX-20260903-000279,8,SKU-4007,Minyak Telon My Baby 90ml,2,28000.0,56000.0,0.0,False,NONE
TRX-20260903-000279-009,TRX-20260903-000279,9,SKU-1005,Garam Dapur Cap Kapal 250g,2,5000.0,10000.0,0.0,False,NONE
TRX-20260903-000279-010,TRX-20260903-000279,10,SKU-1012,Kornet Sapi Pronas 198g,3,26000.0,78000.0,0.0,False,NONE
TRX-20260903-000279-011,TRX-20260903-000279,11,SKU-4002,Shampoo Sunsilk Black Shine 160ml,1,26000.0,26000.0,0.0,False,NONE
TRX-20260903-000279-012,TRX-20260903-000279,12,SKU-5001,Deterjen Rinso Anti Noda 770g,3,23000.0,69000.0,0.0,False,NONE
TRX-20260903-000279-013,TRX-20260903-000279,13,SKU-1009,Indomie Kuah Ayam Bawang 69g,5,3400.0,17000.0,0.0,False,NONE
TRX-20260903-000279-014,TRX-20260903-000279,14,SKU-3001,Air Mineral Aqua 600ml,2,4000.0,8000.0,0.0,False,NONE
TRX-20260903-000279-015,TRX-20260903-000279,15,SKU-1002,Minyak Goreng Bimoli 2L,2,37500.0,75000.0,0.0,False,NONE
TRX-20260903-000279-016,TRX-20260903-000279,16,SKU-1011,Sarden ABC Saus Tomat 155g,1,12000.0,12000.0,0.0,False,NONE
TRX-20260903-000280-001,TRX-20260903-000280,1,SKU-5003,Sabun Cuci Piring Sunlight 650ml,1,15500.0,15500.0,0.0,False,NONE
TRX-20260903-000280-002,TRX-20260903-000280,2,SKU-1010,Sedaap Mie Goreng 90g,1,3400.0,3400.0,0.0,False,NONE
TRX-20260903-000280-003,TRX-20260903-000280,3,SKU-2006,Mentega Blue Band 200g,1,12500.0,12500.0,0.0,False,NONE
TRX-20260903-000280-004,TRX-20260903-000280,4,SKU-3004,Kopi Kapal Api Spesial Mix 10s,1,15500.0,15500.0,0.0,False,NONE
TRX-20260903-000280-005,TRX-20260903-000280,5,SKU-1008,Indomie Goreng Spesial 85g,1,3500.0,3500.0,0.0,False,NONE
TRX-20260903-000280-006,TRX-20260903-000280,6,SKU-3009,Oreo Original Roll 133g,2,11000.0,22000.0,0.0,False,NONE
TRX-20260903-000280-007,TRX-20260903-000280,7,SKU-2004,Yakult Pack isi 5,1,11500.0,11500.0,0.0,False,NONE
TRX-20260903-000280-008,TRX-20260903-000280,8,SKU-3008,Taro Net Seaweed 65g,2,9800.0,19600.0,0.0,False,NONE
TRX-20260903-000281-001,TRX-20260903-000281,1,SKU-3004,Kopi Kapal Api Spesial Mix 10s,1,15500.0,15500.0,0.0,False,NONE
TRX-20260903-000281-002,TRX-20260903-000281,2,SKU-3010,SilverQueen Cokelat Mede 58g,1,17000.0,17000.0,0.0,False,NONE
TRX-20260903-000282-001,TRX-20260903-000282,1,SKU-2005,Keju Kraft Cheddar 165g,1,24000.0,24000.0,0.0,False,NONE
TRX-20260903-000282-002,TRX-20260903-000282,2,SKU-2001,Telur Ayam Negeri 1kg,1,31000.0,31000.0,0.0,False,NONE
TRX-20260903-000283-001,TRX-20260903-000283,1,SKU-3005,Good Day Moccacino 250ml,1,8000.0,8000.0,0.0,False,NONE
TRX-20260903-000284-001,TRX-20260903-000284,1,SKU-5002,Pewangi Pakaian Molto All in 1 720ml,1,24000.0,24000.0,0.0,False,NONE
TRX-20260903-000284-002,TRX-20260903-000284,2,SKU-1007,Saus Sambal ABC 335ml,1,17500.0,17500.0,0.0,False,NONE
TRX-20260903-000284-003,TRX-20260903-000284,3,SKU-4006,Paseo Facial Tissue 250 Sheets,2,16500.0,33000.0,0.0,False,NONE
TRX-20260903-000284-004,TRX-20260903-000284,4,SKU-5005,Baygon Obat Nyamuk Semprot 600ml,2,42000.0,84000.0,0.0,False,NONE
TRX-20260903-000284-005,TRX-20260903-000284,5,SKU-1004,Tepung Terigu Segitiga Biru 1kg,2,13500.0,27000.0,0.0,False,NONE
TRX-20260903-000284-006,TRX-20260903-000284,6,SKU-4005,Rexona Deodorant Roll On 45ml,1,20500.0,20500.0,0.0,False,NONE
TRX-20260903-000284-007,TRX-20260903-000284,7,SKU-1012,Kornet Sapi Pronas 198g,1,26000.0,26000.0,0.0,False,NONE
TRX-20260903-000284-008,TRX-20260903-000284,8,SKU-4002,Shampoo Sunsilk Black Shine 160ml,5,26000.0,130000.0,0.0,False,NONE
TRX-20260903-000284-009,TRX-20260903-000284,9,SKU-4001,Sabun Mandi Lifebuoy Total 10 450ml,1,27500.0,27500.0,0.0,False,NONE
TRX-20260903-000284-010,TRX-20260903-000284,10,SKU-4004,Sikat Gigi Formula Double Action 3s,1,15500.0,15500.0,0.0,False,NONE
TRX-20260903-000284-011,TRX-20260903-000284,11,SKU-4007,Minyak Telon My Baby 90ml,2,28000.0,56000.0,0.0,False,NONE
TRX-20260903-000284-012,TRX-20260903-000284,12,SKU-1002,Minyak Goreng Bimoli 2L,5,37500.0,187500.0,0.0,False,NONE
TRX-20260903-000284-013,TRX-20260903-000284,13,SKU-1001,Beras Pandan Wangi 5kg,2,78500.0,157000.0,0.0,False,NONE
TRX-20260903-000284-014,TRX-20260903-000284,14,SKU-4003,Pasta Gigi Pepsodent 190g,1,17000.0,17000.0,0.0,False,NONE
TRX-20260903-000284-015,TRX-20260903-000284,15,SKU-1003,Gula Pasir Gulaku 1kg,1,17500.0,17500.0,0.0,False,NONE
TRX-20260903-000284-016,TRX-20260903-000284,16,SKU-1005,Garam Dapur Cap Kapal 250g,2,5000.0,10000.0,0.0,False,NONE
TRX-20260903-000284-017,TRX-20260903-000284,17,SKU-4001,Sabun Mandi Lifebuoy Total 10 450ml,2,27500.0,55000.0,0.0,False,NONE
TRX-20260903-000284-018,TRX-20260903-000284,18,SKU-5001,Deterjen Rinso Anti Noda 770g,1,23000.0,23000.0,0.0,False,NONE
TRX-20260903-000284-019,TRX-20260903-000284,19,SKU-1011,Sarden ABC Saus Tomat 155g,1,12000.0,12000.0,0.0,False,NONE
TRX-20260903-000284-020,TRX-20260903-000284,20,SKU-5004,Pembersih Lantai Super Pell 770ml,5,14500.0,72500.0,0.0,False,NONE
TRX-20260903-000285-001,TRX-20260903-000285,1,SKU-3005,Good Day Moccacino 250ml,1,8000.0,8000.0,0.0,False,NONE
TRX-20260903-000285-002,TRX-20260903-000285,2,SKU-2001,Telur Ayam Negeri 1kg,1,31000.0,31000.0,0.0,False,NONE
TRX-20260903-000285-003,TRX-20260903-000285,3,SKU-3010,SilverQueen Cokelat Mede 58g,2,17000.0,34000.0,0.0,False,NONE
TRX-20260903-000285-004,TRX-20260903-000285,4,SKU-3006,Coca Cola 390ml,1,7500.0,7500.0,0.0,False,NONE
TRX-20260903-000286-001,TRX-20260903-000286,1,SKU-1005,Garam Dapur Cap Kapal 250g,2,5000.0,10000.0,0.0,False,NONE
TRX-20260903-000286-002,TRX-20260903-000286,2,SKU-3007,Chitato Sapi Panggang 68g,2,12500.0,25000.0,0.0,False,NONE
TRX-20260903-000286-003,TRX-20260903-000286,3,SKU-3006,Coca Cola 390ml,1,7500.0,7500.0,0.0,False,NONE
TRX-20260903-000286-004,TRX-20260903-000286,4,SKU-3005,Good Day Moccacino 250ml,1,8000.0,8000.0,0.0,False,NONE
TRX-20260903-000286-005,TRX-20260903-000286,5,SKU-2004,Yakult Pack isi 5,1,11500.0,11500.0,0.0,False,NONE
TRX-20260903-000286-006,TRX-20260903-000286,6,SKU-1004,Tepung Terigu Segitiga Biru 1kg,1,13500.0,13500.0,0.0,False,NONE
TRX-20260903-000286-007,TRX-20260903-000286,7,SKU-5004,Pembersih Lantai Super Pell 770ml,1,14500.0,14500.0,0.0,False,NONE
TRX-20260903-000286-008,TRX-20260903-000286,8,SKU-1009,Indomie Kuah Ayam Bawang 69g,1,3400.0,3400.0,0.0,False,NONE
TRX-20260903-000286-009,TRX-20260903-000286,9,SKU-2006,Mentega Blue Band 200g,2,12500.0,25000.0,0.0,False,NONE
TRX-20260903-000287-001,TRX-20260903-000287,1,SKU-2008,Sari Roti Sobek Cokelat,1,19500.0,19500.0,0.0,True,VOID_ITEM
TRX-20260903-000287-002,TRX-20260903-000287,2,SKU-3002,Air Mineral Le Minerale 600ml,1,3800.0,3800.0,0.0,False,NONE
TRX-20260903-000287-003,TRX-20260903-000287,3,SKU-2005,Keju Kraft Cheddar 165g,1,24000.0,24000.0,0.0,False,NONE
TRX-20260903-000288-001,TRX-20260903-000288,1,SKU-3002,Air Mineral Le Minerale 600ml,2,3800.0,7600.0,0.0,False,NONE
TRX-20260903-000288-002,TRX-20260903-000288,2,SKU-3003,Teh Pucuk Harum 350ml,2,4500.0,9000.0,0.0,True,VOID_ITEM
TRX-20260903-000288-003,TRX-20260903-000288,3,SKU-2006,Mentega Blue Band 200g,2,12500.0,25000.0,0.0,False,NONE
TRX-20260903-000288-004,TRX-20260903-000288,4,SKU-3009,Oreo Original Roll 133g,1,11000.0,11000.0,0.0,False,NONE
TRX-20260903-000288-005,TRX-20260903-000288,5,SKU-5003,Sabun Cuci Piring Sunlight 650ml,1,15500.0,15500.0,0.0,False,NONE
TRX-20260903-000288-006,TRX-20260903-000288,6,SKU-3004,Kopi Kapal Api Spesial Mix 10s,2,15500.0,31000.0,0.0,False,NONE
TRX-20260903-000288-007,TRX-20260903-000288,7,SKU-3006,Coca Cola 390ml,2,7500.0,15000.0,0.0,False,NONE
TRX-20260903-000288-008,TRX-20260903-000288,8,SKU-3005,Good Day Moccacino 250ml,2,8000.0,16000.0,0.0,False,NONE
TRX-20260903-000288-009,TRX-20260903-000288,9,SKU-3008,Taro Net Seaweed 65g,2,9800.0,19600.0,0.0,False,NONE
TRX-20260903-000289-001,TRX-20260903-000289,1,SKU-2008,Sari Roti Sobek Cokelat,1,19500.0,19500.0,0.0,False,NONE
TRX-20260903-000289-002,TRX-20260903-000289,2,SKU-2005,Keju Kraft Cheddar 165g,1,24000.0,24000.0,0.0,False,NONE
TRX-20260903-000290-001,TRX-20260903-000290,1,SKU-3003,Teh Pucuk Harum 350ml,1,4500.0,4500.0,0.0,False,NONE
TRX-20260903-000290-002,TRX-20260903-000290,2,SKU-3010,SilverQueen Cokelat Mede 58g,1,17000.0,17000.0,0.0,False,NONE
TRX-20260903-000290-003,TRX-20260903-000290,3,SKU-3005,Good Day Moccacino 250ml,1,8000.0,8000.0,0.0,False,NONE
TRX-20260903-000291-001,TRX-20260903-000291,1,SKU-4003,Pasta Gigi Pepsodent 190g,1,17000.0,17000.0,0.0,False,NONE
TRX-20260903-000291-002,TRX-20260903-000291,2,SKU-1111,UNKNOWN PRODUCT,1,12000.0,12000.0,0.0,False,TYPO_SKU
TRX-20260903-000291-003,TRX-20260903-000291,3,SKU-3008,Taro Net Seaweed 65g,1,9800.0,9800.0,0.0,False,NONE
TRX-20260903-000292-001,TRX-20260903-000292,1,SKU-1011,Sarden ABC Saus Tomat 155g,2,12000.0,24000.0,0.0,False,NONE
TRX-20260903-000292-002,TRX-20260903-000292,2,SKU-2006,Mentega Blue Band 200g,1,12500.0,12500.0,0.0,False,NONE
TRX-20260903-000292-003,TRX-20260903-000292,3,SKU-2004,Yakult Pack isi 5,2,11500.0,23000.0,0.0,False,NONE
TRX-20260903-000292-004,TRX-20260903-000292,4,SKU-5004,Pembersih Lantai Super Pell 770ml,1,14500.0,14500.0,0.0,True,VOID_ITEM
TRX-20260903-000292-005,TRX-20260903-000292,5,SKU-5003,Sabun Cuci Piring Sunlight 650ml,2,15500.0,31000.0,0.0,False,NONE
TRX-20260903-000292-006,TRX-20260903-000292,6,SKU-3006,Coca Cola 390ml,1,7500.0,7500.0,0.0,False,NONE
TRX-20260903-000293-001,TRX-20260903-000293,1,SKU-1004,Tepung Terigu Segitiga Biru 1kg,2,13500.0,27000.0,0.0,False,NONE
TRX-20260903-000293-002,TRX-20260903-000293,2,SKU-1008,Indomie Goreng Spesial 85g,1,3500.0,3500.0,0.0,False,NONE
TRX-20260903-000293-003,TRX-20260903-000293,3,SKU-5004,Pembersih Lantai Super Pell 770ml,2,14500.0,29000.0,0.0,False,NONE
TRX-20260903-000293-004,TRX-20260903-000293,4,SKU-3003,Teh Pucuk Harum 350ml,2,4500.0,9000.0,0.0,False,NONE
TRX-20260903-000293-005,TRX-20260903-000293,5,SKU-3002,Air Mineral Le Minerale 600ml,2,3800.0,7600.0,0.0,False,NONE
TRX-20260903-000293-006,TRX-20260903-000293,6,SKU-3009,Oreo Original Roll 133g,1,11000.0,11000.0,0.0,False,NONE
TRX-20260903-000293-007,TRX-20260903-000293,7,SKU-4004,Sikat Gigi Formula Double Action 3s,2,15500.0,31000.0,0.0,False,NONE
TRX-20260903-000293-008,TRX-20260903-000293,8,SKU-1005,Garam Dapur Cap Kapal 250g,1,5000.0,5000.0,0.0,True,VOID_ITEM
TRX-20260903-000294-001,TRX-20260903-000294,1,SKU-1001,Beras Pandan Wangi 5kg,1,78500.0,78500.0,0.0,False,NONE
TRX-20260903-000294-002,TRX-20260903-000294,2,SKU-2028,UNKNOWN PRODUCT,1,19500.0,19500.0,0.0,False,TYPO_SKU
TRX-20260903-000294-003,TRX-20260903-000294,3,SKU-3007,Chitato Sapi Panggang 68g,1,12500.0,12500.0,0.0,False,NONE
TRX-20260903-000294-004,TRX-20260903-000294,4,SKU-3008,Taro Net Seaweed 65g,1,9800.0,9800.0,0.0,False,NONE
TRX-20260903-000294-005,TRX-20260903-000294,5,SKU-2007,Sari Roti Tawar Spesial,1,16500.0,16500.0,0.0,False,NONE
TRX-20260903-000294-006,TRX-20260903-000294,6,SKU-3003,Teh Pucuk Harum 350ml,2,4500.0,9000.0,0.0,False,NONE
TRX-20260903-000295-001,TRX-20260903-000295,1,SKU-3003,Teh Pucuk Harum 350ml,1,4500.0,4500.0,0.0,False,NONE
TRX-20260903-000295-002,TRX-20260903-000295,2,SKU-3008,Taro Net Seaweed 65g,1,9800.0,9800.0,0.0,False,NONE
TRX-20260903-000296-001,TRX-20260903-000296,1,SKU-4004,Sikat Gigi Formula Double Action 3s,1,15500.0,15500.0,0.0,False,NONE
TRX-20260903-000296-002,TRX-20260903-000296,2,SKU-1011,Sarden ABC Saus Tomat 155g,1,12000.0,12000.0,0.0,False,NONE
TRX-20260903-000296-003,TRX-20260903-000296,3,SKU-5001,Deterjen Rinso Anti Noda 770g,1,23000.0,23000.0,0.0,False,NONE
TRX-20260903-000296-004,TRX-20260903-000296,4,SKU-4007,Minyak Telon My Baby 90ml,1,28000.0,28000.0,0.0,False,NONE
TRX-20260903-000296-005,TRX-20260903-000296,5,SKU-1002,Minyak Goreng Bimoli 2L,1,37500.0,37500.0,0.0,False,NONE
TRX-20260903-000296-006,TRX-20260903-000296,6,SKU-3002,Air Mineral Le Minerale 600ml,2,3800.0,7600.0,0.0,False,NONE
TRX-20260903-000296-007,TRX-20260903-000296,7,SKU-3008,Taro Net Seaweed 65g,2,9800.0,19600.0,0.0,False,NONE
TRX-20260903-000297-001,TRX-20260903-000297,1,SKU-1011,Sarden ABC Saus Tomat 155g,2,12000.0,24000.0,0.0,False,NONE
TRX-20260903-000297-002,TRX-20260903-000297,2,SKU-1004,Tepung Terigu Segitiga Biru 1kg,1,13500.0,13500.0,0.0,False,NONE
TRX-20260903-000297-003,TRX-20260903-000297,3,SKU-3008,Taro Net Seaweed 65g,2,9800.0,19600.0,0.0,False,NONE
TRX-20260903-000297-004,TRX-20260903-000297,4,SKU-3005,Good Day Moccacino 250ml,1,8000.0,8000.0,0.0,False,NONE
TRX-20260903-000297-005,TRX-20260903-000297,5,SKU-3001,Air Mineral Aqua 600ml,1,4000.0,4000.0,0.0,False,NONE
TRX-20260903-000298-001,TRX-20260903-000298,1,SKU-1209,UNKNOWN PRODUCT,1,3400.0,3400.0,0.0,False,TYPO_SKU
TRX-20260903-000298-002,TRX-20260903-000298,2,SKU-3001,Air Mineral Aqua 600ml,1,4000.0,4000.0,0.0,False,NONE
TRX-20260903-000298-003,TRX-20260903-000298,3,SKU-1003,Gula Pasir Gulaku 1kg,2,17500.0,35000.0,0.0,False,NONE
TRX-20260903-000298-004,TRX-20260903-000298,4,SKU-5001,Deterjen Rinso Anti Noda 770g,2,23000.0,46000.0,0.0,False,NONE
TRX-20260903-000298-005,TRX-20260903-000298,5,SKU-1012,Kornet Sapi Pronas 198g,1,26000.0,26000.0,0.0,False,NONE
TRX-20260903-000298-006,TRX-20260903-000298,6,SKU-1011,Sarden ABC Saus Tomat 155g,1,12000.0,12000.0,0.0,False,NONE
TRX-20260903-000298-007,TRX-20260903-000298,7,SKU-5002,Pewangi Pakaian Molto All in 1 720ml,3,24000.0,72000.0,0.0,False,NONE
TRX-20260903-000298-008,TRX-20260903-000298,8,SKU-1004,Tepung Terigu Segitiga Biru 1kg,1,13500.0,13500.0,0.0,False,NONE
TRX-20260903-000298-009,TRX-20260903-000298,9,SKU-1010,Sedaap Mie Goreng 90g,1,3400.0,3400.0,0.0,False,NONE
TRX-20260903-000298-010,TRX-20260903-000298,10,SKU-4003,Pasta Gigi Pepsodent 190g,2,17000.0,34000.0,0.0,False,NONE
TRX-20260903-000298-011,TRX-20260903-000298,11,SKU-1002,Minyak Goreng Bimoli 2L,1,37500.0,37500.0,0.0,False,NONE
TRX-20260903-000298-012,TRX-20260903-000298,12,SKU-1001,Beras Pandan Wangi 5kg,3,78500.0,235500.0,0.0,False,NONE
TRX-20260903-000298-013,TRX-20260903-000298,13,SKU-4007,Minyak Telon My Baby 90ml,1,28000.0,28000.0,0.0,False,NONE
TRX-20260903-000298-014,TRX-20260903-000298,14,SKU-1005,Garam Dapur Cap Kapal 250g,1,5000.0,5000.0,0.0,False,NONE
TRX-20260903-000299-001,TRX-20260903-000299,1,SKU-1005,Garam Dapur Cap Kapal 250g,2,5000.0,10000.0,0.0,False,NONE
TRX-20260903-000299-002,TRX-20260903-000299,2,SKU-1010,Sedaap Mie Goreng 90g,5,3400.0,17000.0,0.0,False,NONE
TRX-20260903-000299-003,TRX-20260903-000299,3,SKU-1007,Saus Sambal ABC 335ml,2,17500.0,35000.0,0.0,False,NONE
TRX-20260903-000299-004,TRX-20260903-000299,4,SKU-4004,Sikat Gigi Formula Double Action 3s,1,15500.0,15500.0,0.0,False,NONE
TRX-20260903-000299-005,TRX-20260903-000299,5,SKU-4002,Shampoo Sunsilk Black Shine 160ml,2,26000.0,52000.0,0.0,False,NONE
TRX-20260903-000299-006,TRX-20260903-000299,6,SKU-4003,Pasta Gigi Pepsodent 190g,1,17000.0,17000.0,0.0,False,NONE
TRX-20260903-000299-007,TRX-20260903-000299,7,SKU-1006,Kecap Manis Bango 520ml,1,25500.0,25500.0,0.0,False,NONE
TRX-20260903-000299-008,TRX-20260903-000299,8,SKU-4007,Minyak Telon My Baby 90ml,1,28000.0,28000.0,0.0,False,NONE
TRX-20260903-000299-009,TRX-20260903-000299,9,SKU-1003,Gula Pasir Gulaku 1kg,3,17500.0,52500.0,0.0,False,NONE
TRX-20260903-000299-010,TRX-20260903-000299,10,SKU-5003,Sabun Cuci Piring Sunlight 650ml,3,15500.0,46500.0,0.0,False,NONE
TRX-20260903-000299-011,TRX-20260903-000299,11,SKU-4006,Paseo Facial Tissue 250 Sheets,1,16500.0,16500.0,0.0,False,NONE
TRX-20260903-000299-012,TRX-20260903-000299,12,SKU-1008,Indomie Goreng Spesial 85g,3,3500.0,10500.0,0.0,False,NONE
TRX-20260903-000299-013,TRX-20260903-000299,13,SKU-2001,Telur Ayam Negeri 1kg,1,31000.0,31000.0,0.0,False,NONE
TRX-20260903-000299-014,TRX-20260903-000299,14,SKU-5004,Pembersih Lantai Super Pell 770ml,5,14500.0,72500.0,0.0,False,NONE
TRX-20260903-000299-015,TRX-20260903-000299,15,SKU-1004,Tepung Terigu Segitiga Biru 1kg,2,13500.0,27000.0,0.0,False,NONE
TRX-20260903-000299-016,TRX-20260903-000299,16,SKU-1011,Sarden ABC Saus Tomat 155g,2,12000.0,24000.0,0.0,False,NONE
TRX-20260903-000299-017,TRX-20260903-000299,17,SKU-1012,Kornet Sapi Pronas 198g,1,26000.0,26000.0,0.0,False,NONE
TRX-20260903-000300-001,TRX-20260903-000300,1,SKU-4003,Pasta Gigi Pepsodent 190g,1,17000.0,17000.0,0.0,False,NONE
TRX-20260903-000300-002,TRX-20260903-000300,2,SKU-1011,Sarden ABC Saus Tomat 155g,1,12000.0,12000.0,0.0,False,NONE
TRX-20260903-000300-003,TRX-20260903-000300,3,SKU-3005,Good Day Moccacino 250ml,1,8000.0,8000.0,0.0,False,NONE
TRX-20260903-000300-004,TRX-20260903-000300,4,SKU-5004,Pembersih Lantai Super Pell 770ml,1,14500.0,14500.0,0.0,False,NONE
TRX-20260903-000300-005,TRX-20260903-000300,5,SKU-3005,Good Day Moccacino 250ml,1,8000.0,8000.0,0.0,False,NONE
TRX-20260903-000300-006,TRX-20260903-000300,6,SKU-3010,SilverQueen Cokelat Mede 58g,1,17000.0,17000.0,0.0,False,NONE
TRX-20260903-000301-001,TRX-20260903-000301,1,SKU-3008,Taro Net Seaweed 65g,1,9800.0,9800.0,0.0,False,NONE
TRX-20260903-000301-002,TRX-20260903-000301,2,SKU-1002,Minyak Goreng Bimoli 2L,1,37500.0,37500.0,0.0,False,NONE
TRX-20260903-000301-003,TRX-20260903-000301,3,SKU-3003,Teh Pucuk Harum 350ml,2,4500.0,9000.0,0.0,False,NONE
TRX-20260903-000301-004,TRX-20260903-000301,4,SKU-3004,Kopi Kapal Api Spesial Mix 10s,2,15500.0,31000.0,0.0,False,NONE
TRX-20260903-000302-001,TRX-20260903-000302,1,SKU-1011,Sarden ABC Saus Tomat 155g,1,12000.0,12000.0,0.0,False,NONE
TRX-20260903-000302-002,TRX-20260903-000302,2,SKU-4007,Minyak Telon My Baby 90ml,1,28000.0,28000.0,0.0,False,NONE
TRX-20260903-000302-003,TRX-20260903-000302,3,SKU-4005,Rexona Deodorant Roll On 45ml,3,20500.0,61500.0,0.0,False,NONE
TRX-20260903-000302-004,TRX-20260903-000302,4,SKU-5003,Sabun Cuci Piring Sunlight 650ml,1,15500.0,15500.0,0.0,False,NONE
TRX-20260903-000302-005,TRX-20260903-000302,5,SKU-5004,Pembersih Lantai Super Pell 770ml,1,14500.0,14500.0,0.0,False,NONE
TRX-20260903-000302-006,TRX-20260903-000302,6,SKU-5006,Baterai ABC Alkaline AA 4s,2,21000.0,42000.0,0.0,True,VOID_ITEM
TRX-20260903-000302-007,TRX-20260903-000302,7,SKU-4006,Paseo Facial Tissue 250 Sheets,2,16500.0,33000.0,0.0,False,NONE
TRX-20260903-000302-008,TRX-20260903-000302,8,SKU-5004,Pembersih Lantai Super Pell 770ml,2,14500.0,29000.0,0.0,False,NONE
TRX-20260903-000302-009,TRX-20260903-000302,9,SKU-1007,Saus Sambal ABC 335ml,1,17500.0,17500.0,0.0,False,NONE
TRX-20260903-000302-010,TRX-20260903-000302,10,SKU-1003,Gula Pasir Gulaku 1kg,1,17500.0,17500.0,0.0,False,NONE
TRX-20260903-000302-011,TRX-20260903-000302,11,SKU-1010,Sedaap Mie Goreng 90g,5,3400.0,17000.0,0.0,False,NONE
TRX-20260903-000302-012,TRX-20260903-000302,12,SKU-5005,Baygon Obat Nyamuk Semprot 600ml,3,42000.0,126000.0,0.0,False,NONE
TRX-20260903-000302-013,TRX-20260903-000302,13,SKU-1004,Tepung Terigu Segitiga Biru 1kg,3,13500.0,40500.0,0.0,False,NONE
TRX-20260903-000302-014,TRX-20260903-000302,14,SKU-5002,Pewangi Pakaian Molto All in 1 720ml,1,24000.0,24000.0,0.0,False,NONE
TRX-20260903-000302-015,TRX-20260903-000302,15,SKU-4004,Sikat Gigi Formula Double Action 3s,1,15500.0,15500.0,0.0,False,NONE
TRX-20260903-000302-016,TRX-20260903-000302,16,SKU-4002,Shampoo Sunsilk Black Shine 160ml,3,26000.0,78000.0,0.0,False,NONE
TRX-20260903-000302-017,TRX-20260903-000302,17,SKU-4003,Pasta Gigi Pepsodent 190g,2,17000.0,34000.0,0.0,False,NONE
TRX-20260903-000302-018,TRX-20260903-000302,18,SKU-4001,Sabun Mandi Lifebuoy Total 10 450ml,2,27500.0,55000.0,0.0,False,NONE
TRX-20260903-000302-019,TRX-20260903-000302,19,SKU-1005,Garam Dapur Cap Kapal 250g,3,5000.0,15000.0,0.0,False,NONE
TRX-20260903-000303-001,TRX-20260903-000303,1,SKU-3009,Oreo Original Roll 133g,1,11000.0,11000.0,0.0,False,NONE
TRX-20260903-000303-002,TRX-20260903-000303,2,SKU-3005,Good Day Moccacino 250ml,1,8000.0,8000.0,0.0,False,NONE
TRX-20260903-000303-003,TRX-20260903-000303,3,SKU-2008,Sari Roti Sobek Cokelat,1,19500.0,19500.0,0.0,False,NONE
TRX-20260903-000304-001,TRX-20260903-000304,1,SKU-1002,Minyak Goreng Bimoli 2L,1,37500.0,37500.0,0.0,False,NONE
TRX-20260903-000304-002,TRX-20260903-000304,2,SKU-2007,Sari Roti Tawar Spesial,1,16500.0,16500.0,0.0,False,NONE
TRX-20260903-000304-003,TRX-20260903-000304,3,SKU-3010,SilverQueen Cokelat Mede 58g,1,17000.0,17000.0,0.0,False,NONE
TRX-20260903-000304-004,TRX-20260903-000304,4,SKU-4002,Shampoo Sunsilk Black Shine 160ml,1,26000.0,26000.0,0.0,False,NONE
TRX-20260903-000304-005,TRX-20260903-000304,5,SKU-4001,Sabun Mandi Lifebuoy Total 10 450ml,1,27500.0,27500.0,0.0,False,NONE
TRX-20260903-000304-006,TRX-20260903-000304,6,SKU-3008,Taro Net Seaweed 65g,1,9800.0,9800.0,0.0,False,NONE
TRX-20260903-000304-007,TRX-20260903-000304,7,SKU-3020,UNKNOWN PRODUCT,1,17000.0,17000.0,0.0,False,TYPO_SKU
TRX-20260903-000304-008,TRX-20260903-000304,8,SKU-3002,Air Mineral Le Minerale 600ml,2,3800.0,7600.0,0.0,False,NONE
TRX-20260903-000305-001,TRX-20260903-000305,1,SKU-4001,Sabun Mandi Lifebuoy Total 10 450ml,2,27500.0,55000.0,0.0,False,NONE
TRX-20260903-000305-002,TRX-20260903-000305,2,SKU-5003,Sabun Cuci Piring Sunlight 650ml,2,15500.0,31000.0,0.0,False,NONE
TRX-20260903-000305-003,TRX-20260903-000305,3,SKU-5001,Deterjen Rinso Anti Noda 770g,1,23000.0,23000.0,0.0,False,NONE
TRX-20260903-000305-004,TRX-20260903-000305,4,SKU-1004,Tepung Terigu Segitiga Biru 1kg,1,13500.0,13500.0,0.0,False,NONE
TRX-20260903-000305-005,TRX-20260903-000305,5,SKU-1006,Kecap Manis Bango 520ml,3,25500.0,76500.0,0.0,False,NONE
TRX-20260903-000305-006,TRX-20260903-000305,6,SKU-5005,Baygon Obat Nyamuk Semprot 600ml,1,42000.0,42000.0,0.0,False,NONE
TRX-20260903-000305-007,TRX-20260903-000305,7,SKU-4005,Rexona Deodorant Roll On 45ml,2,20500.0,41000.0,0.0,False,NONE
TRX-20260903-000305-008,TRX-20260903-000305,8,SKU-1012,Kornet Sapi Pronas 198g,1,26000.0,26000.0,0.0,False,NONE
TRX-20260903-000305-009,TRX-20260903-000305,9,SKU-5006,Baterai ABC Alkaline AA 4s,2,21000.0,42000.0,0.0,False,NONE
TRX-20260903-000305-010,TRX-20260903-000305,10,SKU-1003,Gula Pasir Gulaku 1kg,1,17500.0,17500.0,0.0,False,NONE
TRX-20260903-000305-011,TRX-20260903-000305,11,SKU-4006,Paseo Facial Tissue 250 Sheets,2,16500.0,33000.0,0.0,False,NONE
TRX-20260903-000305-012,TRX-20260903-000305,12,SKU-5004,Pembersih Lantai Super Pell 770ml,1,14500.0,14500.0,0.0,False,NONE
TRX-20260903-000305-013,TRX-20260903-000305,13,SKU-1005,Garam Dapur Cap Kapal 250g,3,5000.0,15000.0,0.0,False,NONE
TRX-20260903-000305-014,TRX-20260903-000305,14,SKU-4002,Shampoo Sunsilk Black Shine 160ml,2,26000.0,52000.0,0.0,False,NONE
TRX-20260903-000305-015,TRX-20260903-000305,15,SKU-4003,Pasta Gigi Pepsodent 190g,2,17000.0,34000.0,0.0,False,NONE
TRX-20260903-000305-016,TRX-20260903-000305,16,SKU-1007,Saus Sambal ABC 335ml,1,17500.0,17500.0,0.0,False,NONE
TRX-20260903-000305-017,TRX-20260903-000305,17,SKU-1011,Sarden ABC Saus Tomat 155g,1,12000.0,12000.0,0.0,False,NONE
TRX-20260903-000306-001,TRX-20260903-000306,1,SKU-1008,Indomie Goreng Spesial 85g,1,3500.0,3500.0,0.0,False,NONE
TRX-20260903-000306-002,TRX-20260903-000306,2,SKU-2001,Telur Ayam Negeri 1kg,2,31000.0,62000.0,0.0,False,NONE
TRX-20260903-000306-003,TRX-20260903-000306,3,SKU-4004,Sikat Gigi Formula Double Action 3s,1,15500.0,15500.0,0.0,False,NONE
TRX-20260903-000306-004,TRX-20260903-000306,4,SKU-1003,Gula Pasir Gulaku 1kg,1,17500.0,17500.0,0.0,False,NONE
TRX-20260903-000306-005,TRX-20260903-000306,5,SKU-1001,Beras Pandan Wangi 5kg,5,78500.0,392500.0,0.0,False,NONE
TRX-20260903-000306-006,TRX-20260903-000306,6,SKU-1209,UNKNOWN PRODUCT,1,3400.0,3400.0,0.0,False,TYPO_SKU
TRX-20260903-000306-007,TRX-20260903-000306,7,SKU-1010,Sedaap Mie Goreng 90g,2,3400.0,6800.0,0.0,False,NONE
TRX-20260903-000306-008,TRX-20260903-000306,8,SKU-1007,Saus Sambal ABC 335ml,2,17500.0,35000.0,0.0,False,NONE
TRX-20260903-000306-009,TRX-20260903-000306,9,SKU-5006,Baterai ABC Alkaline AA 4s,2,21000.0,42000.0,0.0,False,NONE
TRX-20260903-000306-010,TRX-20260903-000306,10,SKU-5001,Deterjen Rinso Anti Noda 770g,1,23000.0,23000.0,0.0,False,NONE
TRX-20260903-000306-011,TRX-20260903-000306,11,SKU-4001,Sabun Mandi Lifebuoy Total 10 450ml,1,27500.0,27500.0,0.0,False,NONE
TRX-20260903-000306-012,TRX-20260903-000306,12,SKU-4002,Shampoo Sunsilk Black Shine 160ml,2,26000.0,52000.0,0.0,False,NONE
TRX-20260903-000306-013,TRX-20260903-000306,13,SKU-1002,Minyak Goreng Bimoli 2L,2,37500.0,75000.0,0.0,False,NONE
TRX-20260903-000306-014,TRX-20260903-000306,14,SKU-4006,Paseo Facial Tissue 250 Sheets,5,16500.0,82500.0,0.0,False,NONE
TRX-20260903-000306-015,TRX-20260903-000306,15,SKU-1007,Saus Sambal ABC 335ml,3,17500.0,52500.0,0.0,True,VOID_ITEM
TRX-20260903-000306-016,TRX-20260903-000306,16,SKU-5004,Pembersih Lantai Super Pell 770ml,2,14500.0,29000.0,0.0,False,NONE
TRX-20260903-000306-017,TRX-20260903-000306,17,SKU-5003,Sabun Cuci Piring Sunlight 650ml,2,15500.0,31000.0,0.0,False,NONE
TRX-20260903-000306-018,TRX-20260903-000306,18,SKU-1005,Garam Dapur Cap Kapal 250g,2,5000.0,10000.0,0.0,False,NONE
TRX-20260903-000306-019,TRX-20260903-000306,19,SKU-5002,Pewangi Pakaian Molto All in 1 720ml,1,24000.0,24000.0,0.0,False,NONE
TRX-20260903-000306-020,TRX-20260903-000306,20,SKU-1006,Kecap Manis Bango 520ml,5,25500.0,127500.0,0.0,False,NONE
TRX-20260903-000307-001,TRX-20260903-000307,1,SKU-4007,Minyak Telon My Baby 90ml,1,28000.0,28000.0,0.0,False,NONE
TRX-20260903-000307-002,TRX-20260903-000307,2,SKU-1001,Beras Pandan Wangi 5kg,1,78500.0,78500.0,0.0,False,NONE
TRX-20260903-000307-003,TRX-20260903-000307,3,SKU-4005,Rexona Deodorant Roll On 45ml,1,20500.0,20500.0,0.0,False,NONE
TRX-20260903-000307-004,TRX-20260903-000307,4,SKU-3002,Air Mineral Le Minerale 600ml,1,3800.0,3800.0,0.0,False,NONE
TRX-20260903-000307-005,TRX-20260903-000307,5,SKU-3010,SilverQueen Cokelat Mede 58g,1,17000.0,17000.0,0.0,False,NONE
TRX-20260903-000308-001,TRX-20260903-000308,1,SKU-4003,Pasta Gigi Pepsodent 190g,3,17000.0,51000.0,0.0,False,NONE
TRX-20260903-000308-002,TRX-20260903-000308,2,SKU-5002,Pewangi Pakaian Molto All in 1 720ml,1,24000.0,24000.0,0.0,False,NONE
TRX-20260903-000308-003,TRX-20260903-000308,3,SKU-1010,Sedaap Mie Goreng 90g,2,3400.0,6800.0,0.0,False,NONE
TRX-20260903-000308-004,TRX-20260903-000308,4,SKU-1001,Beras Pandan Wangi 5kg,1,78500.0,78500.0,0.0,False,NONE
TRX-20260903-000308-005,TRX-20260903-000308,5,SKU-5014,UNKNOWN PRODUCT,2,14500.0,29000.0,0.0,False,TYPO_SKU
TRX-20260903-000308-006,TRX-20260903-000308,6,SKU-1002,Minyak Goreng Bimoli 2L,1,37500.0,37500.0,0.0,False,NONE
TRX-20260903-000308-007,TRX-20260903-000308,7,SKU-1004,Tepung Terigu Segitiga Biru 1kg,2,13500.0,27000.0,0.0,False,NONE
TRX-20260903-000308-008,TRX-20260903-000308,8,SKU-1006,Kecap Manis Bango 520ml,3,25500.0,76500.0,0.0,False,NONE
TRX-20260903-000308-009,TRX-20260903-000308,9,SKU-1003,Gula Pasir Gulaku 1kg,3,17500.0,52500.0,0.0,False,NONE
TRX-20260903-000308-010,TRX-20260903-000308,10,SKU-5001,Deterjen Rinso Anti Noda 770g,2,23000.0,46000.0,0.0,False,NONE
TRX-20260903-000308-011,TRX-20260903-000308,11,SKU-1027,UNKNOWN PRODUCT,2,17500.0,35000.0,0.0,False,TYPO_SKU
TRX-20260903-000308-012,TRX-20260903-000308,12,SKU-1009,Indomie Kuah Ayam Bawang 69g,2,3400.0,6800.0,0.0,False,NONE
TRX-20260903-000308-013,TRX-20260903-000308,13,SKU-2001,Telur Ayam Negeri 1kg,1,31000.0,31000.0,0.0,False,NONE
TRX-20260903-000308-014,TRX-20260903-000308,14,SKU-1005,Garam Dapur Cap Kapal 250g,2,5000.0,10000.0,0.0,False,NONE
TRX-20260903-000308-015,TRX-20260903-000308,15,SKU-4001,Sabun Mandi Lifebuoy Total 10 450ml,1,27500.0,27500.0,0.0,False,NONE
TRX-20260903-000308-016,TRX-20260903-000308,16,SKU-4006,Paseo Facial Tissue 250 Sheets,5,16500.0,82500.0,0.0,False,NONE
TRX-20260903-000308-017,TRX-20260903-000308,17,SKU-1012,Kornet Sapi Pronas 198g,2,26000.0,52000.0,0.0,False,NONE
TRX-20260903-000309-001,TRX-20260903-000309,1,SKU-2002,Susu Ultra Milk Full Cream 1L,1,21500.0,21500.0,0.0,False,NONE
TRX-20260903-000310-001,TRX-20260903-000310,1,SKU-1006,Kecap Manis Bango 520ml,3,25500.0,76500.0,0.0,False,NONE
TRX-20260903-000310-002,TRX-20260903-000310,2,SKU-1002,Minyak Goreng Bimoli 2L,3,37500.0,112500.0,0.0,False,NONE
TRX-20260903-000310-003,TRX-20260903-000310,3,SKU-4007,Minyak Telon My Baby 90ml,2,28000.0,56000.0,0.0,False,NONE
TRX-20260903-000310-004,TRX-20260903-000310,4,SKU-1001,Beras Pandan Wangi 5kg,1,78500.0,78500.0,0.0,False,NONE
TRX-20260903-000310-005,TRX-20260903-000310,5,SKU-1010,Sedaap Mie Goreng 90g,3,3400.0,10200.0,0.0,False,NONE
TRX-20260903-000310-006,TRX-20260903-000310,6,SKU-1907,UNKNOWN PRODUCT,1,17500.0,17500.0,0.0,False,TYPO_SKU
TRX-20260903-000310-007,TRX-20260903-000310,7,SKU-5003,Sabun Cuci Piring Sunlight 650ml,1,15500.0,15500.0,0.0,False,NONE
TRX-20260903-000310-008,TRX-20260903-000310,8,SKU-5004,Pembersih Lantai Super Pell 770ml,2,14500.0,29000.0,0.0,False,NONE
TRX-20260903-000310-009,TRX-20260903-000310,9,SKU-5004,Pembersih Lantai Super Pell 770ml,1,14500.0,14500.0,0.0,False,NONE
TRX-20260903-000310-010,TRX-20260903-000310,10,SKU-1004,Tepung Terigu Segitiga Biru 1kg,1,13500.0,13500.0,0.0,False,NONE
TRX-20260903-000310-011,TRX-20260903-000310,11,SKU-4004,Sikat Gigi Formula Double Action 3s,1,15500.0,15500.0,0.0,False,NONE
TRX-20260903-000310-012,TRX-20260903-000310,12,SKU-4006,Paseo Facial Tissue 250 Sheets,5,16500.0,82500.0,0.0,False,NONE
TRX-20260903-000310-013,TRX-20260903-000310,13,SKU-1012,Kornet Sapi Pronas 198g,1,26000.0,26000.0,0.0,False,NONE
TRX-20260903-000310-014,TRX-20260903-000310,14,SKU-5006,Baterai ABC Alkaline AA 4s,2,21000.0,42000.0,0.0,False,NONE
TRX-20260903-000310-015,TRX-20260903-000310,15,SKU-1003,Gula Pasir Gulaku 1kg,1,17500.0,17500.0,0.0,False,NONE
TRX-20260903-000310-016,TRX-20260903-000310,16,SKU-1005,Garam Dapur Cap Kapal 250g,2,5000.0,10000.0,0.0,False,NONE
TRX-20260903-000310-017,TRX-20260903-000310,17,SKU-1009,Indomie Kuah Ayam Bawang 69g,2,3400.0,6800.0,0.0,False,NONE
TRX-20260903-000310-018,TRX-20260903-000310,18,SKU-3001,Air Mineral Aqua 600ml,1,4000.0,4000.0,0.0,False,NONE
TRX-20260903-000310-019,TRX-20260903-000310,19,SKU-4005,Rexona Deodorant Roll On 45ml,2,20500.0,41000.0,0.0,False,NONE
TRX-20260903-000310-020,TRX-20260903-000310,20,SKU-4001,Sabun Mandi Lifebuoy Total 10 450ml,1,27500.0,27500.0,0.0,False,NONE
TRX-20260903-000310-021,TRX-20260903-000310,21,SKU-5002,Pewangi Pakaian Molto All in 1 720ml,3,24000.0,72000.0,0.0,False,NONE
TRX-20260903-000311-001,TRX-20260903-000311,1,SKU-5002,Pewangi Pakaian Molto All in 1 720ml,1,24000.0,24000.0,0.0,False,NONE
TRX-20260903-000311-002,TRX-20260903-000311,2,SKU-1005,Garam Dapur Cap Kapal 250g,1,5000.0,5000.0,0.0,False,NONE
TRX-20260903-000311-003,TRX-20260903-000311,3,SKU-2008,Sari Roti Sobek Cokelat,1,19500.0,19500.0,0.0,False,NONE
TRX-20260903-000311-004,TRX-20260903-000311,4,SKU-1011,Sarden ABC Saus Tomat 155g,1,12000.0,12000.0,0.0,False,NONE
TRX-20260903-000311-005,TRX-20260903-000311,5,SKU-3002,Air Mineral Le Minerale 600ml,1,3800.0,3800.0,0.0,False,NONE
TRX-20260903-000312-001,TRX-20260903-000312,1,SKU-2002,Susu Ultra Milk Full Cream 1L,1,21500.0,21500.0,0.0,False,NONE
TRX-20260903-000313-001,TRX-20260903-000313,1,SKU-1005,Garam Dapur Cap Kapal 250g,1,5000.0,5000.0,0.0,False,NONE
TRX-20260903-000313-002,TRX-20260903-000313,2,SKU-3006,Coca Cola 390ml,2,7500.0,15000.0,0.0,False,NONE
TRX-20260903-000313-003,TRX-20260903-000313,3,SKU-1004,Tepung Terigu Segitiga Biru 1kg,1,13500.0,13500.0,0.0,False,NONE
TRX-20260903-000313-004,TRX-20260903-000313,4,SKU-1008,Indomie Goreng Spesial 85g,1,3500.0,3500.0,0.0,True,VOID_ITEM
TRX-20260903-000313-005,TRX-20260903-000313,5,SKU-3003,Teh Pucuk Harum 350ml,2,4500.0,9000.0,0.0,False,NONE
TRX-20260903-000314-001,TRX-20260903-000314,1,SKU-3010,SilverQueen Cokelat Mede 58g,1,17000.0,17000.0,0.0,False,NONE
TRX-20260903-000314-002,TRX-20260903-000314,2,SKU-3008,Taro Net Seaweed 65g,1,9800.0,9800.0,0.0,False,NONE
TRX-20260903-000314-003,TRX-20260903-000314,3,SKU-5003,Sabun Cuci Piring Sunlight 650ml,1,15500.0,15500.0,0.0,False,NONE
TRX-20260903-000314-004,TRX-20260903-000314,4,SKU-3004,Kopi Kapal Api Spesial Mix 10s,1,15500.0,15500.0,0.0,False,NONE
TRX-20260903-000314-005,TRX-20260903-000314,5,SKU-3002,Air Mineral Le Minerale 600ml,1,3800.0,3800.0,0.0,False,NONE
TRX-20260904-000315-001,TRX-20260904-000315,1,SKU-5002,Pewangi Pakaian Molto All in 1 720ml,1,24000.0,24000.0,0.0,False,NONE
TRX-20260904-000315-002,TRX-20260904-000315,2,SKU-4007,Minyak Telon My Baby 90ml,2,28000.0,56000.0,0.0,False,NONE
TRX-20260904-000315-003,TRX-20260904-000315,3,SKU-1001,Beras Pandan Wangi 5kg,1,78500.0,78500.0,0.0,False,NONE
TRX-20260904-000315-004,TRX-20260904-000315,4,SKU-1002,Minyak Goreng Bimoli 2L,1,37500.0,37500.0,0.0,False,NONE
TRX-20260904-000315-005,TRX-20260904-000315,5,SKU-1003,Gula Pasir Gulaku 1kg,1,17500.0,17500.0,0.0,False,NONE
TRX-20260904-000315-006,TRX-20260904-000315,6,SKU-4005,Rexona Deodorant Roll On 45ml,1,20500.0,20500.0,0.0,False,NONE
TRX-20260904-000315-007,TRX-20260904-000315,7,SKU-1005,Garam Dapur Cap Kapal 250g,1,5000.0,5000.0,0.0,True,VOID_ITEM
TRX-20260904-000315-008,TRX-20260904-000315,8,SKU-5001,Deterjen Rinso Anti Noda 770g,2,23000.0,46000.0,0.0,False,NONE
TRX-20260904-000315-009,TRX-20260904-000315,9,SKU-5003,Sabun Cuci Piring Sunlight 650ml,2,15500.0,31000.0,0.0,False,NONE
TRX-20260904-000315-010,TRX-20260904-000315,10,SKU-1008,Indomie Goreng Spesial 85g,1,3500.0,3500.0,0.0,False,TYPO_SKU
TRX-20260904-000315-011,TRX-20260904-000315,11,SKU-4101,UNKNOWN PRODUCT,2,27500.0,55000.0,0.0,False,TYPO_SKU
TRX-20260904-000315-012,TRX-20260904-000315,12,SKU-4002,Shampoo Sunsilk Black Shine 160ml,2,26000.0,52000.0,0.0,False,NONE
TRX-20260904-000315-013,TRX-20260904-000315,13,SKU-4006,Paseo Facial Tissue 250 Sheets,1,16500.0,16500.0,0.0,False,NONE
TRX-20260904-000315-014,TRX-20260904-000315,14,SKU-1010,Sedaap Mie Goreng 90g,1,3400.0,3400.0,0.0,False,NONE
TRX-20260904-000315-015,TRX-20260904-000315,15,SKU-5004,Pembersih Lantai Super Pell 770ml,1,14500.0,14500.0,0.0,False,NONE
TRX-20260904-000315-016,TRX-20260904-000315,16,SKU-5006,Baterai ABC Alkaline AA 4s,3,21000.0,63000.0,0.0,False,NONE
TRX-20260904-000315-017,TRX-20260904-000315,17,SKU-1002,Minyak Goreng Bimoli 2L,5,37500.0,187500.0,0.0,True,VOID_ITEM
TRX-20260904-000315-018,TRX-20260904-000315,18,SKU-1012,Kornet Sapi Pronas 198g,2,26000.0,52000.0,0.0,False,NONE
TRX-20260904-000315-019,TRX-20260904-000315,19,SKU-1009,Indomie Kuah Ayam Bawang 69g,2,3400.0,6800.0,0.0,False,NONE
TRX-20260904-000315-020,TRX-20260904-000315,20,SKU-2001,Telur Ayam Negeri 1kg,2,31000.0,62000.0,0.0,False,NONE
TRX-20260904-000315-021,TRX-20260904-000315,21,SKU-4004,Sikat Gigi Formula Double Action 3s,5,15500.0,77500.0,0.0,False,NONE
TRX-20260904-000315-022,TRX-20260904-000315,22,SKU-1011,Sarden ABC Saus Tomat 155g,1,12000.0,12000.0,0.0,False,NONE
TRX-20260904-000316-001,TRX-20260904-000316,1,SKU-4004,Sikat Gigi Formula Double Action 3s,1,15500.0,15500.0,0.0,False,NONE
TRX-20260904-000316-002,TRX-20260904-000316,2,SKU-3006,Coca Cola 390ml,1,7500.0,7500.0,0.0,False,NONE
TRX-20260904-000316-003,TRX-20260904-000316,3,SKU-1011,Sarden ABC Saus Tomat 155g,2,12000.0,24000.0,0.0,False,NONE
TRX-20260904-000316-004,TRX-20260904-000316,4,SKU-3001,Air Mineral Aqua 600ml,2,4000.0,8000.0,0.0,False,NONE
TRX-20260904-000316-005,TRX-20260904-000316,5,SKU-5003,Sabun Cuci Piring Sunlight 650ml,2,15500.0,31000.0,0.0,False,NONE
TRX-20260904-000316-006,TRX-20260904-000316,6,SKU-3003,Teh Pucuk Harum 350ml,2,4500.0,9000.0,0.0,False,NONE
TRX-20260904-000317-001,TRX-20260904-000317,1,SKU-3003,Teh Pucuk Harum 350ml,1,4500.0,4500.0,0.0,False,NONE
TRX-20260904-000317-002,TRX-20260904-000317,2,SKU-3009,Oreo Original Roll 133g,1,11000.0,11000.0,0.0,False,NONE
TRX-20260904-000318-001,TRX-20260904-000318,1,SKU-4003,Pasta Gigi Pepsodent 190g,1,17000.0,17000.0,0.0,False,NONE
TRX-20260904-000318-002,TRX-20260904-000318,2,SKU-1005,Garam Dapur Cap Kapal 250g,1,5000.0,5000.0,0.0,False,NONE
TRX-20260904-000318-003,TRX-20260904-000318,3,SKU-3002,Air Mineral Le Minerale 600ml,1,3800.0,3800.0,0.0,False,NONE
TRX-20260904-000318-004,TRX-20260904-000318,4,SKU-4004,Sikat Gigi Formula Double Action 3s,1,15500.0,15500.0,0.0,False,NONE
TRX-20260904-000318-005,TRX-20260904-000318,5,SKU-3001,Air Mineral Aqua 600ml,1,4000.0,4000.0,0.0,False,NONE
TRX-20260904-000318-006,TRX-20260904-000318,6,SKU-3007,Chitato Sapi Panggang 68g,2,12500.0,25000.0,0.0,False,NONE
TRX-20260904-000318-007,TRX-20260904-000318,7,SKU-3004,Kopi Kapal Api Spesial Mix 10s,1,15500.0,15500.0,0.0,False,NONE
TRX-20260904-000319-001,TRX-20260904-000319,1,SKU-3002,Air Mineral Le Minerale 600ml,1,3800.0,3800.0,0.0,False,NONE
TRX-20260904-000319-002,TRX-20260904-000319,2,SKU-2002,Susu Ultra Milk Full Cream 1L,1,21500.0,21500.0,0.0,False,NONE
TRX-20260904-000319-003,TRX-20260904-000319,3,SKU-3009,Oreo Original Roll 133g,1,11000.0,11000.0,0.0,True,VOID_ITEM
TRX-20260904-000320-001,TRX-20260904-000320,1,SKU-5005,Baygon Obat Nyamuk Semprot 600ml,5,42000.0,210000.0,0.0,False,NONE
TRX-20260904-000320-002,TRX-20260904-000320,2,SKU-4002,Shampoo Sunsilk Black Shine 160ml,3,26000.0,78000.0,0.0,False,NONE
TRX-20260904-000320-003,TRX-20260904-000320,3,SKU-4001,Sabun Mandi Lifebuoy Total 10 450ml,1,27500.0,27500.0,0.0,False,NONE
TRX-20260904-000320-004,TRX-20260904-000320,4,SKU-1010,Sedaap Mie Goreng 90g,1,3400.0,3400.0,0.0,False,NONE
TRX-20260904-000320-005,TRX-20260904-000320,5,SKU-1006,Kecap Manis Bango 520ml,1,25500.0,25500.0,0.0,False,NONE
TRX-20260904-000320-006,TRX-20260904-000320,6,SKU-1002,Minyak Goreng Bimoli 2L,1,37500.0,37500.0,0.0,False,NONE
TRX-20260904-000320-007,TRX-20260904-000320,7,SKU-1003,Gula Pasir Gulaku 1kg,3,17500.0,52500.0,0.0,False,NONE
TRX-20260904-000320-008,TRX-20260904-000320,8,SKU-1001,Beras Pandan Wangi 5kg,2,78500.0,157000.0,0.0,False,NONE
TRX-20260904-000320-009,TRX-20260904-000320,9,SKU-1005,Garam Dapur Cap Kapal 250g,2,5000.0,10000.0,0.0,False,NONE
TRX-20260904-000320-010,TRX-20260904-000320,10,SKU-4001,Sabun Mandi Lifebuoy Total 10 450ml,3,27500.0,82500.0,0.0,False,NONE
TRX-20260904-000320-011,TRX-20260904-000320,11,SKU-4003,Pasta Gigi Pepsodent 190g,2,17000.0,34000.0,0.0,False,NONE
TRX-20260904-000320-012,TRX-20260904-000320,12,SKU-1007,Saus Sambal ABC 335ml,1,17500.0,17500.0,0.0,False,NONE
TRX-20260904-000320-013,TRX-20260904-000320,13,SKU-1011,Sarden ABC Saus Tomat 155g,5,12000.0,60000.0,0.0,False,NONE
TRX-20260904-000320-014,TRX-20260904-000320,14,SKU-5004,Pembersih Lantai Super Pell 770ml,1,14500.0,14500.0,0.0,False,NONE
TRX-20260904-000320-015,TRX-20260904-000320,15,SKU-4003,Pasta Gigi Pepsodent 190g,5,17000.0,85000.0,0.0,False,NONE
TRX-20260904-000320-016,TRX-20260904-000320,16,SKU-4004,Sikat Gigi Formula Double Action 3s,1,15500.0,15500.0,0.0,False,NONE
TRX-20260904-000321-001,TRX-20260904-000321,1,SKU-2002,Susu Ultra Milk Full Cream 1L,1,21500.0,21500.0,0.0,False,NONE
TRX-20260904-000322-001,TRX-20260904-000322,1,SKU-3009,Oreo Original Roll 133g,1,11000.0,11000.0,0.0,False,NONE
TRX-20260904-000322-002,TRX-20260904-000322,2,SKU-5003,Sabun Cuci Piring Sunlight 650ml,1,15500.0,15500.0,0.0,False,NONE
TRX-20260904-000322-003,TRX-20260904-000322,3,SKU-3006,Coca Cola 390ml,1,7500.0,7500.0,0.0,False,NONE
TRX-20260904-000322-004,TRX-20260904-000322,4,SKU-1009,Indomie Kuah Ayam Bawang 69g,1,3400.0,3400.0,0.0,True,VOID_ITEM
TRX-20260904-000322-005,TRX-20260904-000322,5,SKU-3005,Good Day Moccacino 250ml,2,8000.0,16000.0,0.0,False,NONE
TRX-20260904-000322-006,TRX-20260904-000322,6,SKU-1008,Indomie Goreng Spesial 85g,2,3500.0,7000.0,0.0,False,NONE
TRX-20260904-000322-007,TRX-20260904-000322,7,SKU-1011,Sarden ABC Saus Tomat 155g,1,12000.0,12000.0,0.0,False,NONE
TRX-20260904-000323-001,TRX-20260904-000323,1,SKU-1008,Indomie Goreng Spesial 85g,2,3500.0,7000.0,0.0,False,NONE
TRX-20260904-000323-002,TRX-20260904-000323,2,SKU-1005,Garam Dapur Cap Kapal 250g,2,5000.0,10000.0,0.0,False,NONE
TRX-20260904-000323-003,TRX-20260904-000323,3,SKU-2004,Yakult Pack isi 5,2,11500.0,23000.0,0.0,False,NONE
TRX-20260904-000323-004,TRX-20260904-000323,4,SKU-3007,Chitato Sapi Panggang 68g,2,12500.0,25000.0,0.0,False,NONE
TRX-20260904-000323-005,TRX-20260904-000323,5,SKU-3005,Good Day Moccacino 250ml,2,8000.0,16000.0,0.0,False,NONE
TRX-20260904-000323-006,TRX-20260904-000323,6,SKU-4004,Sikat Gigi Formula Double Action 3s,2,15500.0,31000.0,0.0,False,NONE
TRX-20260904-000323-007,TRX-20260904-000323,7,SKU-3002,Air Mineral Le Minerale 600ml,1,3800.0,3800.0,0.0,False,NONE
TRX-20260904-000324-001,TRX-20260904-000324,1,SKU-1012,Kornet Sapi Pronas 198g,2,26000.0,52000.0,0.0,False,NONE
TRX-20260904-000324-002,TRX-20260904-000324,2,SKU-1008,Indomie Goreng Spesial 85g,1,3500.0,3500.0,0.0,False,NONE
TRX-20260904-000324-003,TRX-20260904-000324,3,SKU-3001,Air Mineral Aqua 600ml,1,4000.0,4000.0,0.0,False,NONE
TRX-20260904-000324-004,TRX-20260904-000324,4,SKU-1000,UNKNOWN PRODUCT,1,3400.0,3400.0,0.0,False,TYPO_SKU
TRX-20260904-000324-005,TRX-20260904-000324,5,SKU-1007,Saus Sambal ABC 335ml,1,17500.0,17500.0,0.0,False,NONE
TRX-20260904-000324-006,TRX-20260904-000324,6,SKU-1010,Sedaap Mie Goreng 90g,1,3400.0,3400.0,0.0,False,NONE
TRX-20260904-000324-007,TRX-20260904-000324,7,SKU-2001,Telur Ayam Negeri 1kg,2,31000.0,62000.0,0.0,False,NONE
TRX-20260904-000324-008,TRX-20260904-000324,8,SKU-1002,Minyak Goreng Bimoli 2L,2,37500.0,75000.0,0.0,False,NONE
TRX-20260904-000324-009,TRX-20260904-000324,9,SKU-1004,Tepung Terigu Segitiga Biru 1kg,1,13500.0,13500.0,0.0,False,NONE
TRX-20260904-000324-010,TRX-20260904-000324,10,SKU-1004,Tepung Terigu Segitiga Biru 1kg,2,13500.0,27000.0,0.0,False,NONE
TRX-20260904-000324-011,TRX-20260904-000324,11,SKU-4004,Sikat Gigi Formula Double Action 3s,1,15500.0,15500.0,0.0,False,NONE
TRX-20260904-000324-012,TRX-20260904-000324,12,SKU-4003,Pasta Gigi Pepsodent 190g,2,17000.0,34000.0,0.0,False,NONE
TRX-20260904-000324-013,TRX-20260904-000324,13,SKU-4001,Sabun Mandi Lifebuoy Total 10 450ml,3,27500.0,82500.0,0.0,False,NONE
TRX-20260904-000324-014,TRX-20260904-000324,14,SKU-4002,Shampoo Sunsilk Black Shine 160ml,2,26000.0,52000.0,0.0,False,NONE
TRX-20260904-000324-015,TRX-20260904-000324,15,SKU-1003,Gula Pasir Gulaku 1kg,1,17500.0,17500.0,0.0,False,NONE
TRX-20260904-000324-016,TRX-20260904-000324,16,SKU-1011,Sarden ABC Saus Tomat 155g,2,12000.0,24000.0,0.0,False,NONE
TRX-20260904-000325-001,TRX-20260904-000325,1,SKU-3007,Chitato Sapi Panggang 68g,1,12500.0,12500.0,0.0,False,NONE
TRX-20260904-000326-001,TRX-20260904-000326,1,SKU-2003,Susu Ultra Milk Cokelat 1L,1,21500.0,21500.0,0.0,False,NONE
TRX-20260904-000326-002,TRX-20260904-000326,2,SKU-3005,Good Day Moccacino 250ml,1,8000.0,8000.0,0.0,False,NONE
TRX-20260904-000327-001,TRX-20260904-000327,1,SKU-1004,Tepung Terigu Segitiga Biru 1kg,3,13500.0,40500.0,0.0,False,NONE
TRX-20260904-000327-002,TRX-20260904-000327,2,SKU-1009,Indomie Kuah Ayam Bawang 69g,1,3400.0,3400.0,0.0,False,NONE
TRX-20260904-000327-003,TRX-20260904-000327,3,SKU-3001,Air Mineral Aqua 600ml,1,4000.0,4000.0,0.0,False,NONE
TRX-20260904-000327-004,TRX-20260904-000327,4,SKU-4005,Rexona Deodorant Roll On 45ml,1,20500.0,20500.0,0.0,False,NONE
TRX-20260904-000327-005,TRX-20260904-000327,5,SKU-1010,Sedaap Mie Goreng 90g,1,3400.0,3400.0,0.0,False,NONE
TRX-20260904-000327-006,TRX-20260904-000327,6,SKU-1007,Saus Sambal ABC 335ml,2,17500.0,35000.0,0.0,False,NONE
TRX-20260904-000327-007,TRX-20260904-000327,7,SKU-4003,Pasta Gigi Pepsodent 190g,2,17000.0,34000.0,0.0,False,NONE
TRX-20260904-000327-008,TRX-20260904-000327,8,SKU-1011,Sarden ABC Saus Tomat 155g,2,12000.0,24000.0,0.0,False,NONE
TRX-20260904-000327-009,TRX-20260904-000327,9,SKU-5002,Pewangi Pakaian Molto All in 1 720ml,5,24000.0,120000.0,0.0,False,NONE
TRX-20260904-000327-010,TRX-20260904-000327,10,SKU-1005,Garam Dapur Cap Kapal 250g,1,5000.0,5000.0,0.0,False,NONE
TRX-20260904-000327-011,TRX-20260904-000327,11,SKU-1001,Beras Pandan Wangi 5kg,3,78500.0,235500.0,0.0,False,NONE
TRX-20260904-000327-012,TRX-20260904-000327,12,SKU-1002,Minyak Goreng Bimoli 2L,2,37500.0,75000.0,0.0,False,NONE
TRX-20260904-000327-013,TRX-20260904-000327,13,SKU-5001,Deterjen Rinso Anti Noda 770g,1,23000.0,23000.0,0.0,False,NONE
TRX-20260904-000327-013_DUP,TRX-20260904-000327,14,SKU-5001,Deterjen Rinso Anti Noda 770g,1,23000.0,23000.0,0.0,False,DOUBLE_SCAN
TRX-20260904-000327-015,TRX-20260904-000327,15,SKU-5003,Sabun Cuci Piring Sunlight 650ml,2,15500.0,31000.0,0.0,False,NONE
TRX-20260904-000327-016,TRX-20260904-000327,16,SKU-5104,UNKNOWN PRODUCT,1,14500.0,14500.0,0.0,False,TYPO_SKU
TRX-20260904-000327-017,TRX-20260904-000327,17,SKU-1003,Gula Pasir Gulaku 1kg,2,17500.0,35000.0,0.0,False,NONE
TRX-20260904-000327-018,TRX-20260904-000327,18,SKU-4007,Minyak Telon My Baby 90ml,2,28000.0,56000.0,0.0,False,NONE
TRX-20260904-000327-019,TRX-20260904-000327,19,SKU-1008,Indomie Goreng Spesial 85g,5,3500.0,17500.0,0.0,False,NONE
TRX-20260904-000327-020,TRX-20260904-000327,20,SKU-5004,Pembersih Lantai Super Pell 770ml,1,14500.0,14500.0,0.0,False,NONE
TRX-20260904-000327-021,TRX-20260904-000327,21,SKU-5005,Baygon Obat Nyamuk Semprot 600ml,3,42000.0,126000.0,0.0,False,NONE
TRX-20260904-000327-022,TRX-20260904-000327,22,SKU-4006,Paseo Facial Tissue 250 Sheets,3,16500.0,49500.0,0.0,False,NONE
TRX-20260904-000328-001,TRX-20260904-000328,1,SKU-2007,Sari Roti Tawar Spesial,1,16500.0,16500.0,0.0,False,NONE
TRX-20260904-000328-002,TRX-20260904-000328,2,SKU-3004,Kopi Kapal Api Spesial Mix 10s,1,15500.0,15500.0,0.0,False,NONE
TRX-20260904-000328-003,TRX-20260904-000328,3,SKU-2005,Keju Kraft Cheddar 165g,1,24000.0,24000.0,0.0,True,VOID_ITEM
TRX-20260904-000329-001,TRX-20260904-000329,1,SKU-2006,Mentega Blue Band 200g,1,12500.0,12500.0,0.0,False,NONE
TRX-20260904-000329-002,TRX-20260904-000329,2,SKU-3008,Taro Net Seaweed 65g,1,9800.0,9800.0,0.0,False,NONE
TRX-20260904-000329-003,TRX-20260904-000329,3,SKU-3007,Chitato Sapi Panggang 68g,1,12500.0,12500.0,0.0,False,NONE
TRX-20260904-000330-001,TRX-20260904-000330,1,SKU-3007,Chitato Sapi Panggang 68g,2,12500.0,25000.0,0.0,False,NONE
TRX-20260904-000330-002,TRX-20260904-000330,2,SKU-3001,Air Mineral Aqua 600ml,2,4000.0,8000.0,0.0,False,NONE
TRX-20260904-000330-003,TRX-20260904-000330,3,SKU-1009,Indomie Kuah Ayam Bawang 69g,1,3400.0,3400.0,0.0,False,NONE
TRX-20260904-000330-004,TRX-20260904-000330,4,SKU-1004,Tepung Terigu Segitiga Biru 1kg,2,13500.0,27000.0,0.0,False,NONE
TRX-20260904-000330-005,TRX-20260904-000330,5,SKU-3009,Oreo Original Roll 133g,2,11000.0,22000.0,0.0,False,NONE
TRX-20260904-000330-006,TRX-20260904-000330,6,SKU-1005,Garam Dapur Cap Kapal 250g,1,5000.0,5000.0,0.0,True,VOID_ITEM
TRX-20260904-000330-007,TRX-20260904-000330,7,SKU-1011,Sarden ABC Saus Tomat 155g,1,12000.0,12000.0,0.0,False,NONE
TRX-20260904-000330-008,TRX-20260904-000330,8,SKU-3003,Teh Pucuk Harum 350ml,1,4500.0,4500.0,0.0,True,VOID_ITEM
TRX-20260904-000331-001,TRX-20260904-000331,1,SKU-1007,Saus Sambal ABC 335ml,3,17500.0,52500.0,0.0,False,NONE
TRX-20260904-000331-002,TRX-20260904-000331,2,SKU-1006,Kecap Manis Bango 520ml,2,25500.0,51000.0,0.0,False,NONE
TRX-20260904-000331-003,TRX-20260904-000331,3,SKU-5002,Pewangi Pakaian Molto All in 1 720ml,3,24000.0,72000.0,0.0,False,NONE
TRX-20260904-000331-004,TRX-20260904-000331,4,SKU-1003,Gula Pasir Gulaku 1kg,2,17500.0,35000.0,0.0,False,NONE
TRX-20260904-000331-005,TRX-20260904-000331,5,SKU-5003,Sabun Cuci Piring Sunlight 650ml,1,15500.0,15500.0,0.0,False,NONE
TRX-20260904-000331-006,TRX-20260904-000331,6,SKU-5004,Pembersih Lantai Super Pell 770ml,2,14500.0,29000.0,0.0,False,NONE
TRX-20260904-000331-007,TRX-20260904-000331,7,SKU-4006,Paseo Facial Tissue 250 Sheets,5,16500.0,82500.0,0.0,False,NONE
TRX-20260904-000331-008,TRX-20260904-000331,8,SKU-1004,Tepung Terigu Segitiga Biru 1kg,2,13500.0,27000.0,0.0,False,NONE
TRX-20260904-000331-009,TRX-20260904-000331,9,SKU-5006,Baterai ABC Alkaline AA 4s,2,21000.0,42000.0,0.0,True,VOID_ITEM
TRX-20260904-000331-010,TRX-20260904-000331,10,SKU-1005,Garam Dapur Cap Kapal 250g,1,5000.0,5000.0,0.0,False,NONE
TRX-20260904-000331-011,TRX-20260904-000331,11,SKU-4002,Shampoo Sunsilk Black Shine 160ml,2,26000.0,52000.0,0.0,False,NONE
TRX-20260904-000331-012,TRX-20260904-000331,12,SKU-1011,Sarden ABC Saus Tomat 155g,2,12000.0,24000.0,0.0,False,NONE
TRX-20260904-000331-013,TRX-20260904-000331,13,SKU-5001,Deterjen Rinso Anti Noda 770g,2,23000.0,46000.0,0.0,False,NONE
TRX-20260904-000331-014,TRX-20260904-000331,14,SKU-1002,Minyak Goreng Bimoli 2L,1,37500.0,37500.0,0.0,False,NONE
TRX-20260904-000331-015,TRX-20260904-000331,15,SKU-5005,Baygon Obat Nyamuk Semprot 600ml,1,42000.0,42000.0,0.0,False,NONE
TRX-20260904-000332-001,TRX-20260904-000332,1,SKU-3008,Taro Net Seaweed 65g,1,9800.0,9800.0,0.0,False,NONE
TRX-20260904-000332-002,TRX-20260904-000332,2,SKU-2007,Sari Roti Tawar Spesial,1,16500.0,16500.0,0.0,False,NONE
TRX-20260904-000333-001,TRX-20260904-000333,1,SKU-5002,Pewangi Pakaian Molto All in 1 720ml,5,24000.0,120000.0,0.0,False,NONE
TRX-20260904-000333-002,TRX-20260904-000333,2,SKU-1010,Sedaap Mie Goreng 90g,3,3400.0,10200.0,0.0,False,NONE
TRX-20260904-000333-003,TRX-20260904-000333,3,SKU-1007,Saus Sambal ABC 335ml,1,17500.0,17500.0,0.0,False,NONE
TRX-20260904-000333-004,TRX-20260904-000333,4,SKU-1008,Indomie Goreng Spesial 85g,1,3500.0,3500.0,0.0,False,NONE
TRX-20260904-000333-005,TRX-20260904-000333,5,SKU-3001,Air Mineral Aqua 600ml,2,4000.0,8000.0,0.0,False,NONE
TRX-20260904-000333-006,TRX-20260904-000333,6,SKU-4002,Shampoo Sunsilk Black Shine 160ml,2,26000.0,52000.0,0.0,False,NONE
TRX-20260904-000333-007,TRX-20260904-000333,7,SKU-4003,Pasta Gigi Pepsodent 190g,1,17000.0,17000.0,0.0,False,NONE
TRX-20260904-000333-008,TRX-20260904-000333,8,SKU-1911,UNKNOWN PRODUCT,5,12000.0,60000.0,0.0,False,TYPO_SKU
TRX-20260904-000333-009,TRX-20260904-000333,9,SKU-1004,Tepung Terigu Segitiga Biru 1kg,1,13500.0,13500.0,0.0,False,NONE
TRX-20260904-000333-010,TRX-20260904-000333,10,SKU-1002,Minyak Goreng Bimoli 2L,2,37500.0,75000.0,0.0,False,NONE
TRX-20260904-000333-011,TRX-20260904-000333,11,SKU-1006,Kecap Manis Bango 520ml,2,25500.0,51000.0,0.0,False,NONE
TRX-20260904-000333-012,TRX-20260904-000333,12,SKU-4004,Sikat Gigi Formula Double Action 3s,1,15500.0,15500.0,0.0,False,NONE
TRX-20260904-000333-013,TRX-20260904-000333,13,SKU-1012,Kornet Sapi Pronas 198g,2,26000.0,52000.0,0.0,False,NONE
TRX-20260904-000333-014,TRX-20260904-000333,14,SKU-4006,Paseo Facial Tissue 250 Sheets,1,16500.0,16500.0,0.0,False,NONE
TRX-20260904-000333-015,TRX-20260904-000333,15,SKU-1009,Indomie Kuah Ayam Bawang 69g,2,3400.0,6800.0,0.0,False,NONE
TRX-20260904-000333-016,TRX-20260904-000333,16,SKU-1001,Beras Pandan Wangi 5kg,5,78500.0,392500.0,0.0,False,NONE
TRX-20260904-000333-017,TRX-20260904-000333,17,SKU-1006,Kecap Manis Bango 520ml,2,25500.0,51000.0,0.0,False,NONE
TRX-20260904-000333-018,TRX-20260904-000333,18,SKU-4003,Pasta Gigi Pepsodent 190g,1,17000.0,17000.0,0.0,True,VOID_ITEM
TRX-20260904-000333-019,TRX-20260904-000333,19,SKU-4007,Minyak Telon My Baby 90ml,2,28000.0,56000.0,0.0,False,NONE
TRX-20260904-000333-020,TRX-20260904-000333,20,SKU-5001,Deterjen Rinso Anti Noda 770g,1,23000.0,23000.0,0.0,False,NONE
TRX-20260904-000333-021,TRX-20260904-000333,21,SKU-4001,Sabun Mandi Lifebuoy Total 10 450ml,2,27500.0,55000.0,0.0,False,NONE
TRX-20260904-000334-001,TRX-20260904-000334,1,SKU-2006,Mentega Blue Band 200g,1,12500.0,12500.0,0.0,False,NONE
TRX-20260904-000334-002,TRX-20260904-000334,2,SKU-1011,Sarden ABC Saus Tomat 155g,1,12000.0,12000.0,0.0,False,NONE
TRX-20260904-000334-003,TRX-20260904-000334,3,SKU-1007,Saus Sambal ABC 335ml,1,17500.0,17500.0,0.0,False,NONE
TRX-20260904-000334-004,TRX-20260904-000334,4,SKU-1008,Indomie Goreng Spesial 85g,1,3500.0,3500.0,0.0,False,NONE
TRX-20260904-000334-005,TRX-20260904-000334,5,SKU-3001,Air Mineral Aqua 600ml,2,4000.0,8000.0,0.0,False,NONE
TRX-20260904-000335-001,TRX-20260904-000335,1,SKU-5002,Pewangi Pakaian Molto All in 1 720ml,2,24000.0,48000.0,0.0,False,NONE
TRX-20260904-000335-002,TRX-20260904-000335,2,SKU-1009,Indomie Kuah Ayam Bawang 69g,3,3400.0,10200.0,0.0,False,NONE
TRX-20260904-000335-003,TRX-20260904-000335,3,SKU-1007,Saus Sambal ABC 335ml,1,17500.0,17500.0,0.0,False,NONE
TRX-20260904-000335-004,TRX-20260904-000335,4,SKU-5006,Baterai ABC Alkaline AA 4s,1,21000.0,21000.0,0.0,False,NONE
TRX-20260904-000335-005,TRX-20260904-000335,5,SKU-5001,Deterjen Rinso Anti Noda 770g,1,23000.0,23000.0,0.0,False,NONE
TRX-20260904-000335-006,TRX-20260904-000335,6,SKU-1011,Sarden ABC Saus Tomat 155g,1,12000.0,12000.0,0.0,False,NONE
TRX-20260904-000335-007,TRX-20260904-000335,7,SKU-4002,Shampoo Sunsilk Black Shine 160ml,3,26000.0,78000.0,0.0,False,NONE
TRX-20260904-000335-008,TRX-20260904-000335,8,SKU-4001,Sabun Mandi Lifebuoy Total 10 450ml,1,27500.0,27500.0,0.0,False,NONE
TRX-20260904-000335-009,TRX-20260904-000335,9,SKU-1006,Kecap Manis Bango 520ml,2,25500.0,51000.0,0.0,False,NONE
TRX-20260904-000335-010,TRX-20260904-000335,10,SKU-5005,Baygon Obat Nyamuk Semprot 600ml,2,42000.0,84000.0,0.0,False,NONE
TRX-20260904-000335-011,TRX-20260904-000335,11,SKU-4006,Paseo Facial Tissue 250 Sheets,5,16500.0,82500.0,0.0,False,NONE
TRX-20260904-000335-012,TRX-20260904-000335,12,SKU-1002,Minyak Goreng Bimoli 2L,1,37500.0,37500.0,0.0,False,NONE
TRX-20260904-000335-013,TRX-20260904-000335,13,SKU-1004,Tepung Terigu Segitiga Biru 1kg,2,13500.0,27000.0,0.0,False,NONE
TRX-20260904-000335-014,TRX-20260904-000335,14,SKU-1004,Tepung Terigu Segitiga Biru 1kg,1,13500.0,13500.0,0.0,False,NONE
TRX-20260904-000335-015,TRX-20260904-000335,15,SKU-5003,Sabun Cuci Piring Sunlight 650ml,1,15500.0,15500.0,0.0,False,NONE
TRX-20260904-000335-016,TRX-20260904-000335,16,SKU-5004,Pembersih Lantai Super Pell 770ml,2,14500.0,29000.0,0.0,False,NONE
TRX-20260904-000335-017,TRX-20260904-000335,17,SKU-5004,Pembersih Lantai Super Pell 770ml,1,14500.0,14500.0,0.0,False,NONE
TRX-20260904-000335-018,TRX-20260904-000335,18,SKU-4007,Minyak Telon My Baby 90ml,1,28000.0,28000.0,0.0,False,NONE
TRX-20260904-000335-019,TRX-20260904-000335,19,SKU-1008,Indomie Goreng Spesial 85g,1,3500.0,3500.0,0.0,False,NONE
TRX-20260904-000335-020,TRX-20260904-000335,20,SKU-4001,Sabun Mandi Lifebuoy Total 10 450ml,3,27500.0,82500.0,0.0,False,NONE
TRX-20260904-000335-021,TRX-20260904-000335,21,SKU-1007,Saus Sambal ABC 335ml,1,17500.0,17500.0,0.0,False,NONE
TRX-20260904-000336-001,TRX-20260904-000336,1,SKU-5005,Baygon Obat Nyamuk Semprot 600ml,1,42000.0,42000.0,0.0,False,TYPO_SKU
TRX-20260904-000336-002,TRX-20260904-000336,2,SKU-1007,Saus Sambal ABC 335ml,1,17500.0,17500.0,0.0,False,NONE
TRX-20260904-000336-003,TRX-20260904-000336,3,SKU-2001,Telur Ayam Negeri 1kg,1,31000.0,31000.0,0.0,False,NONE
TRX-20260904-000336-004,TRX-20260904-000336,4,SKU-4007,Minyak Telon My Baby 90ml,1,28000.0,28000.0,0.0,False,NONE
TRX-20260904-000336-005,TRX-20260904-000336,5,SKU-4001,Sabun Mandi Lifebuoy Total 10 450ml,1,27500.0,27500.0,0.0,False,NONE
TRX-20260904-000336-006,TRX-20260904-000336,6,SKU-3010,SilverQueen Cokelat Mede 58g,1,17000.0,17000.0,0.0,False,NONE
TRX-20260904-000336-007,TRX-20260904-000336,7,SKU-3009,Oreo Original Roll 133g,1,11000.0,11000.0,0.0,False,NONE
TRX-20260904-000337-001,TRX-20260904-000337,1,SKU-4003,Pasta Gigi Pepsodent 190g,3,17000.0,51000.0,0.0,False,NONE
TRX-20260904-000337-002,TRX-20260904-000337,2,SKU-5004,Pembersih Lantai Super Pell 770ml,3,14500.0,43500.0,0.0,False,NONE
TRX-20260904-000337-003,TRX-20260904-000337,3,SKU-1010,Sedaap Mie Goreng 90g,3,3400.0,10200.0,0.0,False,NONE
TRX-20260904-000337-004,TRX-20260904-000337,4,SKU-1007,Saus Sambal ABC 335ml,2,17500.0,35000.0,0.0,False,NONE
TRX-20260904-000337-005,TRX-20260904-000337,5,SKU-1002,Minyak Goreng Bimoli 2L,2,37500.0,75000.0,0.0,False,NONE
TRX-20260904-000337-006,TRX-20260904-000337,6,SKU-1001,Beras Pandan Wangi 5kg,2,78500.0,157000.0,0.0,False,NONE
TRX-20260904-000337-007,TRX-20260904-000337,7,SKU-1004,Tepung Terigu Segitiga Biru 1kg,3,13500.0,40500.0,0.0,False,NONE
TRX-20260904-000337-008,TRX-20260904-000337,8,SKU-4005,Rexona Deodorant Roll On 45ml,5,20500.0,102500.0,0.0,False,NONE
TRX-20260904-000337-009,TRX-20260904-000337,9,SKU-1011,Sarden ABC Saus Tomat 155g,1,12000.0,12000.0,0.0,False,NONE
TRX-20260904-000337-010,TRX-20260904-000337,10,SKU-4001,Sabun Mandi Lifebuoy Total 10 450ml,2,27500.0,55000.0,0.0,False,NONE
TRX-20260904-000337-011,TRX-20260904-000337,11,SKU-1005,Garam Dapur Cap Kapal 250g,2,5000.0,10000.0,0.0,False,NONE
TRX-20260904-000337-012,TRX-20260904-000337,12,SKU-1006,Kecap Manis Bango 520ml,1,25500.0,25500.0,0.0,False,NONE
TRX-20260904-000337-013,TRX-20260904-000337,13,SKU-4004,Sikat Gigi Formula Double Action 3s,2,15500.0,31000.0,0.0,False,NONE
TRX-20260904-000337-014,TRX-20260904-000337,14,SKU-1007,Saus Sambal ABC 335ml,3,17500.0,52500.0,0.0,False,NONE
TRX-20260904-000337-015,TRX-20260904-000337,15,SKU-4002,Shampoo Sunsilk Black Shine 160ml,1,26000.0,26000.0,0.0,False,NONE
TRX-20260904-000338-001,TRX-20260904-000338,1,SKU-2003,Susu Ultra Milk Cokelat 1L,1,21500.0,21500.0,0.0,False,NONE
TRX-20260904-000338-002,TRX-20260904-000338,2,SKU-3010,SilverQueen Cokelat Mede 58g,1,17000.0,17000.0,0.0,False,NONE
TRX-20260904-000338-003,TRX-20260904-000338,3,SKU-3094,UNKNOWN PRODUCT,1,15500.0,15500.0,0.0,False,TYPO_SKU
TRX-20260904-000339-001,TRX-20260904-000339,1,SKU-5004,Pembersih Lantai Super Pell 770ml,1,14500.0,14500.0,0.0,False,NONE
TRX-20260904-000339-002,TRX-20260904-000339,2,SKU-3008,Taro Net Seaweed 65g,1,9800.0,9800.0,0.0,False,NONE
TRX-20260904-000339-003,TRX-20260904-000339,3,SKU-3002,Air Mineral Le Minerale 600ml,1,3800.0,3800.0,0.0,False,NONE
TRX-20260904-000339-004,TRX-20260904-000339,4,SKU-3006,Coca Cola 390ml,2,7500.0,15000.0,0.0,True,VOID_ITEM
TRX-20260904-000339-005,TRX-20260904-000339,5,SKU-1009,Indomie Kuah Ayam Bawang 69g,2,3400.0,6800.0,0.0,False,NONE
TRX-20260904-000339-006,TRX-20260904-000339,6,SKU-1011,Sarden ABC Saus Tomat 155g,1,12000.0,12000.0,0.0,False,NONE
TRX-20260904-000339-007,TRX-20260904-000339,7,SKU-1008,Indomie Goreng Spesial 85g,1,3500.0,3500.0,0.0,False,NONE
TRX-20260904-000339-008,TRX-20260904-000339,8,SKU-1004,Tepung Terigu Segitiga Biru 1kg,1,13500.0,13500.0,0.0,False,NONE
TRX-20260904-000340-001,TRX-20260904-000340,1,SKU-1901,UNKNOWN PRODUCT,1,78500.0,78500.0,0.0,False,TYPO_SKU
TRX-20260904-000340-002,TRX-20260904-000340,2,SKU-3007,Chitato Sapi Panggang 68g,1,12500.0,12500.0,0.0,False,NONE
TRX-20260904-000340-003,TRX-20260904-000340,3,SKU-5005,Baygon Obat Nyamuk Semprot 600ml,1,42000.0,42000.0,0.0,False,NONE
TRX-20260904-000340-004,TRX-20260904-000340,4,SKU-3005,Good Day Moccacino 250ml,1,8000.0,8000.0,0.0,False,NONE
TRX-20260904-000340-005,TRX-20260904-000340,5,SKU-3004,Kopi Kapal Api Spesial Mix 10s,2,15500.0,31000.0,0.0,False,NONE
TRX-20260904-000341-001,TRX-20260904-000341,1,SKU-3003,Teh Pucuk Harum 350ml,1,4500.0,4500.0,0.0,False,NONE
TRX-20260904-000341-002,TRX-20260904-000341,2,SKU-2008,Sari Roti Sobek Cokelat,1,19500.0,19500.0,0.0,False,NONE
TRX-20260904-000342-001,TRX-20260904-000342,1,SKU-2005,Keju Kraft Cheddar 165g,1,24000.0,24000.0,0.0,False,NONE
TRX-20260904-000343-001,TRX-20260904-000343,1,SKU-1008,Indomie Goreng Spesial 85g,1,3500.0,3500.0,0.0,True,VOID_ITEM
TRX-20260904-000343-002,TRX-20260904-000343,2,SKU-1005,Garam Dapur Cap Kapal 250g,2,5000.0,10000.0,0.0,False,NONE
TRX-20260904-000343-003,TRX-20260904-000343,3,SKU-3006,Coca Cola 390ml,2,7500.0,15000.0,0.0,False,NONE
TRX-20260904-000343-004,TRX-20260904-000343,4,SKU-3004,Kopi Kapal Api Spesial Mix 10s,1,15500.0,15500.0,0.0,False,NONE
TRX-20260904-000343-005,TRX-20260904-000343,5,SKU-3007,Chitato Sapi Panggang 68g,1,12500.0,12500.0,0.0,False,NONE
TRX-20260904-000343-006,TRX-20260904-000343,6,SKU-3003,Teh Pucuk Harum 350ml,1,4500.0,4500.0,0.0,False,NONE
TRX-20260904-000343-007,TRX-20260904-000343,7,SKU-3001,Air Mineral Aqua 600ml,1,4000.0,4000.0,0.0,False,NONE
TRX-20260904-000343-008,TRX-20260904-000343,8,SKU-1010,Sedaap Mie Goreng 90g,2,3400.0,6800.0,0.0,False,NONE
TRX-20260904-000344-001,TRX-20260904-000344,1,SKU-3004,Kopi Kapal Api Spesial Mix 10s,1,15500.0,15500.0,0.0,False,NONE
TRX-20260904-000344-002,TRX-20260904-000344,2,SKU-3006,Coca Cola 390ml,1,7500.0,7500.0,0.0,True,VOID_ITEM
TRX-20260904-000344-003,TRX-20260904-000344,3,SKU-5003,Sabun Cuci Piring Sunlight 650ml,1,15500.0,15500.0,0.0,False,NONE
TRX-20260904-000344-004,TRX-20260904-000344,4,SKU-5004,Pembersih Lantai Super Pell 770ml,1,14500.0,14500.0,0.0,False,NONE
TRX-20260904-000344-005,TRX-20260904-000344,5,SKU-3005,Good Day Moccacino 250ml,2,8000.0,16000.0,0.0,False,NONE
TRX-20260904-000344-006,TRX-20260904-000344,6,SKU-4004,Sikat Gigi Formula Double Action 3s,1,15500.0,15500.0,0.0,False,NONE
TRX-20260904-000345-001,TRX-20260904-000345,1,SKU-2002,Susu Ultra Milk Full Cream 1L,1,21500.0,21500.0,0.0,False,NONE
TRX-20260904-000346-001,TRX-20260904-000346,1,SKU-2001,Telur Ayam Negeri 1kg,1,31000.0,31000.0,0.0,False,NONE
TRX-20260904-000346-002,TRX-20260904-000346,2,SKU-5001,Deterjen Rinso Anti Noda 770g,1,23000.0,23000.0,0.0,False,NONE
TRX-20260904-000346-003,TRX-20260904-000346,3,SKU-3005,Good Day Moccacino 250ml,1,8000.0,8000.0,0.0,False,NONE
TRX-20260904-000346-004,TRX-20260904-000346,4,SKU-2007,Sari Roti Tawar Spesial,1,16500.0,16500.0,0.0,False,NONE
TRX-20260904-000346-005,TRX-20260904-000346,5,SKU-3004,Kopi Kapal Api Spesial Mix 10s,1,15500.0,15500.0,0.0,False,NONE
TRX-20260904-000347-001,TRX-20260904-000347,1,SKU-4007,Minyak Telon My Baby 90ml,1,28000.0,28000.0,0.0,False,NONE
TRX-20260904-000347-002,TRX-20260904-000347,2,SKU-4004,Sikat Gigi Formula Double Action 3s,2,15500.0,31000.0,0.0,False,NONE
TRX-20260904-000347-003,TRX-20260904-000347,3,SKU-4003,Pasta Gigi Pepsodent 190g,2,17000.0,34000.0,0.0,False,NONE
TRX-20260904-000347-004,TRX-20260904-000347,4,SKU-1005,Garam Dapur Cap Kapal 250g,5,5000.0,25000.0,0.0,False,NONE
TRX-20260904-000347-005,TRX-20260904-000347,5,SKU-5004,Pembersih Lantai Super Pell 770ml,1,14500.0,14500.0,0.0,False,NONE
TRX-20260904-000347-006,TRX-20260904-000347,6,SKU-5002,Pewangi Pakaian Molto All in 1 720ml,1,24000.0,24000.0,0.0,False,NONE
TRX-20260904-000347-007,TRX-20260904-000347,7,SKU-4005,Rexona Deodorant Roll On 45ml,5,20500.0,102500.0,0.0,False,NONE
TRX-20260904-000347-008,TRX-20260904-000347,8,SKU-1002,Minyak Goreng Bimoli 2L,3,37500.0,112500.0,0.0,False,NONE
TRX-20260904-000347-009,TRX-20260904-000347,9,SKU-1004,Tepung Terigu Segitiga Biru 1kg,1,13500.0,13500.0,0.0,False,NONE
TRX-20260904-000347-010,TRX-20260904-000347,10,SKU-5003,Sabun Cuci Piring Sunlight 650ml,2,15500.0,31000.0,0.0,False,NONE
TRX-20260904-000347-011,TRX-20260904-000347,11,SKU-5001,Deterjen Rinso Anti Noda 770g,2,23000.0,46000.0,0.0,False,NONE
TRX-20260904-000347-012,TRX-20260904-000347,12,SKU-4006,Paseo Facial Tissue 250 Sheets,3,16500.0,49500.0,0.0,False,NONE
TRX-20260904-000347-013,TRX-20260904-000347,13,SKU-1004,Tepung Terigu Segitiga Biru 1kg,1,13500.0,13500.0,0.0,False,NONE
TRX-20260904-000347-014,TRX-20260904-000347,14,SKU-1011,Sarden ABC Saus Tomat 155g,2,12000.0,24000.0,0.0,False,NONE
TRX-20260904-000347-015,TRX-20260904-000347,15,SKU-5001,Deterjen Rinso Anti Noda 770g,1,23000.0,23000.0,0.0,False,NONE
TRX-20260904-000347-016,TRX-20260904-000347,16,SKU-4001,Sabun Mandi Lifebuoy Total 10 450ml,2,27500.0,55000.0,0.0,False,NONE
TRX-20260904-000347-017,TRX-20260904-000347,17,SKU-4002,Shampoo Sunsilk Black Shine 160ml,2,26000.0,52000.0,0.0,False,NONE
TRX-20260904-000347-018,TRX-20260904-000347,18,SKU-1003,Gula Pasir Gulaku 1kg,1,17500.0,17500.0,0.0,False,NONE
TRX-20260904-000347-019,TRX-20260904-000347,19,SKU-5205,UNKNOWN PRODUCT,1,42000.0,42000.0,0.0,False,TYPO_SKU
TRX-20260904-000348-001,TRX-20260904-000348,1,SKU-4004,Sikat Gigi Formula Double Action 3s,3,15500.0,46500.0,0.0,False,NONE
TRX-20260904-000348-002,TRX-20260904-000348,2,SKU-4005,Rexona Deodorant Roll On 45ml,1,20500.0,20500.0,0.0,False,NONE
TRX-20260904-000348-003,TRX-20260904-000348,3,SKU-1008,Indomie Goreng Spesial 85g,1,3500.0,3500.0,0.0,False,NONE
TRX-20260904-000348-004,TRX-20260904-000348,4,SKU-4001,Sabun Mandi Lifebuoy Total 10 450ml,2,27500.0,55000.0,0.0,False,NONE
TRX-20260904-000348-005,TRX-20260904-000348,5,SKU-4006,Paseo Facial Tissue 250 Sheets,1,16500.0,16500.0,0.0,False,NONE
TRX-20260904-000348-006,TRX-20260904-000348,6,SKU-1003,Gula Pasir Gulaku 1kg,3,17500.0,52500.0,0.0,False,NONE
TRX-20260904-000348-007,TRX-20260904-000348,7,SKU-1002,Minyak Goreng Bimoli 2L,2,37500.0,75000.0,0.0,False,NONE
TRX-20260904-000348-008,TRX-20260904-000348,8,SKU-1006,Kecap Manis Bango 520ml,2,25500.0,51000.0,0.0,False,NONE
TRX-20260904-000348-009,TRX-20260904-000348,9,SKU-5002,Pewangi Pakaian Molto All in 1 720ml,1,24000.0,24000.0,0.0,False,NONE
TRX-20260904-000348-010,TRX-20260904-000348,10,SKU-1010,Sedaap Mie Goreng 90g,1,3400.0,3400.0,0.0,False,NONE
TRX-20260904-000348-011,TRX-20260904-000348,11,SKU-5001,Deterjen Rinso Anti Noda 770g,2,23000.0,46000.0,0.0,False,NONE
TRX-20260904-000348-012,TRX-20260904-000348,12,SKU-5003,Sabun Cuci Piring Sunlight 650ml,2,15500.0,31000.0,0.0,False,NONE
TRX-20260904-000348-013,TRX-20260904-000348,13,SKU-4002,Shampoo Sunsilk Black Shine 160ml,1,26000.0,26000.0,0.0,False,NONE
TRX-20260904-000348-014,TRX-20260904-000348,14,SKU-4003,Pasta Gigi Pepsodent 190g,2,17000.0,34000.0,0.0,False,NONE
TRX-20260904-000348-015,TRX-20260904-000348,15,SKU-4003,Pasta Gigi Pepsodent 190g,1,17000.0,17000.0,0.0,False,NONE
TRX-20260904-000349-001,TRX-20260904-000349,1,SKU-1008,Indomie Goreng Spesial 85g,1,3500.0,3500.0,0.0,False,NONE
TRX-20260904-000349-002,TRX-20260904-000349,2,SKU-3001,Air Mineral Aqua 600ml,1,4000.0,4000.0,0.0,False,NONE
TRX-20260904-000349-003,TRX-20260904-000349,3,SKU-1003,Gula Pasir Gulaku 1kg,5,17500.0,87500.0,0.0,False,NONE
TRX-20260904-000349-004,TRX-20260904-000349,4,SKU-4006,Paseo Facial Tissue 250 Sheets,1,16500.0,16500.0,0.0,False,NONE
TRX-20260904-000349-005,TRX-20260904-000349,5,SKU-1007,Saus Sambal ABC 335ml,2,17500.0,35000.0,0.0,False,NONE
TRX-20260904-000349-006,TRX-20260904-000349,6,SKU-1002,Minyak Goreng Bimoli 2L,2,37500.0,75000.0,0.0,False,NONE
TRX-20260904-000349-007,TRX-20260904-000349,7,SKU-1006,Kecap Manis Bango 520ml,2,25500.0,51000.0,0.0,False,NONE
TRX-20260904-000349-008,TRX-20260904-000349,8,SKU-1010,Sedaap Mie Goreng 90g,2,3400.0,6800.0,0.0,False,NONE
TRX-20260904-000349-009,TRX-20260904-000349,9,SKU-2001,Telur Ayam Negeri 1kg,2,31000.0,62000.0,0.0,False,NONE
TRX-20260904-000349-010,TRX-20260904-000349,10,SKU-4005,Rexona Deodorant Roll On 45ml,3,20500.0,61500.0,0.0,False,NONE
TRX-20260904-000349-011,TRX-20260904-000349,11,SKU-4007,Minyak Telon My Baby 90ml,2,28000.0,56000.0,0.0,False,NONE
TRX-20260904-000349-012,TRX-20260904-000349,12,SKU-1012,Kornet Sapi Pronas 198g,2,26000.0,52000.0,0.0,False,NONE
TRX-20260904-000349-013,TRX-20260904-000349,13,SKU-5001,Deterjen Rinso Anti Noda 770g,2,23000.0,46000.0,0.0,False,NONE
TRX-20260904-000349-014,TRX-20260904-000349,14,SKU-5002,Pewangi Pakaian Molto All in 1 720ml,2,24000.0,48000.0,0.0,False,NONE
TRX-20260904-000349-015,TRX-20260904-000349,15,SKU-5006,Baterai ABC Alkaline AA 4s,1,21000.0,21000.0,0.0,False,NONE
TRX-20260904-000349-016,TRX-20260904-000349,16,SKU-1001,Beras Pandan Wangi 5kg,2,78500.0,157000.0,0.0,False,NONE
TRX-20260904-000349-017,TRX-20260904-000349,17,SKU-4004,Sikat Gigi Formula Double Action 3s,2,15500.0,31000.0,0.0,False,NONE
TRX-20260904-000349-018,TRX-20260904-000349,18,SKU-1006,Kecap Manis Bango 520ml,2,25500.0,51000.0,0.0,False,NONE
TRX-20260904-000350-001,TRX-20260904-000350,1,SKU-3001,Air Mineral Aqua 600ml,1,4000.0,4000.0,0.0,False,NONE
TRX-20260904-000350-002,TRX-20260904-000350,2,SKU-3003,Teh Pucuk Harum 350ml,1,4500.0,4500.0,0.0,False,NONE
TRX-20260904-000350-003,TRX-20260904-000350,3,SKU-2021,UNKNOWN PRODUCT,1,31000.0,31000.0,0.0,False,TYPO_SKU
TRX-20260904-000351-001,TRX-20260904-000351,1,SKU-2006,Mentega Blue Band 200g,1,12500.0,12500.0,0.0,False,NONE
TRX-20260904-000351-002,TRX-20260904-000351,2,SKU-5006,Baterai ABC Alkaline AA 4s,1,21000.0,21000.0,0.0,False,NONE
TRX-20260904-000351-003,TRX-20260904-000351,3,SKU-4004,Sikat Gigi Formula Double Action 3s,1,15500.0,15500.0,0.0,False,NONE
TRX-20260904-000351-004,TRX-20260904-000351,4,SKU-3008,Taro Net Seaweed 65g,1,9800.0,9800.0,0.0,False,NONE
TRX-20260904-000351-005,TRX-20260904-000351,5,SKU-3003,Teh Pucuk Harum 350ml,2,4500.0,9000.0,0.0,False,NONE
TRX-20260904-000351-006,TRX-20260904-000351,6,SKU-3005,Good Day Moccacino 250ml,1,8000.0,8000.0,0.0,False,NONE
TRX-20260904-000352-001,TRX-20260904-000352,1,SKU-1001,Beras Pandan Wangi 5kg,1,78500.0,78500.0,0.0,False,NONE
TRX-20260904-000352-002,TRX-20260904-000352,2,SKU-1003,Gula Pasir Gulaku 1kg,1,17500.0,17500.0,0.0,False,NONE
TRX-20260904-000352-003,TRX-20260904-000352,3,SKU-1009,Indomie Kuah Ayam Bawang 69g,1,3400.0,3400.0,0.0,False,NONE
TRX-20260904-000352-004,TRX-20260904-000352,4,SKU-3003,Teh Pucuk Harum 350ml,1,4500.0,4500.0,0.0,False,NONE
TRX-20260904-000353-001,TRX-20260904-000353,1,SKU-3006,Coca Cola 390ml,1,7500.0,7500.0,0.0,False,NONE
TRX-20260904-000353-002,TRX-20260904-000353,2,SKU-1005,Garam Dapur Cap Kapal 250g,2,5000.0,10000.0,0.0,False,NONE
TRX-20260904-000353-003,TRX-20260904-000353,3,SKU-1010,Sedaap Mie Goreng 90g,2,3400.0,6800.0,0.0,False,NONE
TRX-20260904-000353-004,TRX-20260904-000353,4,SKU-3004,Kopi Kapal Api Spesial Mix 10s,1,15500.0,15500.0,0.0,False,NONE
TRX-20260904-000353-005,TRX-20260904-000353,5,SKU-2004,Yakult Pack isi 5,1,11500.0,11500.0,0.0,False,NONE
TRX-20260904-000354-001,TRX-20260904-000354,1,SKU-3008,Taro Net Seaweed 65g,1,9800.0,9800.0,0.0,False,NONE
TRX-20260904-000354-002,TRX-20260904-000354,2,SKU-2002,Susu Ultra Milk Full Cream 1L,1,21500.0,21500.0,0.0,False,NONE
TRX-20260904-000354-003,TRX-20260904-000354,3,SKU-3001,Air Mineral Aqua 600ml,1,4000.0,4000.0,0.0,False,NONE
TRX-20260904-000354-004,TRX-20260904-000354,4,SKU-1004,Tepung Terigu Segitiga Biru 1kg,1,13500.0,13500.0,0.0,False,NONE
TRX-20260904-000354-005,TRX-20260904-000354,5,SKU-3002,Air Mineral Le Minerale 600ml,1,3800.0,3800.0,0.0,False,NONE
TRX-20260904-000355-001,TRX-20260904-000355,1,SKU-2007,Sari Roti Tawar Spesial,1,16500.0,16500.0,0.0,False,NONE
TRX-20260904-000355-002,TRX-20260904-000355,2,SKU-2001,Telur Ayam Negeri 1kg,1,31000.0,31000.0,0.0,False,NONE
TRX-20260904-000355-003,TRX-20260904-000355,3,SKU-2006,Mentega Blue Band 200g,1,12500.0,12500.0,0.0,False,NONE
TRX-20260904-000356-001,TRX-20260904-000356,1,SKU-2005,Keju Kraft Cheddar 165g,1,24000.0,24000.0,0.0,False,NONE
TRX-20260904-000356-002,TRX-20260904-000356,2,SKU-3009,Oreo Original Roll 133g,1,11000.0,11000.0,0.0,False,NONE
TRX-20260904-000357-001,TRX-20260904-000357,1,SKU-1009,Indomie Kuah Ayam Bawang 69g,2,3400.0,6800.0,0.0,False,NONE
TRX-20260904-000357-002,TRX-20260904-000357,2,SKU-3006,Coca Cola 390ml,2,7500.0,15000.0,0.0,False,NONE
TRX-20260904-000357-003,TRX-20260904-000357,3,SKU-2004,Yakult Pack isi 5,2,11500.0,23000.0,0.0,True,VOID_ITEM
TRX-20260904-000357-004,TRX-20260904-000357,4,SKU-2006,Mentega Blue Band 200g,2,12500.0,25000.0,0.0,False,NONE
TRX-20260904-000358-001,TRX-20260904-000358,1,SKU-4001,Sabun Mandi Lifebuoy Total 10 450ml,1,27500.0,27500.0,0.0,False,NONE
TRX-20260904-000358-002,TRX-20260904-000358,2,SKU-2003,Susu Ultra Milk Cokelat 1L,1,21500.0,21500.0,0.0,False,NONE
TRX-20260904-000358-003,TRX-20260904-000358,3,SKU-3010,SilverQueen Cokelat Mede 58g,2,17000.0,34000.0,0.0,False,NONE
TRX-20260904-000358-004,TRX-20260904-000358,4,SKU-3026,UNKNOWN PRODUCT,1,7500.0,7500.0,0.0,False,TYPO_SKU
TRX-20260904-000358-005,TRX-20260904-000358,5,SKU-3003,Teh Pucuk Harum 350ml,1,4500.0,4500.0,0.0,False,NONE
TRX-20260904-000359-001,TRX-20260904-000359,1,SKU-1009,Indomie Kuah Ayam Bawang 69g,1,3400.0,3400.0,0.0,False,NONE
TRX-20260904-000359-002,TRX-20260904-000359,2,SKU-4202,UNKNOWN PRODUCT,1,26000.0,26000.0,0.0,False,TYPO_SKU
TRX-20260904-000359-003,TRX-20260904-000359,3,SKU-5005,Baygon Obat Nyamuk Semprot 600ml,1,42000.0,42000.0,0.0,False,NONE
TRX-20260904-000359-004,TRX-20260904-000359,4,SKU-3005,Good Day Moccacino 250ml,1,8000.0,8000.0,0.0,False,NONE
TRX-20260904-000359-005,TRX-20260904-000359,5,SKU-3009,Oreo Original Roll 133g,1,11000.0,11000.0,0.0,False,NONE
TRX-20260904-000359-006,TRX-20260904-000359,6,SKU-3001,Air Mineral Aqua 600ml,1,4000.0,4000.0,0.0,False,NONE
TRX-20260904-000359-007,TRX-20260904-000359,7,SKU-3005,Good Day Moccacino 250ml,1,8000.0,8000.0,0.0,False,NONE
TRX-20260904-000360-001,TRX-20260904-000360,1,SKU-3008,Taro Net Seaweed 65g,1,9800.0,9800.0,0.0,False,NONE
TRX-20260904-000361-001,TRX-20260904-000361,1,SKU-3005,Good Day Moccacino 250ml,1,8000.0,8000.0,0.0,False,NONE
TRX-20260904-000361-002,TRX-20260904-000361,2,SKU-2004,Yakult Pack isi 5,2,11500.0,23000.0,0.0,False,NONE
TRX-20260904-000361-003,TRX-20260904-000361,3,SKU-1009,Indomie Kuah Ayam Bawang 69g,2,3400.0,6800.0,0.0,False,NONE
TRX-20260904-000361-004,TRX-20260904-000361,4,SKU-3001,Air Mineral Aqua 600ml,2,4000.0,8000.0,0.0,False,NONE
TRX-20260904-000362-001,TRX-20260904-000362,1,SKU-3004,Kopi Kapal Api Spesial Mix 10s,1,15500.0,15500.0,0.0,False,NONE
TRX-20260904-000362-002,TRX-20260904-000362,2,SKU-3007,Chitato Sapi Panggang 68g,1,12500.0,12500.0,0.0,False,NONE
TRX-20260904-000362-003,TRX-20260904-000362,3,SKU-2004,Yakult Pack isi 5,1,11500.0,11500.0,0.0,False,NONE
TRX-20260904-000363-001,TRX-20260904-000363,1,SKU-1004,Tepung Terigu Segitiga Biru 1kg,2,13500.0,27000.0,0.0,False,NONE
TRX-20260904-000363-002,TRX-20260904-000363,2,SKU-1001,Beras Pandan Wangi 5kg,2,78500.0,157000.0,0.0,False,NONE
TRX-20260904-000363-003,TRX-20260904-000363,3,SKU-4007,Minyak Telon My Baby 90ml,2,28000.0,56000.0,0.0,False,NONE
TRX-20260904-000363-004,TRX-20260904-000363,4,SKU-4006,Paseo Facial Tissue 250 Sheets,3,16500.0,49500.0,0.0,False,NONE
TRX-20260904-000363-005,TRX-20260904-000363,5,SKU-5003,Sabun Cuci Piring Sunlight 650ml,2,15500.0,31000.0,0.0,False,NONE
TRX-20260904-000363-006,TRX-20260904-000363,6,SKU-5001,Deterjen Rinso Anti Noda 770g,1,23000.0,23000.0,0.0,False,NONE
TRX-20260904-000363-007,TRX-20260904-000363,7,SKU-4004,Sikat Gigi Formula Double Action 3s,2,15500.0,31000.0,0.0,False,NONE
TRX-20260904-000363-008,TRX-20260904-000363,8,SKU-5006,Baterai ABC Alkaline AA 4s,3,21000.0,63000.0,0.0,False,NONE
TRX-20260904-000363-009,TRX-20260904-000363,9,SKU-5001,Deterjen Rinso Anti Noda 770g,1,23000.0,23000.0,0.0,False,NONE
TRX-20260904-000364-001,TRX-20260904-000364,1,SKU-2003,Susu Ultra Milk Cokelat 1L,1,21500.0,21500.0,0.0,False,NONE
TRX-20260904-000364-002,TRX-20260904-000364,2,SKU-3009,Oreo Original Roll 133g,1,11000.0,11000.0,0.0,False,NONE
TRX-20260904-000364-003,TRX-20260904-000364,3,SKU-3010,SilverQueen Cokelat Mede 58g,1,17000.0,17000.0,0.0,False,NONE
TRX-20260904-000365-001,TRX-20260904-000365,1,SKU-5004,Pembersih Lantai Super Pell 770ml,2,14500.0,29000.0,0.0,False,NONE
TRX-20260904-000365-002,TRX-20260904-000365,2,SKU-1004,Tepung Terigu Segitiga Biru 1kg,2,13500.0,27000.0,0.0,False,NONE
TRX-20260904-000365-003,TRX-20260904-000365,3,SKU-3009,Oreo Original Roll 133g,1,11000.0,11000.0,0.0,True,VOID_ITEM
TRX-20260904-000365-004,TRX-20260904-000365,4,SKU-2004,Yakult Pack isi 5,1,11500.0,11500.0,0.0,False,NONE
TRX-20260904-000365-005,TRX-20260904-000365,5,SKU-3007,Chitato Sapi Panggang 68g,1,12500.0,12500.0,0.0,False,NONE
TRX-20260904-000365-006,TRX-20260904-000365,6,SKU-1009,Indomie Kuah Ayam Bawang 69g,2,3400.0,6800.0,0.0,False,NONE
TRX-20260904-000365-007,TRX-20260904-000365,7,SKU-1005,Garam Dapur Cap Kapal 250g,2,5000.0,10000.0,0.0,False,NONE
TRX-20260904-000366-001,TRX-20260904-000366,1,SKU-2007,Sari Roti Tawar Spesial,1,16500.0,16500.0,0.0,False,NONE
TRX-20260904-000366-002,TRX-20260904-000366,2,SKU-3001,Air Mineral Aqua 600ml,1,4000.0,4000.0,0.0,False,NONE
TRX-20260904-000366-003,TRX-20260904-000366,3,SKU-3002,Air Mineral Le Minerale 600ml,1,3800.0,3800.0,0.0,False,NONE
TRX-20260904-000367-001,TRX-20260904-000367,1,SKU-2007,Sari Roti Tawar Spesial,1,16500.0,16500.0,0.0,False,NONE
TRX-20260904-000367-002,TRX-20260904-000367,2,SKU-5906,UNKNOWN PRODUCT,1,21000.0,21000.0,0.0,False,TYPO_SKU
TRX-20260904-000367-003,TRX-20260904-000367,3,SKU-4006,Paseo Facial Tissue 250 Sheets,1,16500.0,16500.0,0.0,False,NONE
TRX-20260904-000367-004,TRX-20260904-000367,4,SKU-4002,Shampoo Sunsilk Black Shine 160ml,1,26000.0,26000.0,0.0,False,NONE
TRX-20260904-000367-005,TRX-20260904-000367,5,SKU-4004,Sikat Gigi Formula Double Action 3s,1,15500.0,15500.0,0.0,False,NONE
TRX-20260904-000367-006,TRX-20260904-000367,6,SKU-3010,SilverQueen Cokelat Mede 58g,2,17000.0,34000.0,0.0,False,NONE
TRX-20260904-000367-007,TRX-20260904-000367,7,SKU-3005,Good Day Moccacino 250ml,1,8000.0,8000.0,0.0,False,NONE
TRX-20260904-000367-008,TRX-20260904-000367,8,SKU-3008,Taro Net Seaweed 65g,1,9800.0,9800.0,0.0,False,NONE
TRX-20260904-000368-001,TRX-20260904-000368,1,SKU-3010,SilverQueen Cokelat Mede 58g,1,17000.0,17000.0,0.0,False,NONE
TRX-20260904-000368-002,TRX-20260904-000368,2,SKU-2008,Sari Roti Sobek Cokelat,1,19500.0,19500.0,0.0,False,NONE
TRX-20260904-000369-001,TRX-20260904-000369,1,SKU-3010,SilverQueen Cokelat Mede 58g,1,17000.0,17000.0,0.0,False,NONE
TRX-20260904-000370-001,TRX-20260904-000370,1,SKU-3004,Kopi Kapal Api Spesial Mix 10s,1,15500.0,15500.0,0.0,False,NONE
TRX-20260904-000370-002,TRX-20260904-000370,2,SKU-2003,Susu Ultra Milk Cokelat 1L,1,21500.0,21500.0,0.0,False,NONE
TRX-20260904-000370-003,TRX-20260904-000370,3,SKU-2002,Susu Ultra Milk Full Cream 1L,1,21500.0,21500.0,0.0,False,NONE
TRX-20260904-000371-001,TRX-20260904-000371,1,SKU-1002,Minyak Goreng Bimoli 2L,2,37500.0,75000.0,0.0,False,NONE
TRX-20260904-000371-002,TRX-20260904-000371,2,SKU-1010,Sedaap Mie Goreng 90g,2,3400.0,6800.0,0.0,False,NONE
TRX-20260904-000371-003,TRX-20260904-000371,3,SKU-2001,Telur Ayam Negeri 1kg,2,31000.0,62000.0,0.0,False,NONE
TRX-20260904-000371-004,TRX-20260904-000371,4,SKU-4005,Rexona Deodorant Roll On 45ml,2,20500.0,41000.0,0.0,False,NONE
TRX-20260904-000371-005,TRX-20260904-000371,5,SKU-5005,Baygon Obat Nyamuk Semprot 600ml,5,42000.0,210000.0,0.0,False,NONE
TRX-20260904-000371-006,TRX-20260904-000371,6,SKU-1012,Kornet Sapi Pronas 198g,5,26000.0,130000.0,0.0,False,NONE
TRX-20260904-000371-007,TRX-20260904-000371,7,SKU-1009,Indomie Kuah Ayam Bawang 69g,2,3400.0,6800.0,0.0,False,NONE
TRX-20260904-000371-008,TRX-20260904-000371,8,SKU-1007,Saus Sambal ABC 335ml,1,17500.0,17500.0,0.0,False,NONE
TRX-20260904-000371-009,TRX-20260904-000371,9,SKU-1004,Tepung Terigu Segitiga Biru 1kg,1,13500.0,13500.0,0.0,False,NONE
TRX-20260904-000371-010,TRX-20260904-000371,10,SKU-5002,Pewangi Pakaian Molto All in 1 720ml,2,24000.0,48000.0,0.0,False,NONE
TRX-20260904-000371-011,TRX-20260904-000371,11,SKU-4004,Sikat Gigi Formula Double Action 3s,2,15500.0,31000.0,0.0,False,NONE
TRX-20260904-000371-012,TRX-20260904-000371,12,SKU-1011,Sarden ABC Saus Tomat 155g,2,12000.0,24000.0,0.0,False,NONE
TRX-20260904-000371-013,TRX-20260904-000371,13,SKU-1006,Kecap Manis Bango 520ml,2,25500.0,51000.0,0.0,False,NONE
TRX-20260904-000371-014,TRX-20260904-000371,14,SKU-1001,Beras Pandan Wangi 5kg,2,78500.0,157000.0,0.0,False,NONE
TRX-20260904-000372-001,TRX-20260904-000372,1,SKU-2007,Sari Roti Tawar Spesial,1,16500.0,16500.0,0.0,False,NONE
TRX-20260904-000372-002,TRX-20260904-000372,2,SKU-2003,Susu Ultra Milk Cokelat 1L,1,21500.0,21500.0,0.0,False,NONE
TRX-20260904-000372-003,TRX-20260904-000372,3,SKU-1009,Indomie Kuah Ayam Bawang 69g,1,3400.0,3400.0,0.0,False,NONE
TRX-20260904-000372-004,TRX-20260904-000372,4,SKU-3003,Teh Pucuk Harum 350ml,1,4500.0,4500.0,0.0,False,NONE
TRX-20260904-000372-005,TRX-20260904-000372,5,SKU-3004,Kopi Kapal Api Spesial Mix 10s,1,15500.0,15500.0,0.0,False,NONE
TRX-20260904-000372-006,TRX-20260904-000372,6,SKU-3005,Good Day Moccacino 250ml,1,8000.0,8000.0,0.0,False,NONE
TRX-20260904-000373-001,TRX-20260904-000373,1,SKU-1004,Tepung Terigu Segitiga Biru 1kg,2,13500.0,27000.0,0.0,False,NONE
TRX-20260904-000373-002,TRX-20260904-000373,2,SKU-5002,Pewangi Pakaian Molto All in 1 720ml,1,24000.0,24000.0,0.0,False,NONE
TRX-20260904-000373-003,TRX-20260904-000373,3,SKU-4003,Pasta Gigi Pepsodent 190g,2,17000.0,34000.0,0.0,False,NONE
TRX-20260904-000373-004,TRX-20260904-000373,4,SKU-4004,Sikat Gigi Formula Double Action 3s,1,15500.0,15500.0,0.0,False,NONE
TRX-20260904-000373-005,TRX-20260904-000373,5,SKU-4005,Rexona Deodorant Roll On 45ml,1,20500.0,20500.0,0.0,False,NONE
TRX-20260904-000373-006,TRX-20260904-000373,6,SKU-5006,Baterai ABC Alkaline AA 4s,2,21000.0,42000.0,0.0,False,NONE
TRX-20260904-000373-007,TRX-20260904-000373,7,SKU-4006,Paseo Facial Tissue 250 Sheets,1,16500.0,16500.0,0.0,False,NONE
TRX-20260904-000373-008,TRX-20260904-000373,8,SKU-5004,Pembersih Lantai Super Pell 770ml,3,14500.0,43500.0,0.0,False,NONE
TRX-20260904-000373-009,TRX-20260904-000373,9,SKU-1008,Indomie Goreng Spesial 85g,1,3500.0,3500.0,0.0,False,NONE
TRX-20260904-000373-010,TRX-20260904-000373,10,SKU-1007,Saus Sambal ABC 335ml,1,17500.0,17500.0,0.0,False,NONE
TRX-20260904-000373-011,TRX-20260904-000373,11,SKU-1012,Kornet Sapi Pronas 198g,1,26000.0,26000.0,0.0,False,NONE
TRX-20260904-000374-001,TRX-20260904-000374,1,SKU-4006,Paseo Facial Tissue 250 Sheets,2,16500.0,33000.0,0.0,False,NONE
TRX-20260904-000374-002,TRX-20260904-000374,2,SKU-1001,Beras Pandan Wangi 5kg,1,78500.0,78500.0,0.0,False,NONE
TRX-20260904-000374-003,TRX-20260904-000374,3,SKU-1005,Garam Dapur Cap Kapal 250g,1,5000.0,5000.0,0.0,False,NONE
TRX-20260904-000374-004,TRX-20260904-000374,4,SKU-5004,Pembersih Lantai Super Pell 770ml,5,14500.0,72500.0,0.0,False,NONE
TRX-20260904-000374-005,TRX-20260904-000374,5,SKU-1007,Saus Sambal ABC 335ml,3,17500.0,52500.0,0.0,False,NONE
TRX-20260904-000374-006,TRX-20260904-000374,6,SKU-5003,Sabun Cuci Piring Sunlight 650ml,1,15500.0,15500.0,0.0,False,NONE
TRX-20260904-000374-007,TRX-20260904-000374,7,SKU-4002,Shampoo Sunsilk Black Shine 160ml,1,26000.0,26000.0,0.0,False,NONE
TRX-20260904-000374-008,TRX-20260904-000374,8,SKU-4005,Rexona Deodorant Roll On 45ml,1,20500.0,20500.0,0.0,False,NONE
TRX-20260904-000374-009,TRX-20260904-000374,9,SKU-1008,Indomie Goreng Spesial 85g,1,3500.0,3500.0,0.0,False,NONE
TRX-20260904-000374-010,TRX-20260904-000374,10,SKU-1010,Sedaap Mie Goreng 90g,1,3400.0,3400.0,0.0,False,NONE
TRX-20260904-000375-001,TRX-20260904-000375,1,SKU-1010,Sedaap Mie Goreng 90g,1,3400.0,3400.0,0.0,False,NONE
TRX-20260904-000375-002,TRX-20260904-000375,2,SKU-1007,Saus Sambal ABC 335ml,1,17500.0,17500.0,0.0,False,NONE
TRX-20260904-000375-003,TRX-20260904-000375,3,SKU-4004,Sikat Gigi Formula Double Action 3s,1,15500.0,15500.0,0.0,False,NONE
TRX-20260904-000375-004,TRX-20260904-000375,4,SKU-4001,Sabun Mandi Lifebuoy Total 10 450ml,1,27500.0,27500.0,0.0,False,NONE
TRX-20260904-000375-005,TRX-20260904-000375,5,SKU-4003,Pasta Gigi Pepsodent 190g,1,17000.0,17000.0,0.0,True,VOID_ITEM
TRX-20260904-000375-006,TRX-20260904-000375,6,SKU-1011,Sarden ABC Saus Tomat 155g,3,12000.0,36000.0,0.0,False,NONE
TRX-20260904-000375-007,TRX-20260904-000375,7,SKU-5006,Baterai ABC Alkaline AA 4s,1,21000.0,21000.0,0.0,False,NONE
TRX-20260904-000375-008,TRX-20260904-000375,8,SKU-1007,Saus Sambal ABC 335ml,2,17500.0,35000.0,0.0,False,NONE
TRX-20260904-000375-009,TRX-20260904-000375,9,SKU-5004,Pembersih Lantai Super Pell 770ml,1,14500.0,14500.0,0.0,False,NONE
TRX-20260904-000375-010,TRX-20260904-000375,10,SKU-4005,Rexona Deodorant Roll On 45ml,2,20500.0,41000.0,0.0,False,NONE
TRX-20260904-000375-011,TRX-20260904-000375,11,SKU-5002,Pewangi Pakaian Molto All in 1 720ml,2,24000.0,48000.0,0.0,False,NONE
TRX-20260904-000375-012,TRX-20260904-000375,12,SKU-1008,Indomie Goreng Spesial 85g,1,3500.0,3500.0,0.0,False,NONE
TRX-20260904-000375-013,TRX-20260904-000375,13,SKU-3001,Air Mineral Aqua 600ml,2,4000.0,8000.0,0.0,False,NONE
TRX-20260904-000375-014,TRX-20260904-000375,14,SKU-1012,Kornet Sapi Pronas 198g,1,26000.0,26000.0,0.0,False,NONE
TRX-20260904-000375-015,TRX-20260904-000375,15,SKU-1009,Indomie Kuah Ayam Bawang 69g,1,3400.0,3400.0,0.0,False,NONE
TRX-20260904-000375-016,TRX-20260904-000375,16,SKU-4006,Paseo Facial Tissue 250 Sheets,1,16500.0,16500.0,0.0,False,NONE
TRX-20260904-000375-017,TRX-20260904-000375,17,SKU-1003,Gula Pasir Gulaku 1kg,1,17500.0,17500.0,0.0,False,NONE
TRX-20260904-000375-018,TRX-20260904-000375,18,SKU-1005,Garam Dapur Cap Kapal 250g,2,5000.0,10000.0,0.0,False,NONE
TRX-20260904-000375-019,TRX-20260904-000375,19,SKU-4002,Shampoo Sunsilk Black Shine 160ml,1,26000.0,26000.0,0.0,False,NONE
TRX-20260904-000375-020,TRX-20260904-000375,20,SKU-1001,Beras Pandan Wangi 5kg,2,78500.0,157000.0,0.0,False,NONE
TRX-20260904-000376-001,TRX-20260904-000376,1,SKU-1011,Sarden ABC Saus Tomat 155g,1,12000.0,12000.0,0.0,False,NONE
TRX-20260904-000376-002,TRX-20260904-000376,2,SKU-3001,Air Mineral Aqua 600ml,1,4000.0,4000.0,0.0,False,NONE
TRX-20260904-000376-003,TRX-20260904-000376,3,SKU-3207,UNKNOWN PRODUCT,2,12500.0,25000.0,0.0,True,VOID_ITEM
TRX-20260904-000376-004,TRX-20260904-000376,4,SKU-3002,Air Mineral Le Minerale 600ml,1,3800.0,3800.0,0.0,False,NONE
TRX-20260904-000377-001,TRX-20260904-000377,1,SKU-1011,Sarden ABC Saus Tomat 155g,2,12000.0,24000.0,0.0,False,NONE
TRX-20260904-000377-002,TRX-20260904-000377,2,SKU-1008,Indomie Goreng Spesial 85g,1,3500.0,3500.0,0.0,False,NONE
TRX-20260904-000377-003,TRX-20260904-000377,3,SKU-5004,Pembersih Lantai Super Pell 770ml,2,14500.0,29000.0,0.0,False,NONE
TRX-20260904-000377-004,TRX-20260904-000377,4,SKU-3004,Kopi Kapal Api Spesial Mix 10s,1,15500.0,15500.0,0.0,False,NONE
TRX-20260904-000378-001,TRX-20260904-000378,1,SKU-3001,Air Mineral Aqua 600ml,1,4000.0,4000.0,0.0,False,NONE
TRX-20260904-000378-002,TRX-20260904-000378,2,SKU-1008,Indomie Goreng Spesial 85g,1,3500.0,3500.0,0.0,False,NONE
TRX-20260904-000378-003,TRX-20260904-000378,3,SKU-5006,Baterai ABC Alkaline AA 4s,1,21000.0,21000.0,0.0,False,NONE
TRX-20260904-000378-004,TRX-20260904-000378,4,SKU-4005,Rexona Deodorant Roll On 45ml,1,20500.0,20500.0,0.0,False,NONE
TRX-20260904-000378-005,TRX-20260904-000378,5,SKU-2001,Telur Ayam Negeri 1kg,1,31000.0,31000.0,0.0,False,NONE
TRX-20260904-000378-006,TRX-20260904-000378,6,SKU-3006,Coca Cola 390ml,2,7500.0,15000.0,0.0,False,NONE
TRX-20260904-000379-001,TRX-20260904-000379,1,SKU-2003,Susu Ultra Milk Cokelat 1L,1,21500.0,21500.0,0.0,False,NONE
TRX-20260904-000379-002,TRX-20260904-000379,2,SKU-2007,Sari Roti Tawar Spesial,1,16500.0,16500.0,0.0,False,NONE
TRX-20260904-000379-003,TRX-20260904-000379,3,SKU-3008,Taro Net Seaweed 65g,1,9800.0,9800.0,0.0,False,NONE
TRX-20260904-000380-001,TRX-20260904-000380,1,SKU-5001,Deterjen Rinso Anti Noda 770g,1,23000.0,23000.0,0.0,False,NONE
TRX-20260904-000380-002,TRX-20260904-000380,2,SKU-5003,Sabun Cuci Piring Sunlight 650ml,2,15500.0,31000.0,0.0,False,NONE
TRX-20260904-000380-003,TRX-20260904-000380,3,SKU-5006,Baterai ABC Alkaline AA 4s,1,21000.0,21000.0,0.0,False,NONE
TRX-20260904-000380-004,TRX-20260904-000380,4,SKU-4007,Minyak Telon My Baby 90ml,1,28000.0,28000.0,0.0,False,NONE
TRX-20260904-000380-005,TRX-20260904-000380,5,SKU-1012,Kornet Sapi Pronas 198g,5,26000.0,130000.0,0.0,False,NONE
TRX-20260904-000380-006,TRX-20260904-000380,6,SKU-1007,Saus Sambal ABC 335ml,1,17500.0,17500.0,0.0,True,VOID_ITEM
TRX-20260904-000380-007,TRX-20260904-000380,7,SKU-1008,Indomie Goreng Spesial 85g,2,3500.0,7000.0,0.0,False,NONE
TRX-20260904-000380-008,TRX-20260904-000380,8,SKU-1006,Kecap Manis Bango 520ml,5,25500.0,127500.0,0.0,False,NONE
TRX-20260904-000380-009,TRX-20260904-000380,9,SKU-4005,Rexona Deodorant Roll On 45ml,3,20500.0,61500.0,0.0,False,NONE
TRX-20260904-000380-010,TRX-20260904-000380,10,SKU-5004,Pembersih Lantai Super Pell 770ml,1,14500.0,14500.0,0.0,False,NONE
TRX-20260904-000380-011,TRX-20260904-000380,11,SKU-1011,Sarden ABC Saus Tomat 155g,5,12000.0,60000.0,0.0,False,NONE
TRX-20260904-000380-012,TRX-20260904-000380,12,SKU-5002,Pewangi Pakaian Molto All in 1 720ml,1,24000.0,24000.0,0.0,False,NONE
TRX-20260904-000380-013,TRX-20260904-000380,13,SKU-4004,Sikat Gigi Formula Double Action 3s,5,15500.0,77500.0,0.0,False,NONE
TRX-20260904-000380-014,TRX-20260904-000380,14,SKU-1010,Sedaap Mie Goreng 90g,5,3400.0,17000.0,0.0,False,NONE
TRX-20260904-000380-015,TRX-20260904-000380,15,SKU-2001,Telur Ayam Negeri 1kg,1,31000.0,31000.0,0.0,False,NONE
TRX-20260904-000381-001,TRX-20260904-000381,1,SKU-3009,Oreo Original Roll 133g,1,11000.0,11000.0,0.0,False,NONE
TRX-20260904-000381-002,TRX-20260904-000381,2,SKU-2007,Sari Roti Tawar Spesial,1,16500.0,16500.0,0.0,False,NONE
TRX-20260904-000381-003,TRX-20260904-000381,3,SKU-3010,SilverQueen Cokelat Mede 58g,1,17000.0,17000.0,0.0,False,NONE
TRX-20260904-000382-001,TRX-20260904-000382,1,SKU-3004,Kopi Kapal Api Spesial Mix 10s,2,15500.0,31000.0,0.0,False,NONE
TRX-20260904-000382-002,TRX-20260904-000382,2,SKU-3001,Air Mineral Aqua 600ml,2,4000.0,8000.0,0.0,False,NONE
TRX-20260904-000382-003,TRX-20260904-000382,3,SKU-5003,Sabun Cuci Piring Sunlight 650ml,1,15500.0,15500.0,0.0,False,NONE
TRX-20260904-000382-004,TRX-20260904-000382,4,SKU-1009,Indomie Kuah Ayam Bawang 69g,1,3400.0,3400.0,0.0,False,NONE
TRX-20260904-000382-005,TRX-20260904-000382,5,SKU-3006,Coca Cola 390ml,1,7500.0,7500.0,0.0,False,NONE
TRX-20260904-000382-006,TRX-20260904-000382,6,SKU-2006,Mentega Blue Band 200g,2,12500.0,25000.0,0.0,False,NONE
TRX-20260904-000383-001,TRX-20260904-000383,1,SKU-3002,Air Mineral Le Minerale 600ml,1,3800.0,3800.0,0.0,True,VOID_ITEM
TRX-20260904-000383-002,TRX-20260904-000383,2,SKU-2004,Yakult Pack isi 5,1,11500.0,11500.0,0.0,False,NONE
TRX-20260904-000384-001,TRX-20260904-000384,1,SKU-3004,Kopi Kapal Api Spesial Mix 10s,1,15500.0,15500.0,0.0,False,NONE
TRX-20260904-000384-002,TRX-20260904-000384,2,SKU-3005,Good Day Moccacino 250ml,1,8000.0,8000.0,0.0,False,NONE
TRX-20260904-000384-003,TRX-20260904-000384,3,SKU-2006,Mentega Blue Band 200g,1,12500.0,12500.0,0.0,False,NONE
TRX-20260904-000385-001,TRX-20260904-000385,1,SKU-5006,Baterai ABC Alkaline AA 4s,2,21000.0,42000.0,0.0,False,NONE
TRX-20260904-000385-002,TRX-20260904-000385,2,SKU-1003,Gula Pasir Gulaku 1kg,3,17500.0,52500.0,0.0,False,NONE
TRX-20260904-000385-003,TRX-20260904-000385,3,SKU-1001,Beras Pandan Wangi 5kg,1,78500.0,78500.0,0.0,False,NONE
TRX-20260904-000385-004,TRX-20260904-000385,4,SKU-4006,Paseo Facial Tissue 250 Sheets,3,16500.0,49500.0,0.0,False,NONE
TRX-20260904-000385-005,TRX-20260904-000385,5,SKU-4007,Minyak Telon My Baby 90ml,3,28000.0,84000.0,0.0,False,NONE
TRX-20260904-000385-006,TRX-20260904-000385,6,SKU-1005,Garam Dapur Cap Kapal 250g,2,5000.0,10000.0,0.0,False,NONE
TRX-20260904-000385-007,TRX-20260904-000385,7,SKU-1006,Kecap Manis Bango 520ml,2,25500.0,51000.0,0.0,False,NONE
TRX-20260904-000385-008,TRX-20260904-000385,8,SKU-1011,Sarden ABC Saus Tomat 155g,1,12000.0,12000.0,0.0,False,NONE
TRX-20260904-000385-009,TRX-20260904-000385,9,SKU-1010,Sedaap Mie Goreng 90g,1,3400.0,3400.0,0.0,False,NONE
TRX-20260904-000385-010,TRX-20260904-000385,10,SKU-2001,Telur Ayam Negeri 1kg,1,31000.0,31000.0,0.0,False,NONE
TRX-20260904-000385-011,TRX-20260904-000385,11,SKU-4002,Shampoo Sunsilk Black Shine 160ml,1,26000.0,26000.0,0.0,False,NONE
TRX-20260904-000385-012,TRX-20260904-000385,12,SKU-4001,Sabun Mandi Lifebuoy Total 10 450ml,1,27500.0,27500.0,0.0,False,NONE
TRX-20260904-000385-013,TRX-20260904-000385,13,SKU-4005,Rexona Deodorant Roll On 45ml,2,20500.0,41000.0,0.0,False,NONE
TRX-20260904-000386-001,TRX-20260904-000386,1,SKU-2006,Mentega Blue Band 200g,2,12500.0,25000.0,0.0,False,NONE
TRX-20260904-000386-002,TRX-20260904-000386,2,SKU-1004,Tepung Terigu Segitiga Biru 1kg,1,13500.0,13500.0,0.0,False,NONE
TRX-20260904-000386-003,TRX-20260904-000386,3,SKU-3009,Oreo Original Roll 133g,1,11000.0,11000.0,0.0,False,NONE
TRX-20260904-000386-004,TRX-20260904-000386,4,SKU-3007,Chitato Sapi Panggang 68g,1,12500.0,12500.0,0.0,True,VOID_ITEM
TRX-20260904-000386-005,TRX-20260904-000386,5,SKU-3005,Good Day Moccacino 250ml,2,8000.0,16000.0,0.0,False,NONE
TRX-20260904-000387-001,TRX-20260904-000387,1,SKU-3004,Kopi Kapal Api Spesial Mix 10s,1,15500.0,15500.0,0.0,False,NONE
TRX-20260904-000387-002,TRX-20260904-000387,2,SKU-2002,Susu Ultra Milk Full Cream 1L,1,21500.0,21500.0,0.0,False,NONE
TRX-20260904-000387-003,TRX-20260904-000387,3,SKU-2003,Susu Ultra Milk Cokelat 1L,1,21500.0,21500.0,0.0,False,NONE
TRX-20260904-000388-001,TRX-20260904-000388,1,SKU-1012,Kornet Sapi Pronas 198g,2,26000.0,52000.0,0.0,False,NONE
TRX-20260904-000388-002,TRX-20260904-000388,2,SKU-5005,Baygon Obat Nyamuk Semprot 600ml,1,42000.0,42000.0,0.0,False,NONE
TRX-20260904-000388-003,TRX-20260904-000388,3,SKU-1008,Indomie Goreng Spesial 85g,1,3500.0,3500.0,0.0,False,NONE
TRX-20260904-000388-004,TRX-20260904-000388,4,SKU-3001,Air Mineral Aqua 600ml,2,4000.0,8000.0,0.0,False,NONE
TRX-20260904-000388-005,TRX-20260904-000388,5,SKU-4002,Shampoo Sunsilk Black Shine 160ml,2,26000.0,52000.0,0.0,False,NONE
TRX-20260904-000388-006,TRX-20260904-000388,6,SKU-1004,Tepung Terigu Segitiga Biru 1kg,3,13500.0,40500.0,0.0,False,NONE
TRX-20260904-000388-007,TRX-20260904-000388,7,SKU-4006,Paseo Facial Tissue 250 Sheets,1,16500.0,16500.0,0.0,False,NONE
TRX-20260904-000388-008,TRX-20260904-000388,8,SKU-4001,Sabun Mandi Lifebuoy Total 10 450ml,1,27500.0,27500.0,0.0,False,NONE
TRX-20260904-000388-009,TRX-20260904-000388,9,SKU-4003,Pasta Gigi Pepsodent 190g,2,17000.0,34000.0,0.0,False,NONE
TRX-20260904-000388-010,TRX-20260904-000388,10,SKU-1005,Garam Dapur Cap Kapal 250g,3,5000.0,15000.0,0.0,False,NONE
TRX-20260904-000388-011,TRX-20260904-000388,11,SKU-1011,Sarden ABC Saus Tomat 155g,1,12000.0,12000.0,0.0,False,NONE
TRX-20260904-000388-012,TRX-20260904-000388,12,SKU-4007,Minyak Telon My Baby 90ml,3,28000.0,84000.0,0.0,False,NONE
TRX-20260904-000388-013,TRX-20260904-000388,13,SKU-4004,Sikat Gigi Formula Double Action 3s,5,15500.0,77500.0,0.0,False,NONE
TRX-20260904-000388-014,TRX-20260904-000388,14,SKU-4003,Pasta Gigi Pepsodent 190g,2,17000.0,34000.0,0.0,False,NONE
TRX-20260904-000388-015,TRX-20260904-000388,15,SKU-1003,Gula Pasir Gulaku 1kg,2,17500.0,35000.0,0.0,False,NONE
TRX-20260904-000388-016,TRX-20260904-000388,16,SKU-5004,Pembersih Lantai Super Pell 770ml,1,14500.0,14500.0,0.0,False,NONE
TRX-20260904-000389-001,TRX-20260904-000389,1,SKU-4002,Shampoo Sunsilk Black Shine 160ml,2,26000.0,52000.0,0.0,False,NONE
TRX-20260904-000389-002,TRX-20260904-000389,2,SKU-4003,Pasta Gigi Pepsodent 190g,2,17000.0,34000.0,0.0,True,VOID_ITEM
TRX-20260904-000389-003,TRX-20260904-000389,3,SKU-4001,Sabun Mandi Lifebuoy Total 10 450ml,1,27500.0,27500.0,0.0,False,NONE
TRX-20260904-000389-004,TRX-20260904-000389,4,SKU-5001,Deterjen Rinso Anti Noda 770g,3,23000.0,69000.0,0.0,False,NONE
TRX-20260904-000389-005,TRX-20260904-000389,5,SKU-1011,Sarden ABC Saus Tomat 155g,1,12000.0,12000.0,0.0,False,NONE
TRX-20260904-000389-006,TRX-20260904-000389,6,SKU-5003,Sabun Cuci Piring Sunlight 650ml,1,15500.0,15500.0,0.0,False,NONE
TRX-20260904-000389-007,TRX-20260904-000389,7,SKU-5002,Pewangi Pakaian Molto All in 1 720ml,1,24000.0,24000.0,0.0,False,NONE
TRX-20260904-000389-008,TRX-20260904-000389,8,SKU-1007,Saus Sambal ABC 335ml,2,17500.0,35000.0,0.0,False,NONE
TRX-20260904-000389-009,TRX-20260904-000389,9,SKU-1009,Indomie Kuah Ayam Bawang 69g,2,3400.0,6800.0,0.0,False,NONE
TRX-20260904-000389-010,TRX-20260904-000389,10,SKU-2001,Telur Ayam Negeri 1kg,2,31000.0,62000.0,0.0,False,NONE
TRX-20260904-000389-011,TRX-20260904-000389,11,SKU-1008,Indomie Goreng Spesial 85g,1,3500.0,3500.0,0.0,False,NONE
TRX-20260904-000389-012,TRX-20260904-000389,12,SKU-4006,Paseo Facial Tissue 250 Sheets,1,16500.0,16500.0,0.0,False,NONE
TRX-20260904-000389-013,TRX-20260904-000389,13,SKU-1010,Sedaap Mie Goreng 90g,1,3400.0,3400.0,0.0,False,NONE
TRX-20260904-000389-014,TRX-20260904-000389,14,SKU-5006,Baterai ABC Alkaline AA 4s,5,21000.0,105000.0,0.0,False,NONE
TRX-20260904-000389-015,TRX-20260904-000389,15,SKU-1004,Tepung Terigu Segitiga Biru 1kg,2,13500.0,27000.0,0.0,False,NONE
TRX-20260904-000389-016,TRX-20260904-000389,16,SKU-4005,Rexona Deodorant Roll On 45ml,1,20500.0,20500.0,0.0,False,NONE
TRX-20260904-000389-017,TRX-20260904-000389,17,SKU-4007,Minyak Telon My Baby 90ml,5,28000.0,140000.0,0.0,False,NONE
TRX-20260904-000389-018,TRX-20260904-000389,18,SKU-1001,Beras Pandan Wangi 5kg,1,78500.0,78500.0,0.0,False,NONE
TRX-20260904-000389-019,TRX-20260904-000389,19,SKU-1005,Garam Dapur Cap Kapal 250g,2,5000.0,10000.0,0.0,False,NONE
TRX-20260904-000389-020,TRX-20260904-000389,20,SKU-1006,Kecap Manis Bango 520ml,5,25500.0,127500.0,0.0,False,NONE
TRX-20260904-000390-001,TRX-20260904-000390,1,SKU-2002,Susu Ultra Milk Full Cream 1L,1,21500.0,21500.0,0.0,False,NONE
TRX-20260904-000391-001,TRX-20260904-000391,1,SKU-4000,UNKNOWN PRODUCT,5,27500.0,137500.0,0.0,False,TYPO_SKU
TRX-20260904-000391-002,TRX-20260904-000391,2,SKU-4006,Paseo Facial Tissue 250 Sheets,2,16500.0,33000.0,0.0,False,NONE
TRX-20260904-000391-003,TRX-20260904-000391,3,SKU-5004,Pembersih Lantai Super Pell 770ml,1,14500.0,14500.0,0.0,False,NONE
TRX-20260904-000391-004,TRX-20260904-000391,4,SKU-1007,Saus Sambal ABC 335ml,2,17500.0,35000.0,0.0,True,VOID_ITEM
TRX-20260904-000391-005,TRX-20260904-000391,5,SKU-1009,Indomie Kuah Ayam Bawang 69g,3,3400.0,10200.0,0.0,False,NONE
TRX-20260904-000391-006,TRX-20260904-000391,6,SKU-2001,Telur Ayam Negeri 1kg,1,31000.0,31000.0,0.0,False,NONE
TRX-20260904-000391-007,TRX-20260904-000391,7,SKU-5001,Deterjen Rinso Anti Noda 770g,1,23000.0,23000.0,0.0,False,NONE
TRX-20260904-000391-008,TRX-20260904-000391,8,SKU-5003,Sabun Cuci Piring Sunlight 650ml,2,15500.0,31000.0,0.0,False,NONE
TRX-20260904-000391-009,TRX-20260904-000391,9,SKU-5002,Pewangi Pakaian Molto All in 1 720ml,1,24000.0,24000.0,0.0,False,NONE
TRX-20260904-000391-010,TRX-20260904-000391,10,SKU-1012,Kornet Sapi Pronas 198g,1,26000.0,26000.0,0.0,False,NONE
TRX-20260904-000391-011,TRX-20260904-000391,11,SKU-1008,Indomie Goreng Spesial 85g,2,3500.0,7000.0,0.0,False,NONE
TRX-20260904-000391-012,TRX-20260904-000391,12,SKU-1010,Sedaap Mie Goreng 90g,1,3400.0,3400.0,0.0,False,NONE
TRX-20260904-000391-013,TRX-20260904-000391,13,SKU-1002,Minyak Goreng Bimoli 2L,2,37500.0,75000.0,0.0,False,NONE
TRX-20260904-000391-014,TRX-20260904-000391,14,SKU-1001,Beras Pandan Wangi 5kg,1,78500.0,78500.0,0.0,False,NONE
TRX-20260904-000391-015,TRX-20260904-000391,15,SKU-4003,Pasta Gigi Pepsodent 190g,1,17000.0,17000.0,0.0,False,NONE
TRX-20260904-000391-016,TRX-20260904-000391,16,SKU-4004,Sikat Gigi Formula Double Action 3s,2,15500.0,31000.0,0.0,False,NONE
TRX-20260904-000391-017,TRX-20260904-000391,17,SKU-1003,Gula Pasir Gulaku 1kg,2,17500.0,35000.0,0.0,False,NONE
TRX-20260904-000392-001,TRX-20260904-000392,1,SKU-3009,Oreo Original Roll 133g,1,11000.0,11000.0,0.0,False,NONE
TRX-20260904-000392-002,TRX-20260904-000392,2,SKU-2005,Keju Kraft Cheddar 165g,1,24000.0,24000.0,0.0,False,NONE
TRX-20260904-000392-003,TRX-20260904-000392,3,SKU-2003,Susu Ultra Milk Cokelat 1L,1,21500.0,21500.0,0.0,False,NONE
TRX-20260904-000393-001,TRX-20260904-000393,1,SKU-5004,Pembersih Lantai Super Pell 770ml,1,14500.0,14500.0,0.0,False,NONE
TRX-20260904-000393-002,TRX-20260904-000393,2,SKU-1001,Beras Pandan Wangi 5kg,3,78500.0,235500.0,0.0,False,NONE
TRX-20260904-000393-003,TRX-20260904-000393,3,SKU-1005,Garam Dapur Cap Kapal 250g,2,5000.0,10000.0,0.0,False,NONE
TRX-20260904-000393-004,TRX-20260904-000393,4,SKU-5006,Baterai ABC Alkaline AA 4s,1,21000.0,21000.0,0.0,False,NONE
TRX-20260904-000393-005,TRX-20260904-000393,5,SKU-5002,Pewangi Pakaian Molto All in 1 720ml,2,24000.0,48000.0,0.0,False,NONE
TRX-20260904-000393-006,TRX-20260904-000393,6,SKU-1011,Sarden ABC Saus Tomat 155g,2,12000.0,24000.0,0.0,False,NONE
TRX-20260904-000393-007,TRX-20260904-000393,7,SKU-1007,Saus Sambal ABC 335ml,5,17500.0,87500.0,0.0,False,NONE
TRX-20260904-000393-008,TRX-20260904-000393,8,SKU-1008,Indomie Goreng Spesial 85g,2,3500.0,7000.0,0.0,False,NONE
TRX-20260904-000393-009,TRX-20260904-000393,9,SKU-2001,Telur Ayam Negeri 1kg,2,31000.0,62000.0,0.0,False,NONE
TRX-20260904-000393-010,TRX-20260904-000393,10,SKU-4003,Pasta Gigi Pepsodent 190g,1,17000.0,17000.0,0.0,False,NONE
TRX-20260904-000393-011,TRX-20260904-000393,11,SKU-4004,Sikat Gigi Formula Double Action 3s,1,15500.0,15500.0,0.0,False,NONE
TRX-20260904-000393-012,TRX-20260904-000393,12,SKU-5001,Deterjen Rinso Anti Noda 770g,1,23000.0,23000.0,0.0,False,NONE
TRX-20260904-000393-013,TRX-20260904-000393,13,SKU-5003,Sabun Cuci Piring Sunlight 650ml,1,15500.0,15500.0,0.0,False,NONE
TRX-20260904-000393-014,TRX-20260904-000393,14,SKU-1003,Gula Pasir Gulaku 1kg,1,17500.0,17500.0,0.0,False,NONE
TRX-20260904-000393-015,TRX-20260904-000393,15,SKU-5003,Sabun Cuci Piring Sunlight 650ml,5,15500.0,77500.0,0.0,False,NONE
TRX-20260904-000394-001,TRX-20260904-000394,1,SKU-1011,Sarden ABC Saus Tomat 155g,1,12000.0,12000.0,0.0,False,NONE
TRX-20260904-000394-002,TRX-20260904-000394,2,SKU-5004,Pembersih Lantai Super Pell 770ml,1,14500.0,14500.0,0.0,False,NONE
TRX-20260904-000394-003,TRX-20260904-000394,3,SKU-1003,Gula Pasir Gulaku 1kg,1,17500.0,17500.0,0.0,False,NONE
TRX-20260904-000394-004,TRX-20260904-000394,4,SKU-1012,Kornet Sapi Pronas 198g,2,26000.0,52000.0,0.0,False,NONE
TRX-20260904-000394-005,TRX-20260904-000394,5,SKU-1010,Sedaap Mie Goreng 90g,1,3400.0,3400.0,0.0,False,NONE
TRX-20260904-000394-006,TRX-20260904-000394,6,SKU-1007,Saus Sambal ABC 335ml,1,17500.0,17500.0,0.0,False,NONE
TRX-20260904-000394-007,TRX-20260904-000394,7,SKU-5001,Deterjen Rinso Anti Noda 770g,5,23000.0,115000.0,0.0,False,NONE
TRX-20260904-000394-008,TRX-20260904-000394,8,SKU-5002,Pewangi Pakaian Molto All in 1 720ml,3,24000.0,72000.0,0.0,False,NONE
TRX-20260904-000394-009,TRX-20260904-000394,9,SKU-1008,Indomie Goreng Spesial 85g,2,3500.0,7000.0,0.0,False,NONE
TRX-20260904-000394-010,TRX-20260904-000394,10,SKU-1007,Saus Sambal ABC 335ml,1,17500.0,17500.0,0.0,False,NONE
TRX-20260904-000394-011,TRX-20260904-000394,11,SKU-1009,Indomie Kuah Ayam Bawang 69g,3,3400.0,10200.0,0.0,False,NONE
TRX-20260904-000394-012,TRX-20260904-000394,12,SKU-1004,Tepung Terigu Segitiga Biru 1kg,1,13500.0,13500.0,0.0,False,NONE
TRX-20260904-000394-013,TRX-20260904-000394,13,SKU-4002,Shampoo Sunsilk Black Shine 160ml,3,26000.0,78000.0,0.0,False,TYPO_SKU
TRX-20260904-000394-014,TRX-20260904-000394,14,SKU-1005,Garam Dapur Cap Kapal 250g,3,5000.0,15000.0,0.0,False,NONE
TRX-20260904-000394-015,TRX-20260904-000394,15,SKU-4002,Shampoo Sunsilk Black Shine 160ml,1,26000.0,26000.0,0.0,False,NONE
TRX-20260904-000395-001,TRX-20260904-000395,1,SKU-2004,Yakult Pack isi 5,1,11500.0,11500.0,0.0,False,NONE
TRX-20260904-000396-001,TRX-20260904-000396,1,SKU-4006,Paseo Facial Tissue 250 Sheets,1,16500.0,16500.0,0.0,False,NONE
TRX-20260904-000396-002,TRX-20260904-000396,2,SKU-2004,Yakult Pack isi 5,1,11500.0,11500.0,0.0,False,NONE
TRX-20260904-000396-003,TRX-20260904-000396,3,SKU-3010,SilverQueen Cokelat Mede 58g,1,17000.0,17000.0,0.0,False,NONE
TRX-20260904-000396-004,TRX-20260904-000396,4,SKU-5005,Baygon Obat Nyamuk Semprot 600ml,1,42000.0,42000.0,0.0,False,NONE
TRX-20260904-000396-005,TRX-20260904-000396,5,SKU-3008,Taro Net Seaweed 65g,1,9800.0,9800.0,0.0,False,NONE
TRX-20260904-000396-006,TRX-20260904-000396,6,SKU-3006,Coca Cola 390ml,1,7500.0,7500.0,0.0,False,NONE
TRX-20260904-000396-007,TRX-20260904-000396,7,SKU-3004,Kopi Kapal Api Spesial Mix 10s,1,15500.0,15500.0,0.0,False,NONE
TRX-20260904-000396-008,TRX-20260904-000396,8,SKU-3002,Air Mineral Le Minerale 600ml,2,3800.0,7600.0,0.0,False,NONE
TRX-20260904-000397-001,TRX-20260904-000397,1,SKU-3005,Good Day Moccacino 250ml,1,8000.0,8000.0,0.0,False,NONE
TRX-20260904-000397-002,TRX-20260904-000397,2,SKU-2004,Yakult Pack isi 5,1,11500.0,11500.0,0.0,False,NONE
TRX-20260904-000397-003,TRX-20260904-000397,3,SKU-3009,Oreo Original Roll 133g,1,11000.0,11000.0,0.0,False,NONE
TRX-20260904-000398-001,TRX-20260904-000398,1,SKU-3004,Kopi Kapal Api Spesial Mix 10s,1,15500.0,15500.0,0.0,False,NONE
TRX-20260904-000398-002,TRX-20260904-000398,2,SKU-2003,Susu Ultra Milk Cokelat 1L,1,21500.0,21500.0,0.0,False,NONE
TRX-20260904-000398-003,TRX-20260904-000398,3,SKU-3006,Coca Cola 390ml,1,7500.0,7500.0,0.0,False,NONE
TRX-20260904-000399-001,TRX-20260904-000399,1,SKU-3010,SilverQueen Cokelat Mede 58g,1,17000.0,17000.0,0.0,False,NONE
TRX-20260904-000400-001,TRX-20260904-000400,1,SKU-2008,Sari Roti Sobek Cokelat,1,19500.0,19500.0,0.0,False,NONE
TRX-20260904-000400-002,TRX-20260904-000400,2,SKU-3003,Teh Pucuk Harum 350ml,1,4500.0,4500.0,0.0,False,NONE
TRX-20260904-000401-001,TRX-20260904-000401,1,SKU-3009,Oreo Original Roll 133g,2,11000.0,22000.0,0.0,True,VOID_ITEM
TRX-20260904-000401-002,TRX-20260904-000401,2,SKU-5003,Sabun Cuci Piring Sunlight 650ml,2,15500.0,31000.0,0.0,False,NONE
TRX-20260904-000401-003,TRX-20260904-000401,3,SKU-3008,Taro Net Seaweed 65g,1,9800.0,9800.0,0.0,False,NONE
TRX-20260904-000401-004,TRX-20260904-000401,4,SKU-1004,Tepung Terigu Segitiga Biru 1kg,1,13500.0,13500.0,0.0,True,VOID_ITEM
TRX-20260904-000401-005,TRX-20260904-000401,5,SKU-3002,Air Mineral Le Minerale 600ml,1,3800.0,3800.0,0.0,False,NONE
TRX-20260904-000401-006,TRX-20260904-000401,6,SKU-3007,Chitato Sapi Panggang 68g,1,12500.0,12500.0,0.0,False,NONE
TRX-20260904-000401-007,TRX-20260904-000401,7,SKU-1010,Sedaap Mie Goreng 90g,1,3400.0,3400.0,0.0,False,NONE
TRX-20260904-000402-001,TRX-20260904-000402,1,SKU-3001,Air Mineral Aqua 600ml,1,4000.0,4000.0,0.0,False,NONE
TRX-20260904-000402-002,TRX-20260904-000402,2,SKU-2006,Mentega Blue Band 200g,2,12500.0,25000.0,0.0,False,NONE
TRX-20260904-000402-003,TRX-20260904-000402,3,SKU-2004,Yakult Pack isi 5,2,11500.0,23000.0,0.0,False,NONE
TRX-20260904-000402-004,TRX-20260904-000402,4,SKU-1004,Tepung Terigu Segitiga Biru 1kg,2,13500.0,27000.0,0.0,False,NONE
TRX-20260904-000403-001,TRX-20260904-000403,1,SKU-4007,Minyak Telon My Baby 90ml,1,28000.0,28000.0,0.0,False,NONE
TRX-20260904-000403-002,TRX-20260904-000403,2,SKU-1009,Indomie Kuah Ayam Bawang 69g,1,3400.0,3400.0,0.0,False,NONE
TRX-20260904-000403-003,TRX-20260904-000403,3,SKU-4002,Shampoo Sunsilk Black Shine 160ml,1,26000.0,26000.0,0.0,False,NONE
TRX-20260904-000403-004,TRX-20260904-000403,4,SKU-3004,Kopi Kapal Api Spesial Mix 10s,1,15500.0,15500.0,0.0,False,NONE
TRX-20260904-000403-005,TRX-20260904-000403,5,SKU-3003,Teh Pucuk Harum 350ml,2,4500.0,9000.0,0.0,False,NONE
TRX-20260904-000404-001,TRX-20260904-000404,1,SKU-3009,Oreo Original Roll 133g,1,11000.0,11000.0,0.0,False,NONE
TRX-20260904-000404-002,TRX-20260904-000404,2,SKU-3003,Teh Pucuk Harum 350ml,1,4500.0,4500.0,0.0,False,NONE
TRX-20260904-000404-003,TRX-20260904-000404,3,SKU-4001,Sabun Mandi Lifebuoy Total 10 450ml,1,27500.0,27500.0,0.0,False,NONE
TRX-20260904-000404-004,TRX-20260904-000404,4,SKU-4006,Paseo Facial Tissue 250 Sheets,1,16500.0,16500.0,0.0,False,NONE
TRX-20260904-000404-005,TRX-20260904-000404,5,SKU-3002,Air Mineral Le Minerale 600ml,1,3800.0,3800.0,0.0,False,NONE
TRX-20260904-000404-006,TRX-20260904-000404,6,SKU-3009,Oreo Original Roll 133g,2,11000.0,22000.0,0.0,False,NONE
TRX-20260905-000405-001,TRX-20260905-000405,1,SKU-3006,Coca Cola 390ml,1,7500.0,7500.0,0.0,True,VOID_ITEM
TRX-20260905-000405-002,TRX-20260905-000405,2,SKU-3010,SilverQueen Cokelat Mede 58g,1,17000.0,17000.0,0.0,False,NONE
TRX-20260905-000406-001,TRX-20260905-000406,1,SKU-1004,Tepung Terigu Segitiga Biru 1kg,1,13500.0,13500.0,0.0,False,NONE
TRX-20260905-000406-002,TRX-20260905-000406,2,SKU-1005,Garam Dapur Cap Kapal 250g,1,5000.0,5000.0,0.0,True,VOID_ITEM
TRX-20260905-000406-003,TRX-20260905-000406,3,SKU-2004,Yakult Pack isi 5,2,11500.0,23000.0,0.0,False,NONE
TRX-20260905-000406-004,TRX-20260905-000406,4,SKU-3004,Kopi Kapal Api Spesial Mix 10s,2,15500.0,31000.0,0.0,False,NONE
TRX-20260905-000406-005,TRX-20260905-000406,5,SKU-1011,Sarden ABC Saus Tomat 155g,2,12000.0,24000.0,0.0,False,NONE
TRX-20260905-000407-001,TRX-20260905-000407,1,SKU-2003,Susu Ultra Milk Cokelat 1L,1,21500.0,21500.0,0.0,False,NONE
TRX-20260905-000407-002,TRX-20260905-000407,2,SKU-2002,Susu Ultra Milk Full Cream 1L,1,21500.0,21500.0,0.0,False,NONE
TRX-20260905-000408-001,TRX-20260905-000408,1,SKU-5001,Deterjen Rinso Anti Noda 770g,1,23000.0,23000.0,0.0,False,NONE
TRX-20260905-000408-002,TRX-20260905-000408,2,SKU-1011,Sarden ABC Saus Tomat 155g,1,12000.0,12000.0,0.0,False,NONE
TRX-20260905-000408-003,TRX-20260905-000408,3,SKU-3006,Coca Cola 390ml,1,7500.0,7500.0,0.0,False,NONE
TRX-20260905-000408-004,TRX-20260905-000408,4,SKU-3009,Oreo Original Roll 133g,1,11000.0,11000.0,0.0,False,NONE
TRX-20260905-000408-005,TRX-20260905-000408,5,SKU-2003,Susu Ultra Milk Cokelat 1L,1,21500.0,21500.0,0.0,False,NONE
TRX-20260905-000408-006,TRX-20260905-000408,6,SKU-3010,SilverQueen Cokelat Mede 58g,1,17000.0,17000.0,0.0,False,NONE
TRX-20260905-000408-007,TRX-20260905-000408,7,SKU-3007,Chitato Sapi Panggang 68g,2,12500.0,25000.0,0.0,False,NONE
TRX-20260905-000409-001,TRX-20260905-000409,1,SKU-5004,Pembersih Lantai Super Pell 770ml,2,14500.0,29000.0,0.0,False,NONE
TRX-20260905-000409-002,TRX-20260905-000409,2,SKU-1008,Indomie Goreng Spesial 85g,1,3500.0,3500.0,0.0,False,NONE
TRX-20260905-000409-003,TRX-20260905-000409,3,SKU-3003,Teh Pucuk Harum 350ml,1,4500.0,4500.0,0.0,False,TYPO_SKU
TRX-20260905-000409-004,TRX-20260905-000409,4,SKU-5005,Baygon Obat Nyamuk Semprot 600ml,3,42000.0,126000.0,0.0,False,NONE
TRX-20260905-000409-005,TRX-20260905-000409,5,SKU-5006,Baterai ABC Alkaline AA 4s,1,21000.0,21000.0,0.0,False,NONE
TRX-20260905-000409-006,TRX-20260905-000409,6,SKU-4003,Pasta Gigi Pepsodent 190g,3,17000.0,51000.0,0.0,False,NONE
TRX-20260905-000409-007,TRX-20260905-000409,7,SKU-4004,Sikat Gigi Formula Double Action 3s,1,15500.0,15500.0,0.0,False,NONE
TRX-20260905-000409-008,TRX-20260905-000409,8,SKU-5003,Sabun Cuci Piring Sunlight 650ml,5,15500.0,77500.0,0.0,False,NONE
TRX-20260905-000409-009,TRX-20260905-000409,9,SKU-5001,Deterjen Rinso Anti Noda 770g,1,23000.0,23000.0,0.0,False,NONE
TRX-20260905-000409-010,TRX-20260905-000409,10,SKU-4004,Sikat Gigi Formula Double Action 3s,3,15500.0,46500.0,0.0,False,NONE
TRX-20260905-000409-011,TRX-20260905-000409,11,SKU-4005,Rexona Deodorant Roll On 45ml,2,20500.0,41000.0,0.0,False,NONE
TRX-20260905-000409-012,TRX-20260905-000409,12,SKU-1010,Sedaap Mie Goreng 90g,1,3400.0,3400.0,0.0,False,NONE
TRX-20260905-000409-013,TRX-20260905-000409,13,SKU-4002,Shampoo Sunsilk Black Shine 160ml,2,26000.0,52000.0,0.0,False,NONE
TRX-20260905-000409-014,TRX-20260905-000409,14,SKU-1012,Kornet Sapi Pronas 198g,3,26000.0,78000.0,0.0,False,NONE
TRX-20260905-000409-015,TRX-20260905-000409,15,SKU-4001,Sabun Mandi Lifebuoy Total 10 450ml,1,27500.0,27500.0,0.0,False,NONE
TRX-20260905-000409-016,TRX-20260905-000409,16,SKU-4006,Paseo Facial Tissue 250 Sheets,2,16500.0,33000.0,0.0,False,NONE
TRX-20260905-000409-017,TRX-20260905-000409,17,SKU-4007,Minyak Telon My Baby 90ml,2,28000.0,56000.0,0.0,False,NONE
TRX-20260905-000410-001,TRX-20260905-000410,1,SKU-1010,Sedaap Mie Goreng 90g,1,3400.0,3400.0,0.0,True,VOID_ITEM
TRX-20260905-000410-002,TRX-20260905-000410,2,SKU-2001,Telur Ayam Negeri 1kg,2,31000.0,62000.0,0.0,False,NONE
TRX-20260905-000410-003,TRX-20260905-000410,3,SKU-1001,Beras Pandan Wangi 5kg,2,78500.0,157000.0,0.0,False,NONE
TRX-20260905-000410-004,TRX-20260905-000410,4,SKU-1005,Garam Dapur Cap Kapal 250g,1,5000.0,5000.0,0.0,False,NONE
TRX-20260905-000410-005,TRX-20260905-000410,5,SKU-4007,Minyak Telon My Baby 90ml,3,28000.0,84000.0,0.0,False,NONE
TRX-20260905-000410-006,TRX-20260905-000410,6,SKU-4005,Rexona Deodorant Roll On 45ml,1,20500.0,20500.0,0.0,False,NONE
TRX-20260905-000410-007,TRX-20260905-000410,7,SKU-4001,Sabun Mandi Lifebuoy Total 10 450ml,3,27500.0,82500.0,0.0,False,TYPO_SKU
TRX-20260905-000410-008,TRX-20260905-000410,8,SKU-5003,Sabun Cuci Piring Sunlight 650ml,1,15500.0,15500.0,0.0,False,NONE
TRX-20260905-000410-009,TRX-20260905-000410,9,SKU-5004,Pembersih Lantai Super Pell 770ml,5,14500.0,72500.0,0.0,False,NONE
TRX-20260905-000410-010,TRX-20260905-000410,10,SKU-1003,Gula Pasir Gulaku 1kg,2,17500.0,35000.0,0.0,False,NONE
TRX-20260905-000410-011,TRX-20260905-000410,11,SKU-5006,Baterai ABC Alkaline AA 4s,2,21000.0,42000.0,0.0,False,NONE
TRX-20260905-000410-012,TRX-20260905-000410,12,SKU-4002,Shampoo Sunsilk Black Shine 160ml,5,26000.0,130000.0,0.0,False,NONE
TRX-20260905-000410-013,TRX-20260905-000410,13,SKU-1007,Saus Sambal ABC 335ml,2,17500.0,35000.0,0.0,False,NONE
TRX-20260905-000410-014,TRX-20260905-000410,14,SKU-1012,Kornet Sapi Pronas 198g,3,26000.0,78000.0,0.0,False,NONE
TRX-20260905-000410-015,TRX-20260905-000410,15,SKU-1002,Minyak Goreng Bimoli 2L,5,37500.0,187500.0,0.0,False,NONE
TRX-20260905-000410-016,TRX-20260905-000410,16,SKU-1009,Indomie Kuah Ayam Bawang 69g,2,3400.0,6800.0,0.0,False,NONE
TRX-20260905-000410-017,TRX-20260905-000410,17,SKU-3001,Air Mineral Aqua 600ml,2,4000.0,8000.0,0.0,False,NONE
TRX-20260905-000410-018,TRX-20260905-000410,18,SKU-5005,Baygon Obat Nyamuk Semprot 600ml,2,42000.0,84000.0,0.0,False,NONE
TRX-20260905-000410-019,TRX-20260905-000410,19,SKU-5003,Sabun Cuci Piring Sunlight 650ml,1,15500.0,15500.0,0.0,False,NONE
TRX-20260905-000410-020,TRX-20260905-000410,20,SKU-4001,Sabun Mandi Lifebuoy Total 10 450ml,3,27500.0,82500.0,0.0,False,NONE
TRX-20260905-000411-001,TRX-20260905-000411,1,SKU-3001,Air Mineral Aqua 600ml,2,4000.0,8000.0,0.0,False,NONE
TRX-20260905-000411-002,TRX-20260905-000411,2,SKU-1004,Tepung Terigu Segitiga Biru 1kg,2,13500.0,27000.0,0.0,False,NONE
TRX-20260905-000411-003,TRX-20260905-000411,3,SKU-3003,Teh Pucuk Harum 350ml,2,4500.0,9000.0,0.0,False,NONE
TRX-20260905-000411-004,TRX-20260905-000411,4,SKU-1009,Indomie Kuah Ayam Bawang 69g,1,3400.0,3400.0,0.0,False,NONE
TRX-20260905-000411-005,TRX-20260905-000411,5,SKU-5003,Sabun Cuci Piring Sunlight 650ml,1,15500.0,15500.0,0.0,False,NONE
TRX-20260905-000411-006,TRX-20260905-000411,6,SKU-3004,Kopi Kapal Api Spesial Mix 10s,1,15500.0,15500.0,0.0,False,NONE
TRX-20260905-000411-007,TRX-20260905-000411,7,SKU-1010,Sedaap Mie Goreng 90g,1,3400.0,3400.0,0.0,False,NONE
TRX-20260905-000411-008,TRX-20260905-000411,8,SKU-3006,Coca Cola 390ml,1,7500.0,7500.0,0.0,False,NONE
TRX-20260905-000412-001,TRX-20260905-000412,1,SKU-2004,Yakult Pack isi 5,1,11500.0,11500.0,0.0,False,NONE
TRX-20260905-000412-002,TRX-20260905-000412,2,SKU-3008,Taro Net Seaweed 65g,1,9800.0,9800.0,0.0,False,NONE
TRX-20260905-000413-001,TRX-20260905-000413,1,SKU-1006,Kecap Manis Bango 520ml,1,25500.0,25500.0,0.0,False,NONE
TRX-20260905-000413-002,TRX-20260905-000413,2,SKU-1009,Indomie Kuah Ayam Bawang 69g,1,3400.0,3400.0,0.0,False,NONE
TRX-20260905-000413-003,TRX-20260905-000413,3,SKU-4001,Sabun Mandi Lifebuoy Total 10 450ml,1,27500.0,27500.0,0.0,False,NONE
TRX-20260905-000413-004,TRX-20260905-000413,4,SKU-1004,Tepung Terigu Segitiga Biru 1kg,5,13500.0,67500.0,0.0,False,NONE
TRX-20260905-000413-005,TRX-20260905-000413,5,SKU-5005,Baygon Obat Nyamuk Semprot 600ml,1,42000.0,42000.0,0.0,False,NONE
TRX-20260905-000413-006,TRX-20260905-000413,6,SKU-4006,Paseo Facial Tissue 250 Sheets,2,16500.0,33000.0,0.0,False,NONE
TRX-20260905-000413-007,TRX-20260905-000413,7,SKU-1011,Sarden ABC Saus Tomat 155g,1,12000.0,12000.0,0.0,False,NONE
TRX-20260905-000413-008,TRX-20260905-000413,8,SKU-5003,Sabun Cuci Piring Sunlight 650ml,1,15500.0,15500.0,0.0,False,NONE
TRX-20260905-000413-009,TRX-20260905-000413,9,SKU-5001,Deterjen Rinso Anti Noda 770g,1,23000.0,23000.0,0.0,False,NONE
TRX-20260905-000413-010,TRX-20260905-000413,10,SKU-4005,Rexona Deodorant Roll On 45ml,1,20500.0,20500.0,0.0,False,NONE
TRX-20260905-000413-011,TRX-20260905-000413,11,SKU-5001,Deterjen Rinso Anti Noda 770g,3,23000.0,69000.0,0.0,False,NONE
TRX-20260905-000413-012,TRX-20260905-000413,12,SKU-4007,Minyak Telon My Baby 90ml,5,28000.0,140000.0,0.0,True,VOID_ITEM
TRX-20260905-000413-013,TRX-20260905-000413,13,SKU-5002,Pewangi Pakaian Molto All in 1 720ml,2,24000.0,48000.0,0.0,False,NONE
TRX-20260905-000413-014,TRX-20260905-000413,14,SKU-1018,UNKNOWN PRODUCT,1,3500.0,3500.0,0.0,False,TYPO_SKU
TRX-20260905-000413-015,TRX-20260905-000413,15,SKU-3001,Air Mineral Aqua 600ml,1,4000.0,4000.0,0.0,False,NONE
TRX-20260905-000413-016,TRX-20260905-000413,16,SKU-1001,Beras Pandan Wangi 5kg,1,78500.0,78500.0,0.0,False,NONE
TRX-20260905-000413-017,TRX-20260905-000413,17,SKU-1007,Saus Sambal ABC 335ml,3,17500.0,52500.0,0.0,False,NONE
TRX-20260905-000413-018,TRX-20260905-000413,18,SKU-4004,Sikat Gigi Formula Double Action 3s,2,15500.0,31000.0,0.0,False,NONE
TRX-20260905-000413-019,TRX-20260905-000413,19,SKU-1010,Sedaap Mie Goreng 90g,2,3400.0,6800.0,0.0,False,NONE
TRX-20260905-000413-020,TRX-20260905-000413,20,SKU-1002,Minyak Goreng Bimoli 2L,1,37500.0,37500.0,0.0,False,NONE
TRX-20260905-000414-001,TRX-20260905-000414,1,SKU-3008,Taro Net Seaweed 65g,1,9800.0,9800.0,0.0,False,NONE
TRX-20260905-000415-001,TRX-20260905-000415,1,SKU-3002,Air Mineral Le Minerale 600ml,1,3800.0,3800.0,0.0,False,NONE
TRX-20260905-000416-001,TRX-20260905-000416,1,SKU-3001,Air Mineral Aqua 600ml,1,4000.0,4000.0,0.0,False,NONE
TRX-20260905-000416-002,TRX-20260905-000416,2,SKU-3009,Oreo Original Roll 133g,2,11000.0,22000.0,0.0,False,NONE
TRX-20260905-000416-003,TRX-20260905-000416,3,SKU-3005,Good Day Moccacino 250ml,1,8000.0,8000.0,0.0,False,NONE
TRX-20260905-000416-004,TRX-20260905-000416,4,SKU-3008,Taro Net Seaweed 65g,2,9800.0,19600.0,0.0,False,NONE
TRX-20260905-000416-005,TRX-20260905-000416,5,SKU-3004,Kopi Kapal Api Spesial Mix 10s,2,15500.0,31000.0,0.0,False,NONE
TRX-20260905-000416-006,TRX-20260905-000416,6,SKU-1008,Indomie Goreng Spesial 85g,2,3500.0,7000.0,0.0,False,NONE
TRX-20260905-000416-007,TRX-20260905-000416,7,SKU-3002,Air Mineral Le Minerale 600ml,2,3800.0,7600.0,0.0,False,NONE
TRX-20260905-000416-008,TRX-20260905-000416,8,SKU-1010,Sedaap Mie Goreng 90g,1,3400.0,3400.0,0.0,False,NONE
TRX-20260905-000417-001,TRX-20260905-000417,1,SKU-3004,Kopi Kapal Api Spesial Mix 10s,1,15500.0,15500.0,0.0,False,NONE
TRX-20260905-000417-002,TRX-20260905-000417,2,SKU-3003,Teh Pucuk Harum 350ml,1,4500.0,4500.0,0.0,False,NONE
TRX-20260905-000417-003,TRX-20260905-000417,3,SKU-1010,Sedaap Mie Goreng 90g,1,3400.0,3400.0,0.0,False,NONE
TRX-20260905-000417-004,TRX-20260905-000417,4,SKU-2004,Yakult Pack isi 5,2,11500.0,23000.0,0.0,False,NONE
TRX-20260905-000417-005,TRX-20260905-000417,5,SKU-4003,Pasta Gigi Pepsodent 190g,1,17000.0,17000.0,0.0,False,TYPO_SKU
TRX-20260905-000418-001,TRX-20260905-000418,1,SKU-2006,Mentega Blue Band 200g,1,12500.0,12500.0,0.0,False,NONE
TRX-20260905-000419-001,TRX-20260905-000419,1,SKU-3006,Coca Cola 390ml,1,7500.0,7500.0,0.0,False,TYPO_SKU
TRX-20260905-000419-002,TRX-20260905-000419,2,SKU-4002,Shampoo Sunsilk Black Shine 160ml,1,26000.0,26000.0,0.0,True,VOID_ITEM
TRX-20260905-000419-003,TRX-20260905-000419,3,SKU-3006,Coca Cola 390ml,2,7500.0,15000.0,0.0,False,NONE
TRX-20260905-000419-004,TRX-20260905-000419,4,SKU-3003,Teh Pucuk Harum 350ml,1,4500.0,4500.0,0.0,False,NONE
TRX-20260905-000420-001,TRX-20260905-000420,1,SKU-5003,Sabun Cuci Piring Sunlight 650ml,1,15500.0,15500.0,0.0,False,NONE
TRX-20260905-000420-002,TRX-20260905-000420,2,SKU-4006,Paseo Facial Tissue 250 Sheets,1,16500.0,16500.0,0.0,False,NONE
TRX-20260905-000420-003,TRX-20260905-000420,3,SKU-4004,Sikat Gigi Formula Double Action 3s,1,15500.0,15500.0,0.0,False,NONE
TRX-20260905-000420-004,TRX-20260905-000420,4,SKU-5002,Pewangi Pakaian Molto All in 1 720ml,1,24000.0,24000.0,0.0,False,NONE
TRX-20260905-000420-005,TRX-20260905-000420,5,SKU-1012,Kornet Sapi Pronas 198g,3,26000.0,78000.0,0.0,False,NONE
TRX-20260905-000420-006,TRX-20260905-000420,6,SKU-1006,Kecap Manis Bango 520ml,1,25500.0,25500.0,0.0,False,NONE
TRX-20260905-000420-007,TRX-20260905-000420,7,SKU-4105,UNKNOWN PRODUCT,3,20500.0,61500.0,0.0,False,TYPO_SKU
TRX-20260905-000420-008,TRX-20260905-000420,8,SKU-5005,Baygon Obat Nyamuk Semprot 600ml,1,42000.0,42000.0,0.0,False,NONE
TRX-20260905-000421-001,TRX-20260905-000421,1,SKU-1012,Kornet Sapi Pronas 198g,1,26000.0,26000.0,0.0,False,NONE
TRX-20260905-000421-002,TRX-20260905-000421,2,SKU-3002,Air Mineral Le Minerale 600ml,1,3800.0,3800.0,0.0,False,NONE
TRX-20260905-000421-003,TRX-20260905-000421,3,SKU-1004,Tepung Terigu Segitiga Biru 1kg,1,13500.0,13500.0,0.0,False,NONE
TRX-20260905-000421-004,TRX-20260905-000421,4,SKU-3001,Air Mineral Aqua 600ml,1,4000.0,4000.0,0.0,False,NONE
TRX-20260905-000421-005,TRX-20260905-000421,5,SKU-3004,Kopi Kapal Api Spesial Mix 10s,1,15500.0,15500.0,0.0,True,VOID_ITEM
TRX-20260905-000422-001,TRX-20260905-000422,1,SKU-2004,Yakult Pack isi 5,1,11500.0,11500.0,0.0,False,NONE
TRX-20260905-000422-002,TRX-20260905-000422,2,SKU-3008,Taro Net Seaweed 65g,1,9800.0,9800.0,0.0,False,NONE
TRX-20260905-000422-003,TRX-20260905-000422,3,SKU-2006,Mentega Blue Band 200g,1,12500.0,12500.0,0.0,False,NONE
TRX-20260905-000422-004,TRX-20260905-000422,4,SKU-3005,Good Day Moccacino 250ml,2,8000.0,16000.0,0.0,True,VOID_ITEM
TRX-20260905-000422-005,TRX-20260905-000422,5,SKU-3007,Chitato Sapi Panggang 68g,2,12500.0,25000.0,0.0,True,VOID_ITEM
TRX-20260905-000423-001,TRX-20260905-000423,1,SKU-3004,Kopi Kapal Api Spesial Mix 10s,1,15500.0,15500.0,0.0,False,NONE
TRX-20260905-000424-001,TRX-20260905-000424,1,SKU-1006,Kecap Manis Bango 520ml,5,25500.0,127500.0,0.0,False,NONE
TRX-20260905-000424-002,TRX-20260905-000424,2,SKU-1001,Beras Pandan Wangi 5kg,2,78500.0,157000.0,0.0,False,NONE
TRX-20260905-000424-003,TRX-20260905-000424,3,SKU-1002,Minyak Goreng Bimoli 2L,1,37500.0,37500.0,0.0,False,NONE
TRX-20260905-000424-004,TRX-20260905-000424,4,SKU-1011,Sarden ABC Saus Tomat 155g,3,12000.0,36000.0,0.0,False,NONE
TRX-20260905-000424-005,TRX-20260905-000424,5,SKU-5002,Pewangi Pakaian Molto All in 1 720ml,1,24000.0,24000.0,0.0,False,NONE
TRX-20260905-000424-006,TRX-20260905-000424,6,SKU-1005,Garam Dapur Cap Kapal 250g,5,5000.0,25000.0,0.0,False,NONE
TRX-20260905-000424-007,TRX-20260905-000424,7,SKU-4001,Sabun Mandi Lifebuoy Total 10 450ml,2,27500.0,55000.0,0.0,False,NONE
TRX-20260905-000424-008,TRX-20260905-000424,8,SKU-4002,Shampoo Sunsilk Black Shine 160ml,1,26000.0,26000.0,0.0,False,NONE
TRX-20260905-000424-009,TRX-20260905-000424,9,SKU-1012,Kornet Sapi Pronas 198g,2,26000.0,52000.0,0.0,False,NONE
TRX-20260905-000424-010,TRX-20260905-000424,10,SKU-5005,Baygon Obat Nyamuk Semprot 600ml,1,42000.0,42000.0,0.0,False,NONE
TRX-20260905-000424-011,TRX-20260905-000424,11,SKU-1003,Gula Pasir Gulaku 1kg,2,17500.0,35000.0,0.0,False,TYPO_SKU
TRX-20260905-000424-012,TRX-20260905-000424,12,SKU-1004,Tepung Terigu Segitiga Biru 1kg,1,13500.0,13500.0,0.0,False,NONE
TRX-20260905-000424-013,TRX-20260905-000424,13,SKU-5003,Sabun Cuci Piring Sunlight 650ml,2,15500.0,31000.0,0.0,False,NONE
TRX-20260905-000424-014,TRX-20260905-000424,14,SKU-5004,Pembersih Lantai Super Pell 770ml,1,14500.0,14500.0,0.0,False,NONE
TRX-20260905-000424-015,TRX-20260905-000424,15,SKU-4006,Paseo Facial Tissue 250 Sheets,1,16500.0,16500.0,0.0,False,TYPO_SKU
TRX-20260905-000425-001,TRX-20260905-000425,1,SKU-3001,Air Mineral Aqua 600ml,2,4000.0,8000.0,0.0,False,NONE
TRX-20260905-000425-002,TRX-20260905-000425,2,SKU-3003,Teh Pucuk Harum 350ml,1,4500.0,4500.0,0.0,False,NONE
TRX-20260905-000425-003,TRX-20260905-000425,3,SKU-1009,Indomie Kuah Ayam Bawang 69g,1,3400.0,3400.0,0.0,False,NONE
TRX-20260905-000425-004,TRX-20260905-000425,4,SKU-3005,Good Day Moccacino 250ml,1,8000.0,8000.0,0.0,False,NONE
TRX-20260905-000425-005,TRX-20260905-000425,5,SKU-2007,Sari Roti Tawar Spesial,1,16500.0,16500.0,0.0,False,TYPO_SKU
TRX-20260905-000425-006,TRX-20260905-000425,6,SKU-1011,Sarden ABC Saus Tomat 155g,1,12000.0,12000.0,0.0,False,NONE
TRX-20260905-000425-007,TRX-20260905-000425,7,SKU-4004,Sikat Gigi Formula Double Action 3s,1,15500.0,15500.0,0.0,False,NONE
TRX-20260905-000425-008,TRX-20260905-000425,8,SKU-3007,Chitato Sapi Panggang 68g,2,12500.0,25000.0,0.0,False,NONE
TRX-20260905-000426-001,TRX-20260905-000426,1,SKU-1010,Sedaap Mie Goreng 90g,2,3400.0,6800.0,0.0,False,NONE
TRX-20260905-000426-002,TRX-20260905-000426,2,SKU-1007,Saus Sambal ABC 335ml,1,17500.0,17500.0,0.0,False,NONE
TRX-20260905-000426-003,TRX-20260905-000426,3,SKU-1009,Indomie Kuah Ayam Bawang 69g,3,3400.0,10200.0,0.0,False,NONE
TRX-20260905-000426-004,TRX-20260905-000426,4,SKU-3001,Air Mineral Aqua 600ml,2,4000.0,8000.0,0.0,False,NONE
TRX-20260905-000426-005,TRX-20260905-000426,5,SKU-1003,Gula Pasir Gulaku 1kg,1,17500.0,17500.0,0.0,False,NONE
TRX-20260905-000426-006,TRX-20260905-000426,6,SKU-5006,Baterai ABC Alkaline AA 4s,1,21000.0,21000.0,0.0,True,VOID_ITEM
TRX-20260905-000426-007,TRX-20260905-000426,7,SKU-4007,Minyak Telon My Baby 90ml,1,28000.0,28000.0,0.0,False,NONE
TRX-20260905-000426-008,TRX-20260905-000426,8,SKU-1006,Kecap Manis Bango 520ml,1,25500.0,25500.0,0.0,False,NONE
TRX-20260905-000426-009,TRX-20260905-000426,9,SKU-1011,Sarden ABC Saus Tomat 155g,2,12000.0,24000.0,0.0,False,NONE
TRX-20260905-000426-010,TRX-20260905-000426,10,SKU-1005,Garam Dapur Cap Kapal 250g,2,5000.0,10000.0,0.0,False,NONE
TRX-20260905-000427-001,TRX-20260905-000427,1,SKU-1004,Tepung Terigu Segitiga Biru 1kg,1,13500.0,13500.0,0.0,False,NONE
TRX-20260905-000427-002,TRX-20260905-000427,2,SKU-3001,Air Mineral Aqua 600ml,1,4000.0,4000.0,0.0,False,NONE
TRX-20260905-000427-003,TRX-20260905-000427,3,SKU-3003,Teh Pucuk Harum 350ml,1,4500.0,4500.0,0.0,False,NONE
TRX-20260905-000427-004,TRX-20260905-000427,4,SKU-3008,Taro Net Seaweed 65g,1,9800.0,9800.0,0.0,False,NONE
TRX-20260905-000427-005,TRX-20260905-000427,5,SKU-2006,Mentega Blue Band 200g,1,12500.0,12500.0,0.0,False,NONE
TRX-20260905-000427-006,TRX-20260905-000427,6,SKU-5004,Pembersih Lantai Super Pell 770ml,2,14500.0,29000.0,0.0,False,NONE
TRX-20260905-000428-001,TRX-20260905-000428,1,SKU-3004,Kopi Kapal Api Spesial Mix 10s,1,15500.0,15500.0,0.0,False,NONE
TRX-20260905-000428-002,TRX-20260905-000428,2,SKU-3006,Coca Cola 390ml,1,7500.0,7500.0,0.0,False,NONE
TRX-20260905-000428-003,TRX-20260905-000428,3,SKU-4004,Sikat Gigi Formula Double Action 3s,2,15500.0,31000.0,0.0,False,NONE
TRX-20260905-000428-004,TRX-20260905-000428,4,SKU-3005,Good Day Moccacino 250ml,1,8000.0,8000.0,0.0,False,NONE
TRX-20260905-000428-005,TRX-20260905-000428,5,SKU-1004,Tepung Terigu Segitiga Biru 1kg,2,13500.0,27000.0,0.0,False,NONE
TRX-20260905-000428-006,TRX-20260905-000428,6,SKU-5003,Sabun Cuci Piring Sunlight 650ml,1,15500.0,15500.0,0.0,False,NONE
TRX-20260905-000428-007,TRX-20260905-000428,7,SKU-5004,Pembersih Lantai Super Pell 770ml,2,14500.0,29000.0,0.0,False,NONE
TRX-20260905-000428-008,TRX-20260905-000428,8,SKU-1010,Sedaap Mie Goreng 90g,1,3400.0,3400.0,0.0,False,NONE
TRX-20260905-000428-009,TRX-20260905-000428,9,SKU-3002,Air Mineral Le Minerale 600ml,2,3800.0,7600.0,0.0,False,NONE
TRX-20260905-000429-001,TRX-20260905-000429,1,SKU-3004,Kopi Kapal Api Spesial Mix 10s,1,15500.0,15500.0,0.0,False,NONE
TRX-20260905-000429-002,TRX-20260905-000429,2,SKU-3009,Oreo Original Roll 133g,2,11000.0,22000.0,0.0,False,NONE
TRX-20260905-000429-003,TRX-20260905-000429,3,SKU-1029,UNKNOWN PRODUCT,1,3400.0,3400.0,0.0,False,TYPO_SKU
TRX-20260905-000429-004,TRX-20260905-000429,4,SKU-5094,UNKNOWN PRODUCT,2,14500.0,29000.0,0.0,True,VOID_ITEM
TRX-20260905-000429-005,TRX-20260905-000429,5,SKU-3203,UNKNOWN PRODUCT,2,4500.0,9000.0,0.0,False,TYPO_SKU
TRX-20260905-000429-006,TRX-20260905-000429,6,SKU-3006,Coca Cola 390ml,1,7500.0,7500.0,0.0,False,NONE
TRX-20260905-000430-001,TRX-20260905-000430,1,SKU-3002,Air Mineral Le Minerale 600ml,2,3800.0,7600.0,0.0,True,VOID_ITEM
TRX-20260905-000430-002,TRX-20260905-000430,2,SKU-3001,Air Mineral Aqua 600ml,2,4000.0,8000.0,0.0,False,NONE
TRX-20260905-000430-003,TRX-20260905-000430,3,SKU-0005,UNKNOWN PRODUCT,2,5000.0,10000.0,0.0,True,VOID_ITEM
TRX-20260905-000430-004,TRX-20260905-000430,4,SKU-3009,Oreo Original Roll 133g,1,11000.0,11000.0,0.0,False,NONE
TRX-20260905-000431-001,TRX-20260905-000431,1,SKU-5005,Baygon Obat Nyamuk Semprot 600ml,1,42000.0,42000.0,0.0,False,NONE
TRX-20260905-000431-002,TRX-20260905-000431,2,SKU-2005,Keju Kraft Cheddar 165g,1,24000.0,24000.0,0.0,False,NONE
TRX-20260905-000431-003,TRX-20260905-000431,3,SKU-3006,Coca Cola 390ml,1,7500.0,7500.0,0.0,False,NONE
TRX-20260905-000432-001,TRX-20260905-000432,1,SKU-1003,Gula Pasir Gulaku 1kg,1,17500.0,17500.0,0.0,False,NONE
TRX-20260905-000432-002,TRX-20260905-000432,2,SKU-5005,Baygon Obat Nyamuk Semprot 600ml,2,42000.0,84000.0,0.0,False,NONE
TRX-20260905-000432-003,TRX-20260905-000432,3,SKU-1011,Sarden ABC Saus Tomat 155g,2,12000.0,24000.0,0.0,False,NONE
TRX-20260905-000432-004,TRX-20260905-000432,4,SKU-1009,Indomie Kuah Ayam Bawang 69g,2,3400.0,6800.0,0.0,False,NONE
TRX-20260905-000432-005,TRX-20260905-000432,5,SKU-5001,Deterjen Rinso Anti Noda 770g,1,23000.0,23000.0,0.0,False,NONE
TRX-20260905-000432-006,TRX-20260905-000432,6,SKU-1010,Sedaap Mie Goreng 90g,2,3400.0,6800.0,0.0,False,NONE
TRX-20260905-000432-007,TRX-20260905-000432,7,SKU-1007,Saus Sambal ABC 335ml,1,17500.0,17500.0,0.0,False,NONE
TRX-20260905-000432-008,TRX-20260905-000432,8,SKU-1004,Tepung Terigu Segitiga Biru 1kg,1,13500.0,13500.0,0.0,False,NONE
TRX-20260905-000432-009,TRX-20260905-000432,9,SKU-1001,Beras Pandan Wangi 5kg,1,78500.0,78500.0,0.0,False,NONE
TRX-20260905-000433-001,TRX-20260905-000433,1,SKU-1009,Indomie Kuah Ayam Bawang 69g,1,3400.0,3400.0,0.0,False,NONE
TRX-20260905-000433-002,TRX-20260905-000433,2,SKU-3006,Coca Cola 390ml,1,7500.0,7500.0,0.0,False,NONE
TRX-20260905-000433-003,TRX-20260905-000433,3,SKU-4004,Sikat Gigi Formula Double Action 3s,2,15500.0,31000.0,0.0,False,NONE
TRX-20260905-000433-004,TRX-20260905-000433,4,SKU-3005,Good Day Moccacino 250ml,2,8000.0,16000.0,0.0,False,NONE
TRX-20260905-000433-005,TRX-20260905-000433,5,SKU-3007,Chitato Sapi Panggang 68g,2,12500.0,25000.0,0.0,False,NONE
TRX-20260905-000433-006,TRX-20260905-000433,6,SKU-3008,Taro Net Seaweed 65g,2,9800.0,19600.0,0.0,False,NONE
TRX-20260905-000434-001,TRX-20260905-000434,1,SKU-2007,Sari Roti Tawar Spesial,1,16500.0,16500.0,0.0,False,NONE
TRX-20260905-000434-002,TRX-20260905-000434,2,SKU-3001,Air Mineral Aqua 600ml,1,4000.0,4000.0,0.0,False,NONE
TRX-20260905-000434-003,TRX-20260905-000434,3,SKU-3008,Taro Net Seaweed 65g,1,9800.0,9800.0,0.0,False,NONE
TRX-20260905-000435-001,TRX-20260905-000435,1,SKU-2005,Keju Kraft Cheddar 165g,1,24000.0,24000.0,0.0,False,NONE
TRX-20260905-000435-002,TRX-20260905-000435,2,SKU-3005,Good Day Moccacino 250ml,1,8000.0,8000.0,0.0,False,NONE
TRX-20260905-000435-003,TRX-20260905-000435,3,SKU-2002,Susu Ultra Milk Full Cream 1L,1,21500.0,21500.0,0.0,False,NONE
TRX-20260905-000436-001,TRX-20260905-000436,1,SKU-2007,Sari Roti Tawar Spesial,1,16500.0,16500.0,0.0,False,NONE
TRX-20260905-000436-002,TRX-20260905-000436,2,SKU-3003,Teh Pucuk Harum 350ml,1,4500.0,4500.0,0.0,False,NONE
TRX-20260905-000437-001,TRX-20260905-000437,1,SKU-2006,Mentega Blue Band 200g,1,12500.0,12500.0,0.0,False,NONE
TRX-20260905-000437-002,TRX-20260905-000437,2,SKU-2007,Sari Roti Tawar Spesial,1,16500.0,16500.0,0.0,False,NONE
TRX-20260905-000438-001,TRX-20260905-000438,1,SKU-3004,Kopi Kapal Api Spesial Mix 10s,1,15500.0,15500.0,0.0,False,NONE
TRX-20260905-000439-001,TRX-20260905-000439,1,SKU-2004,Yakult Pack isi 5,2,11500.0,23000.0,0.0,False,NONE
TRX-20260905-000439-002,TRX-20260905-000439,2,SKU-3006,Coca Cola 390ml,2,7500.0,15000.0,0.0,False,NONE
TRX-20260905-000439-003,TRX-20260905-000439,3,SKU-3003,Teh Pucuk Harum 350ml,1,4500.0,4500.0,0.0,False,NONE
TRX-20260905-000439-004,TRX-20260905-000439,4,SKU-5004,Pembersih Lantai Super Pell 770ml,2,14500.0,29000.0,0.0,False,NONE
TRX-20260905-000439-005,TRX-20260905-000439,5,SKU-3001,Air Mineral Aqua 600ml,1,4000.0,4000.0,0.0,False,NONE
TRX-20260905-000439-006,TRX-20260905-000439,6,SKU-5003,Sabun Cuci Piring Sunlight 650ml,1,15500.0,15500.0,0.0,False,NONE
TRX-20260905-000440-001,TRX-20260905-000440,1,SKU-2001,Telur Ayam Negeri 1kg,1,31000.0,31000.0,0.0,False,NONE
TRX-20260905-000441-001,TRX-20260905-000441,1,SKU-1008,Indomie Goreng Spesial 85g,2,3500.0,7000.0,0.0,False,NONE
TRX-20260905-000441-002,TRX-20260905-000441,2,SKU-1007,Saus Sambal ABC 335ml,2,17500.0,35000.0,0.0,False,NONE
TRX-20260905-000441-003,TRX-20260905-000441,3,SKU-1006,Kecap Manis Bango 520ml,1,25500.0,25500.0,0.0,False,NONE
TRX-20260905-000441-004,TRX-20260905-000441,4,SKU-4003,Pasta Gigi Pepsodent 190g,2,17000.0,34000.0,0.0,True,VOID_ITEM
TRX-20260905-000441-005,TRX-20260905-000441,5,SKU-1007,Saus Sambal ABC 335ml,2,17500.0,35000.0,0.0,False,NONE
TRX-20260905-000441-006,TRX-20260905-000441,6,SKU-4005,Rexona Deodorant Roll On 45ml,1,20500.0,20500.0,0.0,False,NONE
TRX-20260905-000441-007,TRX-20260905-000441,7,SKU-1012,Kornet Sapi Pronas 198g,2,26000.0,52000.0,0.0,False,NONE
TRX-20260905-000441-008,TRX-20260905-000441,8,SKU-1904,UNKNOWN PRODUCT,5,13500.0,67500.0,0.0,False,TYPO_SKU
TRX-20260905-000441-009,TRX-20260905-000441,9,SKU-4002,Shampoo Sunsilk Black Shine 160ml,5,26000.0,130000.0,0.0,False,NONE
TRX-20260905-000441-010,TRX-20260905-000441,10,SKU-4021,UNKNOWN PRODUCT,1,27500.0,27500.0,0.0,False,TYPO_SKU
TRX-20260905-000441-011,TRX-20260905-000441,11,SKU-1001,Beras Pandan Wangi 5kg,1,78500.0,78500.0,0.0,False,NONE
TRX-20260905-000441-012,TRX-20260905-000441,12,SKU-4008,UNKNOWN PRODUCT,1,16500.0,16500.0,0.0,False,TYPO_SKU
TRX-20260905-000441-013,TRX-20260905-000441,13,SKU-4004,Sikat Gigi Formula Double Action 3s,1,15500.0,15500.0,0.0,False,NONE
TRX-20260905-000441-014,TRX-20260905-000441,14,SKU-5004,Pembersih Lantai Super Pell 770ml,2,14500.0,29000.0,0.0,False,NONE
TRX-20260905-000442-001,TRX-20260905-000442,1,SKU-1005,Garam Dapur Cap Kapal 250g,2,5000.0,10000.0,0.0,False,NONE
TRX-20260905-000442-002,TRX-20260905-000442,2,SKU-1009,Indomie Kuah Ayam Bawang 69g,1,3400.0,3400.0,0.0,False,NONE
TRX-20260905-000442-003,TRX-20260905-000442,3,SKU-3001,Air Mineral Aqua 600ml,1,4000.0,4000.0,0.0,False,NONE
TRX-20260905-000442-004,TRX-20260905-000442,4,SKU-2004,Yakult Pack isi 5,2,11500.0,23000.0,0.0,False,NONE
TRX-20260905-000442-005,TRX-20260905-000442,5,SKU-3005,Good Day Moccacino 250ml,1,8000.0,8000.0,0.0,False,NONE
TRX-20260905-000443-001,TRX-20260905-000443,1,SKU-3008,Taro Net Seaweed 65g,2,9800.0,19600.0,0.0,False,NONE
TRX-20260905-000443-002,TRX-20260905-000443,2,SKU-4004,Sikat Gigi Formula Double Action 3s,2,15500.0,31000.0,0.0,False,NONE
TRX-20260905-000443-003,TRX-20260905-000443,3,SKU-3004,Kopi Kapal Api Spesial Mix 10s,2,15500.0,31000.0,0.0,False,NONE
TRX-20260905-000443-004,TRX-20260905-000443,4,SKU-2006,Mentega Blue Band 200g,1,12500.0,12500.0,0.0,False,NONE
TRX-20260905-000444-001,TRX-20260905-000444,1,SKU-3007,Chitato Sapi Panggang 68g,2,12500.0,25000.0,0.0,False,NONE
TRX-20260905-000444-002,TRX-20260905-000444,2,SKU-3008,Taro Net Seaweed 65g,1,9800.0,9800.0,0.0,False,NONE
TRX-20260905-000444-003,TRX-20260905-000444,3,SKU-3001,Air Mineral Aqua 600ml,2,4000.0,8000.0,0.0,False,NONE
TRX-20260905-000444-004,TRX-20260905-000444,4,SKU-3005,Good Day Moccacino 250ml,2,8000.0,16000.0,0.0,True,VOID_ITEM
TRX-20260905-000444-005,TRX-20260905-000444,5,SKU-5004,Pembersih Lantai Super Pell 770ml,1,14500.0,14500.0,0.0,True,VOID_ITEM
TRX-20260905-000444-006,TRX-20260905-000444,6,SKU-5024,UNKNOWN PRODUCT,1,14500.0,14500.0,0.0,True,VOID_ITEM
TRX-20260905-000445-001,TRX-20260905-000445,1,SKU-3001,Air Mineral Aqua 600ml,1,4000.0,4000.0,0.0,False,NONE
TRX-20260905-000445-002,TRX-20260905-000445,2,SKU-1005,Garam Dapur Cap Kapal 250g,2,5000.0,10000.0,0.0,False,NONE
TRX-20260905-000445-003,TRX-20260905-000445,3,SKU-3007,Chitato Sapi Panggang 68g,2,12500.0,25000.0,0.0,False,NONE
TRX-20260905-000445-004,TRX-20260905-000445,4,SKU-4004,Sikat Gigi Formula Double Action 3s,2,15500.0,31000.0,0.0,False,NONE
TRX-20260905-000445-005,TRX-20260905-000445,5,SKU-3002,Air Mineral Le Minerale 600ml,2,3800.0,7600.0,0.0,False,NONE
TRX-20260905-000446-001,TRX-20260905-000446,1,SKU-3007,Chitato Sapi Panggang 68g,1,12500.0,12500.0,0.0,False,NONE
TRX-20260905-000446-002,TRX-20260905-000446,2,SKU-3008,Taro Net Seaweed 65g,1,9800.0,9800.0,0.0,False,NONE
TRX-20260905-000446-003,TRX-20260905-000446,3,SKU-3005,Good Day Moccacino 250ml,2,8000.0,16000.0,0.0,False,NONE
TRX-20260905-000446-004,TRX-20260905-000446,4,SKU-2004,Yakult Pack isi 5,1,11500.0,11500.0,0.0,True,VOID_ITEM
TRX-20260905-000446-005,TRX-20260905-000446,5,SKU-1008,Indomie Goreng Spesial 85g,2,3500.0,7000.0,0.0,False,NONE
TRX-20260905-000446-006,TRX-20260905-000446,6,SKU-5003,Sabun Cuci Piring Sunlight 650ml,1,15500.0,15500.0,0.0,False,NONE
TRX-20260905-000446-007,TRX-20260905-000446,7,SKU-1010,Sedaap Mie Goreng 90g,1,3400.0,3400.0,0.0,False,NONE
TRX-20260905-000446-008,TRX-20260905-000446,8,SKU-3004,Kopi Kapal Api Spesial Mix 10s,1,15500.0,15500.0,0.0,False,NONE
TRX-20260905-000447-001,TRX-20260905-000447,1,SKU-1012,Kornet Sapi Pronas 198g,1,26000.0,26000.0,0.0,False,NONE
TRX-20260905-000447-002,TRX-20260905-000447,2,SKU-1009,Indomie Kuah Ayam Bawang 69g,1,3400.0,3400.0,0.0,False,NONE
TRX-20260905-000447-003,TRX-20260905-000447,3,SKU-1007,Saus Sambal ABC 335ml,2,17500.0,35000.0,0.0,False,NONE
TRX-20260905-000447-004,TRX-20260905-000447,4,SKU-1004,Tepung Terigu Segitiga Biru 1kg,3,13500.0,40500.0,0.0,False,NONE
TRX-20260905-000447-005,TRX-20260905-000447,5,SKU-4001,Sabun Mandi Lifebuoy Total 10 450ml,2,27500.0,55000.0,0.0,False,NONE
TRX-20260905-000447-006,TRX-20260905-000447,6,SKU-4003,Pasta Gigi Pepsodent 190g,1,17000.0,17000.0,0.0,False,NONE
TRX-20260905-000447-007,TRX-20260905-000447,7,SKU-1003,Gula Pasir Gulaku 1kg,2,17500.0,35000.0,0.0,False,NONE
TRX-20260905-000447-008,TRX-20260905-000447,8,SKU-5005,Baygon Obat Nyamuk Semprot 600ml,1,42000.0,42000.0,0.0,False,NONE
TRX-20260905-000447-009,TRX-20260905-000447,9,SKU-1007,Saus Sambal ABC 335ml,2,17500.0,35000.0,0.0,False,NONE
TRX-20260905-000447-010,TRX-20260905-000447,10,SKU-4002,Shampoo Sunsilk Black Shine 160ml,2,26000.0,52000.0,0.0,False,NONE
TRX-20260905-000447-011,TRX-20260905-000447,11,SKU-4003,Pasta Gigi Pepsodent 190g,2,17000.0,34000.0,0.0,False,NONE
TRX-20260905-000447-012,TRX-20260905-000447,12,SKU-4004,Sikat Gigi Formula Double Action 3s,1,15500.0,15500.0,0.0,False,NONE
TRX-20260905-000447-013,TRX-20260905-000447,13,SKU-1005,Garam Dapur Cap Kapal 250g,1,5000.0,5000.0,0.0,False,NONE
TRX-20260905-000447-014,TRX-20260905-000447,14,SKU-1008,Indomie Goreng Spesial 85g,3,3500.0,10500.0,0.0,False,NONE
TRX-20260905-000447-015,TRX-20260905-000447,15,SKU-5003,Sabun Cuci Piring Sunlight 650ml,1,15500.0,15500.0,0.0,False,NONE
TRX-20260905-000447-016,TRX-20260905-000447,16,SKU-5002,Pewangi Pakaian Molto All in 1 720ml,2,24000.0,48000.0,0.0,False,TYPO_SKU
TRX-20260905-000447-017,TRX-20260905-000447,17,SKU-4004,Sikat Gigi Formula Double Action 3s,3,15500.0,46500.0,0.0,False,NONE
TRX-20260905-000447-018,TRX-20260905-000447,18,SKU-1010,Sedaap Mie Goreng 90g,1,3400.0,3400.0,0.0,False,NONE
TRX-20260905-000447-019,TRX-20260905-000447,19,SKU-5006,Baterai ABC Alkaline AA 4s,2,21000.0,42000.0,0.0,False,NONE
TRX-20260905-000447-020,TRX-20260905-000447,20,SKU-5004,Pembersih Lantai Super Pell 770ml,1,14500.0,14500.0,0.0,False,NONE
TRX-20260905-000448-001,TRX-20260905-000448,1,SKU-2004,Yakult Pack isi 5,1,11500.0,11500.0,0.0,False,NONE
TRX-20260905-000449-001,TRX-20260905-000449,1,SKU-1011,Sarden ABC Saus Tomat 155g,2,12000.0,24000.0,0.0,True,VOID_ITEM
TRX-20260905-000449-002,TRX-20260905-000449,2,SKU-2006,Mentega Blue Band 200g,1,12500.0,12500.0,0.0,False,NONE
TRX-20260905-000449-003,TRX-20260905-000449,3,SKU-4004,Sikat Gigi Formula Double Action 3s,1,15500.0,15500.0,0.0,False,NONE
TRX-20260905-000449-004,TRX-20260905-000449,4,SKU-1005,Garam Dapur Cap Kapal 250g,2,5000.0,10000.0,0.0,True,VOID_ITEM
TRX-20260905-000449-005,TRX-20260905-000449,5,SKU-1009,Indomie Kuah Ayam Bawang 69g,2,3400.0,6800.0,0.0,False,NONE
TRX-20260905-000449-006,TRX-20260905-000449,6,SKU-3005,Good Day Moccacino 250ml,1,8000.0,8000.0,0.0,False,NONE
TRX-20260905-000449-007,TRX-20260905-000449,7,SKU-5003,Sabun Cuci Piring Sunlight 650ml,2,15500.0,31000.0,0.0,False,NONE
TRX-20260905-000449-008,TRX-20260905-000449,8,SKU-3009,Oreo Original Roll 133g,1,11000.0,11000.0,0.0,True,VOID_ITEM
TRX-20260905-000450-001,TRX-20260905-000450,1,SKU-3006,Coca Cola 390ml,2,7500.0,15000.0,0.0,False,NONE
TRX-20260905-000450-002,TRX-20260905-000450,2,SKU-5004,Pembersih Lantai Super Pell 770ml,1,14500.0,14500.0,0.0,False,NONE
TRX-20260905-000450-003,TRX-20260905-000450,3,SKU-2004,Yakult Pack isi 5,1,11500.0,11500.0,0.0,False,NONE
TRX-20260905-000450-004,TRX-20260905-000450,4,SKU-3007,Chitato Sapi Panggang 68g,1,12500.0,12500.0,0.0,False,NONE
TRX-20260905-000450-005,TRX-20260905-000450,5,SKU-3001,Air Mineral Aqua 600ml,1,4000.0,4000.0,0.0,False,NONE
TRX-20260905-000450-006,TRX-20260905-000450,6,SKU-1011,Sarden ABC Saus Tomat 155g,2,12000.0,24000.0,0.0,False,NONE
TRX-20260905-000450-007,TRX-20260905-000450,7,SKU-3002,Air Mineral Le Minerale 600ml,1,3800.0,3800.0,0.0,False,NONE
TRX-20260905-000451-001,TRX-20260905-000451,1,SKU-5006,Baterai ABC Alkaline AA 4s,2,21000.0,42000.0,0.0,False,NONE
TRX-20260905-000451-002,TRX-20260905-000451,2,SKU-1911,UNKNOWN PRODUCT,3,12000.0,36000.0,0.0,False,TYPO_SKU
TRX-20260905-000451-003,TRX-20260905-000451,3,SKU-5004,Pembersih Lantai Super Pell 770ml,1,14500.0,14500.0,0.0,False,NONE
TRX-20260905-000451-004,TRX-20260905-000451,4,SKU-4002,Shampoo Sunsilk Black Shine 160ml,2,26000.0,52000.0,0.0,False,NONE
TRX-20260905-000451-005,TRX-20260905-000451,5,SKU-1002,Minyak Goreng Bimoli 2L,1,37500.0,37500.0,0.0,False,NONE
TRX-20260905-000451-006,TRX-20260905-000451,6,SKU-5002,Pewangi Pakaian Molto All in 1 720ml,2,24000.0,48000.0,0.0,False,NONE
TRX-20260905-000451-007,TRX-20260905-000451,7,SKU-1006,Kecap Manis Bango 520ml,3,25500.0,76500.0,0.0,False,NONE
TRX-20260905-000451-008,TRX-20260905-000451,8,SKU-1010,Sedaap Mie Goreng 90g,1,3400.0,3400.0,0.0,False,NONE
TRX-20260905-000451-009,TRX-20260905-000451,9,SKU-1007,Saus Sambal ABC 335ml,1,17500.0,17500.0,0.0,False,NONE
TRX-20260905-000451-010,TRX-20260905-000451,10,SKU-1005,Garam Dapur Cap Kapal 250g,3,5000.0,15000.0,0.0,False,NONE
TRX-20260905-000451-011,TRX-20260905-000451,11,SKU-4005,Rexona Deodorant Roll On 45ml,2,20500.0,41000.0,0.0,False,NONE
TRX-20260905-000451-012,TRX-20260905-000451,12,SKU-4004,Sikat Gigi Formula Double Action 3s,5,15500.0,77500.0,0.0,False,NONE
TRX-20260905-000452-001,TRX-20260905-000452,1,SKU-1001,Beras Pandan Wangi 5kg,1,78500.0,78500.0,0.0,False,NONE
TRX-20260905-000452-002,TRX-20260905-000452,2,SKU-1003,Gula Pasir Gulaku 1kg,2,17500.0,35000.0,0.0,False,NONE
TRX-20260905-000452-003,TRX-20260905-000452,3,SKU-5004,Pembersih Lantai Super Pell 770ml,3,14500.0,43500.0,0.0,False,NONE
TRX-20260905-000452-004,TRX-20260905-000452,4,SKU-1006,Kecap Manis Bango 520ml,3,25500.0,76500.0,0.0,False,NONE
TRX-20260905-000452-005,TRX-20260905-000452,5,SKU-5003,Sabun Cuci Piring Sunlight 650ml,5,15500.0,77500.0,0.0,False,NONE
TRX-20260905-000452-006,TRX-20260905-000452,6,SKU-4003,Pasta Gigi Pepsodent 190g,2,17000.0,34000.0,0.0,False,NONE
TRX-20260905-000452-007,TRX-20260905-000452,7,SKU-5001,Deterjen Rinso Anti Noda 770g,1,23000.0,23000.0,0.0,False,NONE
TRX-20260905-000452-008,TRX-20260905-000452,8,SKU-5002,Pewangi Pakaian Molto All in 1 720ml,1,24000.0,24000.0,0.0,False,NONE
TRX-20260905-000452-009,TRX-20260905-000452,9,SKU-1002,Minyak Goreng Bimoli 2L,2,37500.0,75000.0,0.0,False,NONE
TRX-20260905-000452-010,TRX-20260905-000452,10,SKU-5006,Baterai ABC Alkaline AA 4s,3,21000.0,63000.0,0.0,False,NONE
TRX-20260905-000452-011,TRX-20260905-000452,11,SKU-1012,Kornet Sapi Pronas 198g,2,26000.0,52000.0,0.0,False,NONE
TRX-20260905-000452-012,TRX-20260905-000452,12,SKU-4002,Shampoo Sunsilk Black Shine 160ml,1,26000.0,26000.0,0.0,False,NONE
TRX-20260905-000452-013,TRX-20260905-000452,13,SKU-4001,Sabun Mandi Lifebuoy Total 10 450ml,1,27500.0,27500.0,0.0,False,NONE
TRX-20260905-000452-014,TRX-20260905-000452,14,SKU-1010,Sedaap Mie Goreng 90g,1,3400.0,3400.0,0.0,False,NONE
TRX-20260905-000452-015,TRX-20260905-000452,15,SKU-1007,Saus Sambal ABC 335ml,1,17500.0,17500.0,0.0,False,NONE
TRX-20260905-000452-016,TRX-20260905-000452,16,SKU-1011,Sarden ABC Saus Tomat 155g,1,12000.0,12000.0,0.0,False,NONE
TRX-20260905-000452-017,TRX-20260905-000452,17,SKU-5005,Baygon Obat Nyamuk Semprot 600ml,3,42000.0,126000.0,0.0,False,NONE
TRX-20260905-000453-001,TRX-20260905-000453,1,SKU-2006,Mentega Blue Band 200g,1,12500.0,12500.0,0.0,False,NONE
TRX-20260905-000454-001,TRX-20260905-000454,1,SKU-2004,Yakult Pack isi 5,1,11500.0,11500.0,0.0,False,NONE
TRX-20260905-000454-002,TRX-20260905-000454,2,SKU-3002,Air Mineral Le Minerale 600ml,1,3800.0,3800.0,0.0,False,NONE
TRX-20260905-000454-003,TRX-20260905-000454,3,SKU-1010,Sedaap Mie Goreng 90g,2,3400.0,6800.0,0.0,False,NONE
TRX-20260905-000454-004,TRX-20260905-000454,4,SKU-2006,Mentega Blue Band 200g,1,12500.0,12500.0,0.0,False,NONE
TRX-20260905-000454-005,TRX-20260905-000454,5,SKU-3008,Taro Net Seaweed 65g,1,9800.0,9800.0,0.0,False,NONE
TRX-20260905-000454-006,TRX-20260905-000454,6,SKU-3005,Good Day Moccacino 250ml,2,8000.0,16000.0,0.0,False,NONE
TRX-20260905-000454-007,TRX-20260905-000454,7,SKU-1009,Indomie Kuah Ayam Bawang 69g,2,3400.0,6800.0,0.0,False,NONE
TRX-20260905-000454-008,TRX-20260905-000454,8,SKU-5003,Sabun Cuci Piring Sunlight 650ml,1,15500.0,15500.0,0.0,False,NONE
TRX-20260905-000454-009,TRX-20260905-000454,9,SKU-3006,Coca Cola 390ml,1,7500.0,7500.0,0.0,False,NONE
TRX-20260905-000455-001,TRX-20260905-000455,1,SKU-1009,Indomie Kuah Ayam Bawang 69g,1,3400.0,3400.0,0.0,True,VOID_ITEM
TRX-20260905-000455-002,TRX-20260905-000455,2,SKU-3001,Air Mineral Aqua 600ml,2,4000.0,8000.0,0.0,False,NONE
TRX-20260905-000455-003,TRX-20260905-000455,3,SKU-1003,Gula Pasir Gulaku 1kg,1,17500.0,17500.0,0.0,False,NONE
TRX-20260905-000455-004,TRX-20260905-000455,4,SKU-1007,Saus Sambal ABC 335ml,5,17500.0,87500.0,0.0,False,NONE
TRX-20260905-000455-005,TRX-20260905-000455,5,SKU-1012,Kornet Sapi Pronas 198g,2,26000.0,52000.0,0.0,False,NONE
TRX-20260905-000455-006,TRX-20260905-000455,6,SKU-4005,Rexona Deodorant Roll On 45ml,3,20500.0,61500.0,0.0,False,NONE
TRX-20260905-000455-007,TRX-20260905-000455,7,SKU-4001,Sabun Mandi Lifebuoy Total 10 450ml,1,27500.0,27500.0,0.0,False,NONE
TRX-20260905-000455-008,TRX-20260905-000455,8,SKU-1004,Tepung Terigu Segitiga Biru 1kg,3,13500.0,40500.0,0.0,False,NONE
TRX-20260905-000455-009,TRX-20260905-000455,9,SKU-4003,Pasta Gigi Pepsodent 190g,1,17000.0,17000.0,0.0,False,NONE
TRX-20260905-000455-010,TRX-20260905-000455,10,SKU-4006,Paseo Facial Tissue 250 Sheets,1,16500.0,16500.0,0.0,False,NONE
TRX-20260905-000456-001,TRX-20260905-000456,1,SKU-1005,Garam Dapur Cap Kapal 250g,1,5000.0,5000.0,0.0,False,NONE
TRX-20260905-000456-002,TRX-20260905-000456,2,SKU-3010,SilverQueen Cokelat Mede 58g,1,17000.0,17000.0,0.0,False,NONE
TRX-20260905-000456-003,TRX-20260905-000456,3,SKU-3006,Coca Cola 390ml,1,7500.0,7500.0,0.0,False,NONE
TRX-20260905-000456-004,TRX-20260905-000456,4,SKU-5102,UNKNOWN PRODUCT,1,24000.0,24000.0,0.0,False,TYPO_SKU
TRX-20260905-000456-005,TRX-20260905-000456,5,SKU-3005,Good Day Moccacino 250ml,2,8000.0,16000.0,0.0,False,NONE
TRX-20260905-000456-006,TRX-20260905-000456,6,SKU-3010,SilverQueen Cokelat Mede 58g,2,17000.0,34000.0,0.0,False,NONE
TRX-20260905-000457-001,TRX-20260905-000457,1,SKU-2008,Sari Roti Sobek Cokelat,1,19500.0,19500.0,0.0,False,NONE
TRX-20260905-000457-002,TRX-20260905-000457,2,SKU-3001,Air Mineral Aqua 600ml,1,4000.0,4000.0,0.0,False,NONE
TRX-20260905-000457-003,TRX-20260905-000457,3,SKU-2006,Mentega Blue Band 200g,1,12500.0,12500.0,0.0,False,NONE
TRX-20260905-000458-001,TRX-20260905-000458,1,SKU-1011,Sarden ABC Saus Tomat 155g,2,12000.0,24000.0,0.0,False,NONE
TRX-20260905-000458-002,TRX-20260905-000458,2,SKU-4004,Sikat Gigi Formula Double Action 3s,2,15500.0,31000.0,0.0,False,NONE
TRX-20260905-000458-003,TRX-20260905-000458,3,SKU-2006,Mentega Blue Band 200g,2,12500.0,25000.0,0.0,True,VOID_ITEM
TRX-20260905-000458-004,TRX-20260905-000458,4,SKU-3006,Coca Cola 390ml,1,7500.0,7500.0,0.0,False,NONE
TRX-20260905-000458-005,TRX-20260905-000458,5,SKU-2004,Yakult Pack isi 5,2,11500.0,23000.0,0.0,False,NONE
TRX-20260905-000458-006,TRX-20260905-000458,6,SKU-3003,Teh Pucuk Harum 350ml,2,4500.0,9000.0,0.0,False,NONE
TRX-20260905-000458-007,TRX-20260905-000458,7,SKU-3008,Taro Net Seaweed 65g,1,9800.0,9800.0,0.0,False,NONE
TRX-20260905-000458-008,TRX-20260905-000458,8,SKU-1009,Indomie Kuah Ayam Bawang 69g,1,3400.0,3400.0,0.0,False,NONE
TRX-20260905-000458-009,TRX-20260905-000458,9,SKU-5003,Sabun Cuci Piring Sunlight 650ml,2,15500.0,31000.0,0.0,False,NONE
TRX-20260905-000459-001,TRX-20260905-000459,1,SKU-3008,Taro Net Seaweed 65g,1,9800.0,9800.0,0.0,False,TYPO_SKU
TRX-20260905-000460-001,TRX-20260905-000460,1,SKU-3004,Kopi Kapal Api Spesial Mix 10s,1,15500.0,15500.0,0.0,False,NONE
TRX-20260905-000461-001,TRX-20260905-000461,1,SKU-1009,Indomie Kuah Ayam Bawang 69g,2,3400.0,6800.0,0.0,False,NONE
TRX-20260905-000461-002,TRX-20260905-000461,2,SKU-4004,Sikat Gigi Formula Double Action 3s,5,15500.0,77500.0,0.0,False,NONE
TRX-20260905-000461-003,TRX-20260905-000461,3,SKU-1007,Saus Sambal ABC 335ml,2,17500.0,35000.0,0.0,False,NONE
TRX-20260905-000461-004,TRX-20260905-000461,4,SKU-1004,Tepung Terigu Segitiga Biru 1kg,3,13500.0,40500.0,0.0,False,NONE
TRX-20260905-000461-005,TRX-20260905-000461,5,SKU-4007,Minyak Telon My Baby 90ml,1,28000.0,28000.0,0.0,False,NONE
TRX-20260905-000461-006,TRX-20260905-000461,6,SKU-1001,Beras Pandan Wangi 5kg,2,78500.0,157000.0,0.0,False,NONE
TRX-20260905-000461-007,TRX-20260905-000461,7,SKU-1003,Gula Pasir Gulaku 1kg,2,17500.0,35000.0,0.0,False,NONE
TRX-20260905-000461-008,TRX-20260905-000461,8,SKU-4103,UNKNOWN PRODUCT,1,17000.0,17000.0,0.0,False,TYPO_SKU
TRX-20260905-000461-009,TRX-20260905-000461,9,SKU-1011,Sarden ABC Saus Tomat 155g,1,12000.0,12000.0,0.0,False,NONE
TRX-20260905-000461-010,TRX-20260905-000461,10,SKU-4001,Sabun Mandi Lifebuoy Total 10 450ml,3,27500.0,82500.0,0.0,False,NONE
TRX-20260905-000461-011,TRX-20260905-000461,11,SKU-4002,Shampoo Sunsilk Black Shine 160ml,2,26000.0,52000.0,0.0,False,NONE
TRX-20260905-000461-012,TRX-20260905-000461,12,SKU-1003,Gula Pasir Gulaku 1kg,1,17500.0,17500.0,0.0,False,NONE
TRX-20260905-000462-001,TRX-20260905-000462,1,SKU-1009,Indomie Kuah Ayam Bawang 69g,2,3400.0,6800.0,0.0,False,NONE
TRX-20260905-000462-002,TRX-20260905-000462,2,SKU-3009,Oreo Original Roll 133g,1,11000.0,11000.0,0.0,False,NONE
TRX-20260905-000462-003,TRX-20260905-000462,3,SKU-5007,UNKNOWN PRODUCT,2,12500.0,25000.0,0.0,True,VOID_ITEM
TRX-20260905-000462-004,TRX-20260905-000462,4,SKU-3005,Good Day Moccacino 250ml,1,8000.0,8000.0,0.0,False,NONE
TRX-20260905-000462-005,TRX-20260905-000462,5,SKU-5004,Pembersih Lantai Super Pell 770ml,1,14500.0,14500.0,0.0,False,NONE
TRX-20260905-000463-001,TRX-20260905-000463,1,SKU-1005,Garam Dapur Cap Kapal 250g,2,5000.0,10000.0,0.0,False,NONE
TRX-20260905-000463-002,TRX-20260905-000463,2,SKU-1004,Tepung Terigu Segitiga Biru 1kg,2,13500.0,27000.0,0.0,False,NONE
TRX-20260905-000463-003,TRX-20260905-000463,3,SKU-1008,Indomie Goreng Spesial 85g,1,3500.0,3500.0,0.0,False,NONE
TRX-20260905-000463-004,TRX-20260905-000463,4,SKU-5002,Pewangi Pakaian Molto All in 1 720ml,2,24000.0,48000.0,0.0,False,NONE
TRX-20260905-000463-005,TRX-20260905-000463,5,SKU-4004,Sikat Gigi Formula Double Action 3s,1,15500.0,15500.0,0.0,False,NONE
TRX-20260905-000463-006,TRX-20260905-000463,6,SKU-1009,Indomie Kuah Ayam Bawang 69g,1,3400.0,3400.0,0.0,False,NONE
TRX-20260905-000463-007,TRX-20260905-000463,7,SKU-2001,Telur Ayam Negeri 1kg,2,31000.0,62000.0,0.0,False,NONE
TRX-20260905-000463-008,TRX-20260905-000463,8,SKU-1007,Saus Sambal ABC 335ml,3,17500.0,52500.0,0.0,False,NONE
TRX-20260905-000463-009,TRX-20260905-000463,9,SKU-1010,Sedaap Mie Goreng 90g,2,3400.0,6800.0,0.0,False,NONE
TRX-20260905-000463-010,TRX-20260905-000463,10,SKU-1001,Beras Pandan Wangi 5kg,2,78500.0,157000.0,0.0,False,NONE
TRX-20260905-000463-011,TRX-20260905-000463,11,SKU-4001,Sabun Mandi Lifebuoy Total 10 450ml,1,27500.0,27500.0,0.0,False,NONE
TRX-20260905-000463-012,TRX-20260905-000463,12,SKU-5001,Deterjen Rinso Anti Noda 770g,1,23000.0,23000.0,0.0,False,NONE
TRX-20260905-000463-013,TRX-20260905-000463,13,SKU-5004,Pembersih Lantai Super Pell 770ml,2,14500.0,29000.0,0.0,False,NONE
TRX-20260905-000463-014,TRX-20260905-000463,14,SKU-1012,Kornet Sapi Pronas 198g,1,26000.0,26000.0,0.0,False,NONE
TRX-20260905-000463-015,TRX-20260905-000463,15,SKU-1006,Kecap Manis Bango 520ml,2,25500.0,51000.0,0.0,False,NONE
TRX-20260905-000463-016,TRX-20260905-000463,16,SKU-4007,Minyak Telon My Baby 90ml,1,28000.0,28000.0,0.0,False,NONE
TRX-20260905-000464-001,TRX-20260905-000464,1,SKU-3002,Air Mineral Le Minerale 600ml,1,3800.0,3800.0,0.0,False,NONE
TRX-20260905-000464-002,TRX-20260905-000464,2,SKU-2006,Mentega Blue Band 200g,1,12500.0,12500.0,0.0,False,NONE
TRX-20260905-000464-003,TRX-20260905-000464,3,SKU-3004,Kopi Kapal Api Spesial Mix 10s,1,15500.0,15500.0,0.0,False,NONE
TRX-20260905-000464-004,TRX-20260905-000464,4,SKU-3009,Oreo Original Roll 133g,1,11000.0,11000.0,0.0,False,NONE
TRX-20260905-000465-001,TRX-20260905-000465,1,SKU-2004,Yakult Pack isi 5,1,11500.0,11500.0,0.0,False,NONE
TRX-20260905-000465-002,TRX-20260905-000465,2,SKU-3001,Air Mineral Aqua 600ml,1,4000.0,4000.0,0.0,False,NONE
TRX-20260905-000465-003,TRX-20260905-000465,3,SKU-3003,Teh Pucuk Harum 350ml,2,4500.0,9000.0,0.0,False,NONE
TRX-20260905-000465-004,TRX-20260905-000465,4,SKU-3007,Chitato Sapi Panggang 68g,1,12500.0,12500.0,0.0,False,NONE
TRX-20260905-000465-005,TRX-20260905-000465,5,SKU-5004,Pembersih Lantai Super Pell 770ml,2,14500.0,29000.0,0.0,False,NONE
TRX-20260905-000465-006,TRX-20260905-000465,6,SKU-2006,Mentega Blue Band 200g,2,12500.0,25000.0,0.0,False,NONE
TRX-20260905-000465-007,TRX-20260905-000465,7,SKU-4004,Sikat Gigi Formula Double Action 3s,1,15500.0,15500.0,0.0,False,NONE
TRX-20260905-000466-001,TRX-20260905-000466,1,SKU-2002,Susu Ultra Milk Full Cream 1L,1,21500.0,21500.0,0.0,False,NONE
TRX-20260905-000466-002,TRX-20260905-000466,2,SKU-3006,Coca Cola 390ml,1,7500.0,7500.0,0.0,False,NONE
TRX-20260905-000467-001,TRX-20260905-000467,1,SKU-1002,Minyak Goreng Bimoli 2L,2,37500.0,75000.0,0.0,False,NONE
TRX-20260905-000467-002,TRX-20260905-000467,2,SKU-1001,Beras Pandan Wangi 5kg,1,78500.0,78500.0,0.0,False,NONE
TRX-20260905-000467-003,TRX-20260905-000467,3,SKU-1005,Garam Dapur Cap Kapal 250g,2,5000.0,10000.0,0.0,False,NONE
TRX-20260905-000467-004,TRX-20260905-000467,4,SKU-1004,Tepung Terigu Segitiga Biru 1kg,2,13500.0,27000.0,0.0,False,NONE
TRX-20260905-000467-005,TRX-20260905-000467,5,SKU-1003,Gula Pasir Gulaku 1kg,2,17500.0,35000.0,0.0,False,NONE
TRX-20260905-000467-006,TRX-20260905-000467,6,SKU-1006,Kecap Manis Bango 520ml,1,25500.0,25500.0,0.0,False,NONE
TRX-20260905-000467-007,TRX-20260905-000467,7,SKU-5001,Deterjen Rinso Anti Noda 770g,1,23000.0,23000.0,0.0,False,NONE
TRX-20260905-000467-008,TRX-20260905-000467,8,SKU-5006,Baterai ABC Alkaline AA 4s,1,21000.0,21000.0,0.0,False,NONE
TRX-20260905-000467-009,TRX-20260905-000467,9,SKU-1008,Indomie Goreng Spesial 85g,3,3500.0,10500.0,0.0,False,NONE
TRX-20260905-000467-010,TRX-20260905-000467,10,SKU-4004,Sikat Gigi Formula Double Action 3s,5,15500.0,77500.0,0.0,False,NONE
TRX-20260905-000467-011,TRX-20260905-000467,11,SKU-5002,Pewangi Pakaian Molto All in 1 720ml,1,24000.0,24000.0,0.0,False,NONE
TRX-20260905-000467-012,TRX-20260905-000467,12,SKU-1010,Sedaap Mie Goreng 90g,2,3400.0,6800.0,0.0,False,NONE
TRX-20260905-000467-013,TRX-20260905-000467,13,SKU-1005,Garam Dapur Cap Kapal 250g,2,5000.0,10000.0,0.0,False,NONE
TRX-20260905-000467-014,TRX-20260905-000467,14,SKU-4006,Paseo Facial Tissue 250 Sheets,1,16500.0,16500.0,0.0,False,NONE
TRX-20260905-000467-015,TRX-20260905-000467,15,SKU-4007,Minyak Telon My Baby 90ml,1,28000.0,28000.0,0.0,False,NONE
TRX-20260905-000467-016,TRX-20260905-000467,16,SKU-4005,Rexona Deodorant Roll On 45ml,1,20500.0,20500.0,0.0,False,NONE
TRX-20260905-000467-017,TRX-20260905-000467,17,SKU-5005,Baygon Obat Nyamuk Semprot 600ml,3,42000.0,126000.0,0.0,False,NONE
TRX-20260905-000467-018,TRX-20260905-000467,18,SKU-1012,Kornet Sapi Pronas 198g,1,26000.0,26000.0,0.0,False,NONE
TRX-20260905-000468-001,TRX-20260905-000468,1,SKU-1009,Indomie Kuah Ayam Bawang 69g,1,3400.0,3400.0,0.0,False,NONE
TRX-20260905-000468-002,TRX-20260905-000468,2,SKU-3001,Air Mineral Aqua 600ml,1,4000.0,4000.0,0.0,False,NONE
TRX-20260905-000468-003,TRX-20260905-000468,3,SKU-4004,Sikat Gigi Formula Double Action 3s,2,15500.0,31000.0,0.0,False,NONE
TRX-20260905-000468-004,TRX-20260905-000468,4,SKU-3004,Kopi Kapal Api Spesial Mix 10s,1,15500.0,15500.0,0.0,False,NONE
TRX-20260905-000468-005,TRX-20260905-000468,5,SKU-3002,Air Mineral Le Minerale 600ml,2,3800.0,7600.0,0.0,False,NONE
TRX-20260905-000469-001,TRX-20260905-000469,1,SKU-3003,Teh Pucuk Harum 350ml,1,4500.0,4500.0,0.0,False,NONE
TRX-20260905-000469-002,TRX-20260905-000469,2,SKU-3010,SilverQueen Cokelat Mede 58g,1,17000.0,17000.0,0.0,True,VOID_ITEM
TRX-20260905-000470-001,TRX-20260905-000470,1,SKU-1010,Sedaap Mie Goreng 90g,2,3400.0,6800.0,0.0,False,NONE
TRX-20260905-000470-002,TRX-20260905-000470,2,SKU-3005,Good Day Moccacino 250ml,1,8000.0,8000.0,0.0,False,NONE
TRX-20260905-000470-003,TRX-20260905-000470,3,SKU-1004,Tepung Terigu Segitiga Biru 1kg,2,13500.0,27000.0,0.0,False,NONE
TRX-20260905-000470-004,TRX-20260905-000470,4,SKU-3006,Coca Cola 390ml,2,7500.0,15000.0,0.0,False,NONE
TRX-20260905-000470-005,TRX-20260905-000470,5,SKU-3002,Air Mineral Le Minerale 600ml,1,3800.0,3800.0,0.0,False,NONE
TRX-20260905-000470-006,TRX-20260905-000470,6,SKU-1011,Sarden ABC Saus Tomat 155g,2,12000.0,24000.0,0.0,False,NONE
TRX-20260905-000471-001,TRX-20260905-000471,1,SKU-3001,Air Mineral Aqua 600ml,1,4000.0,4000.0,0.0,False,NONE
TRX-20260905-000472-001,TRX-20260905-000472,1,SKU-2001,Telur Ayam Negeri 1kg,1,31000.0,31000.0,0.0,False,NONE
TRX-20260905-000472-002,TRX-20260905-000472,2,SKU-3001,Air Mineral Aqua 600ml,1,4000.0,4000.0,0.0,False,NONE
TRX-20260905-000473-001,TRX-20260905-000473,1,SKU-3003,Teh Pucuk Harum 350ml,1,4500.0,4500.0,0.0,False,NONE
TRX-20260905-000473-002,TRX-20260905-000473,2,SKU-5004,Pembersih Lantai Super Pell 770ml,2,14500.0,29000.0,0.0,True,VOID_ITEM
TRX-20260905-000473-003,TRX-20260905-000473,3,SKU-5003,Sabun Cuci Piring Sunlight 650ml,2,15500.0,31000.0,0.0,False,NONE
TRX-20260905-000473-004,TRX-20260905-000473,4,SKU-3009,Oreo Original Roll 133g,1,11000.0,11000.0,0.0,False,NONE
TRX-20260905-000474-001,TRX-20260905-000474,1,SKU-3006,Coca Cola 390ml,1,7500.0,7500.0,0.0,False,NONE
TRX-20260905-000475-001,TRX-20260905-000475,1,SKU-3007,Chitato Sapi Panggang 68g,1,12500.0,12500.0,0.0,False,NONE
TRX-20260905-000475-002,TRX-20260905-000475,2,SKU-3003,Teh Pucuk Harum 350ml,1,4500.0,4500.0,0.0,False,NONE
TRX-20260905-000475-003,TRX-20260905-000475,3,SKU-1010,Sedaap Mie Goreng 90g,2,3400.0,6800.0,0.0,False,NONE
TRX-20260905-000475-004,TRX-20260905-000475,4,SKU-1011,Sarden ABC Saus Tomat 155g,1,12000.0,12000.0,0.0,True,VOID_ITEM
TRX-20260905-000475-005,TRX-20260905-000475,5,SKU-3005,Good Day Moccacino 250ml,1,8000.0,8000.0,0.0,False,NONE
TRX-20260905-000476-001,TRX-20260905-000476,1,SKU-4007,Minyak Telon My Baby 90ml,1,28000.0,28000.0,0.0,False,NONE
TRX-20260905-000476-002,TRX-20260905-000476,2,SKU-4004,Sikat Gigi Formula Double Action 3s,3,15500.0,46500.0,0.0,False,NONE
TRX-20260905-000476-003,TRX-20260905-000476,3,SKU-5004,Pembersih Lantai Super Pell 770ml,2,14500.0,29000.0,0.0,True,VOID_ITEM
TRX-20260905-000476-004,TRX-20260905-000476,4,SKU-5005,Baygon Obat Nyamuk Semprot 600ml,2,42000.0,84000.0,0.0,False,NONE
TRX-20260905-000476-005,TRX-20260905-000476,5,SKU-5001,Deterjen Rinso Anti Noda 770g,1,23000.0,23000.0,0.0,False,NONE
TRX-20260905-000476-006,TRX-20260905-000476,6,SKU-1003,Gula Pasir Gulaku 1kg,5,17500.0,87500.0,0.0,False,NONE
TRX-20260905-000476-007,TRX-20260905-000476,7,SKU-5003,Sabun Cuci Piring Sunlight 650ml,5,15500.0,77500.0,0.0,False,NONE
TRX-20260905-000476-008,TRX-20260905-000476,8,SKU-1006,Kecap Manis Bango 520ml,5,25500.0,127500.0,0.0,False,NONE
TRX-20260905-000476-009,TRX-20260905-000476,9,SKU-1004,Tepung Terigu Segitiga Biru 1kg,2,13500.0,27000.0,0.0,False,NONE
TRX-20260905-000476-010,TRX-20260905-000476,10,SKU-1010,Sedaap Mie Goreng 90g,3,3400.0,10200.0,0.0,False,NONE
TRX-20260905-000476-011,TRX-20260905-000476,11,SKU-1007,Saus Sambal ABC 335ml,1,17500.0,17500.0,0.0,False,NONE
TRX-20260905-000476-012,TRX-20260905-000476,12,SKU-1011,Sarden ABC Saus Tomat 155g,1,12000.0,12000.0,0.0,False,NONE
TRX-20260905-000476-013,TRX-20260905-000476,13,SKU-4005,Rexona Deodorant Roll On 45ml,2,20500.0,41000.0,0.0,False,NONE
TRX-20260905-000476-014,TRX-20260905-000476,14,SKU-1001,Beras Pandan Wangi 5kg,2,78500.0,157000.0,0.0,False,NONE
TRX-20260905-000477-001,TRX-20260905-000477,1,SKU-2003,Susu Ultra Milk Cokelat 1L,1,21500.0,21500.0,0.0,False,NONE
TRX-20260905-000478-001,TRX-20260905-000478,1,SKU-5001,Deterjen Rinso Anti Noda 770g,2,23000.0,46000.0,0.0,False,NONE
TRX-20260905-000478-002,TRX-20260905-000478,2,SKU-5003,Sabun Cuci Piring Sunlight 650ml,2,15500.0,31000.0,0.0,False,NONE
TRX-20260905-000478-003,TRX-20260905-000478,3,SKU-4007,Minyak Telon My Baby 90ml,2,28000.0,56000.0,0.0,False,NONE
TRX-20260905-000478-004,TRX-20260905-000478,4,SKU-1001,Beras Pandan Wangi 5kg,3,78500.0,235500.0,0.0,False,NONE
TRX-20260905-000478-005,TRX-20260905-000478,5,SKU-4006,Paseo Facial Tissue 250 Sheets,3,16500.0,49500.0,0.0,False,NONE
TRX-20260905-000478-006,TRX-20260905-000478,6,SKU-1002,Minyak Goreng Bimoli 2L,5,37500.0,187500.0,0.0,False,NONE
TRX-20260905-000478-007,TRX-20260905-000478,7,SKU-5004,Pembersih Lantai Super Pell 770ml,1,14500.0,14500.0,0.0,False,TYPO_SKU
TRX-20260905-000478-008,TRX-20260905-000478,8,SKU-1004,Tepung Terigu Segitiga Biru 1kg,3,13500.0,40500.0,0.0,False,NONE
TRX-20260905-000478-009,TRX-20260905-000478,9,SKU-4004,Sikat Gigi Formula Double Action 3s,1,15500.0,15500.0,0.0,False,NONE
TRX-20260905-000478-010,TRX-20260905-000478,10,SKU-4002,Shampoo Sunsilk Black Shine 160ml,1,26000.0,26000.0,0.0,False,NONE
TRX-20260905-000478-011,TRX-20260905-000478,11,SKU-1011,Sarden ABC Saus Tomat 155g,1,12000.0,12000.0,0.0,False,NONE
TRX-20260905-000478-012,TRX-20260905-000478,12,SKU-5003,Sabun Cuci Piring Sunlight 650ml,5,15500.0,77500.0,0.0,False,NONE
TRX-20260905-000479-001,TRX-20260905-000479,1,SKU-1010,Sedaap Mie Goreng 90g,3,3400.0,10200.0,0.0,False,NONE
TRX-20260905-000479-002,TRX-20260905-000479,2,SKU-1007,Saus Sambal ABC 335ml,2,17500.0,35000.0,0.0,False,NONE
TRX-20260905-000479-003,TRX-20260905-000479,3,SKU-5001,Deterjen Rinso Anti Noda 770g,2,23000.0,46000.0,0.0,False,NONE
TRX-20260905-000479-004,TRX-20260905-000479,4,SKU-1008,Indomie Goreng Spesial 85g,3,3500.0,10500.0,0.0,False,NONE
TRX-20260905-000479-005,TRX-20260905-000479,5,SKU-2001,Telur Ayam Negeri 1kg,1,31000.0,31000.0,0.0,False,NONE
TRX-20260905-000479-006,TRX-20260905-000479,6,SKU-4001,Sabun Mandi Lifebuoy Total 10 450ml,1,27500.0,27500.0,0.0,False,NONE
TRX-20260905-000479-007,TRX-20260905-000479,7,SKU-4002,Shampoo Sunsilk Black Shine 160ml,1,26000.0,26000.0,0.0,False,NONE
TRX-20260905-000479-008,TRX-20260905-000479,8,SKU-1001,Beras Pandan Wangi 5kg,2,78500.0,157000.0,0.0,False,NONE
TRX-20260905-000479-009,TRX-20260905-000479,9,SKU-5006,Baterai ABC Alkaline AA 4s,1,21000.0,21000.0,0.0,False,NONE
TRX-20260905-000479-010,TRX-20260905-000479,10,SKU-1012,Kornet Sapi Pronas 198g,5,26000.0,130000.0,0.0,False,NONE
TRX-20260905-000479-011,TRX-20260905-000479,11,SKU-1007,Saus Sambal ABC 335ml,2,17500.0,35000.0,0.0,False,NONE
TRX-20260905-000479-012,TRX-20260905-000479,12,SKU-1004,Tepung Terigu Segitiga Biru 1kg,3,13500.0,40500.0,0.0,False,NONE
TRX-20260905-000479-013,TRX-20260905-000479,13,SKU-4007,Minyak Telon My Baby 90ml,1,28000.0,28000.0,0.0,False,NONE
TRX-20260905-000479-014,TRX-20260905-000479,14,SKU-4006,Paseo Facial Tissue 250 Sheets,1,16500.0,16500.0,0.0,False,NONE
TRX-20260905-000479-015,TRX-20260905-000479,15,SKU-5003,Sabun Cuci Piring Sunlight 650ml,1,15500.0,15500.0,0.0,False,NONE
TRX-20260905-000479-016,TRX-20260905-000479,16,SKU-5005,Baygon Obat Nyamuk Semprot 600ml,2,42000.0,84000.0,0.0,False,NONE
TRX-20260905-000479-017,TRX-20260905-000479,17,SKU-1011,Sarden ABC Saus Tomat 155g,1,12000.0,12000.0,0.0,False,NONE
TRX-20260905-000479-018,TRX-20260905-000479,18,SKU-5004,Pembersih Lantai Super Pell 770ml,1,14500.0,14500.0,0.0,False,NONE
TRX-20260905-000479-019,TRX-20260905-000479,19,SKU-1005,Garam Dapur Cap Kapal 250g,1,5000.0,5000.0,0.0,False,NONE
TRX-20260905-000479-020,TRX-20260905-000479,20,SKU-4003,Pasta Gigi Pepsodent 190g,1,17000.0,17000.0,0.0,False,NONE
TRX-20260905-000479-021,TRX-20260905-000479,21,SKU-4004,Sikat Gigi Formula Double Action 3s,2,15500.0,31000.0,0.0,True,VOID_ITEM
TRX-20260905-000480-001,TRX-20260905-000480,1,SKU-1007,Saus Sambal ABC 335ml,1,17500.0,17500.0,0.0,False,NONE
TRX-20260905-000480-002,TRX-20260905-000480,2,SKU-1010,Sedaap Mie Goreng 90g,1,3400.0,3400.0,0.0,False,NONE
TRX-20260905-000480-003,TRX-20260905-000480,3,SKU-2001,Telur Ayam Negeri 1kg,2,31000.0,62000.0,0.0,False,NONE
TRX-20260905-000480-004,TRX-20260905-000480,4,SKU-1001,Beras Pandan Wangi 5kg,2,78500.0,157000.0,0.0,False,NONE
TRX-20260905-000480-005,TRX-20260905-000480,5,SKU-1003,Gula Pasir Gulaku 1kg,2,17500.0,35000.0,0.0,False,NONE
TRX-20260905-000480-006,TRX-20260905-000480,6,SKU-5001,Deterjen Rinso Anti Noda 770g,3,23000.0,69000.0,0.0,False,NONE
TRX-20260905-000480-007,TRX-20260905-000480,7,SKU-1012,Kornet Sapi Pronas 198g,1,26000.0,26000.0,0.0,False,NONE
TRX-20260905-000480-008,TRX-20260905-000480,8,SKU-1009,Indomie Kuah Ayam Bawang 69g,3,3400.0,10200.0,0.0,True,VOID_ITEM
TRX-20260905-000480-009,TRX-20260905-000480,9,SKU-3001,Air Mineral Aqua 600ml,1,4000.0,4000.0,0.0,False,NONE
TRX-20260905-000480-010,TRX-20260905-000480,10,SKU-4005,Rexona Deodorant Roll On 45ml,3,20500.0,61500.0,0.0,False,NONE
TRX-20260905-000480-011,TRX-20260905-000480,11,SKU-5006,Baterai ABC Alkaline AA 4s,1,21000.0,21000.0,0.0,False,NONE
TRX-20260905-000480-012,TRX-20260905-000480,12,SKU-4001,Sabun Mandi Lifebuoy Total 10 450ml,2,27500.0,55000.0,0.0,False,NONE
TRX-20260905-000480-013,TRX-20260905-000480,13,SKU-4003,Pasta Gigi Pepsodent 190g,2,17000.0,34000.0,0.0,False,NONE
TRX-20260905-000480-014,TRX-20260905-000480,14,SKU-4006,Paseo Facial Tissue 250 Sheets,2,16500.0,33000.0,0.0,False,NONE
TRX-20260905-000480-015,TRX-20260905-000480,15,SKU-4002,Shampoo Sunsilk Black Shine 160ml,1,26000.0,26000.0,0.0,False,NONE
TRX-20260905-000481-001,TRX-20260905-000481,1,SKU-1005,Garam Dapur Cap Kapal 250g,2,5000.0,10000.0,0.0,False,NONE
TRX-20260905-000481-002,TRX-20260905-000481,2,SKU-2004,Yakult Pack isi 5,2,11500.0,23000.0,0.0,False,NONE
TRX-20260905-000481-003,TRX-20260905-000481,3,SKU-2006,Mentega Blue Band 200g,1,12500.0,12500.0,0.0,False,NONE
TRX-20260905-000481-004,TRX-20260905-000481,4,SKU-4004,Sikat Gigi Formula Double Action 3s,2,15500.0,31000.0,0.0,False,NONE
TRX-20260905-000482-001,TRX-20260905-000482,1,SKU-1008,Indomie Goreng Spesial 85g,1,3500.0,3500.0,0.0,False,NONE
TRX-20260905-000482-002,TRX-20260905-000482,2,SKU-3008,Taro Net Seaweed 65g,1,9800.0,9800.0,0.0,False,NONE
TRX-20260905-000482-003,TRX-20260905-000482,3,SKU-3004,Kopi Kapal Api Spesial Mix 10s,2,15500.0,31000.0,0.0,False,NONE
TRX-20260905-000482-004,TRX-20260905-000482,4,SKU-1011,Sarden ABC Saus Tomat 155g,2,12000.0,24000.0,0.0,False,NONE
TRX-20260905-000483-001,TRX-20260905-000483,1,SKU-3002,Air Mineral Le Minerale 600ml,1,3800.0,3800.0,0.0,False,NONE
TRX-20260905-000483-002,TRX-20260905-000483,2,SKU-2004,Yakult Pack isi 5,1,11500.0,11500.0,0.0,False,NONE
TRX-20260905-000483-003,TRX-20260905-000483,3,SKU-3001,Air Mineral Aqua 600ml,1,4000.0,4000.0,0.0,False,NONE
TRX-20260905-000484-001,TRX-20260905-000484,1,SKU-1012,Kornet Sapi Pronas 198g,2,26000.0,52000.0,0.0,False,NONE
TRX-20260905-000484-002,TRX-20260905-000484,2,SKU-4002,Shampoo Sunsilk Black Shine 160ml,1,26000.0,26000.0,0.0,False,NONE
TRX-20260905-000484-003,TRX-20260905-000484,3,SKU-4001,Sabun Mandi Lifebuoy Total 10 450ml,2,27500.0,55000.0,0.0,False,NONE
TRX-20260905-000484-004,TRX-20260905-000484,4,SKU-5004,Pembersih Lantai Super Pell 770ml,5,14500.0,72500.0,0.0,False,NONE
TRX-20260905-000484-005,TRX-20260905-000484,5,SKU-1002,Minyak Goreng Bimoli 2L,2,37500.0,75000.0,0.0,False,NONE
TRX-20260905-000484-006,TRX-20260905-000484,6,SKU-1003,Gula Pasir Gulaku 1kg,1,17500.0,17500.0,0.0,False,NONE
TRX-20260905-000484-007,TRX-20260905-000484,7,SKU-1006,Kecap Manis Bango 520ml,1,25500.0,25500.0,0.0,False,NONE
TRX-20260905-000484-008,TRX-20260905-000484,8,SKU-1009,Indomie Kuah Ayam Bawang 69g,1,3400.0,3400.0,0.0,False,NONE
TRX-20260905-000484-009,TRX-20260905-000484,9,SKU-1007,Saus Sambal ABC 335ml,2,17500.0,35000.0,0.0,False,NONE
TRX-20260905-000484-010,TRX-20260905-000484,10,SKU-5002,Pewangi Pakaian Molto All in 1 720ml,1,24000.0,24000.0,0.0,False,NONE
TRX-20260905-000484-011,TRX-20260905-000484,11,SKU-5001,Deterjen Rinso Anti Noda 770g,2,23000.0,46000.0,0.0,False,NONE
TRX-20260905-000484-012,TRX-20260905-000484,12,SKU-1008,Indomie Goreng Spesial 85g,5,3500.0,17500.0,0.0,False,NONE
TRX-20260905-000484-013,TRX-20260905-000484,13,SKU-1011,Sarden ABC Saus Tomat 155g,2,12000.0,24000.0,0.0,False,NONE
TRX-20260905-000485-001,TRX-20260905-000485,1,SKU-3010,SilverQueen Cokelat Mede 58g,1,17000.0,17000.0,0.0,False,NONE
TRX-20260905-000485-002,TRX-20260905-000485,2,SKU-4002,Shampoo Sunsilk Black Shine 160ml,1,26000.0,26000.0,0.0,False,NONE
TRX-20260905-000485-003,TRX-20260905-000485,3,SKU-2002,Susu Ultra Milk Full Cream 1L,1,21500.0,21500.0,0.0,False,NONE
TRX-20260905-000485-004,TRX-20260905-000485,4,SKU-1007,Saus Sambal ABC 335ml,1,17500.0,17500.0,0.0,False,NONE
TRX-20260905-000485-005,TRX-20260905-000485,5,SKU-3007,Chitato Sapi Panggang 68g,1,12500.0,12500.0,0.0,False,NONE
TRX-20260905-000485-006,TRX-20260905-000485,6,SKU-3006,Coca Cola 390ml,1,7500.0,7500.0,0.0,False,NONE
TRX-20260905-000486-001,TRX-20260905-000486,1,SKU-2003,Susu Ultra Milk Cokelat 1L,1,21500.0,21500.0,0.0,False,NONE
TRX-20260905-000486-002,TRX-20260905-000486,2,SKU-2002,Susu Ultra Milk Full Cream 1L,1,21500.0,21500.0,0.0,False,NONE
TRX-20260905-000487-001,TRX-20260905-000487,1,SKU-3005,Good Day Moccacino 250ml,1,8000.0,8000.0,0.0,False,NONE
TRX-20260905-000487-002,TRX-20260905-000487,2,SKU-3009,Oreo Original Roll 133g,1,11000.0,11000.0,0.0,False,NONE
TRX-20260905-000488-001,TRX-20260905-000488,1,SKU-1004,Tepung Terigu Segitiga Biru 1kg,1,13500.0,13500.0,0.0,False,NONE
TRX-20260905-000488-002,TRX-20260905-000488,2,SKU-3006,Coca Cola 390ml,1,7500.0,7500.0,0.0,False,NONE
TRX-20260905-000488-003,TRX-20260905-000488,3,SKU-3008,Taro Net Seaweed 65g,1,9800.0,9800.0,0.0,False,NONE
TRX-20260905-000488-004,TRX-20260905-000488,4,SKU-3004,Kopi Kapal Api Spesial Mix 10s,1,15500.0,15500.0,0.0,False,NONE
TRX-20260905-000488-005,TRX-20260905-000488,5,SKU-3002,Air Mineral Le Minerale 600ml,2,3800.0,7600.0,0.0,False,NONE
TRX-20260905-000489-001,TRX-20260905-000489,1,SKU-3004,Kopi Kapal Api Spesial Mix 10s,1,15500.0,15500.0,0.0,False,NONE
TRX-20260905-000489-002,TRX-20260905-000489,2,SKU-3010,SilverQueen Cokelat Mede 58g,1,17000.0,17000.0,0.0,False,NONE
TRX-20260905-000489-003,TRX-20260905-000489,3,SKU-3003,Teh Pucuk Harum 350ml,1,4500.0,4500.0,0.0,False,NONE
TRX-20260905-000490-001,TRX-20260905-000490,1,SKU-3004,Kopi Kapal Api Spesial Mix 10s,1,15500.0,15500.0,0.0,False,NONE
TRX-20260905-000491-001,TRX-20260905-000491,1,SKU-2005,Keju Kraft Cheddar 165g,1,24000.0,24000.0,0.0,False,NONE
TRX-20260905-000491-002,TRX-20260905-000491,2,SKU-2001,Telur Ayam Negeri 1kg,1,31000.0,31000.0,0.0,False,NONE
TRX-20260905-000491-003,TRX-20260905-000491,3,SKU-3009,Oreo Original Roll 133g,1,11000.0,11000.0,0.0,False,NONE
TRX-20260905-000492-001,TRX-20260905-000492,1,SKU-5003,Sabun Cuci Piring Sunlight 650ml,1,15500.0,15500.0,0.0,False,NONE
TRX-20260905-000492-002,TRX-20260905-000492,2,SKU-3009,Oreo Original Roll 133g,2,11000.0,22000.0,0.0,False,NONE
TRX-20260905-000492-003,TRX-20260905-000492,3,SKU-2006,Mentega Blue Band 200g,2,12500.0,25000.0,0.0,False,NONE
TRX-20260905-000492-004,TRX-20260905-000492,4,SKU-3007,Chitato Sapi Panggang 68g,2,12500.0,25000.0,0.0,False,NONE
TRX-20260905-000492-005,TRX-20260905-000492,5,SKU-4004,Sikat Gigi Formula Double Action 3s,1,15500.0,15500.0,0.0,True,VOID_ITEM
TRX-20260905-000492-006,TRX-20260905-000492,6,SKU-3004,Kopi Kapal Api Spesial Mix 10s,2,15500.0,31000.0,0.0,False,NONE
TRX-20260905-000493-001,TRX-20260905-000493,1,SKU-1005,Garam Dapur Cap Kapal 250g,1,5000.0,5000.0,0.0,False,NONE
TRX-20260905-000493-002,TRX-20260905-000493,2,SKU-1012,Kornet Sapi Pronas 198g,1,26000.0,26000.0,0.0,False,NONE
TRX-20260905-000493-003,TRX-20260905-000493,3,SKU-1001,Beras Pandan Wangi 5kg,1,78500.0,78500.0,0.0,False,NONE
TRX-20260905-000493-004,TRX-20260905-000493,4,SKU-1003,Gula Pasir Gulaku 1kg,1,17500.0,17500.0,0.0,False,NONE
TRX-20260905-000493-005,TRX-20260905-000493,5,SKU-4001,Sabun Mandi Lifebuoy Total 10 450ml,1,27500.0,27500.0,0.0,False,NONE
TRX-20260905-000493-006,TRX-20260905-000493,6,SKU-4002,Shampoo Sunsilk Black Shine 160ml,1,26000.0,26000.0,0.0,False,NONE
TRX-20260905-000493-007,TRX-20260905-000493,7,SKU-5002,Pewangi Pakaian Molto All in 1 720ml,1,24000.0,24000.0,0.0,False,NONE
TRX-20260905-000493-008,TRX-20260905-000493,8,SKU-4005,Rexona Deodorant Roll On 45ml,1,20500.0,20500.0,0.0,False,NONE
TRX-20260905-000493-009,TRX-20260905-000493,9,SKU-1002,Minyak Goreng Bimoli 2L,1,37500.0,37500.0,0.0,False,NONE
TRX-20260905-000493-010,TRX-20260905-000493,10,SKU-4006,Paseo Facial Tissue 250 Sheets,1,16500.0,16500.0,0.0,False,NONE
TRX-20260905-000493-011,TRX-20260905-000493,11,SKU-4003,Pasta Gigi Pepsodent 190g,1,17000.0,17000.0,0.0,False,NONE
TRX-20260905-000493-012,TRX-20260905-000493,12,SKU-4004,Sikat Gigi Formula Double Action 3s,1,15500.0,15500.0,0.0,False,NONE
TRX-20260905-000493-013,TRX-20260905-000493,13,SKU-5001,Deterjen Rinso Anti Noda 770g,1,23000.0,23000.0,0.0,False,NONE
TRX-20260905-000493-014,TRX-20260905-000493,14,SKU-4004,Sikat Gigi Formula Double Action 3s,1,15500.0,15500.0,0.0,False,NONE
TRX-20260905-000493-015,TRX-20260905-000493,15,SKU-5005,Baygon Obat Nyamuk Semprot 600ml,2,42000.0,84000.0,0.0,False,NONE
TRX-20260905-000493-016,TRX-20260905-000493,16,SKU-5006,Baterai ABC Alkaline AA 4s,2,21000.0,42000.0,0.0,False,NONE
TRX-20260905-000493-017,TRX-20260905-000493,17,SKU-4007,Minyak Telon My Baby 90ml,2,28000.0,56000.0,0.0,False,NONE
TRX-20260905-000493-018,TRX-20260905-000493,18,SKU-4002,Shampoo Sunsilk Black Shine 160ml,2,26000.0,52000.0,0.0,False,NONE
TRX-20260905-000493-019,TRX-20260905-000493,19,SKU-1004,Tepung Terigu Segitiga Biru 1kg,1,13500.0,13500.0,0.0,False,NONE
TRX-20260905-000494-001,TRX-20260905-000494,1,SKU-4006,Paseo Facial Tissue 250 Sheets,2,16500.0,33000.0,0.0,False,NONE
TRX-20260905-000494-002,TRX-20260905-000494,2,SKU-1010,Sedaap Mie Goreng 90g,1,3400.0,3400.0,0.0,False,NONE
TRX-20260905-000494-003,TRX-20260905-000494,3,SKU-2001,Telur Ayam Negeri 1kg,1,31000.0,31000.0,0.0,False,NONE
TRX-20260905-000494-004,TRX-20260905-000494,4,SKU-1001,Beras Pandan Wangi 5kg,1,78500.0,78500.0,0.0,False,NONE
TRX-20260905-000494-005,TRX-20260905-000494,5,SKU-1002,Minyak Goreng Bimoli 2L,2,37500.0,75000.0,0.0,False,NONE
TRX-20260905-000494-006,TRX-20260905-000494,6,SKU-5003,Sabun Cuci Piring Sunlight 650ml,3,15500.0,46500.0,0.0,False,NONE
TRX-20260905-000494-007,TRX-20260905-000494,7,SKU-5001,Deterjen Rinso Anti Noda 770g,1,23000.0,23000.0,0.0,False,NONE
TRX-20260905-000494-008,TRX-20260905-000494,8,SKU-5004,Pembersih Lantai Super Pell 770ml,1,14500.0,14500.0,0.0,False,NONE
TRX-20260905-000494-009,TRX-20260905-000494,9,SKU-5001,Deterjen Rinso Anti Noda 770g,1,23000.0,23000.0,0.0,False,NONE
TRX-20260905-000494-010,TRX-20260905-000494,10,SKU-4005,Rexona Deodorant Roll On 45ml,2,20500.0,41000.0,0.0,False,NONE
TRX-20260905-000494-011,TRX-20260905-000494,11,SKU-5005,Baygon Obat Nyamuk Semprot 600ml,3,42000.0,126000.0,0.0,False,NONE
TRX-20260905-000494-012,TRX-20260905-000494,12,SKU-1008,Indomie Goreng Spesial 85g,1,3500.0,3500.0,0.0,True,VOID_ITEM
TRX-20260905-000494-013,TRX-20260905-000494,13,SKU-4002,Shampoo Sunsilk Black Shine 160ml,2,26000.0,52000.0,0.0,False,NONE
TRX-20260905-000494-014,TRX-20260905-000494,14,SKU-4003,Pasta Gigi Pepsodent 190g,2,17000.0,34000.0,0.0,False,NONE
TRX-20260905-000494-015,TRX-20260905-000494,15,SKU-4004,Sikat Gigi Formula Double Action 3s,1,15500.0,15500.0,0.0,False,NONE
TRX-20260905-000494-016,TRX-20260905-000494,16,SKU-1004,Tepung Terigu Segitiga Biru 1kg,3,13500.0,40500.0,0.0,False,NONE
TRX-20260905-000494-017,TRX-20260905-000494,17,SKU-4001,Sabun Mandi Lifebuoy Total 10 450ml,3,27500.0,82500.0,0.0,False,NONE
TRX-20260905-000494-018,TRX-20260905-000494,18,SKU-1009,Indomie Kuah Ayam Bawang 69g,2,3400.0,6800.0,0.0,False,NONE
TRX-20260905-000494-019,TRX-20260905-000494,19,SKU-1005,Garam Dapur Cap Kapal 250g,3,5000.0,15000.0,0.0,False,NONE
TRX-20260905-000494-020,TRX-20260905-000494,20,SKU-1003,Gula Pasir Gulaku 1kg,3,17500.0,52500.0,0.0,False,NONE
TRX-20260905-000494-021,TRX-20260905-000494,21,SKU-1006,Kecap Manis Bango 520ml,1,25500.0,25500.0,0.0,False,NONE
TRX-20260905-000495-001,TRX-20260905-000495,1,SKU-4002,Shampoo Sunsilk Black Shine 160ml,2,26000.0,52000.0,0.0,False,NONE
TRX-20260905-000495-002,TRX-20260905-000495,2,SKU-4003,Pasta Gigi Pepsodent 190g,1,17000.0,17000.0,0.0,False,NONE
TRX-20260905-000495-003,TRX-20260905-000495,3,SKU-4006,Paseo Facial Tissue 250 Sheets,1,16500.0,16500.0,0.0,False,NONE
TRX-20260905-000495-004,TRX-20260905-000495,4,SKU-4005,Rexona Deodorant Roll On 45ml,2,20500.0,41000.0,0.0,False,NONE
TRX-20260905-000495-005,TRX-20260905-000495,5,SKU-1012,Kornet Sapi Pronas 198g,3,26000.0,78000.0,0.0,False,TYPO_SKU
TRX-20260905-000495-006,TRX-20260905-000495,6,SKU-1004,Tepung Terigu Segitiga Biru 1kg,2,13500.0,27000.0,0.0,False,NONE
TRX-20260905-000495-007,TRX-20260905-000495,7,SKU-1006,Kecap Manis Bango 520ml,1,25500.0,25500.0,0.0,False,NONE
TRX-20260905-000495-008,TRX-20260905-000495,8,SKU-5002,Pewangi Pakaian Molto All in 1 720ml,1,24000.0,24000.0,0.0,False,NONE
TRX-20260905-000495-009,TRX-20260905-000495,9,SKU-1007,Saus Sambal ABC 335ml,1,17500.0,17500.0,0.0,False,NONE
TRX-20260905-000495-010,TRX-20260905-000495,10,SKU-5006,Baterai ABC Alkaline AA 4s,1,21000.0,21000.0,0.0,False,NONE
TRX-20260905-000495-011,TRX-20260905-000495,11,SKU-1012,Kornet Sapi Pronas 198g,2,26000.0,52000.0,0.0,False,NONE
TRX-20260905-000495-012,TRX-20260905-000495,12,SKU-1001,Beras Pandan Wangi 5kg,2,78500.0,157000.0,0.0,False,NONE
TRX-20260905-000495-013,TRX-20260905-000495,13,SKU-4004,Sikat Gigi Formula Double Action 3s,2,15500.0,31000.0,0.0,False,NONE
TRX-20260905-000496-001,TRX-20260905-000496,1,SKU-4024,UNKNOWN PRODUCT,2,15500.0,31000.0,0.0,True,VOID_ITEM
TRX-20260905-000496-002,TRX-20260905-000496,2,SKU-3006,Coca Cola 390ml,1,7500.0,7500.0,0.0,False,NONE
TRX-20260905-000496-003,TRX-20260905-000496,3,SKU-3002,Air Mineral Le Minerale 600ml,2,3800.0,7600.0,0.0,False,NONE
TRX-20260905-000496-004,TRX-20260905-000496,4,SKU-3004,Kopi Kapal Api Spesial Mix 10s,1,15500.0,15500.0,0.0,False,NONE
TRX-20260905-000496-005,TRX-20260905-000496,5,SKU-1005,Garam Dapur Cap Kapal 250g,2,5000.0,10000.0,0.0,True,VOID_ITEM
TRX-20260905-000496-006,TRX-20260905-000496,6,SKU-5004,Pembersih Lantai Super Pell 770ml,1,14500.0,14500.0,0.0,False,NONE
TRX-20260905-000496-007,TRX-20260905-000496,7,SKU-1010,Sedaap Mie Goreng 90g,2,3400.0,6800.0,0.0,False,NONE
TRX-20260905-000496-008,TRX-20260905-000496,8,SKU-1008,Indomie Goreng Spesial 85g,1,3500.0,3500.0,0.0,False,NONE
TRX-20260905-000497-001,TRX-20260905-000497,1,SKU-2007,Sari Roti Tawar Spesial,1,16500.0,16500.0,0.0,False,NONE
TRX-20260905-000497-002,TRX-20260905-000497,2,SKU-3001,Air Mineral Aqua 600ml,1,4000.0,4000.0,0.0,False,NONE
TRX-20260905-000498-001,TRX-20260905-000498,1,SKU-2002,Susu Ultra Milk Full Cream 1L,1,21500.0,21500.0,0.0,False,NONE
TRX-20260905-000498-002,TRX-20260905-000498,2,SKU-2003,Susu Ultra Milk Cokelat 1L,1,21500.0,21500.0,0.0,False,NONE
TRX-20260905-000498-003,TRX-20260905-000498,3,SKU-3004,Kopi Kapal Api Spesial Mix 10s,1,15500.0,15500.0,0.0,False,NONE
TRX-20260905-000499-001,TRX-20260905-000499,1,SKU-5003,Sabun Cuci Piring Sunlight 650ml,2,15500.0,31000.0,0.0,False,NONE
TRX-20260905-000499-002,TRX-20260905-000499,2,SKU-3008,Taro Net Seaweed 65g,2,9800.0,19600.0,0.0,False,TYPO_SKU
TRX-20260905-000499-003,TRX-20260905-000499,3,SKU-4004,Sikat Gigi Formula Double Action 3s,2,15500.0,31000.0,0.0,False,NONE
TRX-20260905-000499-004,TRX-20260905-000499,4,SKU-1010,Sedaap Mie Goreng 90g,2,3400.0,6800.0,0.0,False,NONE
TRX-20260905-000499-005,TRX-20260905-000499,5,SKU-3001,Air Mineral Aqua 600ml,1,4000.0,4000.0,0.0,False,NONE
TRX-20260905-000499-006,TRX-20260905-000499,6,SKU-2004,Yakult Pack isi 5,2,11500.0,23000.0,0.0,False,NONE
TRX-20260905-000499-007,TRX-20260905-000499,7,SKU-1004,Tepung Terigu Segitiga Biru 1kg,2,13500.0,27000.0,0.0,False,NONE
TRX-20260905-000499-008,TRX-20260905-000499,8,SKU-3006,Coca Cola 390ml,1,7500.0,7500.0,0.0,False,NONE
TRX-20260905-000500-001,TRX-20260905-000500,1,SKU-3005,Good Day Moccacino 250ml,1,8000.0,8000.0,0.0,False,NONE
TRX-20260905-000500-002,TRX-20260905-000500,2,SKU-3002,Air Mineral Le Minerale 600ml,1,3800.0,3800.0,0.0,False,NONE
TRX-20260905-000501-001,TRX-20260905-000501,1,SKU-3908,UNKNOWN PRODUCT,2,9800.0,19600.0,0.0,False,TYPO_SKU
TRX-20260905-000501-002,TRX-20260905-000501,2,SKU-1008,Indomie Goreng Spesial 85g,1,3500.0,3500.0,0.0,False,NONE
TRX-20260905-000501-003,TRX-20260905-000501,3,SKU-1005,Garam Dapur Cap Kapal 250g,1,5000.0,5000.0,0.0,False,NONE
TRX-20260905-000501-004,TRX-20260905-000501,4,SKU-1004,Tepung Terigu Segitiga Biru 1kg,2,13500.0,27000.0,0.0,False,NONE
TRX-20260905-000501-005,TRX-20260905-000501,5,SKU-2006,Mentega Blue Band 200g,1,12500.0,12500.0,0.0,False,NONE
TRX-20260905-000501-006,TRX-20260905-000501,6,SKU-3006,Coca Cola 390ml,2,7500.0,15000.0,0.0,False,NONE
TRX-20260905-000501-007,TRX-20260905-000501,7,SKU-5003,Sabun Cuci Piring Sunlight 650ml,2,15500.0,31000.0,0.0,False,NONE
TRX-20260905-000501-008,TRX-20260905-000501,8,SKU-2004,Yakult Pack isi 5,2,11500.0,23000.0,0.0,True,VOID_ITEM
TRX-20260905-000502-001,TRX-20260905-000502,1,SKU-1002,Minyak Goreng Bimoli 2L,1,37500.0,37500.0,0.0,False,NONE
TRX-20260905-000502-002,TRX-20260905-000502,2,SKU-2007,Sari Roti Tawar Spesial,1,16500.0,16500.0,0.0,True,VOID_ITEM
TRX-20260905-000502-003,TRX-20260905-000502,3,SKU-2001,Telur Ayam Negeri 1kg,1,31000.0,31000.0,0.0,False,NONE
TRX-20260905-000502-004,TRX-20260905-000502,4,SKU-3003,Teh Pucuk Harum 350ml,1,4500.0,4500.0,0.0,False,NONE
TRX-20260905-000502-005,TRX-20260905-000502,5,SKU-3008,Taro Net Seaweed 65g,2,9800.0,19600.0,0.0,False,NONE
TRX-20260905-000502-006,TRX-20260905-000502,6,SKU-3008,Taro Net Seaweed 65g,1,9800.0,9800.0,0.0,False,TYPO_SKU
TRX-20260905-000503-001,TRX-20260905-000503,1,SKU-1010,Sedaap Mie Goreng 90g,1,3400.0,3400.0,0.0,False,NONE
TRX-20260905-000503-002,TRX-20260905-000503,2,SKU-2004,Yakult Pack isi 5,2,11500.0,23000.0,0.0,False,NONE
TRX-20260905-000503-003,TRX-20260905-000503,3,SKU-3001,Air Mineral Aqua 600ml,1,4000.0,4000.0,0.0,False,NONE
TRX-20260905-000503-004,TRX-20260905-000503,4,SKU-3006,Coca Cola 390ml,1,7500.0,7500.0,0.0,False,NONE
TRX-20260905-000503-005,TRX-20260905-000503,5,SKU-3008,Taro Net Seaweed 65g,1,9800.0,9800.0,0.0,False,NONE
TRX-20260905-000503-006,TRX-20260905-000503,6,SKU-3004,Kopi Kapal Api Spesial Mix 10s,1,15500.0,15500.0,0.0,False,NONE
TRX-20260905-000503-007,TRX-20260905-000503,7,SKU-4004,Sikat Gigi Formula Double Action 3s,1,15500.0,15500.0,0.0,False,NONE
TRX-20260905-000504-001,TRX-20260905-000504,1,SKU-1005,Garam Dapur Cap Kapal 250g,1,5000.0,5000.0,0.0,False,NONE
TRX-20260905-000504-002,TRX-20260905-000504,2,SKU-1004,Tepung Terigu Segitiga Biru 1kg,1,13500.0,13500.0,0.0,False,NONE
TRX-20260905-000504-003,TRX-20260905-000504,3,SKU-5006,Baterai ABC Alkaline AA 4s,1,21000.0,21000.0,0.0,False,NONE
TRX-20260905-000504-004,TRX-20260905-000504,4,SKU-1007,Saus Sambal ABC 335ml,2,17500.0,35000.0,0.0,False,NONE
TRX-20260905-000504-005,TRX-20260905-000504,5,SKU-1002,Minyak Goreng Bimoli 2L,2,37500.0,75000.0,0.0,False,NONE
TRX-20260905-000504-006,TRX-20260905-000504,6,SKU-4002,Shampoo Sunsilk Black Shine 160ml,3,26000.0,78000.0,0.0,False,NONE
TRX-20260905-000504-007,TRX-20260905-000504,7,SKU-4003,Pasta Gigi Pepsodent 190g,1,17000.0,17000.0,0.0,False,NONE
TRX-20260905-000504-008,TRX-20260905-000504,8,SKU-1001,Beras Pandan Wangi 5kg,2,78500.0,157000.0,0.0,False,NONE
TRX-20260905-000504-009,TRX-20260905-000504,9,SKU-1009,Indomie Kuah Ayam Bawang 69g,1,3400.0,3400.0,0.0,False,NONE
TRX-20260905-000504-010,TRX-20260905-000504,10,SKU-1003,Gula Pasir Gulaku 1kg,3,17500.0,52500.0,0.0,False,NONE
TRX-20260905-000504-011,TRX-20260905-000504,11,SKU-4005,Rexona Deodorant Roll On 45ml,2,20500.0,41000.0,0.0,False,NONE
TRX-20260905-000504-012,TRX-20260905-000504,12,SKU-1908,UNKNOWN PRODUCT,3,3500.0,10500.0,0.0,False,TYPO_SKU
TRX-20260905-000504-013,TRX-20260905-000504,13,SKU-2001,Telur Ayam Negeri 1kg,1,31000.0,31000.0,0.0,False,NONE
TRX-20260905-000504-014,TRX-20260905-000504,14,SKU-4006,Paseo Facial Tissue 250 Sheets,3,16500.0,49500.0,0.0,False,NONE
TRX-20260905-000504-015,TRX-20260905-000504,15,SKU-4003,Pasta Gigi Pepsodent 190g,1,17000.0,17000.0,0.0,False,NONE
TRX-20260905-000504-016,TRX-20260905-000504,16,SKU-4004,Sikat Gigi Formula Double Action 3s,1,15500.0,15500.0,0.0,False,NONE
TRX-20260905-000504-017,TRX-20260905-000504,17,SKU-5001,Deterjen Rinso Anti Noda 770g,1,23000.0,23000.0,0.0,False,NONE
TRX-20260905-000504-018,TRX-20260905-000504,18,SKU-5002,Pewangi Pakaian Molto All in 1 720ml,1,24000.0,24000.0,0.0,False,NONE
TRX-20260905-000505-001,TRX-20260905-000505,1,SKU-4005,Rexona Deodorant Roll On 45ml,5,20500.0,102500.0,0.0,False,NONE
TRX-20260905-000505-002,TRX-20260905-000505,2,SKU-1011,Sarden ABC Saus Tomat 155g,1,12000.0,12000.0,0.0,False,NONE
TRX-20260905-000505-003,TRX-20260905-000505,3,SKU-1006,Kecap Manis Bango 520ml,1,25500.0,25500.0,0.0,False,NONE
TRX-20260905-000505-004,TRX-20260905-000505,4,SKU-4001,Sabun Mandi Lifebuoy Total 10 450ml,5,27500.0,137500.0,0.0,False,NONE
TRX-20260905-000505-005,TRX-20260905-000505,5,SKU-1008,Indomie Goreng Spesial 85g,1,3500.0,3500.0,0.0,False,NONE
TRX-20260905-000505-006,TRX-20260905-000505,6,SKU-2001,Telur Ayam Negeri 1kg,2,31000.0,62000.0,0.0,False,NONE
TRX-20260905-000505-007,TRX-20260905-000505,7,SKU-1009,Indomie Kuah Ayam Bawang 69g,3,3400.0,10200.0,0.0,False,NONE
TRX-20260905-000505-008,TRX-20260905-000505,8,SKU-4004,Sikat Gigi Formula Double Action 3s,1,15500.0,15500.0,0.0,False,NONE
TRX-20260905-000505-009,TRX-20260905-000505,9,SKU-5002,Pewangi Pakaian Molto All in 1 720ml,1,24000.0,24000.0,0.0,False,NONE
TRX-20260905-000505-010,TRX-20260905-000505,10,SKU-4002,Shampoo Sunsilk Black Shine 160ml,2,26000.0,52000.0,0.0,False,NONE
TRX-20260905-000505-011,TRX-20260905-000505,11,SKU-4003,Pasta Gigi Pepsodent 190g,1,17000.0,17000.0,0.0,False,NONE
TRX-20260905-000505-012,TRX-20260905-000505,12,SKU-1010,Sedaap Mie Goreng 90g,1,3400.0,3400.0,0.0,True,VOID_ITEM
TRX-20260905-000505-013,TRX-20260905-000505,13,SKU-1007,Saus Sambal ABC 335ml,1,17500.0,17500.0,0.0,False,NONE
TRX-20260905-000505-014,TRX-20260905-000505,14,SKU-1001,Beras Pandan Wangi 5kg,1,78500.0,78500.0,0.0,False,NONE
TRX-20260905-000505-015,TRX-20260905-000505,15,SKU-1012,Kornet Sapi Pronas 198g,2,26000.0,52000.0,0.0,False,NONE
TRX-20260905-000505-016,TRX-20260905-000505,16,SKU-1003,Gula Pasir Gulaku 1kg,2,17500.0,35000.0,0.0,False,NONE
TRX-20260905-000505-017,TRX-20260905-000505,17,SKU-1007,Saus Sambal ABC 335ml,3,17500.0,52500.0,0.0,False,NONE
TRX-20260905-000505-018,TRX-20260905-000505,18,SKU-1004,Tepung Terigu Segitiga Biru 1kg,1,13500.0,13500.0,0.0,False,NONE
TRX-20260905-000505-019,TRX-20260905-000505,19,SKU-5001,Deterjen Rinso Anti Noda 770g,5,23000.0,115000.0,0.0,False,NONE
TRX-20260905-000506-001,TRX-20260905-000506,1,SKU-4005,Rexona Deodorant Roll On 45ml,2,20500.0,41000.0,0.0,False,NONE
TRX-20260905-000506-002,TRX-20260905-000506,2,SKU-4006,Paseo Facial Tissue 250 Sheets,2,16500.0,33000.0,0.0,False,NONE
TRX-20260905-000506-003,TRX-20260905-000506,3,SKU-4004,Sikat Gigi Formula Double Action 3s,2,15500.0,31000.0,0.0,False,NONE
TRX-20260905-000506-004,TRX-20260905-000506,4,SKU-4002,Shampoo Sunsilk Black Shine 160ml,2,26000.0,52000.0,0.0,False,NONE
TRX-20260905-000506-005,TRX-20260905-000506,5,SKU-4003,Pasta Gigi Pepsodent 190g,1,17000.0,17000.0,0.0,False,NONE
TRX-20260905-000506-006,TRX-20260905-000506,6,SKU-5004,Pembersih Lantai Super Pell 770ml,5,14500.0,72500.0,0.0,False,NONE
TRX-20260905-000506-007,TRX-20260905-000506,7,SKU-1012,Kornet Sapi Pronas 198g,2,26000.0,52000.0,0.0,False,NONE
TRX-20260905-000506-008,TRX-20260905-000506,8,SKU-5003,Sabun Cuci Piring Sunlight 650ml,3,15500.0,46500.0,0.0,False,NONE
TRX-20260905-000506-009,TRX-20260905-000506,9,SKU-1010,Sedaap Mie Goreng 90g,1,3400.0,3400.0,0.0,False,NONE
TRX-20260905-000506-010,TRX-20260905-000506,10,SKU-6002,UNKNOWN PRODUCT,1,24000.0,24000.0,0.0,False,TYPO_SKU
TRX-20260905-000506-011,TRX-20260905-000506,11,SKU-1004,Tepung Terigu Segitiga Biru 1kg,2,13500.0,27000.0,0.0,False,NONE
TRX-20260905-000506-012,TRX-20260905-000506,12,SKU-1005,Garam Dapur Cap Kapal 250g,2,5000.0,10000.0,0.0,False,NONE
TRX-20260905-000506-013,TRX-20260905-000506,13,SKU-1008,Indomie Goreng Spesial 85g,2,3500.0,7000.0,0.0,False,NONE
TRX-20260905-000506-014,TRX-20260905-000506,14,SKU-2001,Telur Ayam Negeri 1kg,1,31000.0,31000.0,0.0,False,NONE
TRX-20260905-000506-015,TRX-20260905-000506,15,SKU-4003,Pasta Gigi Pepsodent 190g,2,17000.0,34000.0,0.0,False,NONE
TRX-20260905-000506-016,TRX-20260905-000506,16,SKU-5001,Deterjen Rinso Anti Noda 770g,1,23000.0,23000.0,0.0,False,NONE
TRX-20260905-000506-017,TRX-20260905-000506,17,SKU-1007,Saus Sambal ABC 335ml,1,17500.0,17500.0,0.0,True,VOID_ITEM
TRX-20260905-000506-018,TRX-20260905-000506,18,SKU-1009,Indomie Kuah Ayam Bawang 69g,2,3400.0,6800.0,0.0,False,NONE
TRX-20260905-000506-019,TRX-20260905-000506,19,SKU-3001,Air Mineral Aqua 600ml,1,4000.0,4000.0,0.0,False,NONE
TRX-20260905-000507-001,TRX-20260905-000507,1,SKU-5004,Pembersih Lantai Super Pell 770ml,1,14500.0,14500.0,0.0,False,NONE
TRX-20260905-000507-002,TRX-20260905-000507,2,SKU-3007,Chitato Sapi Panggang 68g,2,12500.0,25000.0,0.0,False,NONE
TRX-20260905-000507-003,TRX-20260905-000507,3,SKU-3004,Kopi Kapal Api Spesial Mix 10s,1,15500.0,15500.0,0.0,False,NONE
TRX-20260905-000507-004,TRX-20260905-000507,4,SKU-1010,Sedaap Mie Goreng 90g,1,3400.0,3400.0,0.0,False,NONE
TRX-20260905-000507-005,TRX-20260905-000507,5,SKU-1009,Indomie Kuah Ayam Bawang 69g,2,3400.0,6800.0,0.0,False,NONE
TRX-20260905-000507-006,TRX-20260905-000507,6,SKU-3008,Taro Net Seaweed 65g,1,9800.0,9800.0,0.0,False,NONE
TRX-20260905-000507-007,TRX-20260905-000507,7,SKU-1005,Garam Dapur Cap Kapal 250g,2,5000.0,10000.0,0.0,False,NONE
TRX-20260905-000507-008,TRX-20260905-000507,8,SKU-5003,Sabun Cuci Piring Sunlight 650ml,1,15500.0,15500.0,0.0,False,NONE
TRX-20260905-000507-009,TRX-20260905-000507,9,SKU-1004,Tepung Terigu Segitiga Biru 1kg,1,13500.0,13500.0,0.0,False,NONE
TRX-20260905-000508-001,TRX-20260905-000508,1,SKU-5001,Deterjen Rinso Anti Noda 770g,2,23000.0,46000.0,0.0,False,NONE
TRX-20260905-000508-002,TRX-20260905-000508,2,SKU-4007,Minyak Telon My Baby 90ml,3,28000.0,84000.0,0.0,False,NONE
TRX-20260905-000508-003,TRX-20260905-000508,3,SKU-1008,Indomie Goreng Spesial 85g,1,3500.0,3500.0,0.0,False,NONE
TRX-20260905-000508-004,TRX-20260905-000508,4,SKU-5002,Pewangi Pakaian Molto All in 1 720ml,2,24000.0,48000.0,0.0,True,VOID_ITEM
TRX-20260905-000508-005,TRX-20260905-000508,5,SKU-4003,Pasta Gigi Pepsodent 190g,1,17000.0,17000.0,0.0,False,NONE
TRX-20260905-000508-006,TRX-20260905-000508,6,SKU-4004,Sikat Gigi Formula Double Action 3s,1,15500.0,15500.0,0.0,False,NONE
TRX-20260905-000508-007,TRX-20260905-000508,7,SKU-4002,Shampoo Sunsilk Black Shine 160ml,3,26000.0,78000.0,0.0,False,NONE
TRX-20260905-000508-008,TRX-20260905-000508,8,SKU-1004,Tepung Terigu Segitiga Biru 1kg,1,13500.0,13500.0,0.0,False,NONE
TRX-20260905-000508-009,TRX-20260905-000508,9,SKU-1003,Gula Pasir Gulaku 1kg,5,17500.0,87500.0,0.0,False,NONE
TRX-20260905-000508-010,TRX-20260905-000508,10,SKU-1002,Minyak Goreng Bimoli 2L,3,37500.0,112500.0,0.0,False,NONE
TRX-20260905-000508-011,TRX-20260905-000508,11,SKU-1006,Kecap Manis Bango 520ml,1,25500.0,25500.0,0.0,False,NONE
TRX-20260905-000508-012,TRX-20260905-000508,12,SKU-1007,Saus Sambal ABC 335ml,2,17500.0,35000.0,0.0,False,NONE
TRX-20260905-000508-013,TRX-20260905-000508,13,SKU-1011,Sarden ABC Saus Tomat 155g,1,12000.0,12000.0,0.0,False,NONE
TRX-20260905-000509-001,TRX-20260905-000509,1,SKU-3002,Air Mineral Le Minerale 600ml,2,3800.0,7600.0,0.0,False,NONE
TRX-20260905-000509-002,TRX-20260905-000509,2,SKU-3001,Air Mineral Aqua 600ml,1,4000.0,4000.0,0.0,False,NONE
TRX-20260905-000509-003,TRX-20260905-000509,3,SKU-2006,Mentega Blue Band 200g,2,12500.0,25000.0,0.0,False,NONE
TRX-20260905-000509-004,TRX-20260905-000509,4,SKU-3004,Kopi Kapal Api Spesial Mix 10s,2,15500.0,31000.0,0.0,False,NONE
TRX-20260905-000509-005,TRX-20260905-000509,5,SKU-1009,Indomie Kuah Ayam Bawang 69g,2,3400.0,6800.0,0.0,False,NONE
TRX-20260905-000509-006,TRX-20260905-000509,6,SKU-1005,Garam Dapur Cap Kapal 250g,2,5000.0,10000.0,0.0,False,NONE
TRX-20260905-000509-007,TRX-20260905-000509,7,SKU-3006,Coca Cola 390ml,2,7500.0,15000.0,0.0,False,NONE
TRX-20260905-000509-008,TRX-20260905-000509,8,SKU-1004,Tepung Terigu Segitiga Biru 1kg,1,13500.0,13500.0,0.0,False,NONE
TRX-20260905-000510-001,TRX-20260905-000510,1,SKU-2006,Mentega Blue Band 200g,1,12500.0,12500.0,0.0,False,NONE
TRX-20260905-000510-002,TRX-20260905-000510,2,SKU-2003,Susu Ultra Milk Cokelat 1L,1,21500.0,21500.0,0.0,False,NONE
TRX-20260905-000510-003,TRX-20260905-000510,3,SKU-3002,Air Mineral Le Minerale 600ml,1,3800.0,3800.0,0.0,False,NONE
TRX-20260905-000511-001,TRX-20260905-000511,1,SKU-3009,Oreo Original Roll 133g,1,11000.0,11000.0,0.0,False,NONE
TRX-20260905-000511-002,TRX-20260905-000511,2,SKU-1011,Sarden ABC Saus Tomat 155g,1,12000.0,12000.0,0.0,False,NONE
TRX-20260905-000511-003,TRX-20260905-000511,3,SKU-3008,Taro Net Seaweed 65g,2,9800.0,19600.0,0.0,False,NONE
TRX-20260905-000511-004,TRX-20260905-000511,4,SKU-3003,Teh Pucuk Harum 350ml,1,4500.0,4500.0,0.0,False,NONE
TRX-20260905-000511-005,TRX-20260905-000511,5,SKU-3005,Good Day Moccacino 250ml,1,8000.0,8000.0,0.0,False,NONE
TRX-20260905-000512-001,TRX-20260905-000512,1,SKU-2005,Keju Kraft Cheddar 165g,1,24000.0,24000.0,0.0,False,NONE
TRX-20260905-000512-002,TRX-20260905-000512,2,SKU-3008,Taro Net Seaweed 65g,1,9800.0,9800.0,0.0,False,NONE
TRX-20260905-000512-003,TRX-20260905-000512,3,SKU-1005,Garam Dapur Cap Kapal 250g,1,5000.0,5000.0,0.0,False,NONE
TRX-20260905-000512-004,TRX-20260905-000512,4,SKU-3007,Chitato Sapi Panggang 68g,2,12500.0,25000.0,0.0,False,NONE
TRX-20260905-000512-005,TRX-20260905-000512,5,SKU-3002,Air Mineral Le Minerale 600ml,1,3800.0,3800.0,0.0,False,NONE
TRX-20260905-000512-006,TRX-20260905-000512,6,SKU-3008,Taro Net Seaweed 65g,1,9800.0,9800.0,0.0,False,NONE
TRX-20260905-000513-001,TRX-20260905-000513,1,SKU-2003,Susu Ultra Milk Cokelat 1L,1,21500.0,21500.0,0.0,False,NONE
TRX-20260905-000514-001,TRX-20260905-000514,1,SKU-3093,UNKNOWN PRODUCT,1,4500.0,4500.0,0.0,False,TYPO_SKU
TRX-20260905-000514-002,TRX-20260905-000514,2,SKU-3009,Oreo Original Roll 133g,1,11000.0,11000.0,0.0,False,NONE
TRX-20260905-000514-003,TRX-20260905-000514,3,SKU-3007,Chitato Sapi Panggang 68g,1,12500.0,12500.0,0.0,False,NONE
TRX-20260905-000515-001,TRX-20260905-000515,1,SKU-1002,Minyak Goreng Bimoli 2L,2,37500.0,75000.0,0.0,False,NONE
TRX-20260905-000515-002,TRX-20260905-000515,2,SKU-1004,Tepung Terigu Segitiga Biru 1kg,1,13500.0,13500.0,0.0,False,NONE
TRX-20260905-000515-003,TRX-20260905-000515,3,SKU-1005,Garam Dapur Cap Kapal 250g,3,5000.0,15000.0,0.0,False,NONE
TRX-20260905-000515-004,TRX-20260905-000515,4,SKU-1006,Kecap Manis Bango 520ml,1,25500.0,25500.0,0.0,False,NONE
TRX-20260905-000515-005,TRX-20260905-000515,5,SKU-5003,Sabun Cuci Piring Sunlight 650ml,2,15500.0,31000.0,0.0,False,NONE
TRX-20260905-000515-006,TRX-20260905-000515,6,SKU-5004,Pembersih Lantai Super Pell 770ml,2,14500.0,29000.0,0.0,False,NONE
TRX-20260905-000515-007,TRX-20260905-000515,7,SKU-4004,Sikat Gigi Formula Double Action 3s,2,15500.0,31000.0,0.0,False,NONE
TRX-20260905-000515-008,TRX-20260905-000515,8,SKU-1010,Sedaap Mie Goreng 90g,1,3400.0,3400.0,0.0,False,NONE
TRX-20260905-000515-009,TRX-20260905-000515,9,SKU-1009,Indomie Kuah Ayam Bawang 69g,2,3400.0,6800.0,0.0,False,NONE
TRX-20260905-000515-010,TRX-20260905-000515,10,SKU-1001,Beras Pandan Wangi 5kg,1,78500.0,78500.0,0.0,False,NONE
TRX-20260905-000515-011,TRX-20260905-000515,11,SKU-5006,Baterai ABC Alkaline AA 4s,2,21000.0,42000.0,0.0,False,NONE
TRX-20260905-000515-012,TRX-20260905-000515,12,SKU-1011,Sarden ABC Saus Tomat 155g,2,12000.0,24000.0,0.0,False,NONE
TRX-20260905-000516-001,TRX-20260905-000516,1,SKU-3005,Good Day Moccacino 250ml,1,8000.0,8000.0,0.0,False,NONE
TRX-20260905-000516-002,TRX-20260905-000516,2,SKU-2006,Mentega Blue Band 200g,1,12500.0,12500.0,0.0,False,NONE
TRX-20260905-000516-003,TRX-20260905-000516,3,SKU-2008,Sari Roti Sobek Cokelat,1,19500.0,19500.0,0.0,False,NONE
TRX-20260905-000517-001,TRX-20260905-000517,1,SKU-5004,Pembersih Lantai Super Pell 770ml,1,14500.0,14500.0,0.0,False,NONE
TRX-20260905-000517-002,TRX-20260905-000517,2,SKU-2012,UNKNOWN PRODUCT,2,26000.0,52000.0,0.0,False,TYPO_SKU
TRX-20260905-000517-003,TRX-20260905-000517,3,SKU-4006,Paseo Facial Tissue 250 Sheets,2,16500.0,33000.0,0.0,False,NONE
TRX-20260905-000517-004,TRX-20260905-000517,4,SKU-4007,Minyak Telon My Baby 90ml,1,28000.0,28000.0,0.0,False,NONE
TRX-20260905-000517-005,TRX-20260905-000517,5,SKU-1003,Gula Pasir Gulaku 1kg,2,17500.0,35000.0,0.0,False,NONE
TRX-20260905-000517-006,TRX-20260905-000517,6,SKU-5005,Baygon Obat Nyamuk Semprot 600ml,1,42000.0,42000.0,0.0,False,NONE
TRX-20260905-000517-007,TRX-20260905-000517,7,SKU-5003,Sabun Cuci Piring Sunlight 650ml,1,15500.0,15500.0,0.0,False,NONE
TRX-20260905-000517-008,TRX-20260905-000517,8,SKU-5001,Deterjen Rinso Anti Noda 770g,1,23000.0,23000.0,0.0,False,NONE
TRX-20260905-000517-009,TRX-20260905-000517,9,SKU-1009,Indomie Kuah Ayam Bawang 69g,2,3400.0,6800.0,0.0,False,NONE
TRX-20260905-000517-010,TRX-20260905-000517,10,SKU-3001,Air Mineral Aqua 600ml,1,4000.0,4000.0,0.0,False,NONE
TRX-20260905-000517-011,TRX-20260905-000517,11,SKU-5002,Pewangi Pakaian Molto All in 1 720ml,3,24000.0,72000.0,0.0,False,NONE
TRX-20260905-000517-012,TRX-20260905-000517,12,SKU-4002,Shampoo Sunsilk Black Shine 160ml,1,26000.0,26000.0,0.0,False,NONE
TRX-20260905-000517-013,TRX-20260905-000517,13,SKU-1005,Garam Dapur Cap Kapal 250g,2,5000.0,10000.0,0.0,False,NONE
TRX-20260905-000517-014,TRX-20260905-000517,14,SKU-1004,Tepung Terigu Segitiga Biru 1kg,5,13500.0,67500.0,0.0,False,NONE
TRX-20260905-000517-015,TRX-20260905-000517,15,SKU-1010,Sedaap Mie Goreng 90g,2,3400.0,6800.0,0.0,False,NONE
TRX-20260905-000517-016,TRX-20260905-000517,16,SKU-2091,UNKNOWN PRODUCT,2,31000.0,62000.0,0.0,False,TYPO_SKU
TRX-20260905-000518-001,TRX-20260905-000518,1,SKU-1005,Garam Dapur Cap Kapal 250g,2,5000.0,10000.0,0.0,False,NONE
TRX-20260905-000518-002,TRX-20260905-000518,2,SKU-1007,Saus Sambal ABC 335ml,3,17500.0,52500.0,0.0,False,NONE
TRX-20260905-000518-003,TRX-20260905-000518,3,SKU-1009,Indomie Kuah Ayam Bawang 69g,3,3400.0,10200.0,0.0,False,NONE
TRX-20260905-000518-004,TRX-20260905-000518,4,SKU-1004,Tepung Terigu Segitiga Biru 1kg,2,13500.0,27000.0,0.0,False,NONE
TRX-20260905-000518-005,TRX-20260905-000518,5,SKU-1001,Beras Pandan Wangi 5kg,1,78500.0,78500.0,0.0,False,NONE
TRX-20260905-000518-006,TRX-20260905-000518,6,SKU-1003,Gula Pasir Gulaku 1kg,2,17500.0,35000.0,0.0,False,NONE
TRX-20260905-000518-007,TRX-20260905-000518,7,SKU-5003,Sabun Cuci Piring Sunlight 650ml,1,15500.0,15500.0,0.0,False,NONE
TRX-20260905-000518-008,TRX-20260905-000518,8,SKU-1008,Indomie Goreng Spesial 85g,1,3500.0,3500.0,0.0,False,NONE
TRX-20260905-000518-009,TRX-20260905-000518,9,SKU-1002,Minyak Goreng Bimoli 2L,2,37500.0,75000.0,0.0,False,NONE
TRX-20260905-000518-010,TRX-20260905-000518,10,SKU-4001,Sabun Mandi Lifebuoy Total 10 450ml,5,27500.0,137500.0,0.0,False,NONE
TRX-20260905-000518-011,TRX-20260905-000518,11,SKU-4003,Pasta Gigi Pepsodent 190g,1,17000.0,17000.0,0.0,False,NONE
TRX-20260905-000518-012,TRX-20260905-000518,12,SKU-4004,Sikat Gigi Formula Double Action 3s,1,15500.0,15500.0,0.0,False,NONE
TRX-20260905-000518-013,TRX-20260905-000518,13,SKU-1003,Gula Pasir Gulaku 1kg,2,17500.0,35000.0,0.0,False,NONE
TRX-20260905-000518-014,TRX-20260905-000518,14,SKU-1011,Sarden ABC Saus Tomat 155g,1,12000.0,12000.0,0.0,False,NONE
TRX-20260905-000518-015,TRX-20260905-000518,15,SKU-5001,Deterjen Rinso Anti Noda 770g,1,23000.0,23000.0,0.0,False,NONE
TRX-20260905-000518-016,TRX-20260905-000518,16,SKU-4002,Shampoo Sunsilk Black Shine 160ml,1,26000.0,26000.0,0.0,False,NONE
TRX-20260905-000518-017,TRX-20260905-000518,17,SKU-1006,Kecap Manis Bango 520ml,2,25500.0,51000.0,0.0,False,NONE
TRX-20260905-000519-001,TRX-20260905-000519,1,SKU-1005,Garam Dapur Cap Kapal 250g,2,5000.0,10000.0,0.0,False,NONE
TRX-20260905-000519-002,TRX-20260905-000519,2,SKU-1004,Tepung Terigu Segitiga Biru 1kg,2,13500.0,27000.0,0.0,False,NONE
TRX-20260905-000519-003,TRX-20260905-000519,3,SKU-3009,Oreo Original Roll 133g,1,11000.0,11000.0,0.0,False,NONE
TRX-20260905-000519-004,TRX-20260905-000519,4,SKU-1210,UNKNOWN PRODUCT,2,3400.0,6800.0,0.0,True,VOID_ITEM
TRX-20260905-000519-005,TRX-20260905-000519,5,SKU-3006,Coca Cola 390ml,1,7500.0,7500.0,0.0,True,VOID_ITEM
TRX-20260905-000519-006,TRX-20260905-000519,6,SKU-3004,Kopi Kapal Api Spesial Mix 10s,2,15500.0,31000.0,0.0,True,VOID_ITEM
TRX-20260905-000520-001,TRX-20260905-000520,1,SKU-3004,Kopi Kapal Api Spesial Mix 10s,1,15500.0,15500.0,0.0,False,NONE
TRX-20260905-000520-002,TRX-20260905-000520,2,SKU-3003,Teh Pucuk Harum 350ml,1,4500.0,4500.0,0.0,False,NONE
TRX-20260905-000520-003,TRX-20260905-000520,3,SKU-1009,Indomie Kuah Ayam Bawang 69g,2,3400.0,6800.0,0.0,False,TYPO_SKU
TRX-20260905-000520-004,TRX-20260905-000520,4,SKU-3008,Taro Net Seaweed 65g,2,9800.0,19600.0,0.0,False,NONE
TRX-20260905-000520-005,TRX-20260905-000520,5,SKU-3002,Air Mineral Le Minerale 600ml,1,3800.0,3800.0,0.0,False,NONE
TRX-20260905-000520-006,TRX-20260905-000520,6,SKU-3007,Chitato Sapi Panggang 68g,1,12500.0,12500.0,0.0,False,NONE
TRX-20260905-000520-007,TRX-20260905-000520,7,SKU-4004,Sikat Gigi Formula Double Action 3s,1,15500.0,15500.0,0.0,False,NONE
TRX-20260905-000520-008,TRX-20260905-000520,8,SKU-5004,Pembersih Lantai Super Pell 770ml,1,14500.0,14500.0,0.0,False,NONE
TRX-20260905-000520-009,TRX-20260905-000520,9,SKU-3009,Oreo Original Roll 133g,1,11000.0,11000.0,0.0,True,VOID_ITEM
TRX-20260905-000521-001,TRX-20260905-000521,1,SKU-3004,Kopi Kapal Api Spesial Mix 10s,1,15500.0,15500.0,0.0,False,NONE
TRX-20260905-000522-001,TRX-20260905-000522,1,SKU-3006,Coca Cola 390ml,2,7500.0,15000.0,0.0,False,NONE
TRX-20260905-000522-002,TRX-20260905-000522,2,SKU-1005,Garam Dapur Cap Kapal 250g,1,5000.0,5000.0,0.0,False,NONE
TRX-20260905-000522-003,TRX-20260905-000522,3,SKU-5004,Pembersih Lantai Super Pell 770ml,1,14500.0,14500.0,0.0,False,NONE
TRX-20260905-000522-004,TRX-20260905-000522,4,SKU-3009,Oreo Original Roll 133g,1,11000.0,11000.0,0.0,False,NONE
TRX-20260905-000522-005,TRX-20260905-000522,5,SKU-1008,Indomie Goreng Spesial 85g,1,3500.0,3500.0,0.0,False,NONE
TRX-20260905-000522-006,TRX-20260905-000522,6,SKU-2006,Mentega Blue Band 200g,1,12500.0,12500.0,0.0,False,NONE
TRX-20260905-000522-007,TRX-20260905-000522,7,SKU-3004,Kopi Kapal Api Spesial Mix 10s,1,15500.0,15500.0,0.0,False,NONE
TRX-20260905-000522-008,TRX-20260905-000522,8,SKU-1010,Sedaap Mie Goreng 90g,2,3400.0,6800.0,0.0,False,NONE
TRX-20260905-000522-009,TRX-20260905-000522,9,SKU-3005,Good Day Moccacino 250ml,2,8000.0,16000.0,0.0,False,NONE
TRX-20260905-000523-001,TRX-20260905-000523,1,SKU-2005,Keju Kraft Cheddar 165g,1,24000.0,24000.0,0.0,True,VOID_ITEM
TRX-20260905-000524-001,TRX-20260905-000524,1,SKU-1004,Tepung Terigu Segitiga Biru 1kg,1,13500.0,13500.0,0.0,False,NONE
TRX-20260905-000524-002,TRX-20260905-000524,2,SKU-1010,Sedaap Mie Goreng 90g,1,3400.0,3400.0,0.0,False,NONE
TRX-20260905-000524-003,TRX-20260905-000524,3,SKU-3001,Air Mineral Aqua 600ml,2,4000.0,8000.0,0.0,False,NONE
TRX-20260905-000524-004,TRX-20260905-000524,4,SKU-5003,Sabun Cuci Piring Sunlight 650ml,2,15500.0,31000.0,0.0,False,NONE
TRX-20260905-000524-005,TRX-20260905-000524,5,SKU-4004,Sikat Gigi Formula Double Action 3s,2,15500.0,31000.0,0.0,False,NONE
TRX-20260905-000524-006,TRX-20260905-000524,6,SKU-1009,Indomie Kuah Ayam Bawang 69g,2,3400.0,6800.0,0.0,False,NONE
TRX-20260905-000524-007,TRX-20260905-000524,7,SKU-3009,Oreo Original Roll 133g,2,11000.0,22000.0,0.0,False,NONE
TRX-20260905-000524-008,TRX-20260905-000524,8,SKU-2006,Mentega Blue Band 200g,1,12500.0,12500.0,0.0,False,NONE
TRX-20260905-000525-001,TRX-20260905-000525,1,SKU-3009,Oreo Original Roll 133g,2,11000.0,22000.0,0.0,False,NONE
TRX-20260905-000525-002,TRX-20260905-000525,2,SKU-3005,Good Day Moccacino 250ml,2,8000.0,16000.0,0.0,False,NONE
TRX-20260905-000525-003,TRX-20260905-000525,3,SKU-2004,Yakult Pack isi 5,1,11500.0,11500.0,0.0,False,NONE
TRX-20260905-000525-004,TRX-20260905-000525,4,SKU-1004,Tepung Terigu Segitiga Biru 1kg,2,13500.0,27000.0,0.0,False,NONE
TRX-20260905-000525-005,TRX-20260905-000525,5,SKU-3001,Air Mineral Aqua 600ml,1,4000.0,4000.0,0.0,False,NONE
TRX-20260906-000526-001,TRX-20260906-000526,1,SKU-3002,Air Mineral Le Minerale 600ml,1,3800.0,3800.0,0.0,False,NONE
TRX-20260906-000527-001,TRX-20260906-000527,1,SKU-5004,Pembersih Lantai Super Pell 770ml,1,14500.0,14500.0,0.0,False,NONE
TRX-20260906-000527-002,TRX-20260906-000527,2,SKU-1002,Minyak Goreng Bimoli 2L,1,37500.0,37500.0,0.0,False,NONE
TRX-20260906-000527-003,TRX-20260906-000527,3,SKU-3008,Taro Net Seaweed 65g,1,9800.0,9800.0,0.0,False,NONE
TRX-20260906-000527-004,TRX-20260906-000527,4,SKU-2005,Keju Kraft Cheddar 165g,1,24000.0,24000.0,0.0,False,NONE
TRX-20260906-000527-005,TRX-20260906-000527,5,SKU-3001,Air Mineral Aqua 600ml,1,4000.0,4000.0,0.0,False,NONE
TRX-20260906-000527-006,TRX-20260906-000527,6,SKU-3005,Good Day Moccacino 250ml,1,8000.0,8000.0,0.0,False,NONE
TRX-20260906-000528-001,TRX-20260906-000528,1,SKU-1009,Indomie Kuah Ayam Bawang 69g,1,3400.0,3400.0,0.0,False,NONE
TRX-20260906-000528-002,TRX-20260906-000528,2,SKU-3010,SilverQueen Cokelat Mede 58g,1,17000.0,17000.0,0.0,False,NONE
TRX-20260906-000528-003,TRX-20260906-000528,3,SKU-2002,Susu Ultra Milk Full Cream 1L,1,21500.0,21500.0,0.0,False,NONE
TRX-20260906-000528-004,TRX-20260906-000528,4,SKU-3002,Air Mineral Le Minerale 600ml,1,3800.0,3800.0,0.0,False,NONE
TRX-20260906-000528-005,TRX-20260906-000528,5,SKU-3005,Good Day Moccacino 250ml,2,8000.0,16000.0,0.0,False,NONE
TRX-20260906-000529-001,TRX-20260906-000529,1,SKU-1006,Kecap Manis Bango 520ml,1,25500.0,25500.0,0.0,False,NONE
TRX-20260906-000529-002,TRX-20260906-000529,2,SKU-4005,Rexona Deodorant Roll On 45ml,1,20500.0,20500.0,0.0,False,NONE
TRX-20260906-000529-003,TRX-20260906-000529,3,SKU-4001,Sabun Mandi Lifebuoy Total 10 450ml,1,27500.0,27500.0,0.0,False,NONE
TRX-20260906-000529-004,TRX-20260906-000529,4,SKU-2007,Sari Roti Tawar Spesial,1,16500.0,16500.0,0.0,False,NONE
TRX-20260906-000529-005,TRX-20260906-000529,5,SKU-3001,Air Mineral Aqua 600ml,1,4000.0,4000.0,0.0,False,NONE
TRX-20260906-000529-006,TRX-20260906-000529,6,SKU-3006,Coca Cola 390ml,2,7500.0,15000.0,0.0,False,NONE
TRX-20260906-000530-001,TRX-20260906-000530,1,SKU-2004,Yakult Pack isi 5,1,11500.0,11500.0,0.0,False,NONE
TRX-20260906-000530-002,TRX-20260906-000530,2,SKU-1005,Garam Dapur Cap Kapal 250g,1,5000.0,5000.0,0.0,False,NONE
TRX-20260906-000530-003,TRX-20260906-000530,3,SKU-5007,UNKNOWN PRODUCT,2,12500.0,25000.0,0.0,False,TYPO_SKU
TRX-20260906-000530-004,TRX-20260906-000530,4,SKU-3001,Air Mineral Aqua 600ml,1,4000.0,4000.0,0.0,False,NONE
TRX-20260906-000530-005,TRX-20260906-000530,5,SKU-3005,Good Day Moccacino 250ml,1,8000.0,8000.0,0.0,False,NONE
TRX-20260906-000531-001,TRX-20260906-000531,1,SKU-3007,Chitato Sapi Panggang 68g,1,12500.0,12500.0,0.0,False,NONE
TRX-20260906-000531-002,TRX-20260906-000531,2,SKU-2006,Mentega Blue Band 200g,1,12500.0,12500.0,0.0,False,NONE
TRX-20260906-000532-001,TRX-20260906-000532,1,SKU-4001,Sabun Mandi Lifebuoy Total 10 450ml,3,27500.0,82500.0,0.0,False,NONE
TRX-20260906-000532-002,TRX-20260906-000532,2,SKU-4002,Shampoo Sunsilk Black Shine 160ml,2,26000.0,52000.0,0.0,False,NONE
TRX-20260906-000532-003,TRX-20260906-000532,3,SKU-5001,Deterjen Rinso Anti Noda 770g,1,23000.0,23000.0,0.0,False,NONE
TRX-20260906-000532-004,TRX-20260906-000532,4,SKU-5003,Sabun Cuci Piring Sunlight 650ml,1,15500.0,15500.0,0.0,False,NONE
TRX-20260906-000532-005,TRX-20260906-000532,5,SKU-1011,Sarden ABC Saus Tomat 155g,2,12000.0,24000.0,0.0,False,NONE
TRX-20260906-000532-006,TRX-20260906-000532,6,SKU-1008,Indomie Goreng Spesial 85g,2,3500.0,7000.0,0.0,False,NONE
TRX-20260906-000532-007,TRX-20260906-000532,7,SKU-3001,Air Mineral Aqua 600ml,2,4000.0,8000.0,0.0,False,NONE
TRX-20260906-000532-008,TRX-20260906-000532,8,SKU-5002,Pewangi Pakaian Molto All in 1 720ml,3,24000.0,72000.0,0.0,False,NONE
TRX-20260906-000532-009,TRX-20260906-000532,9,SKU-1007,Saus Sambal ABC 335ml,2,17500.0,35000.0,0.0,False,NONE
TRX-20260906-000532-010,TRX-20260906-000532,10,SKU-1006,Kecap Manis Bango 520ml,5,25500.0,127500.0,0.0,False,NONE
TRX-20260906-000532-011,TRX-20260906-000532,11,SKU-1005,Garam Dapur Cap Kapal 250g,1,5000.0,5000.0,0.0,False,NONE
TRX-20260906-000532-012,TRX-20260906-000532,12,SKU-5004,Pembersih Lantai Super Pell 770ml,1,14500.0,14500.0,0.0,False,NONE
TRX-20260906-000532-013,TRX-20260906-000532,13,SKU-1010,Sedaap Mie Goreng 90g,1,3400.0,3400.0,0.0,False,NONE
TRX-20260906-000532-014,TRX-20260906-000532,14,SKU-1003,Gula Pasir Gulaku 1kg,1,17500.0,17500.0,0.0,False,NONE
TRX-20260906-000532-015,TRX-20260906-000532,15,SKU-5006,Baterai ABC Alkaline AA 4s,1,21000.0,21000.0,0.0,True,VOID_ITEM
TRX-20260906-000532-016,TRX-20260906-000532,16,SKU-1002,Minyak Goreng Bimoli 2L,1,37500.0,37500.0,0.0,False,NONE
TRX-20260906-000532-017,TRX-20260906-000532,17,SKU-1004,Tepung Terigu Segitiga Biru 1kg,2,13500.0,27000.0,0.0,False,NONE
TRX-20260906-000532-018,TRX-20260906-000532,18,SKU-1009,Indomie Kuah Ayam Bawang 69g,2,3400.0,6800.0,0.0,False,NONE
TRX-20260906-000532-019,TRX-20260906-000532,19,SKU-4003,Pasta Gigi Pepsodent 190g,2,17000.0,34000.0,0.0,False,NONE
TRX-20260906-000532-020,TRX-20260906-000532,20,SKU-4004,Sikat Gigi Formula Double Action 3s,1,15500.0,15500.0,0.0,False,NONE
TRX-20260906-000533-001,TRX-20260906-000533,1,SKU-1012,Kornet Sapi Pronas 198g,5,26000.0,130000.0,0.0,False,NONE
TRX-20260906-000533-002,TRX-20260906-000533,2,SKU-1009,Indomie Kuah Ayam Bawang 69g,2,3400.0,6800.0,0.0,False,NONE
TRX-20260906-000533-003,TRX-20260906-000533,3,SKU-2001,Telur Ayam Negeri 1kg,2,31000.0,62000.0,0.0,False,NONE
TRX-20260906-000533-004,TRX-20260906-000533,4,SKU-1005,Garam Dapur Cap Kapal 250g,3,5000.0,15000.0,0.0,False,NONE
TRX-20260906-000533-005,TRX-20260906-000533,5,SKU-5005,Baygon Obat Nyamuk Semprot 600ml,5,42000.0,210000.0,0.0,False,NONE
TRX-20260906-000533-006,TRX-20260906-000533,6,SKU-5003,Sabun Cuci Piring Sunlight 650ml,2,15500.0,31000.0,0.0,False,NONE
TRX-20260906-000533-007,TRX-20260906-000533,7,SKU-4001,Sabun Mandi Lifebuoy Total 10 450ml,2,27500.0,55000.0,0.0,False,NONE
TRX-20260906-000533-008,TRX-20260906-000533,8,SKU-1011,Sarden ABC Saus Tomat 155g,5,12000.0,60000.0,0.0,False,NONE
TRX-20260906-000533-009,TRX-20260906-000533,9,SKU-1006,Kecap Manis Bango 520ml,2,25500.0,51000.0,0.0,False,NONE
TRX-20260906-000533-010,TRX-20260906-000533,10,SKU-4004,Sikat Gigi Formula Double Action 3s,2,15500.0,31000.0,0.0,False,NONE
TRX-20260906-000534-001,TRX-20260906-000534,1,SKU-1011,Sarden ABC Saus Tomat 155g,3,12000.0,36000.0,0.0,False,NONE
TRX-20260906-000534-002,TRX-20260906-000534,2,SKU-1007,Saus Sambal ABC 335ml,3,17500.0,52500.0,0.0,False,NONE
TRX-20260906-000534-003,TRX-20260906-000534,3,SKU-1012,Kornet Sapi Pronas 198g,1,26000.0,26000.0,0.0,False,NONE
TRX-20260906-000534-004,TRX-20260906-000534,4,SKU-4006,Paseo Facial Tissue 250 Sheets,1,16500.0,16500.0,0.0,False,NONE
TRX-20260906-000534-005,TRX-20260906-000534,5,SKU-4007,Minyak Telon My Baby 90ml,2,28000.0,56000.0,0.0,False,NONE
TRX-20260906-000534-006,TRX-20260906-000534,6,SKU-5004,Pembersih Lantai Super Pell 770ml,2,14500.0,29000.0,0.0,False,NONE
TRX-20260906-000534-007,TRX-20260906-000534,7,SKU-1010,Sedaap Mie Goreng 90g,1,3400.0,3400.0,0.0,False,NONE
TRX-20260906-000534-008,TRX-20260906-000534,8,SKU-4005,Rexona Deodorant Roll On 45ml,1,20500.0,20500.0,0.0,False,NONE
TRX-20260906-000534-009,TRX-20260906-000534,9,SKU-5006,Baterai ABC Alkaline AA 4s,2,21000.0,42000.0,0.0,False,NONE
TRX-20260906-000534-010,TRX-20260906-000534,10,SKU-5002,Pewangi Pakaian Molto All in 1 720ml,1,24000.0,24000.0,0.0,False,NONE
TRX-20260906-000534-011,TRX-20260906-000534,11,SKU-4001,Sabun Mandi Lifebuoy Total 10 450ml,2,27500.0,55000.0,0.0,False,NONE
TRX-20260906-000534-012,TRX-20260906-000534,12,SKU-4002,Shampoo Sunsilk Black Shine 160ml,1,26000.0,26000.0,0.0,True,VOID_ITEM
TRX-20260906-000534-013,TRX-20260906-000534,13,SKU-1003,Gula Pasir Gulaku 1kg,1,17500.0,17500.0,0.0,False,NONE
TRX-20260906-000534-014,TRX-20260906-000534,14,SKU-1001,Beras Pandan Wangi 5kg,1,78500.0,78500.0,0.0,False,NONE
TRX-20260906-000534-015,TRX-20260906-000534,15,SKU-1004,Tepung Terigu Segitiga Biru 1kg,3,13500.0,40500.0,0.0,False,NONE
TRX-20260906-000534-016,TRX-20260906-000534,16,SKU-5005,Baygon Obat Nyamuk Semprot 600ml,1,42000.0,42000.0,0.0,False,NONE
TRX-20260906-000535-001,TRX-20260906-000535,1,SKU-2005,Keju Kraft Cheddar 165g,1,24000.0,24000.0,0.0,False,NONE
TRX-20260906-000536-001,TRX-20260906-000536,1,SKU-2007,Sari Roti Tawar Spesial,1,16500.0,16500.0,0.0,False,NONE
TRX-20260906-000536-002,TRX-20260906-000536,2,SKU-2008,Sari Roti Sobek Cokelat,1,19500.0,19500.0,0.0,False,NONE
TRX-20260906-000536-003,TRX-20260906-000536,3,SKU-3004,Kopi Kapal Api Spesial Mix 10s,1,15500.0,15500.0,0.0,False,NONE
TRX-20260906-000537-001,TRX-20260906-000537,1,SKU-1007,Saus Sambal ABC 335ml,5,17500.0,87500.0,0.0,False,NONE
TRX-20260906-000537-002,TRX-20260906-000537,2,SKU-1004,Tepung Terigu Segitiga Biru 1kg,3,13500.0,40500.0,0.0,False,NONE
TRX-20260906-000537-003,TRX-20260906-000537,3,SKU-1008,Indomie Goreng Spesial 85g,2,3500.0,7000.0,0.0,False,NONE
TRX-20260906-000537-004,TRX-20260906-000537,4,SKU-5006,Baterai ABC Alkaline AA 4s,1,21000.0,21000.0,0.0,False,NONE
TRX-20260906-000537-005,TRX-20260906-000537,5,SKU-1005,Garam Dapur Cap Kapal 250g,1,5000.0,5000.0,0.0,False,NONE
TRX-20260906-000537-006,TRX-20260906-000537,6,SKU-1006,Kecap Manis Bango 520ml,5,25500.0,127500.0,0.0,False,NONE
TRX-20260906-000537-007,TRX-20260906-000537,7,SKU-5005,Baygon Obat Nyamuk Semprot 600ml,1,42000.0,42000.0,0.0,False,NONE
TRX-20260906-000537-008,TRX-20260906-000537,8,SKU-1012,Kornet Sapi Pronas 198g,2,26000.0,52000.0,0.0,False,NONE
TRX-20260906-000537-009,TRX-20260906-000537,9,SKU-1009,Indomie Kuah Ayam Bawang 69g,5,3400.0,17000.0,0.0,False,NONE
TRX-20260906-000537-010,TRX-20260906-000537,10,SKU-4007,Minyak Telon My Baby 90ml,2,28000.0,56000.0,0.0,False,TYPO_SKU
TRX-20260906-000537-011,TRX-20260906-000537,11,SKU-4003,Pasta Gigi Pepsodent 190g,2,17000.0,34000.0,0.0,False,NONE
TRX-20260906-000537-012,TRX-20260906-000537,12,SKU-4004,Sikat Gigi Formula Double Action 3s,2,15500.0,31000.0,0.0,False,NONE
TRX-20260906-000537-013,TRX-20260906-000537,13,SKU-1002,Minyak Goreng Bimoli 2L,3,37500.0,112500.0,0.0,False,NONE
TRX-20260906-000537-014,TRX-20260906-000537,14,SKU-5004,Pembersih Lantai Super Pell 770ml,5,14500.0,72500.0,0.0,False,NONE
TRX-20260906-000537-015,TRX-20260906-000537,15,SKU-5002,Pewangi Pakaian Molto All in 1 720ml,1,24000.0,24000.0,0.0,False,NONE
TRX-20260906-000538-001,TRX-20260906-000538,1,SKU-1012,Kornet Sapi Pronas 198g,1,26000.0,26000.0,0.0,False,NONE
TRX-20260906-000538-002,TRX-20260906-000538,2,SKU-1009,Indomie Kuah Ayam Bawang 69g,1,3400.0,3400.0,0.0,False,NONE
TRX-20260906-000538-003,TRX-20260906-000538,3,SKU-2001,Telur Ayam Negeri 1kg,1,31000.0,31000.0,0.0,False,NONE
TRX-20260906-000538-004,TRX-20260906-000538,4,SKU-1008,Indomie Goreng Spesial 85g,1,3500.0,3500.0,0.0,False,NONE
TRX-20260906-000538-005,TRX-20260906-000538,5,SKU-1007,Saus Sambal ABC 335ml,2,17500.0,35000.0,0.0,False,NONE
TRX-20260906-000538-006,TRX-20260906-000538,6,SKU-1011,Sarden ABC Saus Tomat 155g,3,12000.0,36000.0,0.0,False,NONE
TRX-20260906-000538-006_DUP,TRX-20260906-000538,7,SKU-1011,Sarden ABC Saus Tomat 155g,1,12000.0,12000.0,0.0,False,DOUBLE_SCAN
TRX-20260906-000538-008,TRX-20260906-000538,8,SKU-5005,Baygon Obat Nyamuk Semprot 600ml,1,42000.0,42000.0,0.0,False,NONE
TRX-20260906-000538-009,TRX-20260906-000538,9,SKU-5002,Pewangi Pakaian Molto All in 1 720ml,1,24000.0,24000.0,0.0,False,TYPO_SKU
TRX-20260906-000538-010,TRX-20260906-000538,10,SKU-5001,Deterjen Rinso Anti Noda 770g,1,23000.0,23000.0,0.0,False,NONE
TRX-20260906-000538-011,TRX-20260906-000538,11,SKU-1007,Saus Sambal ABC 335ml,1,17500.0,17500.0,0.0,False,NONE
TRX-20260906-000538-012,TRX-20260906-000538,12,SKU-5002,Pewangi Pakaian Molto All in 1 720ml,1,24000.0,24000.0,0.0,False,NONE
TRX-20260906-000538-013,TRX-20260906-000538,13,SKU-5006,Baterai ABC Alkaline AA 4s,1,21000.0,21000.0,0.0,False,NONE
TRX-20260906-000539-001,TRX-20260906-000539,1,SKU-3004,Kopi Kapal Api Spesial Mix 10s,1,15500.0,15500.0,0.0,False,NONE
TRX-20260906-000539-002,TRX-20260906-000539,2,SKU-5003,Sabun Cuci Piring Sunlight 650ml,2,15500.0,31000.0,0.0,False,NONE
TRX-20260906-000539-003,TRX-20260906-000539,3,SKU-5004,Pembersih Lantai Super Pell 770ml,2,14500.0,29000.0,0.0,False,NONE
TRX-20260906-000539-004,TRX-20260906-000539,4,SKU-1011,Sarden ABC Saus Tomat 155g,2,12000.0,24000.0,0.0,False,NONE
TRX-20260906-000539-005,TRX-20260906-000539,5,SKU-1004,Tepung Terigu Segitiga Biru 1kg,2,13500.0,27000.0,0.0,False,NONE
TRX-20260906-000539-006,TRX-20260906-000539,6,SKU-1009,Indomie Kuah Ayam Bawang 69g,2,3400.0,6800.0,0.0,False,NONE
TRX-20260906-000540-001,TRX-20260906-000540,1,SKU-2007,Sari Roti Tawar Spesial,1,16500.0,16500.0,0.0,False,NONE
TRX-20260906-000541-001,TRX-20260906-000541,1,SKU-5003,Sabun Cuci Piring Sunlight 650ml,1,15500.0,15500.0,0.0,False,NONE
TRX-20260906-000541-002,TRX-20260906-000541,2,SKU-1001,Beras Pandan Wangi 5kg,1,78500.0,78500.0,0.0,False,NONE
TRX-20260906-000541-003,TRX-20260906-000541,3,SKU-1003,Gula Pasir Gulaku 1kg,2,17500.0,35000.0,0.0,False,NONE
TRX-20260906-000541-004,TRX-20260906-000541,4,SKU-5002,Pewangi Pakaian Molto All in 1 720ml,5,24000.0,120000.0,0.0,False,NONE
TRX-20260906-000541-005,TRX-20260906-000541,5,SKU-5005,Baygon Obat Nyamuk Semprot 600ml,1,42000.0,42000.0,0.0,False,NONE
TRX-20260906-000541-006,TRX-20260906-000541,6,SKU-1003,Gula Pasir Gulaku 1kg,2,17500.0,35000.0,0.0,False,NONE
TRX-20260906-000541-007,TRX-20260906-000541,7,SKU-1011,Sarden ABC Saus Tomat 155g,5,12000.0,60000.0,0.0,False,NONE
TRX-20260906-000541-008,TRX-20260906-000541,8,SKU-4006,Paseo Facial Tissue 250 Sheets,2,16500.0,33000.0,0.0,False,NONE
TRX-20260906-000541-009,TRX-20260906-000541,9,SKU-4005,Rexona Deodorant Roll On 45ml,3,20500.0,61500.0,0.0,False,NONE
TRX-20260906-000541-010,TRX-20260906-000541,10,SKU-4004,Sikat Gigi Formula Double Action 3s,1,15500.0,15500.0,0.0,False,NONE
TRX-20260906-000541-011,TRX-20260906-000541,11,SKU-1007,Saus Sambal ABC 335ml,1,17500.0,17500.0,0.0,False,NONE
TRX-20260906-000541-012,TRX-20260906-000541,12,SKU-1008,Indomie Goreng Spesial 85g,2,3500.0,7000.0,0.0,False,NONE
TRX-20260906-000541-013,TRX-20260906-000541,13,SKU-3001,Air Mineral Aqua 600ml,1,4000.0,4000.0,0.0,False,NONE
TRX-20260906-000541-014,TRX-20260906-000541,14,SKU-1004,Tepung Terigu Segitiga Biru 1kg,1,13500.0,13500.0,0.0,False,NONE
TRX-20260906-000542-001,TRX-20260906-000542,1,SKU-1001,Beras Pandan Wangi 5kg,5,78500.0,392500.0,0.0,False,NONE
TRX-20260906-000542-002,TRX-20260906-000542,2,SKU-1003,Gula Pasir Gulaku 1kg,2,17500.0,35000.0,0.0,False,NONE
TRX-20260906-000542-003,TRX-20260906-000542,3,SKU-1003,Gula Pasir Gulaku 1kg,2,17500.0,35000.0,0.0,False,NONE
TRX-20260906-000542-004,TRX-20260906-000542,4,SKU-4007,Minyak Telon My Baby 90ml,5,28000.0,140000.0,0.0,False,TYPO_SKU
TRX-20260906-000542-005,TRX-20260906-000542,5,SKU-4001,Sabun Mandi Lifebuoy Total 10 450ml,1,27500.0,27500.0,0.0,False,NONE
TRX-20260906-000542-006,TRX-20260906-000542,6,SKU-4003,Pasta Gigi Pepsodent 190g,2,17000.0,34000.0,0.0,False,NONE
TRX-20260906-000542-007,TRX-20260906-000542,7,SKU-1008,Indomie Goreng Spesial 85g,1,3500.0,3500.0,0.0,False,NONE
TRX-20260906-000542-008,TRX-20260906-000542,8,SKU-2003,Susu Ultra Milk Cokelat 1L,1,21500.0,21500.0,0.0,False,TYPO_SKU
TRX-20260906-000542-009,TRX-20260906-000542,9,SKU-4003,Pasta Gigi Pepsodent 190g,3,17000.0,51000.0,0.0,False,NONE
TRX-20260906-000542-010,TRX-20260906-000542,10,SKU-1012,Kornet Sapi Pronas 198g,3,26000.0,78000.0,0.0,False,NONE
TRX-20260906-000542-011,TRX-20260906-000542,11,SKU-1010,Sedaap Mie Goreng 90g,1,3400.0,3400.0,0.0,False,NONE
TRX-20260906-000542-012,TRX-20260906-000542,12,SKU-1007,Saus Sambal ABC 335ml,2,17500.0,35000.0,0.0,False,NONE
TRX-20260906-000542-013,TRX-20260906-000542,13,SKU-1009,Indomie Kuah Ayam Bawang 69g,1,3400.0,3400.0,0.0,False,NONE
TRX-20260906-000542-014,TRX-20260906-000542,14,SKU-6005,UNKNOWN PRODUCT,1,42000.0,42000.0,0.0,False,TYPO_SKU
TRX-20260906-000542-015,TRX-20260906-000542,15,SKU-4002,Shampoo Sunsilk Black Shine 160ml,2,26000.0,52000.0,0.0,False,NONE
TRX-20260906-000543-001,TRX-20260906-000543,1,SKU-1005,Garam Dapur Cap Kapal 250g,1,5000.0,5000.0,0.0,True,VOID_ITEM
TRX-20260906-000543-002,TRX-20260906-000543,2,SKU-1010,Sedaap Mie Goreng 90g,2,3400.0,6800.0,0.0,False,NONE
TRX-20260906-000543-003,TRX-20260906-000543,3,SKU-3009,Oreo Original Roll 133g,2,11000.0,22000.0,0.0,False,NONE
TRX-20260906-000543-004,TRX-20260906-000543,4,SKU-5003,Sabun Cuci Piring Sunlight 650ml,2,15500.0,31000.0,0.0,False,NONE
TRX-20260906-000543-005,TRX-20260906-000543,5,SKU-2006,Mentega Blue Band 200g,1,12500.0,12500.0,0.0,False,NONE
TRX-20260906-000544-001,TRX-20260906-000544,1,SKU-2004,Yakult Pack isi 5,1,11500.0,11500.0,0.0,False,NONE
TRX-20260906-000545-001,TRX-20260906-000545,1,SKU-3009,Oreo Original Roll 133g,1,11000.0,11000.0,0.0,False,NONE
TRX-20260906-000545-002,TRX-20260906-000545,2,SKU-3007,Chitato Sapi Panggang 68g,1,12500.0,12500.0,0.0,False,NONE
TRX-20260906-000545-003,TRX-20260906-000545,3,SKU-2906,UNKNOWN PRODUCT,1,12500.0,12500.0,0.0,False,TYPO_SKU
TRX-20260906-000546-001,TRX-20260906-000546,1,SKU-3002,Air Mineral Le Minerale 600ml,1,3800.0,3800.0,0.0,False,NONE
TRX-20260906-000547-001,TRX-20260906-000547,1,SKU-3004,Kopi Kapal Api Spesial Mix 10s,1,15500.0,15500.0,0.0,False,NONE
TRX-20260906-000548-001,TRX-20260906-000548,1,SKU-2004,Yakult Pack isi 5,1,11500.0,11500.0,0.0,False,NONE
TRX-20260906-000549-001,TRX-20260906-000549,1,SKU-3002,Air Mineral Le Minerale 600ml,2,3800.0,7600.0,0.0,False,NONE
TRX-20260906-000549-002,TRX-20260906-000549,2,SKU-3008,Taro Net Seaweed 65g,2,9800.0,19600.0,0.0,True,VOID_ITEM
TRX-20260906-000549-003,TRX-20260906-000549,3,SKU-1004,Tepung Terigu Segitiga Biru 1kg,2,13500.0,27000.0,0.0,False,NONE
TRX-20260906-000549-004,TRX-20260906-000549,4,SKU-5004,Pembersih Lantai Super Pell 770ml,1,14500.0,14500.0,0.0,False,NONE
TRX-20260906-000549-005,TRX-20260906-000549,5,SKU-3009,Oreo Original Roll 133g,2,11000.0,22000.0,0.0,False,NONE
TRX-20260906-000549-006,TRX-20260906-000549,6,SKU-2006,Mentega Blue Band 200g,1,12500.0,12500.0,0.0,False,NONE
TRX-20260906-000550-001,TRX-20260906-000550,1,SKU-3002,Air Mineral Le Minerale 600ml,1,3800.0,3800.0,0.0,False,NONE
TRX-20260906-000550-002,TRX-20260906-000550,2,SKU-2005,Keju Kraft Cheddar 165g,1,24000.0,24000.0,0.0,False,NONE
TRX-20260906-000550-003,TRX-20260906-000550,3,SKU-3010,SilverQueen Cokelat Mede 58g,1,17000.0,17000.0,0.0,False,NONE
TRX-20260906-000551-001,TRX-20260906-000551,1,SKU-1011,Sarden ABC Saus Tomat 155g,2,12000.0,24000.0,0.0,False,NONE
TRX-20260906-000551-002,TRX-20260906-000551,2,SKU-1109,UNKNOWN PRODUCT,1,3400.0,3400.0,0.0,False,TYPO_SKU
TRX-20260906-000551-003,TRX-20260906-000551,3,SKU-2006,Mentega Blue Band 200g,2,12500.0,25000.0,0.0,False,NONE
TRX-20260906-000551-004,TRX-20260906-000551,4,SKU-3006,Coca Cola 390ml,1,7500.0,7500.0,0.0,False,NONE
TRX-20260906-000551-005,TRX-20260906-000551,5,SKU-5003,Sabun Cuci Piring Sunlight 650ml,2,15500.0,31000.0,0.0,False,NONE
TRX-20260906-000551-006,TRX-20260906-000551,6,SKU-5004,Pembersih Lantai Super Pell 770ml,2,14500.0,29000.0,0.0,False,NONE
TRX-20260906-000551-007,TRX-20260906-000551,7,SKU-1008,Indomie Goreng Spesial 85g,2,3500.0,7000.0,0.0,False,NONE
TRX-20260906-000552-001,TRX-20260906-000552,1,SKU-1009,Indomie Kuah Ayam Bawang 69g,1,3400.0,3400.0,0.0,False,NONE
TRX-20260906-000552-002,TRX-20260906-000552,2,SKU-3001,Air Mineral Aqua 600ml,1,4000.0,4000.0,0.0,False,NONE
TRX-20260906-000552-003,TRX-20260906-000552,3,SKU-1001,Beras Pandan Wangi 5kg,1,78500.0,78500.0,0.0,False,NONE
TRX-20260906-000552-004,TRX-20260906-000552,4,SKU-1003,Gula Pasir Gulaku 1kg,2,17500.0,35000.0,0.0,False,NONE
TRX-20260906-000552-005,TRX-20260906-000552,5,SKU-1004,Tepung Terigu Segitiga Biru 1kg,2,13500.0,27000.0,0.0,False,NONE
TRX-20260906-000552-006,TRX-20260906-000552,6,SKU-4001,Sabun Mandi Lifebuoy Total 10 450ml,5,27500.0,137500.0,0.0,False,NONE
TRX-20260906-000552-007,TRX-20260906-000552,7,SKU-4002,Shampoo Sunsilk Black Shine 160ml,2,26000.0,52000.0,0.0,False,NONE
TRX-20260906-000552-008,TRX-20260906-000552,8,SKU-4004,Sikat Gigi Formula Double Action 3s,2,15500.0,31000.0,0.0,False,NONE
TRX-20260906-000552-009,TRX-20260906-000552,9,SKU-5004,Pembersih Lantai Super Pell 770ml,2,14500.0,29000.0,0.0,False,NONE
TRX-20260906-000552-010,TRX-20260906-000552,10,SKU-5001,Deterjen Rinso Anti Noda 770g,3,23000.0,69000.0,0.0,False,NONE
TRX-20260906-000552-011,TRX-20260906-000552,11,SKU-5002,Pewangi Pakaian Molto All in 1 720ml,2,24000.0,48000.0,0.0,False,NONE
TRX-20260906-000552-012,TRX-20260906-000552,12,SKU-4006,Paseo Facial Tissue 250 Sheets,3,16500.0,49500.0,0.0,False,NONE
TRX-20260906-000552-013,TRX-20260906-000552,13,SKU-4003,Pasta Gigi Pepsodent 190g,1,17000.0,17000.0,0.0,False,NONE
TRX-20260906-000552-014,TRX-20260906-000552,14,SKU-5005,Baygon Obat Nyamuk Semprot 600ml,1,42000.0,42000.0,0.0,False,NONE
TRX-20260906-000552-015,TRX-20260906-000552,15,SKU-1005,Garam Dapur Cap Kapal 250g,1,5000.0,5000.0,0.0,False,NONE
TRX-20260906-000552-016,TRX-20260906-000552,16,SKU-4002,Shampoo Sunsilk Black Shine 160ml,1,26000.0,26000.0,0.0,False,NONE
TRX-20260906-000552-017,TRX-20260906-000552,17,SKU-1006,Kecap Manis Bango 520ml,1,25500.0,25500.0,0.0,False,NONE
TRX-20260906-000552-018,TRX-20260906-000552,18,SKU-1011,Sarden ABC Saus Tomat 155g,2,12000.0,24000.0,0.0,False,NONE
TRX-20260906-000552-019,TRX-20260906-000552,19,SKU-4007,Minyak Telon My Baby 90ml,5,28000.0,140000.0,0.0,False,NONE
TRX-20260906-000552-020,TRX-20260906-000552,20,SKU-5003,Sabun Cuci Piring Sunlight 650ml,1,15500.0,15500.0,0.0,False,NONE
TRX-20260906-000552-021,TRX-20260906-000552,21,SKU-1007,Saus Sambal ABC 335ml,2,17500.0,35000.0,0.0,False,NONE
TRX-20260906-000553-001,TRX-20260906-000553,1,SKU-5002,Pewangi Pakaian Molto All in 1 720ml,1,24000.0,24000.0,0.0,False,NONE
TRX-20260906-000553-002,TRX-20260906-000553,2,SKU-1010,Sedaap Mie Goreng 90g,1,3400.0,3400.0,0.0,False,NONE
TRX-20260906-000553-003,TRX-20260906-000553,3,SKU-1008,Indomie Goreng Spesial 85g,1,3500.0,3500.0,0.0,False,NONE
TRX-20260906-000553-004,TRX-20260906-000553,4,SKU-1009,Indomie Kuah Ayam Bawang 69g,1,3400.0,3400.0,0.0,False,NONE
TRX-20260906-000553-005,TRX-20260906-000553,5,SKU-3007,Chitato Sapi Panggang 68g,2,12500.0,25000.0,0.0,False,NONE
TRX-20260906-000553-006,TRX-20260906-000553,6,SKU-3001,Air Mineral Aqua 600ml,2,4000.0,8000.0,0.0,False,NONE
TRX-20260906-000553-007,TRX-20260906-000553,7,SKU-3008,Taro Net Seaweed 65g,1,9800.0,9800.0,0.0,False,NONE
TRX-20260906-000554-001,TRX-20260906-000554,1,SKU-3003,Teh Pucuk Harum 350ml,2,4500.0,9000.0,0.0,False,NONE
TRX-20260906-000554-002,TRX-20260906-000554,2,SKU-5003,Sabun Cuci Piring Sunlight 650ml,2,15500.0,31000.0,0.0,False,NONE
TRX-20260906-000554-003,TRX-20260906-000554,3,SKU-1008,Indomie Goreng Spesial 85g,1,3500.0,3500.0,0.0,False,NONE
TRX-20260906-000554-004,TRX-20260906-000554,4,SKU-2004,Yakult Pack isi 5,2,11500.0,23000.0,0.0,True,VOID_ITEM
TRX-20260906-000555-001,TRX-20260906-000555,1,SKU-1009,Indomie Kuah Ayam Bawang 69g,2,3400.0,6800.0,0.0,False,NONE
TRX-20260906-000555-002,TRX-20260906-000555,2,SKU-5003,Sabun Cuci Piring Sunlight 650ml,2,15500.0,31000.0,0.0,False,NONE
TRX-20260906-000555-003,TRX-20260906-000555,3,SKU-3003,Teh Pucuk Harum 350ml,1,4500.0,4500.0,0.0,False,NONE
TRX-20260906-000555-004,TRX-20260906-000555,4,SKU-3006,Coca Cola 390ml,2,7500.0,15000.0,0.0,False,NONE
TRX-20260906-000556-001,TRX-20260906-000556,1,SKU-5004,Pembersih Lantai Super Pell 770ml,2,14500.0,29000.0,0.0,False,NONE
TRX-20260906-000556-002,TRX-20260906-000556,2,SKU-1003,Gula Pasir Gulaku 1kg,1,17500.0,17500.0,0.0,False,NONE
TRX-20260906-000556-003,TRX-20260906-000556,3,SKU-4007,Minyak Telon My Baby 90ml,1,28000.0,28000.0,0.0,False,NONE
TRX-20260906-000556-004,TRX-20260906-000556,4,SKU-1002,Minyak Goreng Bimoli 2L,2,37500.0,75000.0,0.0,False,NONE
TRX-20260906-000556-005,TRX-20260906-000556,5,SKU-1006,Kecap Manis Bango 520ml,2,25500.0,51000.0,0.0,False,NONE
TRX-20260906-000556-006,TRX-20260906-000556,6,SKU-4001,Sabun Mandi Lifebuoy Total 10 450ml,2,27500.0,55000.0,0.0,False,NONE
TRX-20260906-000556-007,TRX-20260906-000556,7,SKU-4002,Shampoo Sunsilk Black Shine 160ml,2,26000.0,52000.0,0.0,False,NONE
TRX-20260906-000556-008,TRX-20260906-000556,8,SKU-1010,Sedaap Mie Goreng 90g,1,3400.0,3400.0,0.0,False,NONE
TRX-20260906-000556-009,TRX-20260906-000556,9,SKU-2001,Telur Ayam Negeri 1kg,1,31000.0,31000.0,0.0,False,NONE
TRX-20260906-000556-010,TRX-20260906-000556,10,SKU-4004,Sikat Gigi Formula Double Action 3s,5,15500.0,77500.0,0.0,False,NONE
TRX-20260906-000556-011,TRX-20260906-000556,11,SKU-1008,Indomie Goreng Spesial 85g,1,3500.0,3500.0,0.0,False,NONE
TRX-20260906-000556-012,TRX-20260906-000556,12,SKU-3001,Air Mineral Aqua 600ml,2,4000.0,8000.0,0.0,False,NONE
TRX-20260906-000556-013,TRX-20260906-000556,13,SKU-5001,Deterjen Rinso Anti Noda 770g,1,23000.0,23000.0,0.0,False,NONE
TRX-20260906-000556-014,TRX-20260906-000556,14,SKU-5002,Pewangi Pakaian Molto All in 1 720ml,2,24000.0,48000.0,0.0,False,NONE
TRX-20260906-000556-015,TRX-20260906-000556,15,SKU-5002,Pewangi Pakaian Molto All in 1 720ml,1,24000.0,24000.0,0.0,False,NONE
TRX-20260906-000556-016,TRX-20260906-000556,16,SKU-1012,Kornet Sapi Pronas 198g,3,26000.0,78000.0,0.0,False,NONE
TRX-20260906-000556-017,TRX-20260906-000556,17,SKU-1010,Sedaap Mie Goreng 90g,2,3400.0,6800.0,0.0,True,VOID_ITEM
TRX-20260906-000556-018,TRX-20260906-000556,18,SKU-5013,UNKNOWN PRODUCT,1,15500.0,15500.0,0.0,False,TYPO_SKU
TRX-20260906-000556-019,TRX-20260906-000556,19,SKU-4003,Pasta Gigi Pepsodent 190g,2,17000.0,34000.0,0.0,False,NONE
TRX-20260906-000556-020,TRX-20260906-000556,20,SKU-1001,Beras Pandan Wangi 5kg,2,78500.0,157000.0,0.0,False,NONE
TRX-20260906-000556-021,TRX-20260906-000556,21,SKU-1006,Kecap Manis Bango 520ml,3,25500.0,76500.0,0.0,False,NONE
TRX-20260906-000557-001,TRX-20260906-000557,1,SKU-2006,Mentega Blue Band 200g,1,12500.0,12500.0,0.0,False,NONE
TRX-20260906-000557-002,TRX-20260906-000557,2,SKU-3001,Air Mineral Aqua 600ml,1,4000.0,4000.0,0.0,False,NONE
TRX-20260906-000557-003,TRX-20260906-000557,3,SKU-2008,Sari Roti Sobek Cokelat,1,19500.0,19500.0,0.0,False,NONE
TRX-20260906-000558-001,TRX-20260906-000558,1,SKU-1008,Indomie Goreng Spesial 85g,2,3500.0,7000.0,0.0,False,NONE
TRX-20260906-000558-002,TRX-20260906-000558,2,SKU-2004,Yakult Pack isi 5,1,11500.0,11500.0,0.0,False,NONE
TRX-20260906-000558-003,TRX-20260906-000558,3,SKU-1009,Indomie Kuah Ayam Bawang 69g,1,3400.0,3400.0,0.0,False,NONE
TRX-20260906-000558-004,TRX-20260906-000558,4,SKU-5003,Sabun Cuci Piring Sunlight 650ml,1,15500.0,15500.0,0.0,False,NONE
TRX-20260906-000558-005,TRX-20260906-000558,5,SKU-3009,Oreo Original Roll 133g,2,11000.0,22000.0,0.0,False,NONE
TRX-20260906-000558-006,TRX-20260906-000558,6,SKU-3002,Air Mineral Le Minerale 600ml,2,3800.0,7600.0,0.0,False,NONE
TRX-20260906-000558-007,TRX-20260906-000558,7,SKU-3003,Teh Pucuk Harum 350ml,2,4500.0,9000.0,0.0,False,NONE
TRX-20260906-000558-008,TRX-20260906-000558,8,SKU-2006,Mentega Blue Band 200g,2,12500.0,25000.0,0.0,False,NONE
TRX-20260906-000558-009,TRX-20260906-000558,9,SKU-5004,Pembersih Lantai Super Pell 770ml,2,14500.0,29000.0,0.0,False,NONE
TRX-20260906-000559-001,TRX-20260906-000559,1,SKU-4004,Sikat Gigi Formula Double Action 3s,1,15500.0,15500.0,0.0,False,NONE
TRX-20260906-000559-002,TRX-20260906-000559,2,SKU-2007,Sari Roti Tawar Spesial,1,16500.0,16500.0,0.0,False,NONE
TRX-20260906-000559-003,TRX-20260906-000559,3,SKU-3008,Taro Net Seaweed 65g,2,9800.0,19600.0,0.0,False,NONE
TRX-20260906-000559-004,TRX-20260906-000559,4,SKU-3003,Teh Pucuk Harum 350ml,1,4500.0,4500.0,0.0,False,NONE
TRX-20260906-000560-001,TRX-20260906-000560,1,SKU-1009,Indomie Kuah Ayam Bawang 69g,2,3400.0,6800.0,0.0,False,NONE
TRX-20260906-000560-002,TRX-20260906-000560,2,SKU-3004,Kopi Kapal Api Spesial Mix 10s,1,15500.0,15500.0,0.0,False,NONE
TRX-20260906-000560-003,TRX-20260906-000560,3,SKU-3008,Taro Net Seaweed 65g,2,9800.0,19600.0,0.0,False,NONE
TRX-20260906-000560-004,TRX-20260906-000560,4,SKU-3003,Teh Pucuk Harum 350ml,1,4500.0,4500.0,0.0,False,NONE
TRX-20260906-000560-005,TRX-20260906-000560,5,SKU-5003,Sabun Cuci Piring Sunlight 650ml,2,15500.0,31000.0,0.0,False,NONE
TRX-20260906-000561-001,TRX-20260906-000561,1,SKU-3009,Oreo Original Roll 133g,1,11000.0,11000.0,0.0,False,NONE
TRX-20260906-000561-002,TRX-20260906-000561,2,SKU-2001,Telur Ayam Negeri 1kg,1,31000.0,31000.0,0.0,False,NONE
TRX-20260906-000562-001,TRX-20260906-000562,1,SKU-3001,Air Mineral Aqua 600ml,1,4000.0,4000.0,0.0,False,NONE
TRX-20260906-000562-002,TRX-20260906-000562,2,SKU-3004,Kopi Kapal Api Spesial Mix 10s,1,15500.0,15500.0,0.0,False,NONE
TRX-20260906-000562-003,TRX-20260906-000562,3,SKU-2003,Susu Ultra Milk Cokelat 1L,1,21500.0,21500.0,0.0,False,NONE
TRX-20260906-000563-001,TRX-20260906-000563,1,SKU-4004,Sikat Gigi Formula Double Action 3s,2,15500.0,31000.0,0.0,False,NONE
TRX-20260906-000563-002,TRX-20260906-000563,2,SKU-2006,Mentega Blue Band 200g,1,12500.0,12500.0,0.0,False,NONE
TRX-20260906-000563-003,TRX-20260906-000563,3,SKU-2004,Yakult Pack isi 5,1,11500.0,11500.0,0.0,False,NONE
TRX-20260906-000563-004,TRX-20260906-000563,4,SKU-1005,Garam Dapur Cap Kapal 250g,1,5000.0,5000.0,0.0,True,VOID_ITEM
TRX-20260906-000563-005,TRX-20260906-000563,5,SKU-1010,Sedaap Mie Goreng 90g,1,3400.0,3400.0,0.0,False,NONE
TRX-20260906-000563-006,TRX-20260906-000563,6,SKU-3004,Kopi Kapal Api Spesial Mix 10s,1,15500.0,15500.0,0.0,False,NONE
TRX-20260906-000563-007,TRX-20260906-000563,7,SKU-1004,Tepung Terigu Segitiga Biru 1kg,2,13500.0,27000.0,0.0,False,NONE
TRX-20260906-000563-008,TRX-20260906-000563,8,SKU-3009,Oreo Original Roll 133g,1,11000.0,11000.0,0.0,False,NONE
TRX-20260906-000563-009,TRX-20260906-000563,9,SKU-1008,Indomie Goreng Spesial 85g,2,3500.0,7000.0,0.0,False,NONE
TRX-20260906-000564-001,TRX-20260906-000564,1,SKU-1001,Beras Pandan Wangi 5kg,2,78500.0,157000.0,0.0,False,NONE
TRX-20260906-000564-002,TRX-20260906-000564,2,SKU-1002,Minyak Goreng Bimoli 2L,2,37500.0,75000.0,0.0,False,NONE
TRX-20260906-000564-003,TRX-20260906-000564,3,SKU-4007,Minyak Telon My Baby 90ml,2,28000.0,56000.0,0.0,False,NONE
TRX-20260906-000564-004,TRX-20260906-000564,4,SKU-1008,Indomie Goreng Spesial 85g,1,3500.0,3500.0,0.0,False,NONE
TRX-20260906-000564-005,TRX-20260906-000564,5,SKU-2001,Telur Ayam Negeri 1kg,1,31000.0,31000.0,0.0,False,NONE
TRX-20260906-000564-006,TRX-20260906-000564,6,SKU-4002,Shampoo Sunsilk Black Shine 160ml,2,26000.0,52000.0,0.0,False,NONE
TRX-20260906-000564-007,TRX-20260906-000564,7,SKU-4003,Pasta Gigi Pepsodent 190g,1,17000.0,17000.0,0.0,False,NONE
TRX-20260906-000564-008,TRX-20260906-000564,8,SKU-5005,Baygon Obat Nyamuk Semprot 600ml,3,42000.0,126000.0,0.0,False,NONE
TRX-20260906-000564-009,TRX-20260906-000564,9,SKU-5006,Baterai ABC Alkaline AA 4s,1,21000.0,21000.0,0.0,False,NONE
TRX-20260906-000564-010,TRX-20260906-000564,10,SKU-1005,Garam Dapur Cap Kapal 250g,1,5000.0,5000.0,0.0,False,NONE
TRX-20260906-000564-011,TRX-20260906-000564,11,SKU-1009,Indomie Kuah Ayam Bawang 69g,3,3400.0,10200.0,0.0,False,NONE
TRX-20260906-000564-012,TRX-20260906-000564,12,SKU-4005,Rexona Deodorant Roll On 45ml,3,20500.0,61500.0,0.0,False,NONE
TRX-20260906-000564-013,TRX-20260906-000564,13,SKU-1007,Saus Sambal ABC 335ml,1,17500.0,17500.0,0.0,False,NONE
TRX-20260906-000564-014,TRX-20260906-000564,14,SKU-5004,Pembersih Lantai Super Pell 770ml,1,14500.0,14500.0,0.0,False,NONE
TRX-20260906-000564-015,TRX-20260906-000564,15,SKU-1011,Sarden ABC Saus Tomat 155g,1,12000.0,12000.0,0.0,False,NONE
TRX-20260906-000564-016,TRX-20260906-000564,16,SKU-5003,Sabun Cuci Piring Sunlight 650ml,3,15500.0,46500.0,0.0,False,NONE
TRX-20260906-000564-017,TRX-20260906-000564,17,SKU-4006,Paseo Facial Tissue 250 Sheets,1,16500.0,16500.0,0.0,False,NONE
TRX-20260906-000564-018,TRX-20260906-000564,18,SKU-5001,Deterjen Rinso Anti Noda 770g,1,23000.0,23000.0,0.0,True,VOID_ITEM
TRX-20260906-000565-001,TRX-20260906-000565,1,SKU-1004,Tepung Terigu Segitiga Biru 1kg,2,13500.0,27000.0,0.0,False,NONE
TRX-20260906-000565-002,TRX-20260906-000565,2,SKU-1095,UNKNOWN PRODUCT,2,5000.0,10000.0,0.0,False,TYPO_SKU
TRX-20260906-000565-003,TRX-20260906-000565,3,SKU-1010,Sedaap Mie Goreng 90g,1,3400.0,3400.0,0.0,False,NONE
TRX-20260906-000565-004,TRX-20260906-000565,4,SKU-5004,Pembersih Lantai Super Pell 770ml,1,14500.0,14500.0,0.0,False,NONE
TRX-20260906-000565-005,TRX-20260906-000565,5,SKU-4104,UNKNOWN PRODUCT,2,15500.0,31000.0,0.0,False,TYPO_SKU
TRX-20260906-000565-006,TRX-20260906-000565,6,SKU-1009,Indomie Kuah Ayam Bawang 69g,1,3400.0,3400.0,0.0,True,VOID_ITEM
TRX-20260906-000565-007,TRX-20260906-000565,7,SKU-3009,Oreo Original Roll 133g,2,11000.0,22000.0,0.0,False,NONE
TRX-20260906-000566-001,TRX-20260906-000566,1,SKU-3003,Teh Pucuk Harum 350ml,1,4500.0,4500.0,0.0,False,NONE
TRX-20260906-000566-002,TRX-20260906-000566,2,SKU-3002,Air Mineral Le Minerale 600ml,1,3800.0,3800.0,0.0,True,VOID_ITEM
TRX-20260906-000566-003,TRX-20260906-000566,3,SKU-3030,UNKNOWN PRODUCT,1,17000.0,17000.0,0.0,False,TYPO_SKU
TRX-20260906-000567-001,TRX-20260906-000567,1,SKU-2002,Susu Ultra Milk Full Cream 1L,1,21500.0,21500.0,0.0,False,NONE
TRX-20260906-000568-001,TRX-20260906-000568,1,SKU-3008,Taro Net Seaweed 65g,1,9800.0,9800.0,0.0,False,NONE
TRX-20260906-000568-002,TRX-20260906-000568,2,SKU-2022,UNKNOWN PRODUCT,1,21500.0,21500.0,0.0,False,TYPO_SKU
TRX-20260906-000568-003,TRX-20260906-000568,3,SKU-3003,Teh Pucuk Harum 350ml,1,4500.0,4500.0,0.0,False,NONE
TRX-20260906-000569-001,TRX-20260906-000569,1,SKU-4004,Sikat Gigi Formula Double Action 3s,2,15500.0,31000.0,0.0,False,NONE
TRX-20260906-000569-002,TRX-20260906-000569,2,SKU-5006,Baterai ABC Alkaline AA 4s,2,21000.0,42000.0,0.0,False,NONE
TRX-20260906-000569-003,TRX-20260906-000569,3,SKU-1004,Tepung Terigu Segitiga Biru 1kg,1,13500.0,13500.0,0.0,False,NONE
TRX-20260906-000569-004,TRX-20260906-000569,4,SKU-1009,Indomie Kuah Ayam Bawang 69g,5,3400.0,17000.0,0.0,False,NONE
TRX-20260906-000569-005,TRX-20260906-000569,5,SKU-3001,Air Mineral Aqua 600ml,1,4000.0,4000.0,0.0,False,TYPO_SKU
TRX-20260906-000569-006,TRX-20260906-000569,6,SKU-5002,Pewangi Pakaian Molto All in 1 720ml,5,24000.0,120000.0,0.0,False,NONE
TRX-20260906-000569-007,TRX-20260906-000569,7,SKU-5001,Deterjen Rinso Anti Noda 770g,3,23000.0,69000.0,0.0,False,NONE
TRX-20260906-000569-008,TRX-20260906-000569,8,SKU-1010,Sedaap Mie Goreng 90g,1,3400.0,3400.0,0.0,False,NONE
TRX-20260906-000569-009,TRX-20260906-000569,9,SKU-1005,Garam Dapur Cap Kapal 250g,2,5000.0,10000.0,0.0,False,NONE
TRX-20260906-000570-001,TRX-20260906-000570,1,SKU-2007,Sari Roti Tawar Spesial,1,16500.0,16500.0,0.0,False,NONE
TRX-20260906-000570-002,TRX-20260906-000570,2,SKU-3010,SilverQueen Cokelat Mede 58g,1,17000.0,17000.0,0.0,False,NONE
TRX-20260906-000571-001,TRX-20260906-000571,1,SKU-3007,Chitato Sapi Panggang 68g,2,12500.0,25000.0,0.0,True,VOID_ITEM
TRX-20260906-000571-002,TRX-20260906-000571,2,SKU-1008,Indomie Goreng Spesial 85g,2,3500.0,7000.0,0.0,False,NONE
TRX-20260906-000571-003,TRX-20260906-000571,3,SKU-1011,Sarden ABC Saus Tomat 155g,1,12000.0,12000.0,0.0,False,NONE
TRX-20260906-000571-004,TRX-20260906-000571,4,SKU-1009,Indomie Kuah Ayam Bawang 69g,2,3400.0,6800.0,0.0,False,NONE
TRX-20260906-000571-005,TRX-20260906-000571,5,SKU-1004,Tepung Terigu Segitiga Biru 1kg,2,13500.0,27000.0,0.0,False,NONE
TRX-20260906-000572-001,TRX-20260906-000572,1,SKU-2006,Mentega Blue Band 200g,1,12500.0,12500.0,0.0,False,NONE
TRX-20260906-000572-002,TRX-20260906-000572,2,SKU-1008,Indomie Goreng Spesial 85g,1,3500.0,3500.0,0.0,False,NONE
TRX-20260906-000572-003,TRX-20260906-000572,3,SKU-1005,Garam Dapur Cap Kapal 250g,1,5000.0,5000.0,0.0,False,NONE
TRX-20260906-000572-004,TRX-20260906-000572,4,SKU-3008,Taro Net Seaweed 65g,1,9800.0,9800.0,0.0,True,VOID_ITEM
TRX-20260906-000572-005,TRX-20260906-000572,5,SKU-3005,Good Day Moccacino 250ml,2,8000.0,16000.0,0.0,False,NONE
TRX-20260906-000572-006,TRX-20260906-000572,6,SKU-3009,Oreo Original Roll 133g,1,11000.0,11000.0,0.0,False,NONE
TRX-20260906-000572-007,TRX-20260906-000572,7,SKU-4007,Minyak Telon My Baby 90ml,1,28000.0,28000.0,0.0,False,TYPO_SKU
TRX-20260906-000572-008,TRX-20260906-000572,8,SKU-3002,Air Mineral Le Minerale 600ml,1,3800.0,3800.0,0.0,False,NONE
TRX-20260906-000572-009,TRX-20260906-000572,9,SKU-3006,Coca Cola 390ml,2,7500.0,15000.0,0.0,False,NONE
TRX-20260906-000573-001,TRX-20260906-000573,1,SKU-4006,Paseo Facial Tissue 250 Sheets,1,16500.0,16500.0,0.0,False,NONE
TRX-20260906-000573-002,TRX-20260906-000573,2,SKU-3002,Air Mineral Le Minerale 600ml,1,3800.0,3800.0,0.0,False,NONE
TRX-20260906-000573-003,TRX-20260906-000573,3,SKU-4001,Sabun Mandi Lifebuoy Total 10 450ml,1,27500.0,27500.0,0.0,False,NONE
TRX-20260906-000573-004,TRX-20260906-000573,4,SKU-3007,Chitato Sapi Panggang 68g,2,12500.0,25000.0,0.0,False,NONE
TRX-20260906-000573-005,TRX-20260906-000573,5,SKU-3002,Air Mineral Le Minerale 600ml,2,3800.0,7600.0,0.0,False,NONE
TRX-20260906-000573-006,TRX-20260906-000573,6,SKU-3004,Kopi Kapal Api Spesial Mix 10s,1,15500.0,15500.0,0.0,False,NONE
TRX-20260906-000574-001,TRX-20260906-000574,1,SKU-3002,Air Mineral Le Minerale 600ml,1,3800.0,3800.0,0.0,False,NONE
TRX-20260906-000574-002,TRX-20260906-000574,2,SKU-3003,Teh Pucuk Harum 350ml,1,4500.0,4500.0,0.0,False,NONE
TRX-20260906-000575-001,TRX-20260906-000575,1,SKU-5002,Pewangi Pakaian Molto All in 1 720ml,1,24000.0,24000.0,0.0,False,NONE
TRX-20260906-000575-002,TRX-20260906-000575,2,SKU-4006,Paseo Facial Tissue 250 Sheets,2,16500.0,33000.0,0.0,False,NONE
TRX-20260906-000575-003,TRX-20260906-000575,3,SKU-1011,Sarden ABC Saus Tomat 155g,1,12000.0,12000.0,0.0,False,NONE
TRX-20260906-000575-004,TRX-20260906-000575,4,SKU-1008,Indomie Goreng Spesial 85g,1,3500.0,3500.0,0.0,False,NONE
TRX-20260906-000575-005,TRX-20260906-000575,5,SKU-3001,Air Mineral Aqua 600ml,1,4000.0,4000.0,0.0,False,NONE
TRX-20260906-000575-006,TRX-20260906-000575,6,SKU-4007,Minyak Telon My Baby 90ml,1,28000.0,28000.0,0.0,False,NONE
TRX-20260906-000575-007,TRX-20260906-000575,7,SKU-1004,Tepung Terigu Segitiga Biru 1kg,1,13500.0,13500.0,0.0,False,NONE
TRX-20260906-000575-008,TRX-20260906-000575,8,SKU-1007,Saus Sambal ABC 335ml,5,17500.0,87500.0,0.0,False,NONE
TRX-20260906-000575-009,TRX-20260906-000575,9,SKU-5004,Pembersih Lantai Super Pell 770ml,3,14500.0,43500.0,0.0,False,NONE
TRX-20260906-000575-010,TRX-20260906-000575,10,SKU-1002,Minyak Goreng Bimoli 2L,2,37500.0,75000.0,0.0,False,NONE
TRX-20260906-000575-011,TRX-20260906-000575,11,SKU-5001,Deterjen Rinso Anti Noda 770g,1,23000.0,23000.0,0.0,False,NONE
TRX-20260906-000575-012,TRX-20260906-000575,12,SKU-1005,Garam Dapur Cap Kapal 250g,1,5000.0,5000.0,0.0,False,NONE
TRX-20260906-000575-013,TRX-20260906-000575,13,SKU-1012,Kornet Sapi Pronas 198g,1,26000.0,26000.0,0.0,False,NONE
TRX-20260906-000575-014,TRX-20260906-000575,14,SKU-4001,Sabun Mandi Lifebuoy Total 10 450ml,1,27500.0,27500.0,0.0,False,NONE
TRX-20260906-000575-015,TRX-20260906-000575,15,SKU-4202,UNKNOWN PRODUCT,2,26000.0,52000.0,0.0,False,TYPO_SKU
TRX-20260906-000575-016,TRX-20260906-000575,16,SKU-5005,Baygon Obat Nyamuk Semprot 600ml,2,42000.0,84000.0,0.0,False,NONE
TRX-20260906-000575-017,TRX-20260906-000575,17,SKU-1006,Kecap Manis Bango 520ml,2,25500.0,51000.0,0.0,False,NONE
TRX-20260906-000575-018,TRX-20260906-000575,18,SKU-1009,Indomie Kuah Ayam Bawang 69g,1,3400.0,3400.0,0.0,False,NONE
TRX-20260906-000575-019,TRX-20260906-000575,19,SKU-5006,Baterai ABC Alkaline AA 4s,2,21000.0,42000.0,0.0,False,NONE
TRX-20260906-000576-001,TRX-20260906-000576,1,SKU-5003,Sabun Cuci Piring Sunlight 650ml,2,15500.0,31000.0,0.0,False,NONE
TRX-20260906-000576-002,TRX-20260906-000576,2,SKU-1004,Tepung Terigu Segitiga Biru 1kg,2,13500.0,27000.0,0.0,False,NONE
TRX-20260906-000576-003,TRX-20260906-000576,3,SKU-1011,Sarden ABC Saus Tomat 155g,1,12000.0,12000.0,0.0,False,NONE
TRX-20260906-000576-004,TRX-20260906-000576,4,SKU-3003,Teh Pucuk Harum 350ml,1,4500.0,4500.0,0.0,False,NONE
TRX-20260906-000576-005,TRX-20260906-000576,5,SKU-3006,Coca Cola 390ml,1,7500.0,7500.0,0.0,False,NONE
TRX-20260906-000577-001,TRX-20260906-000577,1,SKU-1002,Minyak Goreng Bimoli 2L,5,37500.0,187500.0,0.0,False,NONE
TRX-20260906-000577-002,TRX-20260906-000577,2,SKU-1004,Tepung Terigu Segitiga Biru 1kg,1,13500.0,13500.0,0.0,True,VOID_ITEM
TRX-20260906-000577-003,TRX-20260906-000577,3,SKU-4006,Paseo Facial Tissue 250 Sheets,1,16500.0,16500.0,0.0,False,NONE
TRX-20260906-000577-004,TRX-20260906-000577,4,SKU-1007,Saus Sambal ABC 335ml,1,17500.0,17500.0,0.0,False,NONE
TRX-20260906-000577-005,TRX-20260906-000577,5,SKU-1003,Gula Pasir Gulaku 1kg,2,17500.0,35000.0,0.0,False,NONE
TRX-20260906-000577-006,TRX-20260906-000577,6,SKU-4001,Sabun Mandi Lifebuoy Total 10 450ml,2,27500.0,55000.0,0.0,False,NONE
TRX-20260906-000577-007,TRX-20260906-000577,7,SKU-4003,Pasta Gigi Pepsodent 190g,2,17000.0,34000.0,0.0,False,NONE
TRX-20260906-000577-008,TRX-20260906-000577,8,SKU-5002,Pewangi Pakaian Molto All in 1 720ml,2,24000.0,48000.0,0.0,False,NONE
TRX-20260906-000577-009,TRX-20260906-000577,9,SKU-1005,Garam Dapur Cap Kapal 250g,2,5000.0,10000.0,0.0,False,NONE
TRX-20260906-000577-010,TRX-20260906-000577,10,SKU-5003,Sabun Cuci Piring Sunlight 650ml,1,15500.0,15500.0,0.0,False,NONE
TRX-20260906-000577-011,TRX-20260906-000577,11,SKU-5001,Deterjen Rinso Anti Noda 770g,1,23000.0,23000.0,0.0,False,NONE
TRX-20260906-000577-012,TRX-20260906-000577,12,SKU-5006,Baterai ABC Alkaline AA 4s,1,21000.0,21000.0,0.0,False,NONE
TRX-20260906-000577-013,TRX-20260906-000577,13,SKU-1001,Beras Pandan Wangi 5kg,1,78500.0,78500.0,0.0,False,NONE
TRX-20260906-000577-014,TRX-20260906-000577,14,SKU-5005,Baygon Obat Nyamuk Semprot 600ml,1,42000.0,42000.0,0.0,False,NONE
TRX-20260906-000577-015,TRX-20260906-000577,15,SKU-1004,Tepung Terigu Segitiga Biru 1kg,2,13500.0,27000.0,0.0,False,NONE
TRX-20260906-000577-016,TRX-20260906-000577,16,SKU-1006,Kecap Manis Bango 520ml,1,25500.0,25500.0,0.0,False,NONE
TRX-20260906-000577-017,TRX-20260906-000577,17,SKU-1012,Kornet Sapi Pronas 198g,3,26000.0,78000.0,0.0,False,NONE
TRX-20260906-000577-018,TRX-20260906-000577,18,SKU-1000,UNKNOWN PRODUCT,2,3400.0,6800.0,0.0,False,TYPO_SKU
TRX-20260906-000577-019,TRX-20260906-000577,19,SKU-4004,Sikat Gigi Formula Double Action 3s,1,15500.0,15500.0,0.0,False,NONE
TRX-20260906-000578-001,TRX-20260906-000578,1,SKU-1010,Sedaap Mie Goreng 90g,1,3400.0,3400.0,0.0,False,NONE
TRX-20260906-000578-002,TRX-20260906-000578,2,SKU-2008,Sari Roti Sobek Cokelat,1,19500.0,19500.0,0.0,False,NONE
TRX-20260906-000578-003,TRX-20260906-000578,3,SKU-3002,Air Mineral Le Minerale 600ml,1,3800.0,3800.0,0.0,False,NONE
TRX-20260906-000579-001,TRX-20260906-000579,1,SKU-1002,Minyak Goreng Bimoli 2L,3,37500.0,112500.0,0.0,False,NONE
TRX-20260906-000579-002,TRX-20260906-000579,2,SKU-1011,Sarden ABC Saus Tomat 155g,2,12000.0,24000.0,0.0,False,TYPO_SKU
TRX-20260906-000579-003,TRX-20260906-000579,3,SKU-5002,Pewangi Pakaian Molto All in 1 720ml,1,24000.0,24000.0,0.0,False,NONE
TRX-20260906-000579-004,TRX-20260906-000579,4,SKU-1006,Kecap Manis Bango 520ml,3,25500.0,76500.0,0.0,False,NONE
TRX-20260906-000579-005,TRX-20260906-000579,5,SKU-4001,Sabun Mandi Lifebuoy Total 10 450ml,2,27500.0,55000.0,0.0,False,NONE
TRX-20260906-000579-006,TRX-20260906-000579,6,SKU-1003,Gula Pasir Gulaku 1kg,3,17500.0,52500.0,0.0,False,NONE
TRX-20260906-000579-007,TRX-20260906-000579,7,SKU-5003,Sabun Cuci Piring Sunlight 650ml,3,15500.0,46500.0,0.0,False,NONE
TRX-20260906-000579-008,TRX-20260906-000579,8,SKU-1007,Saus Sambal ABC 335ml,2,17500.0,35000.0,0.0,False,NONE
TRX-20260906-000579-009,TRX-20260906-000579,9,SKU-4007,Minyak Telon My Baby 90ml,1,28000.0,28000.0,0.0,False,NONE
TRX-20260906-000579-010,TRX-20260906-000579,10,SKU-1005,Garam Dapur Cap Kapal 250g,1,5000.0,5000.0,0.0,False,NONE
TRX-20260906-000580-001,TRX-20260906-000580,1,SKU-3006,Coca Cola 390ml,1,7500.0,7500.0,0.0,False,NONE
TRX-20260906-000580-002,TRX-20260906-000580,2,SKU-3009,Oreo Original Roll 133g,1,11000.0,11000.0,0.0,False,NONE
TRX-20260906-000580-003,TRX-20260906-000580,3,SKU-3001,Air Mineral Aqua 600ml,1,4000.0,4000.0,0.0,False,NONE
TRX-20260906-000581-001,TRX-20260906-000581,1,SKU-3007,Chitato Sapi Panggang 68g,2,12500.0,25000.0,0.0,False,NONE
TRX-20260906-000581-002,TRX-20260906-000581,2,SKU-5003,Sabun Cuci Piring Sunlight 650ml,2,15500.0,31000.0,0.0,False,NONE
TRX-20260906-000581-003,TRX-20260906-000581,3,SKU-5003,Sabun Cuci Piring Sunlight 650ml,1,15500.0,15500.0,0.0,False,TYPO_SKU
TRX-20260906-000581-004,TRX-20260906-000581,4,SKU-2006,Mentega Blue Band 200g,1,12500.0,12500.0,0.0,False,NONE
TRX-20260906-000581-005,TRX-20260906-000581,5,SKU-3009,Oreo Original Roll 133g,2,11000.0,22000.0,0.0,False,NONE
TRX-20260906-000582-001,TRX-20260906-000582,1,SKU-2001,Telur Ayam Negeri 1kg,1,31000.0,31000.0,0.0,False,NONE
TRX-20260906-000582-002,TRX-20260906-000582,2,SKU-2004,Yakult Pack isi 5,1,11500.0,11500.0,0.0,False,NONE
TRX-20260906-000582-003,TRX-20260906-000582,3,SKU-3005,Good Day Moccacino 250ml,1,8000.0,8000.0,0.0,False,NONE
TRX-20260906-000583-001,TRX-20260906-000583,1,SKU-3003,Teh Pucuk Harum 350ml,1,4500.0,4500.0,0.0,False,NONE
TRX-20260906-000583-002,TRX-20260906-000583,2,SKU-3002,Air Mineral Le Minerale 600ml,1,3800.0,3800.0,0.0,False,NONE
TRX-20260906-000583-003,TRX-20260906-000583,3,SKU-2002,Susu Ultra Milk Full Cream 1L,1,21500.0,21500.0,0.0,False,NONE
TRX-20260906-000584-001,TRX-20260906-000584,1,SKU-3008,Taro Net Seaweed 65g,1,9800.0,9800.0,0.0,False,NONE
TRX-20260906-000584-002,TRX-20260906-000584,2,SKU-2004,Yakult Pack isi 5,1,11500.0,11500.0,0.0,False,NONE
TRX-20260906-000584-003,TRX-20260906-000584,3,SKU-1009,Indomie Kuah Ayam Bawang 69g,1,3400.0,3400.0,0.0,False,NONE
TRX-20260906-000584-004,TRX-20260906-000584,4,SKU-1011,Sarden ABC Saus Tomat 155g,2,12000.0,24000.0,0.0,False,NONE
TRX-20260906-000584-005,TRX-20260906-000584,5,SKU-3006,Coca Cola 390ml,1,7500.0,7500.0,0.0,False,NONE
TRX-20260906-000585-001,TRX-20260906-000585,1,SKU-2004,Yakult Pack isi 5,2,11500.0,23000.0,0.0,False,NONE
TRX-20260906-000585-002,TRX-20260906-000585,2,SKU-1004,Tepung Terigu Segitiga Biru 1kg,1,13500.0,13500.0,0.0,True,VOID_ITEM
TRX-20260906-000585-003,TRX-20260906-000585,3,SKU-3005,Good Day Moccacino 250ml,1,8000.0,8000.0,0.0,True,VOID_ITEM
TRX-20260906-000585-004,TRX-20260906-000585,4,SKU-3009,Oreo Original Roll 133g,2,11000.0,22000.0,0.0,False,NONE
TRX-20260906-000586-001,TRX-20260906-000586,1,SKU-3001,Air Mineral Aqua 600ml,1,4000.0,4000.0,0.0,False,NONE
TRX-20260906-000586-002,TRX-20260906-000586,2,SKU-1010,Sedaap Mie Goreng 90g,1,3400.0,3400.0,0.0,False,NONE
TRX-20260906-000586-003,TRX-20260906-000586,3,SKU-3002,Air Mineral Le Minerale 600ml,1,3800.0,3800.0,0.0,False,NONE
TRX-20260906-000586-004,TRX-20260906-000586,4,SKU-3004,Kopi Kapal Api Spesial Mix 10s,1,15500.0,15500.0,0.0,False,NONE
TRX-20260906-000586-005,TRX-20260906-000586,5,SKU-5004,Pembersih Lantai Super Pell 770ml,2,14500.0,29000.0,0.0,False,NONE
TRX-20260906-000586-006,TRX-20260906-000586,6,SKU-4004,Sikat Gigi Formula Double Action 3s,1,15500.0,15500.0,0.0,False,NONE
TRX-20260906-000586-007,TRX-20260906-000586,7,SKU-3009,Oreo Original Roll 133g,1,11000.0,11000.0,0.0,True,VOID_ITEM
TRX-20260906-000586-008,TRX-20260906-000586,8,SKU-3008,Taro Net Seaweed 65g,1,9800.0,9800.0,0.0,False,NONE
TRX-20260906-000586-009,TRX-20260906-000586,9,SKU-1011,Sarden ABC Saus Tomat 155g,2,12000.0,24000.0,0.0,False,NONE
TRX-20260906-000587-001,TRX-20260906-000587,1,SKU-3002,Air Mineral Le Minerale 600ml,1,3800.0,3800.0,0.0,False,NONE
TRX-20260906-000587-002,TRX-20260906-000587,2,SKU-1005,Garam Dapur Cap Kapal 250g,1,5000.0,5000.0,0.0,False,NONE
TRX-20260906-000587-003,TRX-20260906-000587,3,SKU-3009,Oreo Original Roll 133g,2,11000.0,22000.0,0.0,False,NONE
TRX-20260906-000587-004,TRX-20260906-000587,4,SKU-1004,Tepung Terigu Segitiga Biru 1kg,2,13500.0,27000.0,0.0,False,NONE
TRX-20260906-000587-005,TRX-20260906-000587,5,SKU-1009,Indomie Kuah Ayam Bawang 69g,2,3400.0,6800.0,0.0,True,VOID_ITEM
TRX-20260906-000587-006,TRX-20260906-000587,6,SKU-4004,Sikat Gigi Formula Double Action 3s,1,15500.0,15500.0,0.0,False,NONE
TRX-20260906-000587-007,TRX-20260906-000587,7,SKU-5004,Pembersih Lantai Super Pell 770ml,1,14500.0,14500.0,0.0,False,NONE
TRX-20260906-000588-001,TRX-20260906-000588,1,SKU-4001,Sabun Mandi Lifebuoy Total 10 450ml,1,27500.0,27500.0,0.0,False,NONE
TRX-20260906-000588-002,TRX-20260906-000588,2,SKU-4003,Pasta Gigi Pepsodent 190g,1,17000.0,17000.0,0.0,False,NONE
TRX-20260906-000588-003,TRX-20260906-000588,3,SKU-1011,Sarden ABC Saus Tomat 155g,2,12000.0,24000.0,0.0,False,NONE
TRX-20260906-000588-004,TRX-20260906-000588,4,SKU-1009,Indomie Kuah Ayam Bawang 69g,2,3400.0,6800.0,0.0,False,NONE
TRX-20260906-000588-005,TRX-20260906-000588,5,SKU-3001,Air Mineral Aqua 600ml,2,4000.0,8000.0,0.0,False,NONE
TRX-20260906-000588-006,TRX-20260906-000588,6,SKU-4007,Minyak Telon My Baby 90ml,3,28000.0,84000.0,0.0,False,NONE
TRX-20260906-000588-007,TRX-20260906-000588,7,SKU-1003,Gula Pasir Gulaku 1kg,2,17500.0,35000.0,0.0,False,NONE
TRX-20260906-000588-008,TRX-20260906-000588,8,SKU-4006,Paseo Facial Tissue 250 Sheets,1,16500.0,16500.0,0.0,False,NONE
TRX-20260906-000588-009,TRX-20260906-000588,9,SKU-1012,Kornet Sapi Pronas 198g,5,26000.0,130000.0,0.0,False,NONE
TRX-20260906-000588-010,TRX-20260906-000588,10,SKU-1004,Tepung Terigu Segitiga Biru 1kg,1,13500.0,13500.0,0.0,False,NONE
TRX-20260906-000588-011,TRX-20260906-000588,11,SKU-5005,Baygon Obat Nyamuk Semprot 600ml,3,42000.0,126000.0,0.0,False,NONE
TRX-20260906-000588-012,TRX-20260906-000588,12,SKU-1005,Garam Dapur Cap Kapal 250g,5,5000.0,25000.0,0.0,False,NONE
TRX-20260906-000588-013,TRX-20260906-000588,13,SKU-1007,Saus Sambal ABC 335ml,2,17500.0,35000.0,0.0,False,NONE
TRX-20260906-000588-014,TRX-20260906-000588,14,SKU-1006,Kecap Manis Bango 520ml,1,25500.0,25500.0,0.0,False,NONE
TRX-20260906-000589-001,TRX-20260906-000589,1,SKU-4007,Minyak Telon My Baby 90ml,2,28000.0,56000.0,0.0,False,NONE
TRX-20260906-000589-002,TRX-20260906-000589,2,SKU-1006,Kecap Manis Bango 520ml,1,25500.0,25500.0,0.0,False,NONE
TRX-20260906-000589-003,TRX-20260906-000589,3,SKU-1011,Sarden ABC Saus Tomat 155g,3,12000.0,36000.0,0.0,False,NONE
TRX-20260906-000589-004,TRX-20260906-000589,4,SKU-1003,Gula Pasir Gulaku 1kg,3,17500.0,52500.0,0.0,False,NONE
TRX-20260906-000589-005,TRX-20260906-000589,5,SKU-1007,Saus Sambal ABC 335ml,2,17500.0,35000.0,0.0,False,NONE
TRX-20260906-000589-006,TRX-20260906-000589,6,SKU-5005,Baygon Obat Nyamuk Semprot 600ml,1,42000.0,42000.0,0.0,False,NONE
TRX-20260906-000589-007,TRX-20260906-000589,7,SKU-5001,Deterjen Rinso Anti Noda 770g,5,23000.0,115000.0,0.0,False,NONE
TRX-20260906-000589-008,TRX-20260906-000589,8,SKU-5003,Sabun Cuci Piring Sunlight 650ml,2,15500.0,31000.0,0.0,False,NONE
TRX-20260906-000589-009,TRX-20260906-000589,9,SKU-1001,Beras Pandan Wangi 5kg,2,78500.0,157000.0,0.0,False,NONE
TRX-20260906-000589-010,TRX-20260906-000589,10,SKU-1005,Garam Dapur Cap Kapal 250g,2,5000.0,10000.0,0.0,False,NONE
TRX-20260906-000589-011,TRX-20260906-000589,11,SKU-4006,Paseo Facial Tissue 250 Sheets,2,16500.0,33000.0,0.0,False,NONE
TRX-20260906-000589-012,TRX-20260906-000589,12,SKU-4004,Sikat Gigi Formula Double Action 3s,5,15500.0,77500.0,0.0,False,NONE
TRX-20260906-000589-013,TRX-20260906-000589,13,SKU-1010,Sedaap Mie Goreng 90g,3,3400.0,10200.0,0.0,True,VOID_ITEM
TRX-20260906-000589-014,TRX-20260906-000589,14,SKU-4005,Rexona Deodorant Roll On 45ml,2,20500.0,41000.0,0.0,False,NONE
TRX-20260906-000589-015,TRX-20260906-000589,15,SKU-5006,Baterai ABC Alkaline AA 4s,5,21000.0,105000.0,0.0,False,NONE
TRX-20260906-000589-016,TRX-20260906-000589,16,SKU-1009,Indomie Kuah Ayam Bawang 69g,1,3400.0,3400.0,0.0,False,NONE
TRX-20260906-000589-017,TRX-20260906-000589,17,SKU-3001,Air Mineral Aqua 600ml,1,4000.0,4000.0,0.0,False,NONE
TRX-20260906-000589-018,TRX-20260906-000589,18,SKU-5002,Pewangi Pakaian Molto All in 1 720ml,2,24000.0,48000.0,0.0,False,NONE
TRX-20260906-000590-001,TRX-20260906-000590,1,SKU-2001,Telur Ayam Negeri 1kg,1,31000.0,31000.0,0.0,False,NONE
TRX-20260906-000590-002,TRX-20260906-000590,2,SKU-5006,Baterai ABC Alkaline AA 4s,1,21000.0,21000.0,0.0,False,NONE
TRX-20260906-000590-003,TRX-20260906-000590,3,SKU-2006,Mentega Blue Band 200g,1,12500.0,12500.0,0.0,False,NONE
TRX-20260906-000590-004,TRX-20260906-000590,4,SKU-3004,Kopi Kapal Api Spesial Mix 10s,1,15500.0,15500.0,0.0,False,NONE
TRX-20260906-000590-005,TRX-20260906-000590,5,SKU-3001,Air Mineral Aqua 600ml,1,4000.0,4000.0,0.0,False,NONE
TRX-20260906-000590-006,TRX-20260906-000590,6,SKU-3003,Teh Pucuk Harum 350ml,2,4500.0,9000.0,0.0,False,NONE
TRX-20260906-000591-001,TRX-20260906-000591,1,SKU-5001,Deterjen Rinso Anti Noda 770g,5,23000.0,115000.0,0.0,False,NONE
TRX-20260906-000591-002,TRX-20260906-000591,2,SKU-5004,Pembersih Lantai Super Pell 770ml,2,14500.0,29000.0,0.0,False,NONE
TRX-20260906-000591-003,TRX-20260906-000591,3,SKU-4007,Minyak Telon My Baby 90ml,2,28000.0,56000.0,0.0,False,NONE
TRX-20260906-000591-004,TRX-20260906-000591,4,SKU-1008,Indomie Goreng Spesial 85g,1,3500.0,3500.0,0.0,False,NONE
TRX-20260906-000591-005,TRX-20260906-000591,5,SKU-3001,Air Mineral Aqua 600ml,2,4000.0,8000.0,0.0,False,NONE
TRX-20260906-000591-006,TRX-20260906-000591,6,SKU-1005,Garam Dapur Cap Kapal 250g,3,5000.0,15000.0,0.0,False,NONE
TRX-20260906-000591-007,TRX-20260906-000591,7,SKU-1003,Gula Pasir Gulaku 1kg,1,17500.0,17500.0,0.0,False,NONE
TRX-20260906-000591-008,TRX-20260906-000591,8,SKU-1007,Saus Sambal ABC 335ml,1,17500.0,17500.0,0.0,False,NONE
TRX-20260906-000591-009,TRX-20260906-000591,9,SKU-5003,Sabun Cuci Piring Sunlight 650ml,1,15500.0,15500.0,0.0,False,NONE
TRX-20260906-000591-010,TRX-20260906-000591,10,SKU-5002,Pewangi Pakaian Molto All in 1 720ml,1,24000.0,24000.0,0.0,False,NONE
TRX-20260906-000591-011,TRX-20260906-000591,11,SKU-1009,Indomie Kuah Ayam Bawang 69g,5,3400.0,17000.0,0.0,False,NONE
TRX-20260906-000591-012,TRX-20260906-000591,12,SKU-1002,Minyak Goreng Bimoli 2L,2,37500.0,75000.0,0.0,False,NONE
TRX-20260906-000591-013,TRX-20260906-000591,13,SKU-1006,Kecap Manis Bango 520ml,1,25500.0,25500.0,0.0,False,NONE
TRX-20260906-000591-014,TRX-20260906-000591,14,SKU-4002,Shampoo Sunsilk Black Shine 160ml,5,26000.0,130000.0,0.0,False,NONE
TRX-20260906-000591-015,TRX-20260906-000591,15,SKU-4003,Pasta Gigi Pepsodent 190g,2,17000.0,34000.0,0.0,True,VOID_ITEM
TRX-20260906-000591-016,TRX-20260906-000591,16,SKU-4005,Rexona Deodorant Roll On 45ml,3,20500.0,61500.0,0.0,False,NONE
TRX-20260906-000592-001,TRX-20260906-000592,1,SKU-2002,Susu Ultra Milk Full Cream 1L,1,21500.0,21500.0,0.0,False,NONE
TRX-20260906-000592-002,TRX-20260906-000592,2,SKU-3005,Good Day Moccacino 250ml,1,8000.0,8000.0,0.0,False,NONE
TRX-20260906-000592-003,TRX-20260906-000592,3,SKU-2007,Sari Roti Tawar Spesial,1,16500.0,16500.0,0.0,False,NONE
TRX-20260906-000593-001,TRX-20260906-000593,1,SKU-5003,Sabun Cuci Piring Sunlight 650ml,1,15500.0,15500.0,0.0,False,NONE
TRX-20260906-000593-002,TRX-20260906-000593,2,SKU-3008,Taro Net Seaweed 65g,2,9800.0,19600.0,0.0,False,NONE
TRX-20260906-000593-003,TRX-20260906-000593,3,SKU-3009,Oreo Original Roll 133g,1,11000.0,11000.0,0.0,False,NONE
TRX-20260906-000593-004,TRX-20260906-000593,4,SKU-2006,Mentega Blue Band 200g,1,12500.0,12500.0,0.0,False,NONE
TRX-20260906-000593-005,TRX-20260906-000593,5,SKU-3001,Air Mineral Aqua 600ml,2,4000.0,8000.0,0.0,False,NONE
TRX-20260906-000594-001,TRX-20260906-000594,1,SKU-4003,Pasta Gigi Pepsodent 190g,2,17000.0,34000.0,0.0,False,NONE
TRX-20260906-000594-002,TRX-20260906-000594,2,SKU-1012,Kornet Sapi Pronas 198g,1,26000.0,26000.0,0.0,False,NONE
TRX-20260906-000594-003,TRX-20260906-000594,3,SKU-4004,Sikat Gigi Formula Double Action 3s,2,15500.0,31000.0,0.0,False,NONE
TRX-20260906-000594-004,TRX-20260906-000594,4,SKU-1002,Minyak Goreng Bimoli 2L,3,37500.0,112500.0,0.0,False,NONE
TRX-20260906-000594-005,TRX-20260906-000594,5,SKU-1004,Tepung Terigu Segitiga Biru 1kg,2,13500.0,27000.0,0.0,False,NONE
TRX-20260906-000594-006,TRX-20260906-000594,6,SKU-1001,Beras Pandan Wangi 5kg,2,78500.0,157000.0,0.0,False,NONE
TRX-20260906-000594-007,TRX-20260906-000594,7,SKU-5003,Sabun Cuci Piring Sunlight 650ml,1,15500.0,15500.0,0.0,False,NONE
TRX-20260906-000594-008,TRX-20260906-000594,8,SKU-5001,Deterjen Rinso Anti Noda 770g,2,23000.0,46000.0,0.0,False,NONE
TRX-20260906-000594-009,TRX-20260906-000594,9,SKU-5002,Pewangi Pakaian Molto All in 1 720ml,1,24000.0,24000.0,0.0,False,NONE
TRX-20260906-000594-010,TRX-20260906-000594,10,SKU-1008,Indomie Goreng Spesial 85g,2,3500.0,7000.0,0.0,False,NONE
TRX-20260906-000594-011,TRX-20260906-000594,11,SKU-4006,Paseo Facial Tissue 250 Sheets,2,16500.0,33000.0,0.0,False,NONE
TRX-20260906-000595-001,TRX-20260906-000595,1,SKU-3001,Air Mineral Aqua 600ml,1,4000.0,4000.0,0.0,False,NONE
TRX-20260906-000595-002,TRX-20260906-000595,2,SKU-3004,Kopi Kapal Api Spesial Mix 10s,1,15500.0,15500.0,0.0,False,NONE
TRX-20260906-000595-003,TRX-20260906-000595,3,SKU-1008,Indomie Goreng Spesial 85g,1,3500.0,3500.0,0.0,False,NONE
TRX-20260906-000595-004,TRX-20260906-000595,4,SKU-1011,Sarden ABC Saus Tomat 155g,1,12000.0,12000.0,0.0,False,NONE
TRX-20260906-000596-001,TRX-20260906-000596,1,SKU-1009,Indomie Kuah Ayam Bawang 69g,1,3400.0,3400.0,0.0,False,NONE
TRX-20260906-000596-002,TRX-20260906-000596,2,SKU-1004,Tepung Terigu Segitiga Biru 1kg,1,13500.0,13500.0,0.0,False,NONE
TRX-20260906-000596-003,TRX-20260906-000596,3,SKU-3009,Oreo Original Roll 133g,2,11000.0,22000.0,0.0,False,NONE
TRX-20260906-000596-004,TRX-20260906-000596,4,SKU-3005,Good Day Moccacino 250ml,1,8000.0,8000.0,0.0,False,NONE
TRX-20260906-000596-005,TRX-20260906-000596,5,SKU-2006,Mentega Blue Band 200g,2,12500.0,25000.0,0.0,False,NONE
TRX-20260906-000596-006,TRX-20260906-000596,6,SKU-3011,UNKNOWN PRODUCT,1,12000.0,12000.0,0.0,False,TYPO_SKU
TRX-20260906-000596-007,TRX-20260906-000596,7,SKU-1008,Indomie Goreng Spesial 85g,1,3500.0,3500.0,0.0,False,NONE
TRX-20260906-000596-008,TRX-20260906-000596,8,SKU-1010,Sedaap Mie Goreng 90g,1,3400.0,3400.0,0.0,False,NONE
TRX-20260906-000596-009,TRX-20260906-000596,9,SKU-3008,Taro Net Seaweed 65g,1,9800.0,9800.0,0.0,False,NONE
TRX-20260906-000597-001,TRX-20260906-000597,1,SKU-4005,Rexona Deodorant Roll On 45ml,2,20500.0,41000.0,0.0,False,NONE
TRX-20260906-000597-002,TRX-20260906-000597,2,SKU-1009,Indomie Kuah Ayam Bawang 69g,1,3400.0,3400.0,0.0,False,NONE
TRX-20260906-000597-003,TRX-20260906-000597,3,SKU-1008,Indomie Goreng Spesial 85g,2,3500.0,7000.0,0.0,False,NONE
TRX-20260906-000597-004,TRX-20260906-000597,4,SKU-5002,Pewangi Pakaian Molto All in 1 720ml,2,24000.0,48000.0,0.0,False,NONE
TRX-20260906-000597-005,TRX-20260906-000597,5,SKU-4001,Sabun Mandi Lifebuoy Total 10 450ml,1,27500.0,27500.0,0.0,False,NONE
TRX-20260906-000597-006,TRX-20260906-000597,6,SKU-4002,Shampoo Sunsilk Black Shine 160ml,1,26000.0,26000.0,0.0,False,NONE
TRX-20260906-000597-007,TRX-20260906-000597,7,SKU-5003,Sabun Cuci Piring Sunlight 650ml,1,15500.0,15500.0,0.0,False,NONE
TRX-20260906-000597-008,TRX-20260906-000597,8,SKU-5001,Deterjen Rinso Anti Noda 770g,1,23000.0,23000.0,0.0,False,NONE
TRX-20260906-000597-009,TRX-20260906-000597,9,SKU-5006,Baterai ABC Alkaline AA 4s,2,21000.0,42000.0,0.0,False,NONE
TRX-20260906-000597-010,TRX-20260906-000597,10,SKU-5001,Deterjen Rinso Anti Noda 770g,2,23000.0,46000.0,0.0,False,NONE
TRX-20260906-000597-011,TRX-20260906-000597,11,SKU-1005,Garam Dapur Cap Kapal 250g,3,5000.0,15000.0,0.0,False,NONE
TRX-20260906-000597-012,TRX-20260906-000597,12,SKU-1006,Kecap Manis Bango 520ml,1,25500.0,25500.0,0.0,False,NONE
TRX-20260906-000597-013,TRX-20260906-000597,13,SKU-4004,Sikat Gigi Formula Double Action 3s,1,15500.0,15500.0,0.0,False,NONE
TRX-20260906-000597-014,TRX-20260906-000597,14,SKU-4003,Pasta Gigi Pepsodent 190g,5,17000.0,85000.0,0.0,False,NONE
TRX-20260906-000598-001,TRX-20260906-000598,1,SKU-2004,Yakult Pack isi 5,2,11500.0,23000.0,0.0,False,NONE
TRX-20260906-000598-002,TRX-20260906-000598,2,SKU-3007,Chitato Sapi Panggang 68g,1,12500.0,12500.0,0.0,False,NONE
TRX-20260906-000598-003,TRX-20260906-000598,3,SKU-3004,Kopi Kapal Api Spesial Mix 10s,1,15500.0,15500.0,0.0,False,NONE
TRX-20260906-000598-004,TRX-20260906-000598,4,SKU-5004,Pembersih Lantai Super Pell 770ml,1,14500.0,14500.0,0.0,False,NONE
TRX-20260906-000598-005,TRX-20260906-000598,5,SKU-3008,Taro Net Seaweed 65g,1,9800.0,9800.0,0.0,False,NONE
TRX-20260906-000598-006,TRX-20260906-000598,6,SKU-5003,Sabun Cuci Piring Sunlight 650ml,2,15500.0,31000.0,0.0,True,VOID_ITEM
TRX-20260906-000598-007,TRX-20260906-000598,7,SKU-1010,Sedaap Mie Goreng 90g,2,3400.0,6800.0,0.0,False,NONE
TRX-20260906-000598-008,TRX-20260906-000598,8,SKU-3003,Teh Pucuk Harum 350ml,2,4500.0,9000.0,0.0,False,NONE
TRX-20260906-000598-009,TRX-20260906-000598,9,SKU-3001,Air Mineral Aqua 600ml,1,4000.0,4000.0,0.0,True,VOID_ITEM
TRX-20260906-000599-001,TRX-20260906-000599,1,SKU-1008,Indomie Goreng Spesial 85g,1,3500.0,3500.0,0.0,False,NONE
TRX-20260906-000599-002,TRX-20260906-000599,2,SKU-2006,Mentega Blue Band 200g,1,12500.0,12500.0,0.0,False,NONE
TRX-20260906-000599-003,TRX-20260906-000599,3,SKU-3001,Air Mineral Aqua 600ml,1,4000.0,4000.0,0.0,False,NONE
TRX-20260906-000599-004,TRX-20260906-000599,4,SKU-1010,Sedaap Mie Goreng 90g,2,3400.0,6800.0,0.0,False,NONE
TRX-20260906-000599-005,TRX-20260906-000599,5,SKU-3003,Teh Pucuk Harum 350ml,2,4500.0,9000.0,0.0,False,NONE
TRX-20260906-000599-006,TRX-20260906-000599,6,SKU-4004,Sikat Gigi Formula Double Action 3s,2,15500.0,31000.0,0.0,False,NONE
TRX-20260906-000599-007,TRX-20260906-000599,7,SKU-1011,Sarden ABC Saus Tomat 155g,1,12000.0,12000.0,0.0,False,NONE
TRX-20260906-000599-008,TRX-20260906-000599,8,SKU-3005,Good Day Moccacino 250ml,2,8000.0,16000.0,0.0,False,NONE
TRX-20260906-000600-001,TRX-20260906-000600,1,SKU-1006,Kecap Manis Bango 520ml,1,25500.0,25500.0,0.0,False,NONE
TRX-20260906-000600-002,TRX-20260906-000600,2,SKU-1010,Sedaap Mie Goreng 90g,2,3400.0,6800.0,0.0,False,NONE
TRX-20260906-000600-003,TRX-20260906-000600,3,SKU-1007,Saus Sambal ABC 335ml,2,17500.0,35000.0,0.0,False,NONE
TRX-20260906-000600-004,TRX-20260906-000600,4,SKU-1005,Garam Dapur Cap Kapal 250g,1,5000.0,5000.0,0.0,False,NONE
TRX-20260906-000600-005,TRX-20260906-000600,5,SKU-5005,Baygon Obat Nyamuk Semprot 600ml,2,42000.0,84000.0,0.0,False,TYPO_SKU
TRX-20260906-000600-006,TRX-20260906-000600,6,SKU-4005,Rexona Deodorant Roll On 45ml,5,20500.0,102500.0,0.0,False,NONE
TRX-20260906-000600-007,TRX-20260906-000600,7,SKU-1002,Minyak Goreng Bimoli 2L,1,37500.0,37500.0,0.0,False,NONE
TRX-20260906-000600-008,TRX-20260906-000600,8,SKU-5003,Sabun Cuci Piring Sunlight 650ml,2,15500.0,31000.0,0.0,False,NONE
TRX-20260906-000600-009,TRX-20260906-000600,9,SKU-5005,Baygon Obat Nyamuk Semprot 600ml,1,42000.0,42000.0,0.0,False,NONE
TRX-20260906-000600-010,TRX-20260906-000600,10,SKU-1012,Kornet Sapi Pronas 198g,1,26000.0,26000.0,0.0,False,NONE
TRX-20260906-000600-011,TRX-20260906-000600,11,SKU-1007,Saus Sambal ABC 335ml,2,17500.0,35000.0,0.0,False,NONE
TRX-20260906-000600-012,TRX-20260906-000600,12,SKU-4004,Sikat Gigi Formula Double Action 3s,1,15500.0,15500.0,0.0,False,NONE
TRX-20260906-000600-013,TRX-20260906-000600,13,SKU-1011,Sarden ABC Saus Tomat 155g,2,12000.0,24000.0,0.0,False,NONE
TRX-20260906-000600-014,TRX-20260906-000600,14,SKU-5002,Pewangi Pakaian Molto All in 1 720ml,3,24000.0,72000.0,0.0,False,NONE
TRX-20260906-000600-015,TRX-20260906-000600,15,SKU-4003,Pasta Gigi Pepsodent 190g,2,17000.0,34000.0,0.0,False,NONE
TRX-20260906-000601-001,TRX-20260906-000601,1,SKU-5003,Sabun Cuci Piring Sunlight 650ml,2,15500.0,31000.0,0.0,False,NONE
TRX-20260906-000601-002,TRX-20260906-000601,2,SKU-4004,Sikat Gigi Formula Double Action 3s,1,15500.0,15500.0,0.0,False,NONE
TRX-20260906-000601-003,TRX-20260906-000601,3,SKU-5004,Pembersih Lantai Super Pell 770ml,1,14500.0,14500.0,0.0,True,VOID_ITEM
TRX-20260906-000601-004,TRX-20260906-000601,4,SKU-1004,Tepung Terigu Segitiga Biru 1kg,2,13500.0,27000.0,0.0,False,NONE
TRX-20260906-000601-005,TRX-20260906-000601,5,SKU-1010,Sedaap Mie Goreng 90g,1,3400.0,3400.0,0.0,False,NONE
TRX-20260906-000601-006,TRX-20260906-000601,6,SKU-3008,Taro Net Seaweed 65g,2,9800.0,19600.0,0.0,False,NONE
TRX-20260906-000601-007,TRX-20260906-000601,7,SKU-2004,Yakult Pack isi 5,1,11500.0,11500.0,0.0,False,NONE
TRX-20260906-000602-001,TRX-20260906-000602,1,SKU-1008,Indomie Goreng Spesial 85g,2,3500.0,7000.0,0.0,False,NONE
TRX-20260906-000602-002,TRX-20260906-000602,2,SKU-3001,Air Mineral Aqua 600ml,2,4000.0,8000.0,0.0,False,NONE
TRX-20260906-000602-003,TRX-20260906-000602,3,SKU-5005,Baygon Obat Nyamuk Semprot 600ml,3,42000.0,126000.0,0.0,False,NONE
TRX-20260906-000602-004,TRX-20260906-000602,4,SKU-5004,Pembersih Lantai Super Pell 770ml,2,14500.0,29000.0,0.0,False,NONE
TRX-20260906-000602-005,TRX-20260906-000602,5,SKU-4004,Sikat Gigi Formula Double Action 3s,3,15500.0,46500.0,0.0,False,NONE
TRX-20260906-000602-006,TRX-20260906-000602,6,SKU-4002,Shampoo Sunsilk Black Shine 160ml,3,26000.0,78000.0,0.0,True,VOID_ITEM
TRX-20260906-000602-007,TRX-20260906-000602,7,SKU-4001,Sabun Mandi Lifebuoy Total 10 450ml,1,27500.0,27500.0,0.0,False,NONE
TRX-20260906-000602-008,TRX-20260906-000602,8,SKU-1009,Indomie Kuah Ayam Bawang 69g,1,3400.0,3400.0,0.0,False,NONE
TRX-20260906-000602-009,TRX-20260906-000602,9,SKU-4006,Paseo Facial Tissue 250 Sheets,2,16500.0,33000.0,0.0,False,NONE
TRX-20260906-000602-010,TRX-20260906-000602,10,SKU-1002,Minyak Goreng Bimoli 2L,5,37500.0,187500.0,0.0,False,NONE
TRX-20260906-000602-011,TRX-20260906-000602,11,SKU-1005,Garam Dapur Cap Kapal 250g,1,5000.0,5000.0,0.0,False,NONE
TRX-20260906-000602-012,TRX-20260906-000602,12,SKU-5006,Baterai ABC Alkaline AA 4s,1,21000.0,21000.0,0.0,False,NONE
TRX-20260906-000602-013,TRX-20260906-000602,13,SKU-4001,Sabun Mandi Lifebuoy Total 10 450ml,3,27500.0,82500.0,0.0,False,NONE
TRX-20260906-000602-014,TRX-20260906-000602,14,SKU-4003,Pasta Gigi Pepsodent 190g,2,17000.0,34000.0,0.0,False,NONE
TRX-20260906-000602-015,TRX-20260906-000602,15,SKU-4007,Minyak Telon My Baby 90ml,1,28000.0,28000.0,0.0,False,NONE
TRX-20260906-000602-016,TRX-20260906-000602,16,SKU-1010,Sedaap Mie Goreng 90g,2,3400.0,6800.0,0.0,False,NONE
TRX-20260906-000602-017,TRX-20260906-000602,17,SKU-1007,Saus Sambal ABC 335ml,1,17500.0,17500.0,0.0,True,VOID_ITEM
TRX-20260906-000602-018,TRX-20260906-000602,18,SKU-5002,Pewangi Pakaian Molto All in 1 720ml,3,24000.0,72000.0,0.0,False,NONE
TRX-20260906-000602-019,TRX-20260906-000602,19,SKU-4005,Rexona Deodorant Roll On 45ml,2,20500.0,41000.0,0.0,False,NONE
TRX-20260906-000603-001,TRX-20260906-000603,1,SKU-3010,SilverQueen Cokelat Mede 58g,1,17000.0,17000.0,0.0,False,NONE
TRX-20260906-000603-002,TRX-20260906-000603,2,SKU-2004,Yakult Pack isi 5,1,11500.0,11500.0,0.0,False,NONE
TRX-20260906-000603-003,TRX-20260906-000603,3,SKU-2005,Keju Kraft Cheddar 165g,1,24000.0,24000.0,0.0,False,NONE
TRX-20260906-000604-001,TRX-20260906-000604,1,SKU-1010,Sedaap Mie Goreng 90g,3,3400.0,10200.0,0.0,False,NONE
TRX-20260906-000604-002,TRX-20260906-000604,2,SKU-1009,Indomie Kuah Ayam Bawang 69g,2,3400.0,6800.0,0.0,False,NONE
TRX-20260906-000604-003,TRX-20260906-000604,3,SKU-1007,Saus Sambal ABC 335ml,2,17500.0,35000.0,0.0,False,NONE
TRX-20260906-000604-004,TRX-20260906-000604,4,SKU-1007,Saus Sambal ABC 335ml,3,17500.0,52500.0,0.0,False,NONE
TRX-20260906-000604-005,TRX-20260906-000604,5,SKU-1002,Minyak Goreng Bimoli 2L,1,37500.0,37500.0,0.0,False,NONE
TRX-20260906-000604-006,TRX-20260906-000604,6,SKU-1006,Kecap Manis Bango 520ml,2,25500.0,51000.0,0.0,False,NONE
TRX-20260906-000604-007,TRX-20260906-000604,7,SKU-5002,Pewangi Pakaian Molto All in 1 720ml,5,24000.0,120000.0,0.0,False,NONE
TRX-20260906-000604-008,TRX-20260906-000604,8,SKU-5001,Deterjen Rinso Anti Noda 770g,2,23000.0,46000.0,0.0,False,NONE
TRX-20260906-000604-009,TRX-20260906-000604,9,SKU-5003,Sabun Cuci Piring Sunlight 650ml,1,15500.0,15500.0,0.0,False,NONE
TRX-20260906-000604-010,TRX-20260906-000604,10,SKU-1011,Sarden ABC Saus Tomat 155g,2,12000.0,24000.0,0.0,False,NONE
TRX-20260906-000604-011,TRX-20260906-000604,11,SKU-4002,Shampoo Sunsilk Black Shine 160ml,1,26000.0,26000.0,0.0,False,NONE
TRX-20260906-000604-012,TRX-20260906-000604,12,SKU-4003,Pasta Gigi Pepsodent 190g,1,17000.0,17000.0,0.0,False,NONE
TRX-20260906-000604-013,TRX-20260906-000604,13,SKU-5005,Baygon Obat Nyamuk Semprot 600ml,1,42000.0,42000.0,0.0,False,NONE
TRX-20260906-000604-014,TRX-20260906-000604,14,SKU-4007,Minyak Telon My Baby 90ml,1,28000.0,28000.0,0.0,False,NONE
TRX-20260906-000604-015,TRX-20260906-000604,15,SKU-1012,Kornet Sapi Pronas 198g,1,26000.0,26000.0,0.0,False,NONE
TRX-20260906-000605-001,TRX-20260906-000605,1,SKU-3009,Oreo Original Roll 133g,1,11000.0,11000.0,0.0,False,NONE
TRX-20260906-000605-002,TRX-20260906-000605,2,SKU-3003,Teh Pucuk Harum 350ml,1,4500.0,4500.0,0.0,False,NONE
TRX-20260906-000606-001,TRX-20260906-000606,1,SKU-4002,Shampoo Sunsilk Black Shine 160ml,2,26000.0,52000.0,0.0,False,NONE
TRX-20260906-000606-002,TRX-20260906-000606,2,SKU-4003,Pasta Gigi Pepsodent 190g,1,17000.0,17000.0,0.0,False,NONE
TRX-20260906-000606-003,TRX-20260906-000606,3,SKU-1011,Sarden ABC Saus Tomat 155g,2,12000.0,24000.0,0.0,False,NONE
TRX-20260906-000606-004,TRX-20260906-000606,4,SKU-4006,Paseo Facial Tissue 250 Sheets,3,16500.0,49500.0,0.0,False,NONE
TRX-20260906-000606-005,TRX-20260906-000606,5,SKU-5001,Deterjen Rinso Anti Noda 770g,2,23000.0,46000.0,0.0,False,NONE
TRX-20260906-000606-006,TRX-20260906-000606,6,SKU-4007,Minyak Telon My Baby 90ml,1,28000.0,28000.0,0.0,False,NONE
TRX-20260906-000606-007,TRX-20260906-000606,7,SKU-5002,Pewangi Pakaian Molto All in 1 720ml,1,24000.0,24000.0,0.0,False,NONE
TRX-20260906-000606-008,TRX-20260906-000606,8,SKU-1009,Indomie Kuah Ayam Bawang 69g,1,3400.0,3400.0,0.0,False,NONE
TRX-20260906-000606-009,TRX-20260906-000606,9,SKU-1004,Tepung Terigu Segitiga Biru 1kg,2,13500.0,27000.0,0.0,False,NONE
TRX-20260906-000606-010,TRX-20260906-000606,10,SKU-5004,Pembersih Lantai Super Pell 770ml,1,14500.0,14500.0,0.0,False,NONE
TRX-20260906-000606-011,TRX-20260906-000606,11,SKU-4004,Sikat Gigi Formula Double Action 3s,2,15500.0,31000.0,0.0,False,NONE
TRX-20260906-000606-012,TRX-20260906-000606,12,SKU-5003,Sabun Cuci Piring Sunlight 650ml,2,15500.0,31000.0,0.0,False,NONE
TRX-20260906-000606-013,TRX-20260906-000606,13,SKU-1006,Kecap Manis Bango 520ml,2,25500.0,51000.0,0.0,False,NONE
TRX-20260906-000606-014,TRX-20260906-000606,14,SKU-1007,Saus Sambal ABC 335ml,2,17500.0,35000.0,0.0,False,NONE
TRX-20260906-000606-015,TRX-20260906-000606,15,SKU-1010,Sedaap Mie Goreng 90g,2,3400.0,6800.0,0.0,False,NONE
TRX-20260906-000606-016,TRX-20260906-000606,16,SKU-2001,Telur Ayam Negeri 1kg,2,31000.0,62000.0,0.0,False,NONE
TRX-20260906-000606-017,TRX-20260906-000606,17,SKU-4001,Sabun Mandi Lifebuoy Total 10 450ml,2,27500.0,55000.0,0.0,False,NONE
TRX-20260906-000606-018,TRX-20260906-000606,18,SKU-1003,Gula Pasir Gulaku 1kg,1,17500.0,17500.0,0.0,False,NONE
TRX-20260906-000606-019,TRX-20260906-000606,19,SKU-1005,Garam Dapur Cap Kapal 250g,3,5000.0,15000.0,0.0,False,NONE
TRX-20260906-000607-001,TRX-20260906-000607,1,SKU-3003,Teh Pucuk Harum 350ml,1,4500.0,4500.0,0.0,False,NONE
TRX-20260906-000607-002,TRX-20260906-000607,2,SKU-4004,Sikat Gigi Formula Double Action 3s,2,15500.0,31000.0,0.0,False,NONE
TRX-20260906-000607-003,TRX-20260906-000607,3,SKU-3001,Air Mineral Aqua 600ml,1,4000.0,4000.0,0.0,False,NONE
TRX-20260906-000607-004,TRX-20260906-000607,4,SKU-3008,Taro Net Seaweed 65g,1,9800.0,9800.0,0.0,False,NONE
TRX-20260906-000608-001,TRX-20260906-000608,1,SKU-1008,Indomie Goreng Spesial 85g,2,3500.0,7000.0,0.0,False,NONE
TRX-20260906-000608-002,TRX-20260906-000608,2,SKU-3008,Taro Net Seaweed 65g,2,9800.0,19600.0,0.0,False,NONE
TRX-20260906-000608-003,TRX-20260906-000608,3,SKU-3004,Kopi Kapal Api Spesial Mix 10s,2,15500.0,31000.0,0.0,False,NONE
TRX-20260906-000608-004,TRX-20260906-000608,4,SKU-3003,Teh Pucuk Harum 350ml,2,4500.0,9000.0,0.0,False,NONE
TRX-20260906-000608-005,TRX-20260906-000608,5,SKU-4004,Sikat Gigi Formula Double Action 3s,2,15500.0,31000.0,0.0,False,NONE
TRX-20260906-000609-001,TRX-20260906-000609,1,SKU-2002,Susu Ultra Milk Full Cream 1L,1,21500.0,21500.0,0.0,False,NONE
TRX-20260906-000609-002,TRX-20260906-000609,2,SKU-3006,Coca Cola 390ml,1,7500.0,7500.0,0.0,False,NONE
TRX-20260906-000609-003,TRX-20260906-000609,3,SKU-2005,Keju Kraft Cheddar 165g,1,24000.0,24000.0,0.0,False,NONE
TRX-20260906-000610-001,TRX-20260906-000610,1,SKU-2006,Mentega Blue Band 200g,1,12500.0,12500.0,0.0,False,NONE
TRX-20260906-000610-002,TRX-20260906-000610,2,SKU-2002,Susu Ultra Milk Full Cream 1L,1,21500.0,21500.0,0.0,False,NONE
TRX-20260906-000610-003,TRX-20260906-000610,3,SKU-3010,SilverQueen Cokelat Mede 58g,1,17000.0,17000.0,0.0,False,NONE
TRX-20260906-000611-001,TRX-20260906-000611,1,SKU-3003,Teh Pucuk Harum 350ml,2,4500.0,9000.0,0.0,False,NONE
TRX-20260906-000611-002,TRX-20260906-000611,2,SKU-3006,Coca Cola 390ml,1,7500.0,7500.0,0.0,False,NONE
TRX-20260906-000611-003,TRX-20260906-000611,3,SKU-3008,Taro Net Seaweed 65g,2,9800.0,19600.0,0.0,False,NONE
TRX-20260906-000611-004,TRX-20260906-000611,4,SKU-3009,Oreo Original Roll 133g,1,11000.0,11000.0,0.0,False,NONE
TRX-20260906-000611-005,TRX-20260906-000611,5,SKU-5004,Pembersih Lantai Super Pell 770ml,1,14500.0,14500.0,0.0,False,NONE
TRX-20260906-000612-001,TRX-20260906-000612,1,SKU-2003,Susu Ultra Milk Cokelat 1L,1,21500.0,21500.0,0.0,False,NONE
TRX-20260906-000612-002,TRX-20260906-000612,2,SKU-4005,Rexona Deodorant Roll On 45ml,1,20500.0,20500.0,0.0,False,NONE
TRX-20260906-000612-003,TRX-20260906-000612,3,SKU-4002,Shampoo Sunsilk Black Shine 160ml,1,26000.0,26000.0,0.0,False,NONE
TRX-20260906-000612-004,TRX-20260906-000612,4,SKU-1006,Kecap Manis Bango 520ml,1,25500.0,25500.0,0.0,False,NONE
TRX-20260906-000612-005,TRX-20260906-000612,5,SKU-3001,Air Mineral Aqua 600ml,2,4000.0,8000.0,0.0,False,NONE
TRX-20260906-000613-001,TRX-20260906-000613,1,SKU-3004,Kopi Kapal Api Spesial Mix 10s,2,15500.0,31000.0,0.0,False,NONE
TRX-20260906-000613-002,TRX-20260906-000613,2,SKU-3001,Air Mineral Aqua 600ml,2,4000.0,8000.0,0.0,False,NONE
TRX-20260906-000613-003,TRX-20260906-000613,3,SKU-2006,Mentega Blue Band 200g,1,12500.0,12500.0,0.0,False,NONE
TRX-20260906-000613-004,TRX-20260906-000613,4,SKU-1011,Sarden ABC Saus Tomat 155g,1,12000.0,12000.0,0.0,False,NONE
TRX-20260906-000614-001,TRX-20260906-000614,1,SKU-1010,Sedaap Mie Goreng 90g,1,3400.0,3400.0,0.0,True,VOID_ITEM
TRX-20260906-000614-002,TRX-20260906-000614,2,SKU-4004,Sikat Gigi Formula Double Action 3s,2,15500.0,31000.0,0.0,False,NONE
TRX-20260906-000614-003,TRX-20260906-000614,3,SKU-1002,Minyak Goreng Bimoli 2L,2,37500.0,75000.0,0.0,False,NONE
TRX-20260906-000614-004,TRX-20260906-000614,4,SKU-1006,Kecap Manis Bango 520ml,2,25500.0,51000.0,0.0,False,NONE
TRX-20260906-000614-005,TRX-20260906-000614,5,SKU-1004,Tepung Terigu Segitiga Biru 1kg,1,13500.0,13500.0,0.0,False,NONE
TRX-20260906-000614-006,TRX-20260906-000614,6,SKU-4003,Pasta Gigi Pepsodent 190g,3,17000.0,51000.0,0.0,False,NONE
TRX-20260906-000614-007,TRX-20260906-000614,7,SKU-5003,Sabun Cuci Piring Sunlight 650ml,1,15500.0,15500.0,0.0,False,NONE
TRX-20260906-000614-008,TRX-20260906-000614,8,SKU-5001,Deterjen Rinso Anti Noda 770g,2,23000.0,46000.0,0.0,False,NONE
TRX-20260906-000614-009,TRX-20260906-000614,9,SKU-4006,Paseo Facial Tissue 250 Sheets,1,16500.0,16500.0,0.0,False,NONE
TRX-20260906-000614-010,TRX-20260906-000614,10,SKU-5004,Pembersih Lantai Super Pell 770ml,1,14500.0,14500.0,0.0,False,NONE
TRX-20260906-000614-011,TRX-20260906-000614,11,SKU-4005,Rexona Deodorant Roll On 45ml,2,20500.0,41000.0,0.0,False,NONE
TRX-20260906-000614-012,TRX-20260906-000614,12,SKU-1001,Beras Pandan Wangi 5kg,3,78500.0,235500.0,0.0,False,NONE
TRX-20260906-000614-013,TRX-20260906-000614,13,SKU-4002,Shampoo Sunsilk Black Shine 160ml,2,26000.0,52000.0,0.0,False,NONE
TRX-20260906-000614-014,TRX-20260906-000614,14,SKU-4001,Sabun Mandi Lifebuoy Total 10 450ml,2,27500.0,55000.0,0.0,False,NONE
TRX-20260906-000614-015,TRX-20260906-000614,15,SKU-1011,Sarden ABC Saus Tomat 155g,1,12000.0,12000.0,0.0,False,NONE
TRX-20260906-000614-016,TRX-20260906-000614,16,SKU-4007,Minyak Telon My Baby 90ml,2,28000.0,56000.0,0.0,False,NONE
TRX-20260906-000614-017,TRX-20260906-000614,17,SKU-1009,Indomie Kuah Ayam Bawang 69g,5,3400.0,17000.0,0.0,False,NONE
TRX-20260906-000614-018,TRX-20260906-000614,18,SKU-3001,Air Mineral Aqua 600ml,1,4000.0,4000.0,0.0,False,NONE
TRX-20260906-000614-019,TRX-20260906-000614,19,SKU-5006,Baterai ABC Alkaline AA 4s,1,21000.0,21000.0,0.0,False,NONE
TRX-20260906-000614-020,TRX-20260906-000614,20,SKU-5001,Deterjen Rinso Anti Noda 770g,1,23000.0,23000.0,0.0,True,VOID_ITEM
TRX-20260906-000614-021,TRX-20260906-000614,21,SKU-4001,Sabun Mandi Lifebuoy Total 10 450ml,1,27500.0,27500.0,0.0,False,NONE
TRX-20260906-000615-001,TRX-20260906-000615,1,SKU-3006,Coca Cola 390ml,1,7500.0,7500.0,0.0,False,NONE
TRX-20260906-000616-001,TRX-20260906-000616,1,SKU-2002,Susu Ultra Milk Full Cream 1L,1,21500.0,21500.0,0.0,False,NONE
TRX-20260906-000616-002,TRX-20260906-000616,2,SKU-2003,Susu Ultra Milk Cokelat 1L,1,21500.0,21500.0,0.0,False,NONE
TRX-20260906-000616-003,TRX-20260906-000616,3,SKU-2008,Sari Roti Sobek Cokelat,1,19500.0,19500.0,0.0,False,NONE
TRX-20260906-000616-004,TRX-20260906-000616,4,SKU-2005,Keju Kraft Cheddar 165g,1,24000.0,24000.0,0.0,False,NONE
TRX-20260906-000616-005,TRX-20260906-000616,5,SKU-3003,Teh Pucuk Harum 350ml,2,4500.0,9000.0,0.0,False,NONE
TRX-20260906-000616-006,TRX-20260906-000616,6,SKU-3005,Good Day Moccacino 250ml,1,8000.0,8000.0,0.0,True,VOID_ITEM
TRX-20260906-000616-007,TRX-20260906-000616,7,SKU-3007,Chitato Sapi Panggang 68g,2,12500.0,25000.0,0.0,False,NONE
TRX-20260906-000617-001,TRX-20260906-000617,1,SKU-5004,Pembersih Lantai Super Pell 770ml,1,14500.0,14500.0,0.0,False,NONE
TRX-20260906-000617-002,TRX-20260906-000617,2,SKU-2006,Mentega Blue Band 200g,1,12500.0,12500.0,0.0,False,NONE
TRX-20260906-000617-003,TRX-20260906-000617,3,SKU-3005,Good Day Moccacino 250ml,2,8000.0,16000.0,0.0,False,NONE
TRX-20260906-000617-004,TRX-20260906-000617,4,SKU-1009,Indomie Kuah Ayam Bawang 69g,1,3400.0,3400.0,0.0,False,NONE
TRX-20260906-000618-001,TRX-20260906-000618,1,SKU-1004,Tepung Terigu Segitiga Biru 1kg,1,13500.0,13500.0,0.0,False,NONE
TRX-20260906-000618-002,TRX-20260906-000618,2,SKU-1005,Garam Dapur Cap Kapal 250g,2,5000.0,10000.0,0.0,False,NONE
TRX-20260906-000618-003,TRX-20260906-000618,3,SKU-3009,Oreo Original Roll 133g,1,11000.0,11000.0,0.0,False,NONE
TRX-20260906-000618-004,TRX-20260906-000618,4,SKU-3005,Good Day Moccacino 250ml,2,8000.0,16000.0,0.0,False,NONE
TRX-20260906-000619-001,TRX-20260906-000619,1,SKU-3010,SilverQueen Cokelat Mede 58g,1,17000.0,17000.0,0.0,False,NONE
TRX-20260906-000619-002,TRX-20260906-000619,2,SKU-1009,Indomie Kuah Ayam Bawang 69g,1,3400.0,3400.0,0.0,False,NONE
TRX-20260906-000619-003,TRX-20260906-000619,3,SKU-3003,Teh Pucuk Harum 350ml,1,4500.0,4500.0,0.0,False,NONE
TRX-20260906-000619-004,TRX-20260906-000619,4,SKU-4004,Sikat Gigi Formula Double Action 3s,1,15500.0,15500.0,0.0,False,NONE
TRX-20260906-000619-005,TRX-20260906-000619,5,SKU-3004,Kopi Kapal Api Spesial Mix 10s,1,15500.0,15500.0,0.0,False,NONE
TRX-20260906-000619-006,TRX-20260906-000619,6,SKU-3007,Chitato Sapi Panggang 68g,1,12500.0,12500.0,0.0,False,NONE
TRX-20260906-000620-001,TRX-20260906-000620,1,SKU-2004,Yakult Pack isi 5,1,11500.0,11500.0,0.0,False,NONE
TRX-20260906-000620-002,TRX-20260906-000620,2,SKU-1005,Garam Dapur Cap Kapal 250g,1,5000.0,5000.0,0.0,False,NONE
TRX-20260906-000620-003,TRX-20260906-000620,3,SKU-1009,Indomie Kuah Ayam Bawang 69g,2,3400.0,6800.0,0.0,False,NONE
TRX-20260906-000620-004,TRX-20260906-000620,4,SKU-3003,Teh Pucuk Harum 350ml,2,4500.0,9000.0,0.0,False,NONE
TRX-20260906-000620-005,TRX-20260906-000620,5,SKU-1010,Sedaap Mie Goreng 90g,1,3400.0,3400.0,0.0,False,NONE
TRX-20260906-000620-006,TRX-20260906-000620,6,SKU-3009,Oreo Original Roll 133g,2,11000.0,22000.0,0.0,False,NONE
TRX-20260906-000620-007,TRX-20260906-000620,7,SKU-3001,Air Mineral Aqua 600ml,1,4000.0,4000.0,0.0,False,NONE
TRX-20260906-000620-008,TRX-20260906-000620,8,SKU-3005,Good Day Moccacino 250ml,2,8000.0,16000.0,0.0,False,NONE
TRX-20260906-000620-009,TRX-20260906-000620,9,SKU-1004,Tepung Terigu Segitiga Biru 1kg,2,13500.0,27000.0,0.0,False,NONE
TRX-20260906-000621-001,TRX-20260906-000621,1,SKU-1004,Tepung Terigu Segitiga Biru 1kg,5,13500.0,67500.0,0.0,False,NONE
TRX-20260906-000621-002,TRX-20260906-000621,2,SKU-1003,Gula Pasir Gulaku 1kg,2,17500.0,35000.0,0.0,False,NONE
TRX-20260906-000621-003,TRX-20260906-000621,3,SKU-4003,Pasta Gigi Pepsodent 190g,1,17000.0,17000.0,0.0,False,NONE
TRX-20260906-000621-004,TRX-20260906-000621,4,SKU-5005,Baygon Obat Nyamuk Semprot 600ml,1,42000.0,42000.0,0.0,False,NONE
TRX-20260906-000621-005,TRX-20260906-000621,5,SKU-4001,Sabun Mandi Lifebuoy Total 10 450ml,1,27500.0,27500.0,0.0,False,NONE
TRX-20260906-000621-006,TRX-20260906-000621,6,SKU-5004,Pembersih Lantai Super Pell 770ml,1,14500.0,14500.0,0.0,False,NONE
TRX-20260906-000621-007,TRX-20260906-000621,7,SKU-5006,Baterai ABC Alkaline AA 4s,1,21000.0,21000.0,0.0,False,NONE
TRX-20260906-000621-008,TRX-20260906-000621,8,SKU-4004,Sikat Gigi Formula Double Action 3s,1,15500.0,15500.0,0.0,False,NONE
TRX-20260906-000621-009,TRX-20260906-000621,9,SKU-1011,Sarden ABC Saus Tomat 155g,1,12000.0,12000.0,0.0,False,NONE
TRX-20260906-000621-010,TRX-20260906-000621,10,SKU-1008,Indomie Goreng Spesial 85g,3,3500.0,10500.0,0.0,False,NONE
TRX-20260906-000621-011,TRX-20260906-000621,11,SKU-3001,Air Mineral Aqua 600ml,2,4000.0,8000.0,0.0,False,NONE
TRX-20260906-000621-012,TRX-20260906-000621,12,SKU-4007,Minyak Telon My Baby 90ml,5,28000.0,140000.0,0.0,False,NONE
TRX-20260906-000621-013,TRX-20260906-000621,13,SKU-1007,Saus Sambal ABC 335ml,2,17500.0,35000.0,0.0,False,NONE
TRX-20260906-000621-014,TRX-20260906-000621,14,SKU-1009,Indomie Kuah Ayam Bawang 69g,3,3400.0,10200.0,0.0,False,NONE
TRX-20260906-000621-015,TRX-20260906-000621,15,SKU-1012,Kornet Sapi Pronas 198g,1,26000.0,26000.0,0.0,False,NONE
TRX-20260906-000622-001,TRX-20260906-000622,1,SKU-3007,Chitato Sapi Panggang 68g,1,12500.0,12500.0,0.0,False,NONE
TRX-20260906-000623-001,TRX-20260906-000623,1,SKU-2006,Mentega Blue Band 200g,1,12500.0,12500.0,0.0,False,NONE
TRX-20260906-000623-002,TRX-20260906-000623,2,SKU-3003,Teh Pucuk Harum 350ml,1,4500.0,4500.0,0.0,True,VOID_ITEM
TRX-20260906-000623-003,TRX-20260906-000623,3,SKU-3002,Air Mineral Le Minerale 600ml,1,3800.0,3800.0,0.0,False,NONE
TRX-20260906-000623-004,TRX-20260906-000623,4,SKU-4007,Minyak Telon My Baby 90ml,1,28000.0,28000.0,0.0,False,TYPO_SKU
TRX-20260906-000623-005,TRX-20260906-000623,5,SKU-4007,Minyak Telon My Baby 90ml,1,28000.0,28000.0,0.0,False,NONE
TRX-20260906-000623-006,TRX-20260906-000623,6,SKU-3005,Good Day Moccacino 250ml,2,8000.0,16000.0,0.0,False,NONE
TRX-20260906-000623-007,TRX-20260906-000623,7,SKU-3007,Chitato Sapi Panggang 68g,2,12500.0,25000.0,0.0,False,NONE
TRX-20260906-000624-001,TRX-20260906-000624,1,SKU-5002,Pewangi Pakaian Molto All in 1 720ml,1,24000.0,24000.0,0.0,False,NONE
TRX-20260906-000624-002,TRX-20260906-000624,2,SKU-1007,Saus Sambal ABC 335ml,1,17500.0,17500.0,0.0,False,NONE
TRX-20260906-000624-003,TRX-20260906-000624,3,SKU-1010,Sedaap Mie Goreng 90g,2,3400.0,6800.0,0.0,False,NONE
TRX-20260906-000624-004,TRX-20260906-000624,4,SKU-1006,Kecap Manis Bango 520ml,2,25500.0,51000.0,0.0,False,NONE
TRX-20260906-000624-005,TRX-20260906-000624,5,SKU-4005,Rexona Deodorant Roll On 45ml,1,20500.0,20500.0,0.0,False,NONE
TRX-20260906-000624-006,TRX-20260906-000624,6,SKU-5003,Sabun Cuci Piring Sunlight 650ml,5,15500.0,77500.0,0.0,False,NONE
TRX-20260906-000624-007,TRX-20260906-000624,7,SKU-5001,Deterjen Rinso Anti Noda 770g,1,23000.0,23000.0,0.0,False,NONE
TRX-20260906-000624-008,TRX-20260906-000624,8,SKU-5005,Baygon Obat Nyamuk Semprot 600ml,1,42000.0,42000.0,0.0,False,NONE
TRX-20260906-000624-009,TRX-20260906-000624,9,SKU-4007,Minyak Telon My Baby 90ml,5,28000.0,140000.0,0.0,False,NONE
TRX-20260906-000624-010,TRX-20260906-000624,10,SKU-4006,Paseo Facial Tissue 250 Sheets,3,16500.0,49500.0,0.0,False,NONE
TRX-20260906-000624-011,TRX-20260906-000624,11,SKU-4001,Sabun Mandi Lifebuoy Total 10 450ml,3,27500.0,82500.0,0.0,False,NONE
TRX-20260906-000624-012,TRX-20260906-000624,12,SKU-4003,Pasta Gigi Pepsodent 190g,1,17000.0,17000.0,0.0,False,NONE
TRX-20260906-000624-013,TRX-20260906-000624,13,SKU-5006,Baterai ABC Alkaline AA 4s,5,21000.0,105000.0,0.0,False,NONE
TRX-20260906-000624-014,TRX-20260906-000624,14,SKU-1008,Indomie Goreng Spesial 85g,1,3500.0,3500.0,0.0,False,NONE
TRX-20260906-000625-001,TRX-20260906-000625,1,SKU-4006,Paseo Facial Tissue 250 Sheets,3,16500.0,49500.0,0.0,False,NONE
TRX-20260906-000625-002,TRX-20260906-000625,2,SKU-5002,Pewangi Pakaian Molto All in 1 720ml,2,24000.0,48000.0,0.0,False,NONE
TRX-20260906-000625-003,TRX-20260906-000625,3,SKU-1012,Kornet Sapi Pronas 198g,1,26000.0,26000.0,0.0,False,NONE
TRX-20260906-000625-004,TRX-20260906-000625,4,SKU-5003,Sabun Cuci Piring Sunlight 650ml,2,15500.0,31000.0,0.0,False,NONE
TRX-20260906-000625-005,TRX-20260906-000625,5,SKU-5004,Pembersih Lantai Super Pell 770ml,2,14500.0,29000.0,0.0,False,NONE
TRX-20260906-000625-006,TRX-20260906-000625,6,SKU-4004,Sikat Gigi Formula Double Action 3s,5,15500.0,77500.0,0.0,False,NONE
TRX-20260906-000625-007,TRX-20260906-000625,7,SKU-4001,Sabun Mandi Lifebuoy Total 10 450ml,5,27500.0,137500.0,0.0,False,NONE
TRX-20260906-000625-008,TRX-20260906-000625,8,SKU-4007,Minyak Telon My Baby 90ml,2,28000.0,56000.0,0.0,False,NONE
TRX-20260906-000625-009,TRX-20260906-000625,9,SKU-1003,Gula Pasir Gulaku 1kg,5,17500.0,87500.0,0.0,False,NONE
TRX-20260906-000626-001,TRX-20260906-000626,1,SKU-1007,Saus Sambal ABC 335ml,1,17500.0,17500.0,0.0,False,NONE
TRX-20260906-000626-002,TRX-20260906-000626,2,SKU-1002,Minyak Goreng Bimoli 2L,1,37500.0,37500.0,0.0,False,NONE
TRX-20260906-000626-003,TRX-20260906-000626,3,SKU-1006,Kecap Manis Bango 520ml,1,25500.0,25500.0,0.0,False,NONE
TRX-20260906-000626-004,TRX-20260906-000626,4,SKU-1009,Indomie Kuah Ayam Bawang 69g,1,3400.0,3400.0,0.0,False,NONE
TRX-20260906-000626-005,TRX-20260906-000626,5,SKU-3001,Air Mineral Aqua 600ml,2,4000.0,8000.0,0.0,False,NONE
TRX-20260906-000626-006,TRX-20260906-000626,6,SKU-5002,Pewangi Pakaian Molto All in 1 720ml,1,24000.0,24000.0,0.0,False,NONE
TRX-20260906-000626-007,TRX-20260906-000626,7,SKU-5001,Deterjen Rinso Anti Noda 770g,2,23000.0,46000.0,0.0,False,NONE
TRX-20260906-000626-008,TRX-20260906-000626,8,SKU-5003,Sabun Cuci Piring Sunlight 650ml,2,15500.0,31000.0,0.0,False,NONE
TRX-20260906-000626-009,TRX-20260906-000626,9,SKU-1003,Gula Pasir Gulaku 1kg,2,17500.0,35000.0,0.0,False,NONE
TRX-20260906-000626-010,TRX-20260906-000626,10,SKU-4002,Shampoo Sunsilk Black Shine 160ml,1,26000.0,26000.0,0.0,False,NONE
TRX-20260906-000626-011,TRX-20260906-000626,11,SKU-4001,Sabun Mandi Lifebuoy Total 10 450ml,2,27500.0,55000.0,0.0,False,NONE
TRX-20260906-000626-012,TRX-20260906-000626,12,SKU-1011,Sarden ABC Saus Tomat 155g,2,12000.0,24000.0,0.0,False,NONE
TRX-20260906-000626-013,TRX-20260906-000626,13,SKU-4005,Rexona Deodorant Roll On 45ml,1,20500.0,20500.0,0.0,False,NONE
TRX-20260906-000626-014,TRX-20260906-000626,14,SKU-4003,Pasta Gigi Pepsodent 190g,3,17000.0,51000.0,0.0,False,NONE
TRX-20260906-000626-015,TRX-20260906-000626,15,SKU-1004,Tepung Terigu Segitiga Biru 1kg,1,13500.0,13500.0,0.0,False,NONE
TRX-20260906-000626-016,TRX-20260906-000626,16,SKU-5004,Pembersih Lantai Super Pell 770ml,2,14500.0,29000.0,0.0,False,NONE
TRX-20260906-000626-017,TRX-20260906-000626,17,SKU-5006,Baterai ABC Alkaline AA 4s,1,21000.0,21000.0,0.0,False,NONE
TRX-20260906-000627-001,TRX-20260906-000627,1,SKU-2006,Mentega Blue Band 200g,2,12500.0,25000.0,0.0,False,NONE
TRX-20260906-000627-002,TRX-20260906-000627,2,SKU-3008,Taro Net Seaweed 65g,1,9800.0,9800.0,0.0,True,VOID_ITEM
TRX-20260906-000627-003,TRX-20260906-000627,3,SKU-3009,Oreo Original Roll 133g,2,11000.0,22000.0,0.0,False,NONE
TRX-20260906-000627-004,TRX-20260906-000627,4,SKU-3002,Air Mineral Le Minerale 600ml,1,3800.0,3800.0,0.0,False,NONE
TRX-20260906-000627-005,TRX-20260906-000627,5,SKU-2004,Yakult Pack isi 5,1,11500.0,11500.0,0.0,False,NONE
TRX-20260906-000628-001,TRX-20260906-000628,1,SKU-2008,Sari Roti Sobek Cokelat,1,19500.0,19500.0,0.0,False,NONE
TRX-20260906-000628-002,TRX-20260906-000628,2,SKU-3010,SilverQueen Cokelat Mede 58g,1,17000.0,17000.0,0.0,False,NONE
TRX-20260906-000629-001,TRX-20260906-000629,1,SKU-3003,Teh Pucuk Harum 350ml,1,4500.0,4500.0,0.0,False,NONE
TRX-20260906-000629-002,TRX-20260906-000629,2,SKU-3008,Taro Net Seaweed 65g,1,9800.0,9800.0,0.0,False,NONE
TRX-20260906-000629-003,TRX-20260906-000629,3,SKU-3006,Coca Cola 390ml,1,7500.0,7500.0,0.0,False,NONE
TRX-20260906-000630-001,TRX-20260906-000630,1,SKU-3003,Teh Pucuk Harum 350ml,2,4500.0,9000.0,0.0,False,NONE
TRX-20260906-000630-002,TRX-20260906-000630,2,SKU-4004,Sikat Gigi Formula Double Action 3s,2,15500.0,31000.0,0.0,False,NONE
TRX-20260906-000630-003,TRX-20260906-000630,3,SKU-1008,Indomie Goreng Spesial 85g,2,3500.0,7000.0,0.0,False,NONE
TRX-20260906-000630-004,TRX-20260906-000630,4,SKU-2006,Mentega Blue Band 200g,2,12500.0,25000.0,0.0,False,NONE
TRX-20260906-000630-005,TRX-20260906-000630,5,SKU-3009,Oreo Original Roll 133g,1,11000.0,11000.0,0.0,False,NONE
TRX-20260906-000630-006,TRX-20260906-000630,6,SKU-3006,Coca Cola 390ml,2,7500.0,15000.0,0.0,False,NONE
TRX-20260906-000630-007,TRX-20260906-000630,7,SKU-1009,Indomie Kuah Ayam Bawang 69g,1,3400.0,3400.0,0.0,False,NONE
TRX-20260906-000631-001,TRX-20260906-000631,1,SKU-1007,Saus Sambal ABC 335ml,3,17500.0,52500.0,0.0,False,TYPO_SKU
TRX-20260906-000631-002,TRX-20260906-000631,2,SKU-1001,Beras Pandan Wangi 5kg,1,78500.0,78500.0,0.0,False,NONE
TRX-20260906-000631-003,TRX-20260906-000631,3,SKU-5001,Deterjen Rinso Anti Noda 770g,1,23000.0,23000.0,0.0,False,NONE
TRX-20260906-000631-004,TRX-20260906-000631,4,SKU-5003,Sabun Cuci Piring Sunlight 650ml,1,15500.0,15500.0,0.0,False,NONE
TRX-20260906-000631-005,TRX-20260906-000631,5,SKU-1012,Kornet Sapi Pronas 198g,1,26000.0,26000.0,0.0,False,NONE
TRX-20260906-000631-006,TRX-20260906-000631,6,SKU-5002,Pewangi Pakaian Molto All in 1 720ml,3,24000.0,72000.0,0.0,False,NONE
TRX-20260906-000631-007,TRX-20260906-000631,7,SKU-4007,Minyak Telon My Baby 90ml,1,28000.0,28000.0,0.0,False,NONE
TRX-20260906-000631-008,TRX-20260906-000631,8,SKU-5005,Baygon Obat Nyamuk Semprot 600ml,2,42000.0,84000.0,0.0,False,NONE
TRX-20260906-000631-009,TRX-20260906-000631,9,SKU-4006,Paseo Facial Tissue 250 Sheets,1,16500.0,16500.0,0.0,False,NONE
TRX-20260906-000631-010,TRX-20260906-000631,10,SKU-5003,Sabun Cuci Piring Sunlight 650ml,1,15500.0,15500.0,0.0,False,NONE
TRX-20260906-000631-011,TRX-20260906-000631,11,SKU-5004,Pembersih Lantai Super Pell 770ml,2,14500.0,29000.0,0.0,False,NONE
TRX-20260906-000631-012,TRX-20260906-000631,12,SKU-5006,Baterai ABC Alkaline AA 4s,5,21000.0,105000.0,0.0,False,NONE
TRX-20260906-000631-013,TRX-20260906-000631,13,SKU-4005,Rexona Deodorant Roll On 45ml,2,20500.0,41000.0,0.0,False,NONE
TRX-20260906-000632-001,TRX-20260906-000632,1,SKU-1011,Sarden ABC Saus Tomat 155g,2,12000.0,24000.0,0.0,False,NONE
TRX-20260906-000632-002,TRX-20260906-000632,2,SKU-3007,Chitato Sapi Panggang 68g,1,12500.0,12500.0,0.0,False,NONE
TRX-20260906-000632-003,TRX-20260906-000632,3,SKU-3005,Good Day Moccacino 250ml,1,8000.0,8000.0,0.0,False,NONE
TRX-20260906-000632-004,TRX-20260906-000632,4,SKU-1004,Tepung Terigu Segitiga Biru 1kg,1,13500.0,13500.0,0.0,False,NONE
TRX-20260906-000632-005,TRX-20260906-000632,5,SKU-4004,Sikat Gigi Formula Double Action 3s,1,15500.0,15500.0,0.0,False,NONE
TRX-20260906-000633-001,TRX-20260906-000633,1,SKU-3008,Taro Net Seaweed 65g,1,9800.0,9800.0,0.0,False,NONE
TRX-20260906-000633-002,TRX-20260906-000633,2,SKU-1005,Garam Dapur Cap Kapal 250g,2,5000.0,10000.0,0.0,False,NONE
TRX-20260906-000633-003,TRX-20260906-000633,3,SKU-3006,Coca Cola 390ml,2,7500.0,15000.0,0.0,False,NONE
TRX-20260906-000633-004,TRX-20260906-000633,4,SKU-3009,Oreo Original Roll 133g,2,11000.0,22000.0,0.0,True,VOID_ITEM
TRX-20260906-000633-005,TRX-20260906-000633,5,SKU-2006,Mentega Blue Band 200g,2,12500.0,25000.0,0.0,False,NONE
TRX-20260906-000634-001,TRX-20260906-000634,1,SKU-1004,Tepung Terigu Segitiga Biru 1kg,1,13500.0,13500.0,0.0,False,NONE
TRX-20260906-000634-002,TRX-20260906-000634,2,SKU-4004,Sikat Gigi Formula Double Action 3s,1,15500.0,15500.0,0.0,False,NONE
TRX-20260906-000634-003,TRX-20260906-000634,3,SKU-3006,Coca Cola 390ml,1,7500.0,7500.0,0.0,False,NONE
TRX-20260906-000634-004,TRX-20260906-000634,4,SKU-3009,Oreo Original Roll 133g,1,11000.0,11000.0,0.0,False,NONE
TRX-20260906-000634-005,TRX-20260906-000634,5,SKU-3010,SilverQueen Cokelat Mede 58g,1,17000.0,17000.0,0.0,False,NONE
TRX-20260906-000635-001,TRX-20260906-000635,1,SKU-4003,Pasta Gigi Pepsodent 190g,3,17000.0,51000.0,0.0,False,NONE
TRX-20260906-000635-002,TRX-20260906-000635,2,SKU-4004,Sikat Gigi Formula Double Action 3s,1,15500.0,15500.0,0.0,False,NONE
TRX-20260906-000635-003,TRX-20260906-000635,3,SKU-1003,Gula Pasir Gulaku 1kg,1,17500.0,17500.0,0.0,False,NONE
TRX-20260906-000635-004,TRX-20260906-000635,4,SKU-1007,Saus Sambal ABC 335ml,2,17500.0,35000.0,0.0,False,NONE
TRX-20260906-000635-005,TRX-20260906-000635,5,SKU-5002,Pewangi Pakaian Molto All in 1 720ml,1,24000.0,24000.0,0.0,False,NONE
TRX-20260906-000635-006,TRX-20260906-000635,6,SKU-4005,Rexona Deodorant Roll On 45ml,2,20500.0,41000.0,0.0,False,NONE
TRX-20260906-000635-007,TRX-20260906-000635,7,SKU-5003,Sabun Cuci Piring Sunlight 650ml,1,15500.0,15500.0,0.0,False,NONE
TRX-20260906-000635-008,TRX-20260906-000635,8,SKU-5004,Pembersih Lantai Super Pell 770ml,1,14500.0,14500.0,0.0,False,NONE
TRX-20260906-000635-009,TRX-20260906-000635,9,SKU-1009,Indomie Kuah Ayam Bawang 69g,2,3400.0,6800.0,0.0,False,NONE
TRX-20260906-000635-010,TRX-20260906-000635,10,SKU-3001,Air Mineral Aqua 600ml,1,4000.0,4000.0,0.0,False,NONE
TRX-20260906-000635-011,TRX-20260906-000635,11,SKU-4006,Paseo Facial Tissue 250 Sheets,2,16500.0,33000.0,0.0,False,NONE
TRX-20260906-000635-012,TRX-20260906-000635,12,SKU-4007,Minyak Telon My Baby 90ml,1,28000.0,28000.0,0.0,False,NONE
TRX-20260906-000636-001,TRX-20260906-000636,1,SKU-1010,Sedaap Mie Goreng 90g,1,3400.0,3400.0,0.0,False,NONE
TRX-20260906-000636-002,TRX-20260906-000636,2,SKU-2004,Yakult Pack isi 5,1,11500.0,11500.0,0.0,False,NONE
TRX-20260906-000636-003,TRX-20260906-000636,3,SKU-3007,Chitato Sapi Panggang 68g,1,12500.0,12500.0,0.0,False,NONE
TRX-20260906-000636-004,TRX-20260906-000636,4,SKU-3006,Coca Cola 390ml,2,7500.0,15000.0,0.0,False,NONE
TRX-20260906-000636-005,TRX-20260906-000636,5,SKU-1009,Indomie Kuah Ayam Bawang 69g,2,3400.0,6800.0,0.0,False,NONE
TRX-20260906-000636-006,TRX-20260906-000636,6,SKU-3004,Kopi Kapal Api Spesial Mix 10s,2,15500.0,31000.0,0.0,False,NONE
TRX-20260906-000636-007,TRX-20260906-000636,7,SKU-3008,Taro Net Seaweed 65g,1,9800.0,9800.0,0.0,True,VOID_ITEM
TRX-20260906-000636-008,TRX-20260906-000636,8,SKU-1008,Indomie Goreng Spesial 85g,2,3500.0,7000.0,0.0,False,NONE
TRX-20260906-000637-001,TRX-20260906-000637,1,SKU-3006,Coca Cola 390ml,1,7500.0,7500.0,0.0,False,NONE
TRX-20260906-000637-002,TRX-20260906-000637,2,SKU-1009,Indomie Kuah Ayam Bawang 69g,1,3400.0,3400.0,0.0,False,NONE
TRX-20260906-000637-003,TRX-20260906-000637,3,SKU-3009,Oreo Original Roll 133g,2,11000.0,22000.0,0.0,False,NONE
TRX-20260906-000637-004,TRX-20260906-000637,4,SKU-5003,Sabun Cuci Piring Sunlight 650ml,1,15500.0,15500.0,0.0,False,NONE
TRX-20260906-000637-005,TRX-20260906-000637,5,SKU-3007,Chitato Sapi Panggang 68g,1,12500.0,12500.0,0.0,False,NONE
TRX-20260906-000637-006,TRX-20260906-000637,6,SKU-1011,Sarden ABC Saus Tomat 155g,2,12000.0,24000.0,0.0,False,NONE
TRX-20260906-000638-001,TRX-20260906-000638,1,SKU-2004,Yakult Pack isi 5,1,11500.0,11500.0,0.0,False,NONE
TRX-20260906-000638-002,TRX-20260906-000638,2,SKU-2008,Sari Roti Sobek Cokelat,1,19500.0,19500.0,0.0,False,NONE
TRX-20260906-000638-003,TRX-20260906-000638,3,SKU-3007,Chitato Sapi Panggang 68g,1,12500.0,12500.0,0.0,False,NONE
TRX-20260906-000639-001,TRX-20260906-000639,1,SKU-2005,Keju Kraft Cheddar 165g,1,24000.0,24000.0,0.0,False,NONE
TRX-20260906-000640-001,TRX-20260906-000640,1,SKU-4006,Paseo Facial Tissue 250 Sheets,2,16500.0,33000.0,0.0,False,NONE
TRX-20260906-000640-002,TRX-20260906-000640,2,SKU-1012,Kornet Sapi Pronas 198g,1,26000.0,26000.0,0.0,False,NONE
TRX-20260906-000640-003,TRX-20260906-000640,3,SKU-4003,Pasta Gigi Pepsodent 190g,1,17000.0,17000.0,0.0,False,NONE
TRX-20260906-000640-004,TRX-20260906-000640,4,SKU-1002,Minyak Goreng Bimoli 2L,1,37500.0,37500.0,0.0,False,NONE
TRX-20260906-000640-005,TRX-20260906-000640,5,SKU-1003,Gula Pasir Gulaku 1kg,3,17500.0,52500.0,0.0,False,NONE
TRX-20260906-000640-006,TRX-20260906-000640,6,SKU-1004,Tepung Terigu Segitiga Biru 1kg,1,13500.0,13500.0,0.0,False,NONE
TRX-20260906-000640-007,TRX-20260906-000640,7,SKU-1009,Indomie Kuah Ayam Bawang 69g,2,3400.0,6800.0,0.0,False,NONE
TRX-20260906-000640-008,TRX-20260906-000640,8,SKU-1007,Saus Sambal ABC 335ml,1,17500.0,17500.0,0.0,False,NONE
TRX-20260906-000640-009,TRX-20260906-000640,9,SKU-1008,Indomie Goreng Spesial 85g,1,3500.0,3500.0,0.0,False,NONE
TRX-20260906-000640-010,TRX-20260906-000640,10,SKU-5006,Baterai ABC Alkaline AA 4s,5,21000.0,105000.0,0.0,False,NONE
TRX-20260906-000640-011,TRX-20260906-000640,11,SKU-4007,Minyak Telon My Baby 90ml,2,28000.0,56000.0,0.0,False,NONE
TRX-20260906-000640-012,TRX-20260906-000640,12,SKU-4002,Shampoo Sunsilk Black Shine 160ml,3,26000.0,78000.0,0.0,False,NONE
TRX-20260906-000640-013,TRX-20260906-000640,13,SKU-1007,Saus Sambal ABC 335ml,2,17500.0,35000.0,0.0,False,NONE
TRX-20260906-000640-014,TRX-20260906-000640,14,SKU-4001,Sabun Mandi Lifebuoy Total 10 450ml,1,27500.0,27500.0,0.0,False,NONE
TRX-20260906-000641-001,TRX-20260906-000641,1,SKU-4007,Minyak Telon My Baby 90ml,2,28000.0,56000.0,0.0,False,NONE
TRX-20260906-000641-002,TRX-20260906-000641,2,SKU-0008,UNKNOWN PRODUCT,5,3500.0,17500.0,0.0,True,VOID_ITEM
TRX-20260906-000641-003,TRX-20260906-000641,3,SKU-2001,Telur Ayam Negeri 1kg,2,31000.0,62000.0,0.0,False,NONE
TRX-20260906-000641-004,TRX-20260906-000641,4,SKU-4005,Rexona Deodorant Roll On 45ml,5,20500.0,102500.0,0.0,False,NONE
TRX-20260906-000641-005,TRX-20260906-000641,5,SKU-5006,Baterai ABC Alkaline AA 4s,2,21000.0,42000.0,0.0,False,NONE
TRX-20260906-000641-006,TRX-20260906-000641,6,SKU-5002,Pewangi Pakaian Molto All in 1 720ml,3,24000.0,72000.0,0.0,False,NONE
TRX-20260906-000641-007,TRX-20260906-000641,7,SKU-4002,Shampoo Sunsilk Black Shine 160ml,3,26000.0,78000.0,0.0,False,NONE
TRX-20260906-000641-008,TRX-20260906-000641,8,SKU-4001,Sabun Mandi Lifebuoy Total 10 450ml,2,27500.0,55000.0,0.0,False,NONE
TRX-20260906-000641-009,TRX-20260906-000641,9,SKU-1011,Sarden ABC Saus Tomat 155g,2,12000.0,24000.0,0.0,False,NONE
TRX-20260906-000641-010,TRX-20260906-000641,10,SKU-1003,Gula Pasir Gulaku 1kg,2,17500.0,35000.0,0.0,False,NONE
TRX-20260906-000641-011,TRX-20260906-000641,11,SKU-1001,Beras Pandan Wangi 5kg,5,78500.0,392500.0,0.0,False,NONE
TRX-20260906-000641-012,TRX-20260906-000641,12,SKU-1002,Minyak Goreng Bimoli 2L,2,37500.0,75000.0,0.0,False,NONE
TRX-20260906-000641-013,TRX-20260906-000641,13,SKU-5001,Deterjen Rinso Anti Noda 770g,5,23000.0,115000.0,0.0,False,NONE
TRX-20260906-000641-014,TRX-20260906-000641,14,SKU-1007,Saus Sambal ABC 335ml,1,17500.0,17500.0,0.0,False,NONE
TRX-20260906-000641-015,TRX-20260906-000641,15,SKU-1002,Minyak Goreng Bimoli 2L,1,37500.0,37500.0,0.0,False,NONE
TRX-20260906-000641-016,TRX-20260906-000641,16,SKU-1006,Kecap Manis Bango 520ml,2,25500.0,51000.0,0.0,False,NONE
TRX-20260906-000641-017,TRX-20260906-000641,17,SKU-5004,Pembersih Lantai Super Pell 770ml,1,14500.0,14500.0,0.0,False,NONE
TRX-20260906-000641-018,TRX-20260906-000641,18,SKU-4003,Pasta Gigi Pepsodent 190g,3,17000.0,51000.0,0.0,False,NONE
TRX-20260906-000641-019,TRX-20260906-000641,19,SKU-4004,Sikat Gigi Formula Double Action 3s,2,15500.0,31000.0,0.0,False,NONE
TRX-20260906-000641-020,TRX-20260906-000641,20,SKU-1005,Garam Dapur Cap Kapal 250g,3,5000.0,15000.0,0.0,False,NONE
TRX-20260906-000641-021,TRX-20260906-000641,21,SKU-1004,Tepung Terigu Segitiga Biru 1kg,1,13500.0,13500.0,0.0,False,NONE
TRX-20260906-000641-022,TRX-20260906-000641,22,SKU-4004,Sikat Gigi Formula Double Action 3s,1,15500.0,15500.0,0.0,False,NONE
TRX-20260906-000642-001,TRX-20260906-000642,1,SKU-1008,Indomie Goreng Spesial 85g,1,3500.0,3500.0,0.0,False,NONE
TRX-20260906-000642-002,TRX-20260906-000642,2,SKU-4004,Sikat Gigi Formula Double Action 3s,2,15500.0,31000.0,0.0,False,NONE
TRX-20260906-000642-003,TRX-20260906-000642,3,SKU-3004,Kopi Kapal Api Spesial Mix 10s,1,15500.0,15500.0,0.0,False,NONE
TRX-20260906-000642-004,TRX-20260906-000642,4,SKU-3008,Taro Net Seaweed 65g,2,9800.0,19600.0,0.0,False,NONE
TRX-20260906-000642-005,TRX-20260906-000642,5,SKU-3003,Teh Pucuk Harum 350ml,2,4500.0,9000.0,0.0,False,NONE
TRX-20260906-000642-006,TRX-20260906-000642,6,SKU-3007,Chitato Sapi Panggang 68g,2,12500.0,25000.0,0.0,False,NONE
TRX-20260906-000642-007,TRX-20260906-000642,7,SKU-1004,Tepung Terigu Segitiga Biru 1kg,1,13500.0,13500.0,0.0,False,NONE
TRX-20260906-000642-008,TRX-20260906-000642,8,SKU-2004,Yakult Pack isi 5,1,11500.0,11500.0,0.0,False,NONE
TRX-20260906-000643-001,TRX-20260906-000643,1,SKU-1010,Sedaap Mie Goreng 90g,2,3400.0,6800.0,0.0,False,NONE
TRX-20260906-000643-002,TRX-20260906-000643,2,SKU-1008,Indomie Goreng Spesial 85g,2,3500.0,7000.0,0.0,False,NONE
TRX-20260906-000643-003,TRX-20260906-000643,3,SKU-1009,Indomie Kuah Ayam Bawang 69g,1,3400.0,3400.0,0.0,False,NONE
TRX-20260906-000643-004,TRX-20260906-000643,4,SKU-4004,Sikat Gigi Formula Double Action 3s,1,15500.0,15500.0,0.0,False,NONE
TRX-20260906-000643-005,TRX-20260906-000643,5,SKU-5003,Sabun Cuci Piring Sunlight 650ml,2,15500.0,31000.0,0.0,False,NONE
TRX-20260906-000644-001,TRX-20260906-000644,1,SKU-1011,Sarden ABC Saus Tomat 155g,1,12000.0,12000.0,0.0,False,NONE
TRX-20260906-000644-002,TRX-20260906-000644,2,SKU-5001,Deterjen Rinso Anti Noda 770g,1,23000.0,23000.0,0.0,False,NONE
TRX-20260906-000644-003,TRX-20260906-000644,3,SKU-2002,Susu Ultra Milk Full Cream 1L,1,21500.0,21500.0,0.0,False,NONE
TRX-20260906-000644-004,TRX-20260906-000644,4,SKU-3001,Air Mineral Aqua 600ml,1,4000.0,4000.0,0.0,False,NONE
TRX-20260906-000644-005,TRX-20260906-000644,5,SKU-3009,Oreo Original Roll 133g,1,11000.0,11000.0,0.0,False,NONE
TRX-20260906-000644-006,TRX-20260906-000644,6,SKU-3010,SilverQueen Cokelat Mede 58g,1,17000.0,17000.0,0.0,False,NONE
TRX-20260906-000644-007,TRX-20260906-000644,7,SKU-3006,Coca Cola 390ml,1,7500.0,7500.0,0.0,False,NONE
TRX-20260906-000645-001,TRX-20260906-000645,1,SKU-2004,Yakult Pack isi 5,1,11500.0,11500.0,0.0,False,NONE
TRX-20260906-000645-002,TRX-20260906-000645,2,SKU-3003,Teh Pucuk Harum 350ml,1,4500.0,4500.0,0.0,False,NONE
TRX-20260906-000646-001,TRX-20260906-000646,1,SKU-1005,Garam Dapur Cap Kapal 250g,1,5000.0,5000.0,0.0,False,NONE
TRX-20260906-000646-002,TRX-20260906-000646,2,SKU-4003,Pasta Gigi Pepsodent 190g,1,17000.0,17000.0,0.0,False,NONE
TRX-20260906-000646-003,TRX-20260906-000646,3,SKU-4004,Sikat Gigi Formula Double Action 3s,1,15500.0,15500.0,0.0,False,NONE
TRX-20260906-000646-004,TRX-20260906-000646,4,SKU-1008,Indomie Goreng Spesial 85g,1,3500.0,3500.0,0.0,False,NONE
TRX-20260906-000646-005,TRX-20260906-000646,5,SKU-2001,Telur Ayam Negeri 1kg,2,31000.0,62000.0,0.0,False,NONE
TRX-20260906-000646-006,TRX-20260906-000646,6,SKU-1010,Sedaap Mie Goreng 90g,2,3400.0,6800.0,0.0,False,NONE
TRX-20260906-000646-007,TRX-20260906-000646,7,SKU-1003,Gula Pasir Gulaku 1kg,1,17500.0,17500.0,0.0,False,NONE
TRX-20260906-000646-008,TRX-20260906-000646,8,SKU-5005,Baygon Obat Nyamuk Semprot 600ml,1,42000.0,42000.0,0.0,False,NONE
TRX-20260906-000646-009,TRX-20260906-000646,9,SKU-1004,Tepung Terigu Segitiga Biru 1kg,1,13500.0,13500.0,0.0,False,NONE
TRX-20260906-000646-010,TRX-20260906-000646,10,SKU-3002,Air Mineral Le Minerale 600ml,1,3800.0,3800.0,0.0,False,TYPO_SKU
TRX-20260906-000646-011,TRX-20260906-000646,11,SKU-5003,Sabun Cuci Piring Sunlight 650ml,1,15500.0,15500.0,0.0,False,NONE
TRX-20260906-000646-012,TRX-20260906-000646,12,SKU-1002,Minyak Goreng Bimoli 2L,2,37500.0,75000.0,0.0,False,NONE
TRX-20260906-000646-013,TRX-20260906-000646,13,SKU-5002,Pewangi Pakaian Molto All in 1 720ml,3,24000.0,72000.0,0.0,True,VOID_ITEM
TRX-20260906-000646-014,TRX-20260906-000646,14,SKU-1001,Beras Pandan Wangi 5kg,2,78500.0,157000.0,0.0,False,NONE
TRX-20260906-000646-015,TRX-20260906-000646,15,SKU-5006,Baterai ABC Alkaline AA 4s,5,21000.0,105000.0,0.0,False,NONE
TRX-20260906-000646-016,TRX-20260906-000646,16,SKU-5001,Deterjen Rinso Anti Noda 770g,1,23000.0,23000.0,0.0,False,NONE
TRX-20260906-000646-017,TRX-20260906-000646,17,SKU-4005,Rexona Deodorant Roll On 45ml,1,20500.0,20500.0,0.0,False,NONE
TRX-20260906-000646-018,TRX-20260906-000646,18,SKU-5004,Pembersih Lantai Super Pell 770ml,2,14500.0,29000.0,0.0,False,NONE
TRX-20260906-000646-019,TRX-20260906-000646,19,SKU-1006,Kecap Manis Bango 520ml,1,25500.0,25500.0,0.0,False,NONE
TRX-20260906-000646-020,TRX-20260906-000646,20,SKU-4001,Sabun Mandi Lifebuoy Total 10 450ml,2,27500.0,55000.0,0.0,False,NONE
TRX-20260907-000647-001,TRX-20260907-000647,1,SKU-4006,Paseo Facial Tissue 250 Sheets,1,16500.0,16500.0,0.0,False,TYPO_SKU
TRX-20260907-000647-002,TRX-20260907-000647,2,SKU-3003,Teh Pucuk Harum 350ml,1,4500.0,4500.0,0.0,False,NONE
TRX-20260907-000647-003,TRX-20260907-000647,3,SKU-3009,Oreo Original Roll 133g,1,11000.0,11000.0,0.0,False,NONE
TRX-20260907-000648-001,TRX-20260907-000648,1,SKU-2002,Susu Ultra Milk Full Cream 1L,1,21500.0,21500.0,0.0,False,NONE
TRX-20260907-000648-002,TRX-20260907-000648,2,SKU-3004,Kopi Kapal Api Spesial Mix 10s,1,15500.0,15500.0,0.0,False,NONE
TRX-20260907-000648-003,TRX-20260907-000648,3,SKU-2007,Sari Roti Tawar Spesial,1,16500.0,16500.0,0.0,False,NONE
TRX-20260907-000649-001,TRX-20260907-000649,1,SKU-4004,Sikat Gigi Formula Double Action 3s,1,15500.0,15500.0,0.0,False,NONE
TRX-20260907-000649-002,TRX-20260907-000649,2,SKU-1005,Garam Dapur Cap Kapal 250g,1,5000.0,5000.0,0.0,False,NONE
TRX-20260907-000649-003,TRX-20260907-000649,3,SKU-3008,Taro Net Seaweed 65g,1,9800.0,9800.0,0.0,False,NONE
TRX-20260907-000649-004,TRX-20260907-000649,4,SKU-4003,Pasta Gigi Pepsodent 190g,1,17000.0,17000.0,0.0,False,NONE
TRX-20260907-000649-005,TRX-20260907-000649,5,SKU-4007,Minyak Telon My Baby 90ml,1,28000.0,28000.0,0.0,False,NONE
TRX-20260907-000649-006,TRX-20260907-000649,6,SKU-3001,Air Mineral Aqua 600ml,2,4000.0,8000.0,0.0,False,NONE
TRX-20260907-000649-007,TRX-20260907-000649,7,SKU-3002,Air Mineral Le Minerale 600ml,2,3800.0,7600.0,0.0,False,NONE
TRX-20260907-000650-001,TRX-20260907-000650,1,SKU-4001,Sabun Mandi Lifebuoy Total 10 450ml,5,27500.0,137500.0,0.0,False,NONE
TRX-20260907-000650-002,TRX-20260907-000650,2,SKU-4093,UNKNOWN PRODUCT,1,17000.0,17000.0,0.0,False,TYPO_SKU
TRX-20260907-000650-003,TRX-20260907-000650,3,SKU-1011,Sarden ABC Saus Tomat 155g,2,12000.0,24000.0,0.0,False,NONE
TRX-20260907-000650-004,TRX-20260907-000650,4,SKU-4007,Minyak Telon My Baby 90ml,1,28000.0,28000.0,0.0,False,NONE
TRX-20260907-000650-005,TRX-20260907-000650,5,SKU-4003,Pasta Gigi Pepsodent 190g,1,17000.0,17000.0,0.0,False,NONE
TRX-20260907-000650-006,TRX-20260907-000650,6,SKU-4004,Sikat Gigi Formula Double Action 3s,2,15500.0,31000.0,0.0,False,NONE
TRX-20260907-000650-007,TRX-20260907-000650,7,SKU-1003,Gula Pasir Gulaku 1kg,2,17500.0,35000.0,0.0,False,NONE
TRX-20260907-000650-008,TRX-20260907-000650,8,SKU-1006,Kecap Manis Bango 520ml,3,25500.0,76500.0,0.0,False,NONE
TRX-20260907-000650-009,TRX-20260907-000650,9,SKU-1002,Minyak Goreng Bimoli 2L,2,37500.0,75000.0,0.0,False,NONE
TRX-20260907-000650-010,TRX-20260907-000650,10,SKU-1004,Tepung Terigu Segitiga Biru 1kg,1,13500.0,13500.0,0.0,False,NONE
TRX-20260907-000651-001,TRX-20260907-000651,1,SKU-1004,Tepung Terigu Segitiga Biru 1kg,1,13500.0,13500.0,0.0,False,NONE
TRX-20260907-000651-002,TRX-20260907-000651,2,SKU-4006,Paseo Facial Tissue 250 Sheets,1,16500.0,16500.0,0.0,False,NONE
TRX-20260907-000651-003,TRX-20260907-000651,3,SKU-2003,Susu Ultra Milk Cokelat 1L,1,21500.0,21500.0,0.0,False,NONE
TRX-20260907-000651-004,TRX-20260907-000651,4,SKU-3005,Good Day Moccacino 250ml,1,8000.0,8000.0,0.0,False,NONE
TRX-20260907-000651-005,TRX-20260907-000651,5,SKU-2006,Mentega Blue Band 200g,1,12500.0,12500.0,0.0,False,NONE
TRX-20260907-000651-006,TRX-20260907-000651,6,SKU-3007,Chitato Sapi Panggang 68g,1,12500.0,12500.0,0.0,False,NONE
TRX-20260907-000651-007,TRX-20260907-000651,7,SKU-3005,Good Day Moccacino 250ml,2,8000.0,16000.0,0.0,False,NONE
TRX-20260907-000651-008,TRX-20260907-000651,8,SKU-3006,Coca Cola 390ml,1,7500.0,7500.0,0.0,False,NONE
TRX-20260907-000652-001,TRX-20260907-000652,1,SKU-3009,Oreo Original Roll 133g,1,11000.0,11000.0,0.0,False,NONE
TRX-20260907-000652-002,TRX-20260907-000652,2,SKU-3002,Air Mineral Le Minerale 600ml,2,3800.0,7600.0,0.0,False,NONE
TRX-20260907-000652-003,TRX-20260907-000652,3,SKU-1009,Indomie Kuah Ayam Bawang 69g,1,3400.0,3400.0,0.0,False,NONE
TRX-20260907-000652-004,TRX-20260907-000652,4,SKU-1008,Indomie Goreng Spesial 85g,2,3500.0,7000.0,0.0,True,VOID_ITEM
TRX-20260907-000653-001,TRX-20260907-000653,1,SKU-3003,Teh Pucuk Harum 350ml,1,4500.0,4500.0,0.0,False,NONE
TRX-20260907-000653-002,TRX-20260907-000653,2,SKU-3002,Air Mineral Le Minerale 600ml,1,3800.0,3800.0,0.0,False,NONE
TRX-20260907-000654-001,TRX-20260907-000654,1,SKU-2008,Sari Roti Sobek Cokelat,1,19500.0,19500.0,0.0,False,NONE
TRX-20260907-000654-002,TRX-20260907-000654,2,SKU-3007,Chitato Sapi Panggang 68g,1,12500.0,12500.0,0.0,False,NONE
TRX-20260907-000654-003,TRX-20260907-000654,3,SKU-3010,SilverQueen Cokelat Mede 58g,1,17000.0,17000.0,0.0,False,NONE
TRX-20260907-000655-001,TRX-20260907-000655,1,SKU-2007,Sari Roti Tawar Spesial,1,16500.0,16500.0,0.0,False,NONE
TRX-20260907-000655-002,TRX-20260907-000655,2,SKU-2004,Yakult Pack isi 5,1,11500.0,11500.0,0.0,False,NONE
TRX-20260907-000655-003,TRX-20260907-000655,3,SKU-3001,Air Mineral Aqua 600ml,1,4000.0,4000.0,0.0,False,NONE
TRX-20260907-000656-001,TRX-20260907-000656,1,SKU-1006,Kecap Manis Bango 520ml,3,25500.0,76500.0,0.0,False,NONE
TRX-20260907-000656-002,TRX-20260907-000656,2,SKU-4007,Minyak Telon My Baby 90ml,2,28000.0,56000.0,0.0,False,NONE
TRX-20260907-000656-003,TRX-20260907-000656,3,SKU-1012,Kornet Sapi Pronas 198g,5,26000.0,130000.0,0.0,False,NONE
TRX-20260907-000656-004,TRX-20260907-000656,4,SKU-5006,Baterai ABC Alkaline AA 4s,5,21000.0,105000.0,0.0,False,NONE
TRX-20260907-000656-005,TRX-20260907-000656,5,SKU-4001,Sabun Mandi Lifebuoy Total 10 450ml,5,27500.0,137500.0,0.0,False,NONE
TRX-20260907-000656-006,TRX-20260907-000656,6,SKU-4002,Shampoo Sunsilk Black Shine 160ml,2,26000.0,52000.0,0.0,False,NONE
TRX-20260907-000656-007,TRX-20260907-000656,7,SKU-2001,Telur Ayam Negeri 1kg,5,31000.0,155000.0,0.0,False,TYPO_SKU
TRX-20260907-000656-008,TRX-20260907-000656,8,SKU-1005,Garam Dapur Cap Kapal 250g,2,5000.0,10000.0,0.0,False,NONE
TRX-20260907-000656-009,TRX-20260907-000656,9,SKU-5005,Baygon Obat Nyamuk Semprot 600ml,2,42000.0,84000.0,0.0,False,NONE
TRX-20260907-000656-010,TRX-20260907-000656,10,SKU-5003,Sabun Cuci Piring Sunlight 650ml,1,15500.0,15500.0,0.0,False,NONE
TRX-20260907-000656-011,TRX-20260907-000656,11,SKU-1010,Sedaap Mie Goreng 90g,2,3400.0,6800.0,0.0,False,NONE
TRX-20260907-000656-012,TRX-20260907-000656,12,SKU-2001,Telur Ayam Negeri 1kg,1,31000.0,31000.0,0.0,False,NONE
TRX-20260907-000656-013,TRX-20260907-000656,13,SKU-1007,Saus Sambal ABC 335ml,5,17500.0,87500.0,0.0,False,NONE
TRX-20260907-000656-014,TRX-20260907-000656,14,SKU-1008,Indomie Goreng Spesial 85g,3,3500.0,10500.0,0.0,False,NONE
TRX-20260907-000656-015,TRX-20260907-000656,15,SKU-1005,Garam Dapur Cap Kapal 250g,5,5000.0,25000.0,0.0,False,NONE
TRX-20260907-000656-016,TRX-20260907-000656,16,SKU-1003,Gula Pasir Gulaku 1kg,2,17500.0,35000.0,0.0,False,NONE
TRX-20260907-000657-001,TRX-20260907-000657,1,SKU-3009,Oreo Original Roll 133g,1,11000.0,11000.0,0.0,False,NONE
TRX-20260907-000657-002,TRX-20260907-000657,2,SKU-3003,Teh Pucuk Harum 350ml,2,4500.0,9000.0,0.0,False,NONE
TRX-20260907-000657-003,TRX-20260907-000657,3,SKU-4004,Sikat Gigi Formula Double Action 3s,2,15500.0,31000.0,0.0,False,NONE
TRX-20260907-000657-004,TRX-20260907-000657,4,SKU-3005,Good Day Moccacino 250ml,2,8000.0,16000.0,0.0,False,NONE
TRX-20260907-000657-005,TRX-20260907-000657,5,SKU-1009,Indomie Kuah Ayam Bawang 69g,1,3400.0,3400.0,0.0,False,NONE
TRX-20260907-000657-006,TRX-20260907-000657,6,SKU-1010,Sedaap Mie Goreng 90g,2,3400.0,6800.0,0.0,False,NONE
TRX-20260907-000657-007,TRX-20260907-000657,7,SKU-1004,Tepung Terigu Segitiga Biru 1kg,2,13500.0,27000.0,0.0,False,NONE
TRX-20260907-000657-008,TRX-20260907-000657,8,SKU-1008,Indomie Goreng Spesial 85g,2,3500.0,7000.0,0.0,True,VOID_ITEM
TRX-20260907-000658-001,TRX-20260907-000658,1,SKU-3006,Coca Cola 390ml,1,7500.0,7500.0,0.0,False,NONE
TRX-20260907-000658-002,TRX-20260907-000658,2,SKU-3009,Oreo Original Roll 133g,2,11000.0,22000.0,0.0,False,NONE
TRX-20260907-000658-003,TRX-20260907-000658,3,SKU-4004,Sikat Gigi Formula Double Action 3s,1,15500.0,15500.0,0.0,False,NONE
TRX-20260907-000658-004,TRX-20260907-000658,4,SKU-1010,Sedaap Mie Goreng 90g,2,3400.0,6800.0,0.0,True,VOID_ITEM
TRX-20260907-000659-001,TRX-20260907-000659,1,SKU-1010,Sedaap Mie Goreng 90g,2,3400.0,6800.0,0.0,False,NONE
TRX-20260907-000659-002,TRX-20260907-000659,2,SKU-1005,Garam Dapur Cap Kapal 250g,1,5000.0,5000.0,0.0,False,NONE
TRX-20260907-000659-003,TRX-20260907-000659,3,SKU-2006,Mentega Blue Band 200g,1,12500.0,12500.0,0.0,True,VOID_ITEM
TRX-20260907-000659-004,TRX-20260907-000659,4,SKU-3001,Air Mineral Aqua 600ml,2,4000.0,8000.0,0.0,False,NONE
TRX-20260907-000659-005,TRX-20260907-000659,5,SKU-4004,Sikat Gigi Formula Double Action 3s,1,15500.0,15500.0,0.0,True,VOID_ITEM
TRX-20260907-000659-006,TRX-20260907-000659,6,SKU-3006,Coca Cola 390ml,1,7500.0,7500.0,0.0,False,NONE
TRX-20260907-000659-007,TRX-20260907-000659,7,SKU-3007,Chitato Sapi Panggang 68g,1,12500.0,12500.0,0.0,False,NONE
TRX-20260907-000660-001,TRX-20260907-000660,1,SKU-1005,Garam Dapur Cap Kapal 250g,3,5000.0,15000.0,0.0,False,NONE
TRX-20260907-000660-002,TRX-20260907-000660,2,SKU-1007,Saus Sambal ABC 335ml,1,17500.0,17500.0,0.0,False,NONE
TRX-20260907-000660-003,TRX-20260907-000660,3,SKU-5003,Sabun Cuci Piring Sunlight 650ml,1,15500.0,15500.0,0.0,False,NONE
TRX-20260907-000660-004,TRX-20260907-000660,4,SKU-5001,Deterjen Rinso Anti Noda 770g,1,23000.0,23000.0,0.0,False,NONE
TRX-20260907-000660-005,TRX-20260907-000660,5,SKU-1010,Sedaap Mie Goreng 90g,1,3400.0,3400.0,0.0,False,NONE
TRX-20260907-000660-006,TRX-20260907-000660,6,SKU-5002,Pewangi Pakaian Molto All in 1 720ml,2,24000.0,48000.0,0.0,False,NONE
TRX-20260907-000660-007,TRX-20260907-000660,7,SKU-1009,Indomie Kuah Ayam Bawang 69g,3,3400.0,10200.0,0.0,False,NONE
TRX-20260907-000660-008,TRX-20260907-000660,8,SKU-1002,Minyak Goreng Bimoli 2L,1,37500.0,37500.0,0.0,False,NONE
TRX-20260907-000660-009,TRX-20260907-000660,9,SKU-1001,Beras Pandan Wangi 5kg,1,78500.0,78500.0,0.0,False,NONE
TRX-20260907-000660-010,TRX-20260907-000660,10,SKU-1006,Kecap Manis Bango 520ml,2,25500.0,51000.0,0.0,False,NONE
TRX-20260907-000660-011,TRX-20260907-000660,11,SKU-4003,Pasta Gigi Pepsodent 190g,2,17000.0,34000.0,0.0,False,NONE
TRX-20260907-000660-012,TRX-20260907-000660,12,SKU-5005,Baygon Obat Nyamuk Semprot 600ml,5,42000.0,210000.0,0.0,False,NONE
TRX-20260907-000660-013,TRX-20260907-000660,13,SKU-5006,Baterai ABC Alkaline AA 4s,3,21000.0,63000.0,0.0,False,NONE
TRX-20260907-000660-014,TRX-20260907-000660,14,SKU-4004,Sikat Gigi Formula Double Action 3s,1,15500.0,15500.0,0.0,False,NONE
TRX-20260907-000660-015,TRX-20260907-000660,15,SKU-4006,Paseo Facial Tissue 250 Sheets,2,16500.0,33000.0,0.0,False,NONE
TRX-20260907-000660-016,TRX-20260907-000660,16,SKU-4005,Rexona Deodorant Roll On 45ml,2,20500.0,41000.0,0.0,False,NONE
TRX-20260907-000660-017,TRX-20260907-000660,17,SKU-4007,Minyak Telon My Baby 90ml,2,28000.0,56000.0,0.0,False,NONE
TRX-20260907-000660-018,TRX-20260907-000660,18,SKU-2008,Sari Roti Sobek Cokelat,3,19500.0,58500.0,0.0,False,TYPO_SKU
TRX-20260907-000660-019,TRX-20260907-000660,19,SKU-5001,Deterjen Rinso Anti Noda 770g,1,23000.0,23000.0,0.0,False,NONE
TRX-20260907-000660-020,TRX-20260907-000660,20,SKU-5004,Pembersih Lantai Super Pell 770ml,2,14500.0,29000.0,0.0,False,NONE
TRX-20260907-000661-001,TRX-20260907-000661,1,SKU-2001,Telur Ayam Negeri 1kg,1,31000.0,31000.0,0.0,False,NONE
TRX-20260907-000661-002,TRX-20260907-000661,2,SKU-3008,Taro Net Seaweed 65g,1,9800.0,9800.0,0.0,False,NONE
TRX-20260907-000661-003,TRX-20260907-000661,3,SKU-3009,Oreo Original Roll 133g,1,11000.0,11000.0,0.0,False,NONE
TRX-20260907-000662-001,TRX-20260907-000662,1,SKU-1014,UNKNOWN PRODUCT,5,13500.0,67500.0,0.0,False,TYPO_SKU
TRX-20260907-000662-002,TRX-20260907-000662,2,SKU-1009,Indomie Kuah Ayam Bawang 69g,2,3400.0,6800.0,0.0,False,NONE
TRX-20260907-000662-003,TRX-20260907-000662,3,SKU-1007,Saus Sambal ABC 335ml,1,17500.0,17500.0,0.0,False,NONE
TRX-20260907-000662-004,TRX-20260907-000662,4,SKU-1008,Indomie Goreng Spesial 85g,3,3500.0,10500.0,0.0,False,NONE
TRX-20260907-000662-005,TRX-20260907-000662,5,SKU-5001,Deterjen Rinso Anti Noda 770g,1,23000.0,23000.0,0.0,False,NONE
TRX-20260907-000662-006,TRX-20260907-000662,6,SKU-5002,Pewangi Pakaian Molto All in 1 720ml,2,24000.0,48000.0,0.0,False,NONE
TRX-20260907-000662-007,TRX-20260907-000662,7,SKU-1007,Saus Sambal ABC 335ml,2,17500.0,35000.0,0.0,False,NONE
TRX-20260907-000662-008,TRX-20260907-000662,8,SKU-1012,Kornet Sapi Pronas 198g,3,26000.0,78000.0,0.0,False,NONE
TRX-20260907-000662-009,TRX-20260907-000662,9,SKU-1006,Kecap Manis Bango 520ml,2,25500.0,51000.0,0.0,False,NONE
TRX-20260907-000662-010,TRX-20260907-000662,10,SKU-4005,Rexona Deodorant Roll On 45ml,1,20500.0,20500.0,0.0,False,NONE
TRX-20260907-000662-011,TRX-20260907-000662,11,SKU-1002,Minyak Goreng Bimoli 2L,1,37500.0,37500.0,0.0,False,NONE
TRX-20260907-000662-012,TRX-20260907-000662,12,SKU-5003,Sabun Cuci Piring Sunlight 650ml,1,15500.0,15500.0,0.0,False,NONE
TRX-20260907-000662-013,TRX-20260907-000662,13,SKU-5004,Pembersih Lantai Super Pell 770ml,1,14500.0,14500.0,0.0,False,NONE
TRX-20260907-000662-014,TRX-20260907-000662,14,SKU-5006,Baterai ABC Alkaline AA 4s,1,21000.0,21000.0,0.0,False,NONE
TRX-20260907-000662-015,TRX-20260907-000662,15,SKU-5005,Baygon Obat Nyamuk Semprot 600ml,1,42000.0,42000.0,0.0,False,NONE
TRX-20260907-000662-016,TRX-20260907-000662,16,SKU-4007,Minyak Telon My Baby 90ml,2,28000.0,56000.0,0.0,False,NONE
TRX-20260907-000662-017,TRX-20260907-000662,17,SKU-1001,Beras Pandan Wangi 5kg,1,78500.0,78500.0,0.0,False,NONE
TRX-20260907-000662-018,TRX-20260907-000662,18,SKU-4003,Pasta Gigi Pepsodent 190g,2,17000.0,34000.0,0.0,False,NONE
TRX-20260907-000662-019,TRX-20260907-000662,19,SKU-1011,Sarden ABC Saus Tomat 155g,5,12000.0,60000.0,0.0,False,NONE
TRX-20260907-000662-020,TRX-20260907-000662,20,SKU-1005,Garam Dapur Cap Kapal 250g,2,5000.0,10000.0,0.0,False,NONE
TRX-20260907-000662-021,TRX-20260907-000662,21,SKU-1010,Sedaap Mie Goreng 90g,2,3400.0,6800.0,0.0,False,NONE
TRX-20260907-000663-001,TRX-20260907-000663,1,SKU-3002,Air Mineral Le Minerale 600ml,1,3800.0,3800.0,0.0,False,NONE
TRX-20260907-000663-002,TRX-20260907-000663,2,SKU-1006,Kecap Manis Bango 520ml,1,25500.0,25500.0,0.0,False,NONE
TRX-20260907-000663-003,TRX-20260907-000663,3,SKU-4002,Shampoo Sunsilk Black Shine 160ml,1,26000.0,26000.0,0.0,False,NONE
TRX-20260907-000663-004,TRX-20260907-000663,4,SKU-5001,Deterjen Rinso Anti Noda 770g,1,23000.0,23000.0,0.0,False,NONE
TRX-20260907-000663-005,TRX-20260907-000663,5,SKU-1019,UNKNOWN PRODUCT,1,3400.0,3400.0,0.0,False,TYPO_SKU
TRX-20260907-000663-006,TRX-20260907-000663,6,SKU-3007,Chitato Sapi Panggang 68g,2,12500.0,25000.0,0.0,False,NONE
TRX-20260907-000664-001,TRX-20260907-000664,1,SKU-3007,Chitato Sapi Panggang 68g,2,12500.0,25000.0,0.0,False,NONE
TRX-20260907-000664-002,TRX-20260907-000664,2,SKU-3001,Air Mineral Aqua 600ml,1,4000.0,4000.0,0.0,False,NONE
TRX-20260907-000664-003,TRX-20260907-000664,3,SKU-3008,Taro Net Seaweed 65g,1,9800.0,9800.0,0.0,False,NONE
TRX-20260907-000664-004,TRX-20260907-000664,4,SKU-3002,Air Mineral Le Minerale 600ml,1,3800.0,3800.0,0.0,False,NONE
TRX-20260907-000664-005,TRX-20260907-000664,5,SKU-1011,Sarden ABC Saus Tomat 155g,1,12000.0,12000.0,0.0,False,NONE
TRX-20260907-000664-006,TRX-20260907-000664,6,SKU-1009,Indomie Kuah Ayam Bawang 69g,1,3400.0,3400.0,0.0,False,NONE
TRX-20260907-000664-007,TRX-20260907-000664,7,SKU-1004,Tepung Terigu Segitiga Biru 1kg,1,13500.0,13500.0,0.0,False,NONE
TRX-20260907-000665-001,TRX-20260907-000665,1,SKU-1003,Gula Pasir Gulaku 1kg,1,17500.0,17500.0,0.0,False,NONE
TRX-20260907-000665-002,TRX-20260907-000665,2,SKU-2002,Susu Ultra Milk Full Cream 1L,1,21500.0,21500.0,0.0,False,NONE
TRX-20260907-000665-003,TRX-20260907-000665,3,SKU-3001,Air Mineral Aqua 600ml,2,4000.0,8000.0,0.0,False,NONE
TRX-20260907-000665-004,TRX-20260907-000665,4,SKU-3003,Teh Pucuk Harum 350ml,1,4500.0,4500.0,0.0,False,NONE
TRX-20260907-000666-001,TRX-20260907-000666,1,SKU-3007,Chitato Sapi Panggang 68g,1,12500.0,12500.0,0.0,False,NONE
TRX-20260907-000666-002,TRX-20260907-000666,2,SKU-2005,Keju Kraft Cheddar 165g,1,24000.0,24000.0,0.0,True,VOID_ITEM
TRX-20260907-000667-001,TRX-20260907-000667,1,SKU-1009,Indomie Kuah Ayam Bawang 69g,1,3400.0,3400.0,0.0,False,NONE
TRX-20260907-000667-002,TRX-20260907-000667,2,SKU-3097,UNKNOWN PRODUCT,1,12500.0,12500.0,0.0,False,TYPO_SKU
TRX-20260907-000667-003,TRX-20260907-000667,3,SKU-1010,Sedaap Mie Goreng 90g,2,3400.0,6800.0,0.0,False,NONE
TRX-20260907-000667-004,TRX-20260907-000667,4,SKU-3003,Teh Pucuk Harum 350ml,1,4500.0,4500.0,0.0,False,NONE
TRX-20260907-000667-005,TRX-20260907-000667,5,SKU-2006,Mentega Blue Band 200g,2,12500.0,25000.0,0.0,False,NONE
TRX-20260907-000667-006,TRX-20260907-000667,6,SKU-3001,Air Mineral Aqua 600ml,2,4000.0,8000.0,0.0,False,NONE
TRX-20260907-000668-001,TRX-20260907-000668,1,SKU-3007,Chitato Sapi Panggang 68g,1,12500.0,12500.0,0.0,False,NONE
TRX-20260907-000668-002,TRX-20260907-000668,2,SKU-3005,Good Day Moccacino 250ml,2,8000.0,16000.0,0.0,False,NONE
TRX-20260907-000668-003,TRX-20260907-000668,3,SKU-3001,Air Mineral Aqua 600ml,2,4000.0,8000.0,0.0,True,VOID_ITEM
TRX-20260907-000668-004,TRX-20260907-000668,4,SKU-1005,Garam Dapur Cap Kapal 250g,1,5000.0,5000.0,0.0,False,NONE
TRX-20260907-000669-001,TRX-20260907-000669,1,SKU-3003,Teh Pucuk Harum 350ml,1,4500.0,4500.0,0.0,False,NONE
TRX-20260907-000669-002,TRX-20260907-000669,2,SKU-2001,Telur Ayam Negeri 1kg,1,31000.0,31000.0,0.0,False,NONE
TRX-20260907-000670-001,TRX-20260907-000670,1,SKU-1005,Garam Dapur Cap Kapal 250g,2,5000.0,10000.0,0.0,False,NONE
TRX-20260907-000670-002,TRX-20260907-000670,2,SKU-1010,Sedaap Mie Goreng 90g,2,3400.0,6800.0,0.0,False,NONE
TRX-20260907-000670-003,TRX-20260907-000670,3,SKU-1211,UNKNOWN PRODUCT,2,12000.0,24000.0,0.0,False,TYPO_SKU
TRX-20260907-000670-004,TRX-20260907-000670,4,SKU-4001,Sabun Mandi Lifebuoy Total 10 450ml,3,27500.0,82500.0,0.0,False,NONE
TRX-20260907-000670-005,TRX-20260907-000670,5,SKU-4002,Shampoo Sunsilk Black Shine 160ml,2,26000.0,52000.0,0.0,False,NONE
TRX-20260907-000670-006,TRX-20260907-000670,6,SKU-5003,Sabun Cuci Piring Sunlight 650ml,2,15500.0,31000.0,0.0,False,NONE
TRX-20260907-000670-007,TRX-20260907-000670,7,SKU-5004,Pembersih Lantai Super Pell 770ml,1,14500.0,14500.0,0.0,False,NONE
TRX-20260907-000670-008,TRX-20260907-000670,8,SKU-1006,Kecap Manis Bango 520ml,1,25500.0,25500.0,0.0,False,NONE
TRX-20260907-000670-009,TRX-20260907-000670,9,SKU-1002,Minyak Goreng Bimoli 2L,3,37500.0,112500.0,0.0,False,NONE
TRX-20260907-000670-010,TRX-20260907-000670,10,SKU-4003,Pasta Gigi Pepsodent 190g,1,17000.0,17000.0,0.0,False,NONE
TRX-20260907-000670-011,TRX-20260907-000670,11,SKU-5005,Baygon Obat Nyamuk Semprot 600ml,1,42000.0,42000.0,0.0,False,NONE
TRX-20260907-000670-012,TRX-20260907-000670,12,SKU-4007,Minyak Telon My Baby 90ml,1,28000.0,28000.0,0.0,False,NONE
TRX-20260907-000670-013,TRX-20260907-000670,13,SKU-4002,Shampoo Sunsilk Black Shine 160ml,2,26000.0,52000.0,0.0,False,NONE
TRX-20260907-000670-014,TRX-20260907-000670,14,SKU-1003,Gula Pasir Gulaku 1kg,1,17500.0,17500.0,0.0,False,NONE
TRX-20260907-000670-015,TRX-20260907-000670,15,SKU-5004,Pembersih Lantai Super Pell 770ml,1,14500.0,14500.0,0.0,False,NONE
TRX-20260907-000670-016,TRX-20260907-000670,16,SKU-1012,Kornet Sapi Pronas 198g,1,26000.0,26000.0,0.0,False,NONE
TRX-20260907-000670-017,TRX-20260907-000670,17,SKU-1004,Tepung Terigu Segitiga Biru 1kg,2,13500.0,27000.0,0.0,False,NONE
TRX-20260907-000671-001,TRX-20260907-000671,1,SKU-3004,Kopi Kapal Api Spesial Mix 10s,1,15500.0,15500.0,0.0,False,NONE
TRX-20260907-000671-002,TRX-20260907-000671,2,SKU-3003,Teh Pucuk Harum 350ml,1,4500.0,4500.0,0.0,False,NONE
TRX-20260907-000672-001,TRX-20260907-000672,1,SKU-2007,Sari Roti Tawar Spesial,1,16500.0,16500.0,0.0,False,NONE
TRX-20260907-000672-002,TRX-20260907-000672,2,SKU-3009,Oreo Original Roll 133g,1,11000.0,11000.0,0.0,False,NONE
TRX-20260907-000673-001,TRX-20260907-000673,1,SKU-4001,Sabun Mandi Lifebuoy Total 10 450ml,2,27500.0,55000.0,0.0,False,NONE
TRX-20260907-000673-002,TRX-20260907-000673,2,SKU-1002,Minyak Goreng Bimoli 2L,3,37500.0,112500.0,0.0,False,NONE
TRX-20260907-000673-003,TRX-20260907-000673,3,SKU-1001,Beras Pandan Wangi 5kg,1,78500.0,78500.0,0.0,False,NONE
TRX-20260907-000673-004,TRX-20260907-000673,4,SKU-4003,Pasta Gigi Pepsodent 190g,1,17000.0,17000.0,0.0,False,NONE
TRX-20260907-000673-005,TRX-20260907-000673,5,SKU-4004,Sikat Gigi Formula Double Action 3s,2,15500.0,31000.0,0.0,False,NONE
TRX-20260907-000673-006,TRX-20260907-000673,6,SKU-1011,Sarden ABC Saus Tomat 155g,3,12000.0,36000.0,0.0,False,NONE
TRX-20260907-000673-007,TRX-20260907-000673,7,SKU-1004,Tepung Terigu Segitiga Biru 1kg,1,13500.0,13500.0,0.0,False,NONE
TRX-20260907-000673-008,TRX-20260907-000673,8,SKU-4006,Paseo Facial Tissue 250 Sheets,1,16500.0,16500.0,0.0,False,NONE
TRX-20260907-000673-009,TRX-20260907-000673,9,SKU-1005,Garam Dapur Cap Kapal 250g,1,5000.0,5000.0,0.0,False,NONE
TRX-20260907-000673-010,TRX-20260907-000673,10,SKU-4005,Rexona Deodorant Roll On 45ml,2,20500.0,41000.0,0.0,False,NONE
TRX-20260907-000673-011,TRX-20260907-000673,11,SKU-1010,Sedaap Mie Goreng 90g,1,3400.0,3400.0,0.0,False,NONE
TRX-20260907-000673-012,TRX-20260907-000673,12,SKU-1007,Saus Sambal ABC 335ml,1,17500.0,17500.0,0.0,False,NONE
TRX-20260907-000673-013,TRX-20260907-000673,13,SKU-1001,Beras Pandan Wangi 5kg,2,78500.0,157000.0,0.0,False,NONE
TRX-20260907-000673-014,TRX-20260907-000673,14,SKU-1003,Gula Pasir Gulaku 1kg,1,17500.0,17500.0,0.0,False,NONE
TRX-20260907-000673-015,TRX-20260907-000673,15,SKU-5006,Baterai ABC Alkaline AA 4s,2,21000.0,42000.0,0.0,False,NONE
TRX-20260907-000673-016,TRX-20260907-000673,16,SKU-5005,Baygon Obat Nyamuk Semprot 600ml,5,42000.0,210000.0,0.0,False,NONE
TRX-20260907-000673-017,TRX-20260907-000673,17,SKU-1006,Kecap Manis Bango 520ml,3,25500.0,76500.0,0.0,False,NONE
TRX-20260907-000674-001,TRX-20260907-000674,1,SKU-3005,Good Day Moccacino 250ml,2,8000.0,16000.0,0.0,False,NONE
TRX-20260907-000674-002,TRX-20260907-000674,2,SKU-1004,Tepung Terigu Segitiga Biru 1kg,1,13500.0,13500.0,0.0,False,NONE
TRX-20260907-000674-003,TRX-20260907-000674,3,SKU-3001,Air Mineral Aqua 600ml,2,4000.0,8000.0,0.0,False,NONE
TRX-20260907-000674-004,TRX-20260907-000674,4,SKU-3107,UNKNOWN PRODUCT,2,12500.0,25000.0,0.0,False,TYPO_SKU
TRX-20260907-000674-005,TRX-20260907-000674,5,SKU-3009,Oreo Original Roll 133g,2,11000.0,22000.0,0.0,False,NONE
TRX-20260907-000674-006,TRX-20260907-000674,6,SKU-3008,Taro Net Seaweed 65g,2,9800.0,19600.0,0.0,False,NONE
TRX-20260907-000674-007,TRX-20260907-000674,7,SKU-1009,Indomie Kuah Ayam Bawang 69g,2,3400.0,6800.0,0.0,True,VOID_ITEM
TRX-20260907-000674-008,TRX-20260907-000674,8,SKU-1011,Sarden ABC Saus Tomat 155g,1,12000.0,12000.0,0.0,False,NONE
TRX-20260907-000675-001,TRX-20260907-000675,1,SKU-3009,Oreo Original Roll 133g,2,11000.0,22000.0,0.0,False,NONE
TRX-20260907-000675-002,TRX-20260907-000675,2,SKU-1008,Indomie Goreng Spesial 85g,2,3500.0,7000.0,0.0,False,NONE
TRX-20260907-000675-003,TRX-20260907-000675,3,SKU-1009,Indomie Kuah Ayam Bawang 69g,1,3400.0,3400.0,0.0,False,NONE
TRX-20260907-000675-004,TRX-20260907-000675,4,SKU-1005,Garam Dapur Cap Kapal 250g,1,5000.0,5000.0,0.0,False,NONE
TRX-20260907-000675-005,TRX-20260907-000675,5,SKU-3007,Chitato Sapi Panggang 68g,2,12500.0,25000.0,0.0,False,NONE
TRX-20260907-000675-006,TRX-20260907-000675,6,SKU-3003,Teh Pucuk Harum 350ml,1,4500.0,4500.0,0.0,False,NONE
TRX-20260907-000675-007,TRX-20260907-000675,7,SKU-5004,Pembersih Lantai Super Pell 770ml,2,14500.0,29000.0,0.0,False,NONE
TRX-20260907-000675-008,TRX-20260907-000675,8,SKU-5003,Sabun Cuci Piring Sunlight 650ml,2,15500.0,31000.0,0.0,False,NONE
TRX-20260907-000676-001,TRX-20260907-000676,1,SKU-1001,Beras Pandan Wangi 5kg,2,78500.0,157000.0,0.0,False,NONE
TRX-20260907-000676-002,TRX-20260907-000676,2,SKU-5001,Deterjen Rinso Anti Noda 770g,1,23000.0,23000.0,0.0,False,NONE
TRX-20260907-000676-003,TRX-20260907-000676,3,SKU-1009,Indomie Kuah Ayam Bawang 69g,3,3400.0,10200.0,0.0,False,NONE
TRX-20260907-000676-004,TRX-20260907-000676,4,SKU-3001,Air Mineral Aqua 600ml,1,4000.0,4000.0,0.0,False,NONE
TRX-20260907-000676-005,TRX-20260907-000676,5,SKU-1004,Tepung Terigu Segitiga Biru 1kg,1,13500.0,13500.0,0.0,False,NONE
TRX-20260907-000676-006,TRX-20260907-000676,6,SKU-4004,Sikat Gigi Formula Double Action 3s,3,15500.0,46500.0,0.0,False,NONE
TRX-20260907-000676-007,TRX-20260907-000676,7,SKU-1002,Minyak Goreng Bimoli 2L,2,37500.0,75000.0,0.0,False,NONE
TRX-20260907-000676-008,TRX-20260907-000676,8,SKU-1005,Garam Dapur Cap Kapal 250g,2,5000.0,10000.0,0.0,False,NONE
TRX-20260907-000676-009,TRX-20260907-000676,9,SKU-5003,Sabun Cuci Piring Sunlight 650ml,2,15500.0,31000.0,0.0,False,NONE
TRX-20260907-000676-010,TRX-20260907-000676,10,SKU-4007,Minyak Telon My Baby 90ml,1,28000.0,28000.0,0.0,False,NONE
TRX-20260907-000676-011,TRX-20260907-000676,11,SKU-1006,Kecap Manis Bango 520ml,1,25500.0,25500.0,0.0,False,NONE
TRX-20260907-000676-012,TRX-20260907-000676,12,SKU-1011,Sarden ABC Saus Tomat 155g,2,12000.0,24000.0,0.0,False,NONE
TRX-20260907-000676-013,TRX-20260907-000676,13,SKU-1003,Gula Pasir Gulaku 1kg,3,17500.0,52500.0,0.0,False,NONE
TRX-20260907-000676-014,TRX-20260907-000676,14,SKU-5002,Pewangi Pakaian Molto All in 1 720ml,3,24000.0,72000.0,0.0,False,NONE
TRX-20260907-000676-015,TRX-20260907-000676,15,SKU-1010,Sedaap Mie Goreng 90g,1,3400.0,3400.0,0.0,False,NONE
TRX-20260907-000676-016,TRX-20260907-000676,16,SKU-1008,Indomie Goreng Spesial 85g,5,3500.0,17500.0,0.0,False,NONE
TRX-20260907-000676-017,TRX-20260907-000676,17,SKU-2001,Telur Ayam Negeri 1kg,1,31000.0,31000.0,0.0,False,NONE
TRX-20260907-000676-018,TRX-20260907-000676,18,SKU-5004,Pembersih Lantai Super Pell 770ml,1,14500.0,14500.0,0.0,False,NONE
TRX-20260907-000677-001,TRX-20260907-000677,1,SKU-5006,Baterai ABC Alkaline AA 4s,1,21000.0,21000.0,0.0,False,NONE
TRX-20260907-000677-002,TRX-20260907-000677,2,SKU-4006,Paseo Facial Tissue 250 Sheets,2,16500.0,33000.0,0.0,False,NONE
TRX-20260907-000677-003,TRX-20260907-000677,3,SKU-1004,Tepung Terigu Segitiga Biru 1kg,2,13500.0,27000.0,0.0,False,NONE
TRX-20260907-000677-004,TRX-20260907-000677,4,SKU-4005,Rexona Deodorant Roll On 45ml,1,20500.0,20500.0,0.0,False,NONE
TRX-20260907-000677-005,TRX-20260907-000677,5,SKU-1005,Garam Dapur Cap Kapal 250g,1,5000.0,5000.0,0.0,False,NONE
TRX-20260907-000677-006,TRX-20260907-000677,6,SKU-5002,Pewangi Pakaian Molto All in 1 720ml,1,24000.0,24000.0,0.0,False,NONE
TRX-20260907-000677-007,TRX-20260907-000677,7,SKU-5003,Sabun Cuci Piring Sunlight 650ml,1,15500.0,15500.0,0.0,False,NONE
TRX-20260907-000677-008,TRX-20260907-000677,8,SKU-6004,UNKNOWN PRODUCT,1,14500.0,14500.0,0.0,True,VOID_ITEM
TRX-20260907-000677-009,TRX-20260907-000677,9,SKU-5001,Deterjen Rinso Anti Noda 770g,2,23000.0,46000.0,0.0,False,NONE
TRX-20260907-000677-010,TRX-20260907-000677,10,SKU-1010,Sedaap Mie Goreng 90g,2,3400.0,6800.0,0.0,False,NONE
TRX-20260907-000677-011,TRX-20260907-000677,11,SKU-1007,Saus Sambal ABC 335ml,1,17500.0,17500.0,0.0,False,NONE
TRX-20260907-000677-012,TRX-20260907-000677,12,SKU-1001,Beras Pandan Wangi 5kg,5,78500.0,392500.0,0.0,False,NONE
TRX-20260907-000677-013,TRX-20260907-000677,13,SKU-1007,Saus Sambal ABC 335ml,2,17500.0,35000.0,0.0,False,NONE
TRX-20260907-000677-014,TRX-20260907-000677,14,SKU-4004,Sikat Gigi Formula Double Action 3s,2,15500.0,31000.0,0.0,False,NONE
TRX-20260907-000677-015,TRX-20260907-000677,15,SKU-4007,Minyak Telon My Baby 90ml,1,28000.0,28000.0,0.0,False,NONE
TRX-20260907-000677-016,TRX-20260907-000677,16,SKU-4002,Shampoo Sunsilk Black Shine 160ml,3,26000.0,78000.0,0.0,False,NONE
TRX-20260907-000677-017,TRX-20260907-000677,17,SKU-4001,Sabun Mandi Lifebuoy Total 10 450ml,1,27500.0,27500.0,0.0,False,NONE
TRX-20260907-000678-001,TRX-20260907-000678,1,SKU-3001,Air Mineral Aqua 600ml,2,4000.0,8000.0,0.0,False,NONE
TRX-20260907-000678-002,TRX-20260907-000678,2,SKU-3207,UNKNOWN PRODUCT,2,12500.0,25000.0,0.0,False,TYPO_SKU
TRX-20260907-000678-003,TRX-20260907-000678,3,SKU-2006,Mentega Blue Band 200g,1,12500.0,12500.0,0.0,True,VOID_ITEM
TRX-20260907-000678-004,TRX-20260907-000678,4,SKU-3006,Coca Cola 390ml,1,7500.0,7500.0,0.0,True,VOID_ITEM
TRX-20260907-000678-005,TRX-20260907-000678,5,SKU-3008,Taro Net Seaweed 65g,2,9800.0,19600.0,0.0,False,NONE
TRX-20260907-000678-006,TRX-20260907-000678,6,SKU-1008,Indomie Goreng Spesial 85g,2,3500.0,7000.0,0.0,False,NONE
TRX-20260907-000678-007,TRX-20260907-000678,7,SKU-3002,Air Mineral Le Minerale 600ml,2,3800.0,7600.0,0.0,False,NONE
TRX-20260907-000678-008,TRX-20260907-000678,8,SKU-3004,Kopi Kapal Api Spesial Mix 10s,2,15500.0,31000.0,0.0,False,NONE
TRX-20260907-000678-009,TRX-20260907-000678,9,SKU-4004,Sikat Gigi Formula Double Action 3s,1,15500.0,15500.0,0.0,False,NONE
TRX-20260907-000679-001,TRX-20260907-000679,1,SKU-2005,Keju Kraft Cheddar 165g,1,24000.0,24000.0,0.0,False,NONE
TRX-20260907-000679-002,TRX-20260907-000679,2,SKU-4007,Minyak Telon My Baby 90ml,1,28000.0,28000.0,0.0,False,NONE
TRX-20260907-000679-003,TRX-20260907-000679,3,SKU-1012,Kornet Sapi Pronas 198g,1,26000.0,26000.0,0.0,False,NONE
TRX-20260907-000679-004,TRX-20260907-000679,4,SKU-5004,Pembersih Lantai Super Pell 770ml,1,14500.0,14500.0,0.0,False,NONE
TRX-20260907-000679-005,TRX-20260907-000679,5,SKU-5002,Pewangi Pakaian Molto All in 1 720ml,1,24000.0,24000.0,0.0,False,NONE
TRX-20260907-000679-006,TRX-20260907-000679,6,SKU-3003,Teh Pucuk Harum 350ml,2,4500.0,9000.0,0.0,False,NONE
TRX-20260907-000679-007,TRX-20260907-000679,7,SKU-3009,Oreo Original Roll 133g,2,11000.0,22000.0,0.0,False,NONE
TRX-20260907-000679-008,TRX-20260907-000679,8,SKU-3007,Chitato Sapi Panggang 68g,2,12500.0,25000.0,0.0,False,NONE
TRX-20260907-000680-001,TRX-20260907-000680,1,SKU-3004,Kopi Kapal Api Spesial Mix 10s,1,15500.0,15500.0,0.0,False,NONE
TRX-20260907-000681-001,TRX-20260907-000681,1,SKU-1004,Tepung Terigu Segitiga Biru 1kg,2,13500.0,27000.0,0.0,False,NONE
TRX-20260907-000681-002,TRX-20260907-000681,2,SKU-4004,Sikat Gigi Formula Double Action 3s,1,15500.0,15500.0,0.0,False,NONE
TRX-20260907-000681-003,TRX-20260907-000681,3,SKU-5002,Pewangi Pakaian Molto All in 1 720ml,5,24000.0,120000.0,0.0,False,NONE
TRX-20260907-000681-004,TRX-20260907-000681,4,SKU-5005,Baygon Obat Nyamuk Semprot 600ml,1,42000.0,42000.0,0.0,False,NONE
TRX-20260907-000681-005,TRX-20260907-000681,5,SKU-5003,Sabun Cuci Piring Sunlight 650ml,3,15500.0,46500.0,0.0,False,NONE
TRX-20260907-000681-006,TRX-20260907-000681,6,SKU-5004,Pembersih Lantai Super Pell 770ml,2,14500.0,29000.0,0.0,False,NONE
TRX-20260907-000681-007,TRX-20260907-000681,7,SKU-1010,Sedaap Mie Goreng 90g,2,3400.0,6800.0,0.0,False,NONE
TRX-20260907-000681-008,TRX-20260907-000681,8,SKU-3007,Chitato Sapi Panggang 68g,2,12500.0,25000.0,0.0,False,TYPO_SKU
TRX-20260907-000681-009,TRX-20260907-000681,9,SKU-1002,Minyak Goreng Bimoli 2L,1,37500.0,37500.0,0.0,False,NONE
TRX-20260907-000681-010,TRX-20260907-000681,10,SKU-4002,Shampoo Sunsilk Black Shine 160ml,1,26000.0,26000.0,0.0,False,NONE
TRX-20260907-000681-011,TRX-20260907-000681,11,SKU-4001,Sabun Mandi Lifebuoy Total 10 450ml,1,27500.0,27500.0,0.0,False,NONE
TRX-20260907-000682-001,TRX-20260907-000682,1,SKU-3004,Kopi Kapal Api Spesial Mix 10s,1,15500.0,15500.0,0.0,False,NONE
TRX-20260907-000683-001,TRX-20260907-000683,1,SKU-1009,Indomie Kuah Ayam Bawang 69g,1,3400.0,3400.0,0.0,False,NONE
TRX-20260907-000683-002,TRX-20260907-000683,2,SKU-5006,Baterai ABC Alkaline AA 4s,2,21000.0,42000.0,0.0,False,NONE
TRX-20260907-000683-003,TRX-20260907-000683,3,SKU-5002,Pewangi Pakaian Molto All in 1 720ml,1,24000.0,24000.0,0.0,False,NONE
TRX-20260907-000683-004,TRX-20260907-000683,4,SKU-5001,Deterjen Rinso Anti Noda 770g,3,23000.0,69000.0,0.0,False,NONE
TRX-20260907-000683-005,TRX-20260907-000683,5,SKU-5003,Sabun Cuci Piring Sunlight 650ml,2,15500.0,31000.0,0.0,False,NONE
TRX-20260907-000683-006,TRX-20260907-000683,6,SKU-4001,Sabun Mandi Lifebuoy Total 10 450ml,5,27500.0,137500.0,0.0,False,TYPO_SKU
TRX-20260907-000683-007,TRX-20260907-000683,7,SKU-4003,Pasta Gigi Pepsodent 190g,1,17000.0,17000.0,0.0,False,NONE
TRX-20260907-000683-008,TRX-20260907-000683,8,SKU-1012,Kornet Sapi Pronas 198g,3,26000.0,78000.0,0.0,False,NONE
TRX-20260907-000683-009,TRX-20260907-000683,9,SKU-1006,Kecap Manis Bango 520ml,1,25500.0,25500.0,0.0,False,NONE
TRX-20260907-000683-010,TRX-20260907-000683,10,SKU-5005,Baygon Obat Nyamuk Semprot 600ml,2,42000.0,84000.0,0.0,False,NONE
TRX-20260907-000683-011,TRX-20260907-000683,11,SKU-1005,Garam Dapur Cap Kapal 250g,5,5000.0,25000.0,0.0,False,NONE
TRX-20260907-000683-012,TRX-20260907-000683,12,SKU-1004,Tepung Terigu Segitiga Biru 1kg,3,13500.0,40500.0,0.0,False,NONE
TRX-20260907-000683-013,TRX-20260907-000683,13,SKU-1008,Indomie Goreng Spesial 85g,3,3500.0,10500.0,0.0,False,NONE
TRX-20260907-000683-014,TRX-20260907-000683,14,SKU-4001,Sabun Mandi Lifebuoy Total 10 450ml,2,27500.0,55000.0,0.0,False,NONE
TRX-20260907-000684-001,TRX-20260907-000684,1,SKU-3004,Kopi Kapal Api Spesial Mix 10s,1,15500.0,15500.0,0.0,False,NONE
TRX-20260907-000684-002,TRX-20260907-000684,2,SKU-4007,Minyak Telon My Baby 90ml,1,28000.0,28000.0,0.0,False,NONE
TRX-20260907-000684-003,TRX-20260907-000684,3,SKU-2004,Yakult Pack isi 5,1,11500.0,11500.0,0.0,False,NONE
TRX-20260907-000684-004,TRX-20260907-000684,4,SKU-3005,Good Day Moccacino 250ml,2,8000.0,16000.0,0.0,False,NONE
TRX-20260907-000684-005,TRX-20260907-000684,5,SKU-3001,Air Mineral Aqua 600ml,2,4000.0,8000.0,0.0,False,NONE
TRX-20260907-000685-001,TRX-20260907-000685,1,SKU-3004,Kopi Kapal Api Spesial Mix 10s,1,15500.0,15500.0,0.0,False,NONE
TRX-20260907-000685-002,TRX-20260907-000685,2,SKU-3003,Teh Pucuk Harum 350ml,1,4500.0,4500.0,0.0,False,NONE
TRX-20260907-000686-001,TRX-20260907-000686,1,SKU-1008,Indomie Goreng Spesial 85g,2,3500.0,7000.0,0.0,False,NONE
TRX-20260907-000686-002,TRX-20260907-000686,2,SKU-1007,Saus Sambal ABC 335ml,1,17500.0,17500.0,0.0,False,NONE
TRX-20260907-000686-003,TRX-20260907-000686,3,SKU-5002,Pewangi Pakaian Molto All in 1 720ml,2,24000.0,48000.0,0.0,False,NONE
TRX-20260907-000686-004,TRX-20260907-000686,4,SKU-4004,Sikat Gigi Formula Double Action 3s,3,15500.0,46500.0,0.0,False,NONE
TRX-20260907-000686-005,TRX-20260907-000686,5,SKU-5003,Sabun Cuci Piring Sunlight 650ml,5,15500.0,77500.0,0.0,False,NONE
TRX-20260907-000686-006,TRX-20260907-000686,6,SKU-5004,Pembersih Lantai Super Pell 770ml,2,14500.0,29000.0,0.0,False,NONE
TRX-20260907-000686-007,TRX-20260907-000686,7,SKU-4007,Minyak Telon My Baby 90ml,2,28000.0,56000.0,0.0,False,NONE
TRX-20260907-000686-008,TRX-20260907-000686,8,SKU-4006,Paseo Facial Tissue 250 Sheets,1,16500.0,16500.0,0.0,False,NONE
TRX-20260907-000686-009,TRX-20260907-000686,9,SKU-1009,Indomie Kuah Ayam Bawang 69g,2,3400.0,6800.0,0.0,False,NONE
TRX-20260907-000686-010,TRX-20260907-000686,10,SKU-1012,Kornet Sapi Pronas 198g,1,26000.0,26000.0,0.0,False,NONE
TRX-20260907-000686-011,TRX-20260907-000686,11,SKU-4005,Rexona Deodorant Roll On 45ml,1,20500.0,20500.0,0.0,False,NONE
TRX-20260907-000686-012,TRX-20260907-000686,12,SKU-5001,Deterjen Rinso Anti Noda 770g,2,23000.0,46000.0,0.0,False,NONE
TRX-20260907-000686-013,TRX-20260907-000686,13,SKU-5004,Pembersih Lantai Super Pell 770ml,2,14500.0,29000.0,0.0,False,NONE
TRX-20260907-000686-014,TRX-20260907-000686,14,SKU-5005,Baygon Obat Nyamuk Semprot 600ml,2,42000.0,84000.0,0.0,False,NONE
TRX-20260907-000686-015,TRX-20260907-000686,15,SKU-1003,Gula Pasir Gulaku 1kg,2,17500.0,35000.0,0.0,False,NONE
TRX-20260907-000686-016,TRX-20260907-000686,16,SKU-1004,Tepung Terigu Segitiga Biru 1kg,1,13500.0,13500.0,0.0,False,NONE
TRX-20260907-000686-017,TRX-20260907-000686,17,SKU-1011,Sarden ABC Saus Tomat 155g,5,12000.0,60000.0,0.0,False,NONE
TRX-20260907-000686-018,TRX-20260907-000686,18,SKU-4002,Shampoo Sunsilk Black Shine 160ml,5,26000.0,130000.0,0.0,False,NONE
TRX-20260907-000686-019,TRX-20260907-000686,19,SKU-4003,Pasta Gigi Pepsodent 190g,1,17000.0,17000.0,0.0,False,NONE
TRX-20260907-000686-020,TRX-20260907-000686,20,SKU-5006,Baterai ABC Alkaline AA 4s,1,21000.0,21000.0,0.0,False,NONE
TRX-20260907-000686-021,TRX-20260907-000686,21,SKU-4003,Pasta Gigi Pepsodent 190g,3,17000.0,51000.0,0.0,False,NONE
TRX-20260907-000687-001,TRX-20260907-000687,1,SKU-3003,Teh Pucuk Harum 350ml,1,4500.0,4500.0,0.0,False,NONE
TRX-20260907-000687-002,TRX-20260907-000687,2,SKU-3010,SilverQueen Cokelat Mede 58g,1,17000.0,17000.0,0.0,False,NONE
TRX-20260907-000687-003,TRX-20260907-000687,3,SKU-2003,Susu Ultra Milk Cokelat 1L,1,21500.0,21500.0,0.0,False,NONE
TRX-20260907-000688-001,TRX-20260907-000688,1,SKU-1011,Sarden ABC Saus Tomat 155g,5,12000.0,60000.0,0.0,False,NONE
TRX-20260907-000688-002,TRX-20260907-000688,2,SKU-5005,Baygon Obat Nyamuk Semprot 600ml,2,42000.0,84000.0,0.0,False,NONE
TRX-20260907-000688-003,TRX-20260907-000688,3,SKU-1005,Garam Dapur Cap Kapal 250g,1,5000.0,5000.0,0.0,False,NONE
TRX-20260907-000688-004,TRX-20260907-000688,4,SKU-1004,Tepung Terigu Segitiga Biru 1kg,1,13500.0,13500.0,0.0,False,NONE
TRX-20260907-000688-005,TRX-20260907-000688,5,SKU-5002,Pewangi Pakaian Molto All in 1 720ml,3,24000.0,72000.0,0.0,False,NONE
TRX-20260907-000688-006,TRX-20260907-000688,6,SKU-1002,Minyak Goreng Bimoli 2L,2,37500.0,75000.0,0.0,False,NONE
TRX-20260907-000688-007,TRX-20260907-000688,7,SKU-1001,Beras Pandan Wangi 5kg,2,78500.0,157000.0,0.0,False,NONE
TRX-20260907-000688-008,TRX-20260907-000688,8,SKU-5003,Sabun Cuci Piring Sunlight 650ml,2,15500.0,31000.0,0.0,False,NONE
TRX-20260907-000688-009,TRX-20260907-000688,9,SKU-4004,Sikat Gigi Formula Double Action 3s,2,15500.0,31000.0,0.0,False,NONE
TRX-20260907-000688-010,TRX-20260907-000688,10,SKU-1008,Indomie Goreng Spesial 85g,5,3500.0,17500.0,0.0,False,NONE
TRX-20260907-000688-011,TRX-20260907-000688,11,SKU-2001,Telur Ayam Negeri 1kg,1,31000.0,31000.0,0.0,False,NONE
TRX-20260907-000688-012,TRX-20260907-000688,12,SKU-1003,Gula Pasir Gulaku 1kg,1,17500.0,17500.0,0.0,False,NONE
TRX-20260907-000688-013,TRX-20260907-000688,13,SKU-1006,Kecap Manis Bango 520ml,1,25500.0,25500.0,0.0,False,NONE
TRX-20260907-000688-014,TRX-20260907-000688,14,SKU-4003,Pasta Gigi Pepsodent 190g,1,17000.0,17000.0,0.0,False,NONE
TRX-20260907-000688-015,TRX-20260907-000688,15,SKU-5006,Baterai ABC Alkaline AA 4s,2,21000.0,42000.0,0.0,False,NONE
TRX-20260907-000688-016,TRX-20260907-000688,16,SKU-4006,Paseo Facial Tissue 250 Sheets,3,16500.0,49500.0,0.0,False,NONE
TRX-20260907-000688-017,TRX-20260907-000688,17,SKU-4001,Sabun Mandi Lifebuoy Total 10 450ml,1,27500.0,27500.0,0.0,False,NONE
TRX-20260907-000688-018,TRX-20260907-000688,18,SKU-1007,Saus Sambal ABC 335ml,2,17500.0,35000.0,0.0,False,NONE
TRX-20260907-000688-019,TRX-20260907-000688,19,SKU-1009,Indomie Kuah Ayam Bawang 69g,3,3400.0,10200.0,0.0,False,NONE
TRX-20260907-000688-020,TRX-20260907-000688,20,SKU-2001,Telur Ayam Negeri 1kg,2,31000.0,62000.0,0.0,False,TYPO_SKU
TRX-20260907-000688-021,TRX-20260907-000688,21,SKU-1001,Beras Pandan Wangi 5kg,2,78500.0,157000.0,0.0,False,NONE
TRX-20260907-000689-001,TRX-20260907-000689,1,SKU-3007,Chitato Sapi Panggang 68g,2,12500.0,25000.0,0.0,False,NONE
TRX-20260907-000689-002,TRX-20260907-000689,2,SKU-1010,Sedaap Mie Goreng 90g,2,3400.0,6800.0,0.0,False,NONE
TRX-20260907-000689-003,TRX-20260907-000689,3,SKU-1011,Sarden ABC Saus Tomat 155g,1,12000.0,12000.0,0.0,False,NONE
TRX-20260907-000689-004,TRX-20260907-000689,4,SKU-1005,Garam Dapur Cap Kapal 250g,2,5000.0,10000.0,0.0,False,NONE
TRX-20260907-000689-005,TRX-20260907-000689,5,SKU-1004,Tepung Terigu Segitiga Biru 1kg,1,13500.0,13500.0,0.0,True,VOID_ITEM
TRX-20260907-000689-006,TRX-20260907-000689,6,SKU-3001,Air Mineral Aqua 600ml,1,4000.0,4000.0,0.0,False,NONE
TRX-20260907-000689-007,TRX-20260907-000689,7,SKU-2004,Yakult Pack isi 5,2,11500.0,23000.0,0.0,True,VOID_ITEM
TRX-20260907-000689-008,TRX-20260907-000689,8,SKU-3004,Kopi Kapal Api Spesial Mix 10s,2,15500.0,31000.0,0.0,False,NONE
TRX-20260907-000690-001,TRX-20260907-000690,1,SKU-3006,Coca Cola 390ml,1,7500.0,7500.0,0.0,False,NONE
TRX-20260907-000691-001,TRX-20260907-000691,1,SKU-3008,Taro Net Seaweed 65g,1,9800.0,9800.0,0.0,False,NONE
TRX-20260907-000692-001,TRX-20260907-000692,1,SKU-3009,Oreo Original Roll 133g,1,11000.0,11000.0,0.0,False,NONE
TRX-20260907-000692-002,TRX-20260907-000692,2,SKU-4004,Sikat Gigi Formula Double Action 3s,1,15500.0,15500.0,0.0,False,NONE
TRX-20260907-000692-003,TRX-20260907-000692,3,SKU-3004,Kopi Kapal Api Spesial Mix 10s,2,15500.0,31000.0,0.0,True,VOID_ITEM
TRX-20260907-000692-004,TRX-20260907-000692,4,SKU-1005,Garam Dapur Cap Kapal 250g,2,5000.0,10000.0,0.0,False,NONE
TRX-20260907-000692-005,TRX-20260907-000692,5,SKU-2006,Mentega Blue Band 200g,1,12500.0,12500.0,0.0,False,NONE
TRX-20260907-000692-006,TRX-20260907-000692,6,SKU-2004,Yakult Pack isi 5,2,11500.0,23000.0,0.0,False,NONE
TRX-20260907-000692-007,TRX-20260907-000692,7,SKU-5002,Pewangi Pakaian Molto All in 1 720ml,2,24000.0,48000.0,0.0,False,TYPO_SKU
TRX-20260907-000692-008,TRX-20260907-000692,8,SKU-3003,Teh Pucuk Harum 350ml,2,4500.0,9000.0,0.0,True,VOID_ITEM
TRX-20260907-000692-009,TRX-20260907-000692,9,SKU-3008,Taro Net Seaweed 65g,2,9800.0,19600.0,0.0,False,NONE
TRX-20260907-000693-001,TRX-20260907-000693,1,SKU-3006,Coca Cola 390ml,1,7500.0,7500.0,0.0,False,NONE
TRX-20260907-000693-002,TRX-20260907-000693,2,SKU-3010,SilverQueen Cokelat Mede 58g,1,17000.0,17000.0,0.0,False,NONE
TRX-20260907-000693-003,TRX-20260907-000693,3,SKU-3007,Chitato Sapi Panggang 68g,1,12500.0,12500.0,0.0,False,NONE
TRX-20260907-000694-001,TRX-20260907-000694,1,SKU-2007,Sari Roti Tawar Spesial,1,16500.0,16500.0,0.0,False,NONE
TRX-20260907-000694-002,TRX-20260907-000694,2,SKU-3005,Good Day Moccacino 250ml,1,8000.0,8000.0,0.0,False,NONE
TRX-20260907-000694-003,TRX-20260907-000694,3,SKU-3002,Air Mineral Le Minerale 600ml,1,3800.0,3800.0,0.0,False,NONE
TRX-20260907-000695-001,TRX-20260907-000695,1,SKU-3202,UNKNOWN PRODUCT,2,3800.0,7600.0,0.0,False,TYPO_SKU
TRX-20260907-000695-002,TRX-20260907-000695,2,SKU-3006,Coca Cola 390ml,1,7500.0,7500.0,0.0,False,NONE
TRX-20260907-000695-003,TRX-20260907-000695,3,SKU-3001,Air Mineral Aqua 600ml,1,4000.0,4000.0,0.0,True,VOID_ITEM
TRX-20260907-000695-004,TRX-20260907-000695,4,SKU-3004,Kopi Kapal Api Spesial Mix 10s,2,15500.0,31000.0,0.0,False,NONE
TRX-20260907-000695-005,TRX-20260907-000695,5,SKU-1008,Indomie Goreng Spesial 85g,1,3500.0,3500.0,0.0,False,NONE
TRX-20260907-000695-006,TRX-20260907-000695,6,SKU-3005,Good Day Moccacino 250ml,1,8000.0,8000.0,0.0,False,NONE
TRX-20260907-000695-007,TRX-20260907-000695,7,SKU-1009,Indomie Kuah Ayam Bawang 69g,1,3400.0,3400.0,0.0,False,NONE
TRX-20260907-000695-008,TRX-20260907-000695,8,SKU-5004,Pembersih Lantai Super Pell 770ml,1,14500.0,14500.0,0.0,False,NONE
TRX-20260907-000696-001,TRX-20260907-000696,1,SKU-2003,Susu Ultra Milk Cokelat 1L,1,21500.0,21500.0,0.0,False,NONE
TRX-20260907-000697-001,TRX-20260907-000697,1,SKU-1003,Gula Pasir Gulaku 1kg,1,17500.0,17500.0,0.0,False,NONE
TRX-20260907-000697-002,TRX-20260907-000697,2,SKU-5104,UNKNOWN PRODUCT,1,14500.0,14500.0,0.0,False,TYPO_SKU
TRX-20260907-000697-003,TRX-20260907-000697,3,SKU-4007,Minyak Telon My Baby 90ml,2,28000.0,56000.0,0.0,False,NONE
TRX-20260907-000697-004,TRX-20260907-000697,4,SKU-5016,UNKNOWN PRODUCT,2,21000.0,42000.0,0.0,False,TYPO_SKU
TRX-20260907-000697-005,TRX-20260907-000697,5,SKU-1010,Sedaap Mie Goreng 90g,1,3400.0,3400.0,0.0,False,NONE
TRX-20260907-000697-006,TRX-20260907-000697,6,SKU-1005,Garam Dapur Cap Kapal 250g,5,5000.0,25000.0,0.0,False,NONE
TRX-20260907-000697-007,TRX-20260907-000697,7,SKU-4005,Rexona Deodorant Roll On 45ml,5,20500.0,102500.0,0.0,False,NONE
TRX-20260907-000697-008,TRX-20260907-000697,8,SKU-1011,Sarden ABC Saus Tomat 155g,1,12000.0,12000.0,0.0,False,NONE
TRX-20260907-000697-009,TRX-20260907-000697,9,SKU-4003,Pasta Gigi Pepsodent 190g,1,17000.0,17000.0,0.0,False,NONE
TRX-20260907-000697-010,TRX-20260907-000697,10,SKU-4004,Sikat Gigi Formula Double Action 3s,2,15500.0,31000.0,0.0,False,NONE
TRX-20260907-000697-011,TRX-20260907-000697,11,SKU-1002,Minyak Goreng Bimoli 2L,1,37500.0,37500.0,0.0,False,NONE
TRX-20260907-000697-012,TRX-20260907-000697,12,SKU-1006,Kecap Manis Bango 520ml,2,25500.0,51000.0,0.0,False,NONE
TRX-20260907-000697-013,TRX-20260907-000697,13,SKU-1001,Beras Pandan Wangi 5kg,3,78500.0,235500.0,0.0,False,NONE
TRX-20260907-000697-014,TRX-20260907-000697,14,SKU-1012,Kornet Sapi Pronas 198g,3,26000.0,78000.0,0.0,False,NONE
TRX-20260907-000698-001,TRX-20260907-000698,1,SKU-3004,Kopi Kapal Api Spesial Mix 10s,1,15500.0,15500.0,0.0,False,NONE
TRX-20260907-000698-002,TRX-20260907-000698,2,SKU-2008,Sari Roti Sobek Cokelat,1,19500.0,19500.0,0.0,False,NONE
TRX-20260907-000698-003,TRX-20260907-000698,3,SKU-3006,Coca Cola 390ml,1,7500.0,7500.0,0.0,False,NONE
TRX-20260907-000699-001,TRX-20260907-000699,1,SKU-1010,Sedaap Mie Goreng 90g,1,3400.0,3400.0,0.0,False,NONE
TRX-20260907-000699-002,TRX-20260907-000699,2,SKU-1004,Tepung Terigu Segitiga Biru 1kg,1,13500.0,13500.0,0.0,False,NONE
TRX-20260907-000699-003,TRX-20260907-000699,3,SKU-1005,Garam Dapur Cap Kapal 250g,2,5000.0,10000.0,0.0,False,NONE
TRX-20260907-000699-004,TRX-20260907-000699,4,SKU-3007,Chitato Sapi Panggang 68g,2,12500.0,25000.0,0.0,True,VOID_ITEM
TRX-20260907-000699-005,TRX-20260907-000699,5,SKU-3005,Good Day Moccacino 250ml,1,8000.0,8000.0,0.0,False,NONE
TRX-20260907-000699-006,TRX-20260907-000699,6,SKU-5004,Pembersih Lantai Super Pell 770ml,2,14500.0,29000.0,0.0,False,NONE
TRX-20260907-000699-007,TRX-20260907-000699,7,SKU-1011,Sarden ABC Saus Tomat 155g,2,12000.0,24000.0,0.0,False,NONE
TRX-20260907-000699-008,TRX-20260907-000699,8,SKU-5003,Sabun Cuci Piring Sunlight 650ml,1,15500.0,15500.0,0.0,False,NONE
TRX-20260907-000700-001,TRX-20260907-000700,1,SKU-2005,Keju Kraft Cheddar 165g,1,24000.0,24000.0,0.0,False,NONE
TRX-20260907-000700-002,TRX-20260907-000700,2,SKU-3010,SilverQueen Cokelat Mede 58g,1,17000.0,17000.0,0.0,False,NONE
TRX-20260907-000700-003,TRX-20260907-000700,3,SKU-2003,Susu Ultra Milk Cokelat 1L,1,21500.0,21500.0,0.0,False,NONE
TRX-20260907-000701-001,TRX-20260907-000701,1,SKU-3002,Air Mineral Le Minerale 600ml,1,3800.0,3800.0,0.0,False,NONE
TRX-20260907-000701-002,TRX-20260907-000701,2,SKU-2091,UNKNOWN PRODUCT,1,31000.0,31000.0,0.0,False,TYPO_SKU
TRX-20260907-000701-003,TRX-20260907-000701,3,SKU-3003,Teh Pucuk Harum 350ml,1,4500.0,4500.0,0.0,False,NONE
TRX-20260907-000702-001,TRX-20260907-000702,1,SKU-2002,Susu Ultra Milk Full Cream 1L,1,21500.0,21500.0,0.0,False,NONE
TRX-20260907-000702-002,TRX-20260907-000702,2,SKU-2006,Mentega Blue Band 200g,1,12500.0,12500.0,0.0,False,NONE
TRX-20260907-000702-003,TRX-20260907-000702,3,SKU-3003,Teh Pucuk Harum 350ml,1,4500.0,4500.0,0.0,False,NONE
TRX-20260907-000703-001,TRX-20260907-000703,1,SKU-2003,Susu Ultra Milk Cokelat 1L,1,21500.0,21500.0,0.0,False,NONE
TRX-20260907-000703-002,TRX-20260907-000703,2,SKU-2008,Sari Roti Sobek Cokelat,1,19500.0,19500.0,0.0,False,NONE
TRX-20260907-000703-003,TRX-20260907-000703,3,SKU-3007,Chitato Sapi Panggang 68g,1,12500.0,12500.0,0.0,False,NONE
TRX-20260907-000704-001,TRX-20260907-000704,1,SKU-5001,Deterjen Rinso Anti Noda 770g,2,23000.0,46000.0,0.0,False,NONE
TRX-20260907-000704-002,TRX-20260907-000704,2,SKU-5003,Sabun Cuci Piring Sunlight 650ml,2,15500.0,31000.0,0.0,False,NONE
TRX-20260907-000704-003,TRX-20260907-000704,3,SKU-1002,Minyak Goreng Bimoli 2L,2,37500.0,75000.0,0.0,False,NONE
TRX-20260907-000704-004,TRX-20260907-000704,4,SKU-1001,Beras Pandan Wangi 5kg,1,78500.0,78500.0,0.0,False,NONE
TRX-20260907-000704-005,TRX-20260907-000704,5,SKU-5003,Sabun Cuci Piring Sunlight 650ml,3,15500.0,46500.0,0.0,False,NONE
TRX-20260907-000704-006,TRX-20260907-000704,6,SKU-4006,Paseo Facial Tissue 250 Sheets,2,16500.0,33000.0,0.0,False,NONE
TRX-20260907-000704-007,TRX-20260907-000704,7,SKU-4004,Sikat Gigi Formula Double Action 3s,1,15500.0,15500.0,0.0,False,NONE
TRX-20260907-000704-008,TRX-20260907-000704,8,SKU-5006,Baterai ABC Alkaline AA 4s,1,21000.0,21000.0,0.0,False,NONE
TRX-20260907-000704-009,TRX-20260907-000704,9,SKU-1003,Gula Pasir Gulaku 1kg,1,17500.0,17500.0,0.0,False,NONE
TRX-20260907-000704-010,TRX-20260907-000704,10,SKU-1001,Beras Pandan Wangi 5kg,1,78500.0,78500.0,0.0,False,NONE
TRX-20260907-000704-011,TRX-20260907-000704,11,SKU-1005,Garam Dapur Cap Kapal 250g,1,5000.0,5000.0,0.0,False,NONE
TRX-20260907-000705-001,TRX-20260907-000705,1,SKU-1012,Kornet Sapi Pronas 198g,1,26000.0,26000.0,0.0,False,NONE
TRX-20260907-000705-002,TRX-20260907-000705,2,SKU-3010,SilverQueen Cokelat Mede 58g,1,17000.0,17000.0,0.0,False,NONE
TRX-20260907-000705-003,TRX-20260907-000705,3,SKU-5006,Baterai ABC Alkaline AA 4s,1,21000.0,21000.0,0.0,False,NONE
TRX-20260907-000705-004,TRX-20260907-000705,4,SKU-3001,Air Mineral Aqua 600ml,1,4000.0,4000.0,0.0,False,NONE
TRX-20260907-000705-005,TRX-20260907-000705,5,SKU-3003,Teh Pucuk Harum 350ml,2,4500.0,9000.0,0.0,False,NONE
TRX-20260907-000706-001,TRX-20260907-000706,1,SKU-2001,Telur Ayam Negeri 1kg,1,31000.0,31000.0,0.0,False,NONE
TRX-20260907-000706-002,TRX-20260907-000706,2,SKU-3007,Chitato Sapi Panggang 68g,1,12500.0,12500.0,0.0,False,NONE
TRX-20260907-000707-001,TRX-20260907-000707,1,SKU-4004,Sikat Gigi Formula Double Action 3s,1,15500.0,15500.0,0.0,False,NONE
TRX-20260907-000707-002,TRX-20260907-000707,2,SKU-4003,Pasta Gigi Pepsodent 190g,2,17000.0,34000.0,0.0,False,NONE
TRX-20260907-000707-003,TRX-20260907-000707,3,SKU-4026,UNKNOWN PRODUCT,2,16500.0,33000.0,0.0,False,TYPO_SKU
TRX-20260907-000707-004,TRX-20260907-000707,4,SKU-1006,Kecap Manis Bango 520ml,2,25500.0,51000.0,0.0,False,NONE
TRX-20260907-000707-005,TRX-20260907-000707,5,SKU-4001,Sabun Mandi Lifebuoy Total 10 450ml,1,27500.0,27500.0,0.0,False,NONE
TRX-20260907-000707-006,TRX-20260907-000707,6,SKU-4002,Shampoo Sunsilk Black Shine 160ml,1,26000.0,26000.0,0.0,False,NONE
TRX-20260907-000707-007,TRX-20260907-000707,7,SKU-1012,Kornet Sapi Pronas 198g,2,26000.0,52000.0,0.0,False,NONE
TRX-20260907-000707-008,TRX-20260907-000707,8,SKU-1009,Indomie Kuah Ayam Bawang 69g,2,3400.0,6800.0,0.0,False,NONE
TRX-20260907-000707-009,TRX-20260907-000707,9,SKU-3001,Air Mineral Aqua 600ml,2,4000.0,8000.0,0.0,False,NONE
TRX-20260907-000707-010,TRX-20260907-000707,10,SKU-5006,Baterai ABC Alkaline AA 4s,1,21000.0,21000.0,0.0,False,NONE
TRX-20260907-000707-011,TRX-20260907-000707,11,SKU-1007,Saus Sambal ABC 335ml,2,17500.0,35000.0,0.0,False,NONE
TRX-20260907-000707-012,TRX-20260907-000707,12,SKU-1003,Gula Pasir Gulaku 1kg,2,17500.0,35000.0,0.0,False,NONE
TRX-20260907-000708-001,TRX-20260907-000708,1,SKU-1027,UNKNOWN PRODUCT,1,17500.0,17500.0,0.0,False,TYPO_SKU
TRX-20260907-000708-002,TRX-20260907-000708,2,SKU-3009,Oreo Original Roll 133g,1,11000.0,11000.0,0.0,False,NONE
TRX-20260907-000708-003,TRX-20260907-000708,3,SKU-3006,Coca Cola 390ml,1,7500.0,7500.0,0.0,False,NONE
TRX-20260907-000708-004,TRX-20260907-000708,4,SKU-3001,Air Mineral Aqua 600ml,1,4000.0,4000.0,0.0,False,NONE
TRX-20260907-000708-005,TRX-20260907-000708,5,SKU-3008,Taro Net Seaweed 65g,1,9800.0,9800.0,0.0,False,NONE
TRX-20260907-000709-001,TRX-20260907-000709,1,SKU-3009,Oreo Original Roll 133g,1,11000.0,11000.0,0.0,False,NONE
TRX-20260907-000709-002,TRX-20260907-000709,2,SKU-3008,Taro Net Seaweed 65g,1,9800.0,9800.0,0.0,False,NONE
TRX-20260907-000710-001,TRX-20260907-000710,1,SKU-3001,Air Mineral Aqua 600ml,1,4000.0,4000.0,0.0,False,NONE
TRX-20260907-000710-002,TRX-20260907-000710,2,SKU-3002,Air Mineral Le Minerale 600ml,1,3800.0,3800.0,0.0,False,NONE
TRX-20260907-000711-001,TRX-20260907-000711,1,SKU-1009,Indomie Kuah Ayam Bawang 69g,1,3400.0,3400.0,0.0,False,NONE
TRX-20260907-000711-002,TRX-20260907-000711,2,SKU-1001,Beras Pandan Wangi 5kg,1,78500.0,78500.0,0.0,False,NONE
TRX-20260907-000711-003,TRX-20260907-000711,3,SKU-2001,Telur Ayam Negeri 1kg,1,31000.0,31000.0,0.0,False,NONE
TRX-20260907-000711-004,TRX-20260907-000711,4,SKU-3010,SilverQueen Cokelat Mede 58g,2,17000.0,34000.0,0.0,False,NONE
TRX-20260907-000711-005,TRX-20260907-000711,5,SKU-3007,Chitato Sapi Panggang 68g,1,12500.0,12500.0,0.0,False,NONE
TRX-20260907-000712-001,TRX-20260907-000712,1,SKU-1004,Tepung Terigu Segitiga Biru 1kg,5,13500.0,67500.0,0.0,False,NONE
TRX-20260907-000712-002,TRX-20260907-000712,2,SKU-5005,Baygon Obat Nyamuk Semprot 600ml,1,42000.0,42000.0,0.0,False,NONE
TRX-20260907-000712-003,TRX-20260907-000712,3,SKU-1007,Saus Sambal ABC 335ml,3,17500.0,52500.0,0.0,False,NONE
TRX-20260907-000712-004,TRX-20260907-000712,4,SKU-4003,Pasta Gigi Pepsodent 190g,2,17000.0,34000.0,0.0,False,NONE
TRX-20260907-000712-005,TRX-20260907-000712,5,SKU-4004,Sikat Gigi Formula Double Action 3s,2,15500.0,31000.0,0.0,False,NONE
TRX-20260907-000712-006,TRX-20260907-000712,6,SKU-1012,Kornet Sapi Pronas 198g,2,26000.0,52000.0,0.0,False,NONE
TRX-20260907-000712-007,TRX-20260907-000712,7,SKU-1001,Beras Pandan Wangi 5kg,5,78500.0,392500.0,0.0,False,NONE
TRX-20260907-000712-008,TRX-20260907-000712,8,SKU-1002,Minyak Goreng Bimoli 2L,2,37500.0,75000.0,0.0,False,NONE
TRX-20260907-000712-009,TRX-20260907-000712,9,SKU-1009,Indomie Kuah Ayam Bawang 69g,2,3400.0,6800.0,0.0,False,NONE
TRX-20260907-000712-010,TRX-20260907-000712,10,SKU-1011,Sarden ABC Saus Tomat 155g,5,12000.0,60000.0,0.0,False,NONE
TRX-20260907-000712-011,TRX-20260907-000712,11,SKU-5002,Pewangi Pakaian Molto All in 1 720ml,2,24000.0,48000.0,0.0,False,NONE
TRX-20260907-000712-012,TRX-20260907-000712,12,SKU-5001,Deterjen Rinso Anti Noda 770g,1,23000.0,23000.0,0.0,False,NONE
TRX-20260907-000712-013,TRX-20260907-000712,13,SKU-1010,Sedaap Mie Goreng 90g,5,3400.0,17000.0,0.0,False,NONE
TRX-20260907-000712-014,TRX-20260907-000712,14,SKU-5004,Pembersih Lantai Super Pell 770ml,1,14500.0,14500.0,0.0,False,NONE
TRX-20260907-000712-015,TRX-20260907-000712,15,SKU-4005,Rexona Deodorant Roll On 45ml,2,20500.0,41000.0,0.0,False,NONE
TRX-20260907-000712-016,TRX-20260907-000712,16,SKU-1003,Gula Pasir Gulaku 1kg,1,17500.0,17500.0,0.0,False,NONE
TRX-20260907-000713-001,TRX-20260907-000713,1,SKU-1011,Sarden ABC Saus Tomat 155g,1,12000.0,12000.0,0.0,False,NONE
TRX-20260907-000713-002,TRX-20260907-000713,2,SKU-4001,Sabun Mandi Lifebuoy Total 10 450ml,2,27500.0,55000.0,0.0,False,NONE
TRX-20260907-000713-003,TRX-20260907-000713,3,SKU-4003,Pasta Gigi Pepsodent 190g,2,17000.0,34000.0,0.0,False,NONE
TRX-20260907-000713-004,TRX-20260907-000713,4,SKU-1012,Kornet Sapi Pronas 198g,1,26000.0,26000.0,0.0,False,NONE
TRX-20260907-000713-005,TRX-20260907-000713,5,SKU-1002,Minyak Goreng Bimoli 2L,1,37500.0,37500.0,0.0,False,NONE
TRX-20260907-000713-006,TRX-20260907-000713,6,SKU-1004,Tepung Terigu Segitiga Biru 1kg,1,13500.0,13500.0,0.0,False,NONE
TRX-20260907-000713-007,TRX-20260907-000713,7,SKU-4003,Pasta Gigi Pepsodent 190g,1,17000.0,17000.0,0.0,False,NONE
TRX-20260907-000713-008,TRX-20260907-000713,8,SKU-4004,Sikat Gigi Formula Double Action 3s,1,15500.0,15500.0,0.0,False,NONE
TRX-20260907-000713-009,TRX-20260907-000713,9,SKU-4004,Sikat Gigi Formula Double Action 3s,1,15500.0,15500.0,0.0,False,NONE
TRX-20260907-000713-010,TRX-20260907-000713,10,SKU-4006,Paseo Facial Tissue 250 Sheets,2,16500.0,33000.0,0.0,False,NONE
TRX-20260907-000713-011,TRX-20260907-000713,11,SKU-1010,Sedaap Mie Goreng 90g,1,3400.0,3400.0,0.0,False,NONE
TRX-20260907-000713-012,TRX-20260907-000713,12,SKU-1001,Beras Pandan Wangi 5kg,2,78500.0,157000.0,0.0,False,NONE
TRX-20260907-000713-013,TRX-20260907-000713,13,SKU-1008,Indomie Goreng Spesial 85g,1,3500.0,3500.0,0.0,False,NONE
TRX-20260907-000713-014,TRX-20260907-000713,14,SKU-3001,Air Mineral Aqua 600ml,1,4000.0,4000.0,0.0,False,NONE
TRX-20260907-000713-015,TRX-20260907-000713,15,SKU-1004,Tepung Terigu Segitiga Biru 1kg,1,13500.0,13500.0,0.0,False,NONE
TRX-20260907-000713-016,TRX-20260907-000713,16,SKU-4005,Rexona Deodorant Roll On 45ml,2,20500.0,41000.0,0.0,False,NONE
TRX-20260907-000713-017,TRX-20260907-000713,17,SKU-5005,Baygon Obat Nyamuk Semprot 600ml,1,42000.0,42000.0,0.0,False,NONE
TRX-20260907-000713-018,TRX-20260907-000713,18,SKU-5004,Pembersih Lantai Super Pell 770ml,1,14500.0,14500.0,0.0,False,NONE
TRX-20260907-000713-019,TRX-20260907-000713,19,SKU-4007,Minyak Telon My Baby 90ml,2,28000.0,56000.0,0.0,False,NONE
TRX-20260907-000713-020,TRX-20260907-000713,20,SKU-1005,Garam Dapur Cap Kapal 250g,5,5000.0,25000.0,0.0,False,NONE
TRX-20260907-000713-021,TRX-20260907-000713,21,SKU-5002,Pewangi Pakaian Molto All in 1 720ml,3,24000.0,72000.0,0.0,False,NONE
TRX-20260907-000713-022,TRX-20260907-000713,22,SKU-1006,Kecap Manis Bango 520ml,2,25500.0,51000.0,0.0,False,NONE
TRX-20260907-000714-001,TRX-20260907-000714,1,SKU-3003,Teh Pucuk Harum 350ml,1,4500.0,4500.0,0.0,False,NONE
TRX-20260907-000714-002,TRX-20260907-000714,2,SKU-3004,Kopi Kapal Api Spesial Mix 10s,1,15500.0,15500.0,0.0,False,NONE
TRX-20260907-000714-003,TRX-20260907-000714,3,SKU-3001,Air Mineral Aqua 600ml,2,4000.0,8000.0,0.0,False,NONE
TRX-20260907-000714-004,TRX-20260907-000714,4,SKU-3008,Taro Net Seaweed 65g,2,9800.0,19600.0,0.0,False,NONE
TRX-20260907-000715-001,TRX-20260907-000715,1,SKU-2002,Susu Ultra Milk Full Cream 1L,1,21500.0,21500.0,0.0,False,NONE
TRX-20260907-000715-002,TRX-20260907-000715,2,SKU-1007,Saus Sambal ABC 335ml,1,17500.0,17500.0,0.0,False,NONE
TRX-20260907-000715-003,TRX-20260907-000715,3,SKU-2007,Sari Roti Tawar Spesial,1,16500.0,16500.0,0.0,False,NONE
TRX-20260907-000715-004,TRX-20260907-000715,4,SKU-3010,SilverQueen Cokelat Mede 58g,1,17000.0,17000.0,0.0,False,NONE
TRX-20260907-000715-005,TRX-20260907-000715,5,SKU-3001,Air Mineral Aqua 600ml,2,4000.0,8000.0,0.0,False,NONE
TRX-20260907-000715-006,TRX-20260907-000715,6,SKU-3009,Oreo Original Roll 133g,2,11000.0,22000.0,0.0,False,NONE
TRX-20260907-000716-001,TRX-20260907-000716,1,SKU-2006,Mentega Blue Band 200g,1,12500.0,12500.0,0.0,False,NONE
TRX-20260907-000716-002,TRX-20260907-000716,2,SKU-2003,Susu Ultra Milk Cokelat 1L,1,21500.0,21500.0,0.0,False,NONE
TRX-20260907-000717-001,TRX-20260907-000717,1,SKU-1009,Indomie Kuah Ayam Bawang 69g,1,3400.0,3400.0,0.0,False,NONE
TRX-20260907-000717-002,TRX-20260907-000717,2,SKU-3004,Kopi Kapal Api Spesial Mix 10s,2,15500.0,31000.0,0.0,False,NONE
TRX-20260907-000717-003,TRX-20260907-000717,3,SKU-2008,Sari Roti Sobek Cokelat,2,19500.0,39000.0,0.0,False,TYPO_SKU
TRX-20260907-000717-004,TRX-20260907-000717,4,SKU-1010,Sedaap Mie Goreng 90g,1,3400.0,3400.0,0.0,False,NONE
TRX-20260907-000717-005,TRX-20260907-000717,5,SKU-3005,Good Day Moccacino 250ml,1,8000.0,8000.0,0.0,False,NONE
TRX-20260907-000717-006,TRX-20260907-000717,6,SKU-5004,Pembersih Lantai Super Pell 770ml,1,14500.0,14500.0,0.0,False,NONE
TRX-20260907-000717-007,TRX-20260907-000717,7,SKU-5003,Sabun Cuci Piring Sunlight 650ml,2,15500.0,31000.0,0.0,False,NONE
TRX-20260907-000717-008,TRX-20260907-000717,8,SKU-3006,Coca Cola 390ml,1,7500.0,7500.0,0.0,False,NONE
TRX-20260907-000717-009,TRX-20260907-000717,9,SKU-2006,Mentega Blue Band 200g,1,12500.0,12500.0,0.0,False,NONE
TRX-20260907-000718-001,TRX-20260907-000718,1,SKU-3006,Coca Cola 390ml,2,7500.0,15000.0,0.0,False,NONE
TRX-20260907-000718-002,TRX-20260907-000718,2,SKU-3003,Teh Pucuk Harum 350ml,1,4500.0,4500.0,0.0,False,NONE
TRX-20260907-000718-003,TRX-20260907-000718,3,SKU-5003,Sabun Cuci Piring Sunlight 650ml,1,15500.0,15500.0,0.0,False,NONE
TRX-20260907-000718-004,TRX-20260907-000718,4,SKU-2004,Yakult Pack isi 5,2,11500.0,23000.0,0.0,False,NONE
TRX-20260907-000718-005,TRX-20260907-000718,5,SKU-2006,Mentega Blue Band 200g,2,12500.0,25000.0,0.0,False,NONE
TRX-20260907-000718-006,TRX-20260907-000718,6,SKU-4004,Sikat Gigi Formula Double Action 3s,1,15500.0,15500.0,0.0,False,NONE
TRX-20260907-000718-007,TRX-20260907-000718,7,SKU-1009,Indomie Kuah Ayam Bawang 69g,1,3400.0,3400.0,0.0,False,NONE
TRX-20260907-000719-001,TRX-20260907-000719,1,SKU-3005,Good Day Moccacino 250ml,2,8000.0,16000.0,0.0,False,NONE
TRX-20260907-000719-002,TRX-20260907-000719,2,SKU-2004,Yakult Pack isi 5,2,11500.0,23000.0,0.0,False,NONE
TRX-20260907-000719-003,TRX-20260907-000719,3,SKU-1004,Tepung Terigu Segitiga Biru 1kg,2,13500.0,27000.0,0.0,False,NONE
TRX-20260907-000719-004,TRX-20260907-000719,4,SKU-3006,Coca Cola 390ml,1,7500.0,7500.0,0.0,False,NONE
TRX-20260907-000719-005,TRX-20260907-000719,5,SKU-2006,Mentega Blue Band 200g,1,12500.0,12500.0,0.0,False,NONE
TRX-20260907-000719-006,TRX-20260907-000719,6,SKU-3003,Teh Pucuk Harum 350ml,1,4500.0,4500.0,0.0,False,NONE
TRX-20260907-000719-007,TRX-20260907-000719,7,SKU-1008,Indomie Goreng Spesial 85g,1,3500.0,3500.0,0.0,False,NONE
TRX-20260907-000720-001,TRX-20260907-000720,1,SKU-3001,Air Mineral Aqua 600ml,1,4000.0,4000.0,0.0,False,NONE
TRX-20260907-000720-002,TRX-20260907-000720,2,SKU-3002,Air Mineral Le Minerale 600ml,2,3800.0,7600.0,0.0,False,NONE
TRX-20260907-000720-003,TRX-20260907-000720,3,SKU-1008,Indomie Goreng Spesial 85g,2,3500.0,7000.0,0.0,False,NONE
TRX-20260907-000720-004,TRX-20260907-000720,4,SKU-3004,Kopi Kapal Api Spesial Mix 10s,1,15500.0,15500.0,0.0,False,TYPO_SKU
TRX-20260907-000720-005,TRX-20260907-000720,5,SKU-2006,Mentega Blue Band 200g,2,12500.0,25000.0,0.0,False,NONE
TRX-20260907-000720-006,TRX-20260907-000720,6,SKU-3004,Kopi Kapal Api Spesial Mix 10s,1,15500.0,15500.0,0.0,False,NONE
TRX-20260907-000720-007,TRX-20260907-000720,7,SKU-3009,Oreo Original Roll 133g,2,11000.0,22000.0,0.0,False,TYPO_SKU
TRX-20260907-000720-008,TRX-20260907-000720,8,SKU-1005,Garam Dapur Cap Kapal 250g,1,5000.0,5000.0,0.0,False,NONE
TRX-20260907-000721-001,TRX-20260907-000721,1,SKU-1004,Tepung Terigu Segitiga Biru 1kg,1,13500.0,13500.0,0.0,False,NONE
TRX-20260907-000721-002,TRX-20260907-000721,2,SKU-3005,Good Day Moccacino 250ml,1,8000.0,8000.0,0.0,False,NONE
TRX-20260907-000721-003,TRX-20260907-000721,3,SKU-3010,SilverQueen Cokelat Mede 58g,1,17000.0,17000.0,0.0,False,NONE
TRX-20260907-000722-001,TRX-20260907-000722,1,SKU-3004,Kopi Kapal Api Spesial Mix 10s,1,15500.0,15500.0,0.0,False,NONE
TRX-20260907-000722-002,TRX-20260907-000722,2,SKU-3005,Good Day Moccacino 250ml,1,8000.0,8000.0,0.0,False,NONE
TRX-20260907-000722-003,TRX-20260907-000722,3,SKU-1010,Sedaap Mie Goreng 90g,1,3400.0,3400.0,0.0,True,VOID_ITEM
TRX-20260907-000722-004,TRX-20260907-000722,4,SKU-4004,Sikat Gigi Formula Double Action 3s,1,15500.0,15500.0,0.0,False,NONE
TRX-20260907-000723-001,TRX-20260907-000723,1,SKU-2008,Sari Roti Sobek Cokelat,1,19500.0,19500.0,0.0,False,NONE
TRX-20260907-000723-002,TRX-20260907-000723,2,SKU-3008,Taro Net Seaweed 65g,1,9800.0,9800.0,0.0,False,NONE
TRX-20260907-000724-001,TRX-20260907-000724,1,SKU-2004,Yakult Pack isi 5,1,11500.0,11500.0,0.0,False,NONE
TRX-20260907-000724-002,TRX-20260907-000724,2,SKU-1009,Indomie Kuah Ayam Bawang 69g,2,3400.0,6800.0,0.0,True,VOID_ITEM
TRX-20260907-000724-003,TRX-20260907-000724,3,SKU-3001,Air Mineral Aqua 600ml,2,4000.0,8000.0,0.0,True,VOID_ITEM
TRX-20260907-000724-004,TRX-20260907-000724,4,SKU-3006,Coca Cola 390ml,1,7500.0,7500.0,0.0,False,NONE
TRX-20260907-000724-005,TRX-20260907-000724,5,SKU-3007,Chitato Sapi Panggang 68g,2,12500.0,25000.0,0.0,False,NONE
TRX-20260907-000724-006,TRX-20260907-000724,6,SKU-3004,Kopi Kapal Api Spesial Mix 10s,2,15500.0,31000.0,0.0,False,NONE
TRX-20260907-000725-001,TRX-20260907-000725,1,SKU-3009,Oreo Original Roll 133g,1,11000.0,11000.0,0.0,False,NONE
TRX-20260907-000725-002,TRX-20260907-000725,2,SKU-3001,Air Mineral Aqua 600ml,1,4000.0,4000.0,0.0,False,NONE
TRX-20260907-000725-003,TRX-20260907-000725,3,SKU-3010,SilverQueen Cokelat Mede 58g,1,17000.0,17000.0,0.0,False,NONE
TRX-20260907-000726-001,TRX-20260907-000726,1,SKU-1002,Minyak Goreng Bimoli 2L,2,37500.0,75000.0,0.0,False,NONE
TRX-20260907-000726-002,TRX-20260907-000726,2,SKU-1004,Tepung Terigu Segitiga Biru 1kg,2,13500.0,27000.0,0.0,False,NONE
TRX-20260907-000726-003,TRX-20260907-000726,3,SKU-1009,Indomie Kuah Ayam Bawang 69g,1,3400.0,3400.0,0.0,False,NONE
TRX-20260907-000726-004,TRX-20260907-000726,4,SKU-3001,Air Mineral Aqua 600ml,1,4000.0,4000.0,0.0,False,NONE
TRX-20260907-000726-005,TRX-20260907-000726,5,SKU-4002,Shampoo Sunsilk Black Shine 160ml,1,26000.0,26000.0,0.0,False,NONE
TRX-20260907-000726-006,TRX-20260907-000726,6,SKU-5005,Baygon Obat Nyamuk Semprot 600ml,5,42000.0,210000.0,0.0,False,NONE
TRX-20260907-000726-007,TRX-20260907-000726,7,SKU-5003,Sabun Cuci Piring Sunlight 650ml,1,15500.0,15500.0,0.0,False,NONE
TRX-20260907-000726-008,TRX-20260907-000726,8,SKU-5001,Deterjen Rinso Anti Noda 770g,1,23000.0,23000.0,0.0,False,NONE
TRX-20260907-000726-009,TRX-20260907-000726,9,SKU-1011,Sarden ABC Saus Tomat 155g,1,12000.0,12000.0,0.0,False,NONE
TRX-20260907-000726-010,TRX-20260907-000726,10,SKU-1006,Kecap Manis Bango 520ml,5,25500.0,127500.0,0.0,False,NONE
TRX-20260907-000726-011,TRX-20260907-000726,11,SKU-1004,Tepung Terigu Segitiga Biru 1kg,1,13500.0,13500.0,0.0,False,NONE
TRX-20260907-000726-012,TRX-20260907-000726,12,SKU-1012,Kornet Sapi Pronas 198g,1,26000.0,26000.0,0.0,False,NONE
TRX-20260907-000727-001,TRX-20260907-000727,1,SKU-5003,Sabun Cuci Piring Sunlight 650ml,1,15500.0,15500.0,0.0,False,NONE
TRX-20260907-000727-002,TRX-20260907-000727,2,SKU-1001,Beras Pandan Wangi 5kg,1,78500.0,78500.0,0.0,False,NONE
TRX-20260907-000727-003,TRX-20260907-000727,3,SKU-3002,Air Mineral Le Minerale 600ml,1,3800.0,3800.0,0.0,False,NONE
TRX-20260907-000727-004,TRX-20260907-000727,4,SKU-1012,Kornet Sapi Pronas 198g,1,26000.0,26000.0,0.0,False,NONE
TRX-20260907-000727-005,TRX-20260907-000727,5,SKU-1007,Saus Sambal ABC 335ml,1,17500.0,17500.0,0.0,False,NONE
TRX-20260907-000727-006,TRX-20260907-000727,6,SKU-3006,Coca Cola 390ml,2,7500.0,15000.0,0.0,False,NONE
TRX-20260907-000728-001,TRX-20260907-000728,1,SKU-3007,Chitato Sapi Panggang 68g,2,12500.0,25000.0,0.0,False,NONE
TRX-20260907-000728-002,TRX-20260907-000728,2,SKU-1009,Indomie Kuah Ayam Bawang 69g,1,3400.0,3400.0,0.0,False,NONE
TRX-20260907-000728-003,TRX-20260907-000728,3,SKU-5003,Sabun Cuci Piring Sunlight 650ml,1,15500.0,15500.0,0.0,False,NONE
TRX-20260907-000728-004,TRX-20260907-000728,4,SKU-3006,Coca Cola 390ml,1,7500.0,7500.0,0.0,False,NONE
TRX-20260907-000728-005,TRX-20260907-000728,5,SKU-3002,Air Mineral Le Minerale 600ml,2,3800.0,7600.0,0.0,False,NONE
TRX-20260907-000728-006,TRX-20260907-000728,6,SKU-3001,Air Mineral Aqua 600ml,2,4000.0,8000.0,0.0,False,NONE
TRX-20260907-000728-007,TRX-20260907-000728,7,SKU-5004,Pembersih Lantai Super Pell 770ml,2,14500.0,29000.0,0.0,False,NONE
TRX-20260907-000729-001,TRX-20260907-000729,1,SKU-1009,Indomie Kuah Ayam Bawang 69g,2,3400.0,6800.0,0.0,False,NONE
TRX-20260907-000729-002,TRX-20260907-000729,2,SKU-1004,Tepung Terigu Segitiga Biru 1kg,1,13500.0,13500.0,0.0,True,VOID_ITEM
TRX-20260907-000729-003,TRX-20260907-000729,3,SKU-5003,Sabun Cuci Piring Sunlight 650ml,1,15500.0,15500.0,0.0,False,NONE
TRX-20260907-000729-004,TRX-20260907-000729,4,SKU-1011,Sarden ABC Saus Tomat 155g,2,12000.0,24000.0,0.0,True,VOID_ITEM
TRX-20260907-000730-001,TRX-20260907-000730,1,SKU-1007,Saus Sambal ABC 335ml,1,17500.0,17500.0,0.0,False,NONE
TRX-20260907-000730-002,TRX-20260907-000730,2,SKU-4004,Sikat Gigi Formula Double Action 3s,1,15500.0,15500.0,0.0,False,NONE
TRX-20260907-000730-003,TRX-20260907-000730,3,SKU-1004,Tepung Terigu Segitiga Biru 1kg,2,13500.0,27000.0,0.0,False,NONE
TRX-20260907-000730-004,TRX-20260907-000730,4,SKU-4006,Paseo Facial Tissue 250 Sheets,1,16500.0,16500.0,0.0,False,NONE
TRX-20260907-000730-005,TRX-20260907-000730,5,SKU-1012,Kornet Sapi Pronas 198g,3,26000.0,78000.0,0.0,False,NONE
TRX-20260907-000730-006,TRX-20260907-000730,6,SKU-4002,Shampoo Sunsilk Black Shine 160ml,1,26000.0,26000.0,0.0,True,VOID_ITEM
TRX-20260907-000730-007,TRX-20260907-000730,7,SKU-4003,Pasta Gigi Pepsodent 190g,2,17000.0,34000.0,0.0,False,NONE
TRX-20260907-000730-008,TRX-20260907-000730,8,SKU-1011,Sarden ABC Saus Tomat 155g,2,12000.0,24000.0,0.0,False,NONE
TRX-20260907-000730-009,TRX-20260907-000730,9,SKU-1009,Indomie Kuah Ayam Bawang 69g,2,3400.0,6800.0,0.0,False,NONE
TRX-20260907-000730-010,TRX-20260907-000730,10,SKU-4003,Pasta Gigi Pepsodent 190g,1,17000.0,17000.0,0.0,False,NONE
TRX-20260907-000730-011,TRX-20260907-000730,11,SKU-1003,Gula Pasir Gulaku 1kg,5,17500.0,87500.0,0.0,False,NONE
TRX-20260907-000730-012,TRX-20260907-000730,12,SKU-4005,Rexona Deodorant Roll On 45ml,1,20500.0,20500.0,0.0,False,NONE
TRX-20260907-000730-013,TRX-20260907-000730,13,SKU-1006,Kecap Manis Bango 520ml,2,25500.0,51000.0,0.0,False,NONE
TRX-20260907-000730-014,TRX-20260907-000730,14,SKU-1001,Beras Pandan Wangi 5kg,1,78500.0,78500.0,0.0,False,NONE
TRX-20260907-000730-015,TRX-20260907-000730,15,SKU-1030,UNKNOWN PRODUCT,2,3400.0,6800.0,0.0,False,TYPO_SKU
TRX-20260907-000730-016,TRX-20260907-000730,16,SKU-5001,Deterjen Rinso Anti Noda 770g,2,23000.0,46000.0,0.0,False,NONE
TRX-20260907-000731-001,TRX-20260907-000731,1,SKU-5006,Baterai ABC Alkaline AA 4s,3,21000.0,63000.0,0.0,False,NONE
TRX-20260907-000731-002,TRX-20260907-000731,2,SKU-1002,Minyak Goreng Bimoli 2L,1,37500.0,37500.0,0.0,False,NONE
TRX-20260907-000731-003,TRX-20260907-000731,3,SKU-1004,Tepung Terigu Segitiga Biru 1kg,1,13500.0,13500.0,0.0,False,NONE
TRX-20260907-000731-004,TRX-20260907-000731,4,SKU-1008,Indomie Goreng Spesial 85g,2,3500.0,7000.0,0.0,False,NONE
TRX-20260907-000731-005,TRX-20260907-000731,5,SKU-3001,Air Mineral Aqua 600ml,1,4000.0,4000.0,0.0,False,NONE
TRX-20260907-000731-006,TRX-20260907-000731,6,SKU-1003,Gula Pasir Gulaku 1kg,1,17500.0,17500.0,0.0,False,NONE
TRX-20260907-000731-007,TRX-20260907-000731,7,SKU-5004,Pembersih Lantai Super Pell 770ml,1,14500.0,14500.0,0.0,False,NONE
TRX-20260907-000731-008,TRX-20260907-000731,8,SKU-1009,Indomie Kuah Ayam Bawang 69g,5,3400.0,17000.0,0.0,False,NONE
TRX-20260907-000731-009,TRX-20260907-000731,9,SKU-1007,Saus Sambal ABC 335ml,1,17500.0,17500.0,0.0,False,NONE
TRX-20260907-000731-010,TRX-20260907-000731,10,SKU-5003,Sabun Cuci Piring Sunlight 650ml,1,15500.0,15500.0,0.0,False,NONE
TRX-20260907-000731-011,TRX-20260907-000731,11,SKU-1010,Sedaap Mie Goreng 90g,1,3400.0,3400.0,0.0,False,NONE
TRX-20260907-000731-012,TRX-20260907-000731,12,SKU-2001,Telur Ayam Negeri 1kg,2,31000.0,62000.0,0.0,False,NONE
TRX-20260907-000731-013,TRX-20260907-000731,13,SKU-1005,Garam Dapur Cap Kapal 250g,1,5000.0,5000.0,0.0,False,NONE
TRX-20260907-000731-014,TRX-20260907-000731,14,SKU-5002,Pewangi Pakaian Molto All in 1 720ml,5,24000.0,120000.0,0.0,False,NONE
TRX-20260907-000732-001,TRX-20260907-000732,1,SKU-1009,Indomie Kuah Ayam Bawang 69g,1,3400.0,3400.0,0.0,False,NONE
TRX-20260907-000732-002,TRX-20260907-000732,2,SKU-3001,Air Mineral Aqua 600ml,2,4000.0,8000.0,0.0,False,NONE
TRX-20260907-000732-003,TRX-20260907-000732,3,SKU-1004,Tepung Terigu Segitiga Biru 1kg,2,13500.0,27000.0,0.0,False,NONE
TRX-20260907-000732-004,TRX-20260907-000732,4,SKU-1003,Gula Pasir Gulaku 1kg,1,17500.0,17500.0,0.0,False,NONE
TRX-20260907-000732-005,TRX-20260907-000732,5,SKU-1002,Minyak Goreng Bimoli 2L,2,37500.0,75000.0,0.0,False,NONE
TRX-20260907-000732-006,TRX-20260907-000732,6,SKU-1006,Kecap Manis Bango 520ml,1,25500.0,25500.0,0.0,False,NONE
TRX-20260907-000732-007,TRX-20260907-000732,7,SKU-5005,Baygon Obat Nyamuk Semprot 600ml,3,42000.0,126000.0,0.0,False,NONE
TRX-20260907-000732-008,TRX-20260907-000732,8,SKU-1006,Kecap Manis Bango 520ml,1,25500.0,25500.0,0.0,False,NONE
TRX-20260907-000732-009,TRX-20260907-000732,9,SKU-1008,Indomie Goreng Spesial 85g,2,3500.0,7000.0,0.0,False,NONE
TRX-20260907-000732-010,TRX-20260907-000732,10,SKU-1007,Saus Sambal ABC 335ml,1,17500.0,17500.0,0.0,False,NONE
TRX-20260907-000732-011,TRX-20260907-000732,11,SKU-1010,Sedaap Mie Goreng 90g,2,3400.0,6800.0,0.0,False,NONE
TRX-20260907-000732-012,TRX-20260907-000732,12,SKU-4004,Sikat Gigi Formula Double Action 3s,2,15500.0,31000.0,0.0,False,NONE
TRX-20260907-000732-013,TRX-20260907-000732,13,SKU-5003,Sabun Cuci Piring Sunlight 650ml,1,15500.0,15500.0,0.0,False,NONE
TRX-20260907-000732-014,TRX-20260907-000732,14,SKU-5001,Deterjen Rinso Anti Noda 770g,2,23000.0,46000.0,0.0,False,NONE
TRX-20260907-000732-015,TRX-20260907-000732,15,SKU-4001,Sabun Mandi Lifebuoy Total 10 450ml,1,27500.0,27500.0,0.0,False,NONE
TRX-20260907-000732-016,TRX-20260907-000732,16,SKU-4003,Pasta Gigi Pepsodent 190g,1,17000.0,17000.0,0.0,False,NONE
TRX-20260907-000733-001,TRX-20260907-000733,1,SKU-3009,Oreo Original Roll 133g,2,11000.0,22000.0,0.0,False,NONE
TRX-20260907-000733-002,TRX-20260907-000733,2,SKU-1008,Indomie Goreng Spesial 85g,1,3500.0,3500.0,0.0,False,NONE
TRX-20260907-000733-003,TRX-20260907-000733,3,SKU-3008,Taro Net Seaweed 65g,1,9800.0,9800.0,0.0,False,NONE
TRX-20260907-000733-004,TRX-20260907-000733,4,SKU-1005,Garam Dapur Cap Kapal 250g,1,5000.0,5000.0,0.0,False,NONE
TRX-20260907-000733-005,TRX-20260907-000733,5,SKU-3003,Teh Pucuk Harum 350ml,1,4500.0,4500.0,0.0,False,NONE
TRX-20260907-000733-006,TRX-20260907-000733,6,SKU-1011,Sarden ABC Saus Tomat 155g,2,12000.0,24000.0,0.0,True,VOID_ITEM
TRX-20260907-000734-001,TRX-20260907-000734,1,SKU-5004,Pembersih Lantai Super Pell 770ml,1,14500.0,14500.0,0.0,False,NONE
TRX-20260907-000734-002,TRX-20260907-000734,2,SKU-4007,Minyak Telon My Baby 90ml,2,28000.0,56000.0,0.0,False,NONE
TRX-20260907-000734-003,TRX-20260907-000734,3,SKU-1007,Saus Sambal ABC 335ml,1,17500.0,17500.0,0.0,False,NONE
TRX-20260907-000734-004,TRX-20260907-000734,4,SKU-1005,Garam Dapur Cap Kapal 250g,2,5000.0,10000.0,0.0,False,NONE
TRX-20260907-000734-005,TRX-20260907-000734,5,SKU-1003,Gula Pasir Gulaku 1kg,2,17500.0,35000.0,0.0,False,NONE
TRX-20260907-000734-006,TRX-20260907-000734,6,SKU-4004,Sikat Gigi Formula Double Action 3s,1,15500.0,15500.0,0.0,False,NONE
TRX-20260907-000734-007,TRX-20260907-000734,7,SKU-4002,Shampoo Sunsilk Black Shine 160ml,1,26000.0,26000.0,0.0,False,NONE
TRX-20260907-000734-008,TRX-20260907-000734,8,SKU-4003,Pasta Gigi Pepsodent 190g,2,17000.0,34000.0,0.0,False,NONE
TRX-20260907-000734-009,TRX-20260907-000734,9,SKU-4003,Pasta Gigi Pepsodent 190g,1,17000.0,17000.0,0.0,False,NONE
TRX-20260907-000734-010,TRX-20260907-000734,10,SKU-5005,Baygon Obat Nyamuk Semprot 600ml,2,42000.0,84000.0,0.0,False,NONE
TRX-20260907-000734-011,TRX-20260907-000734,11,SKU-1001,Beras Pandan Wangi 5kg,3,78500.0,235500.0,0.0,False,NONE
TRX-20260907-000734-012,TRX-20260907-000734,12,SKU-1002,Minyak Goreng Bimoli 2L,2,37500.0,75000.0,0.0,False,NONE
TRX-20260907-000734-013,TRX-20260907-000734,13,SKU-5001,Deterjen Rinso Anti Noda 770g,2,23000.0,46000.0,0.0,False,NONE
TRX-20260907-000734-014,TRX-20260907-000734,14,SKU-1010,Sedaap Mie Goreng 90g,1,3400.0,3400.0,0.0,False,NONE
TRX-20260907-000734-015,TRX-20260907-000734,15,SKU-1011,Sarden ABC Saus Tomat 155g,2,12000.0,24000.0,0.0,False,NONE
TRX-20260907-000734-016,TRX-20260907-000734,16,SKU-4001,Sabun Mandi Lifebuoy Total 10 450ml,2,27500.0,55000.0,0.0,False,NONE
TRX-20260907-000734-017,TRX-20260907-000734,17,SKU-5003,Sabun Cuci Piring Sunlight 650ml,2,15500.0,31000.0,0.0,False,NONE
TRX-20260907-000734-018,TRX-20260907-000734,18,SKU-1008,Indomie Goreng Spesial 85g,2,3500.0,7000.0,0.0,False,NONE
TRX-20260907-000734-019,TRX-20260907-000734,19,SKU-4006,Paseo Facial Tissue 250 Sheets,3,16500.0,49500.0,0.0,False,NONE
TRX-20260907-000735-001,TRX-20260907-000735,1,SKU-1002,Minyak Goreng Bimoli 2L,3,37500.0,112500.0,0.0,False,NONE
TRX-20260907-000735-002,TRX-20260907-000735,2,SKU-1006,Kecap Manis Bango 520ml,2,25500.0,51000.0,0.0,False,NONE
TRX-20260907-000735-003,TRX-20260907-000735,3,SKU-4007,Minyak Telon My Baby 90ml,2,28000.0,56000.0,0.0,False,NONE
TRX-20260907-000735-004,TRX-20260907-000735,4,SKU-1005,Garam Dapur Cap Kapal 250g,1,5000.0,5000.0,0.0,False,NONE
TRX-20260907-000735-005,TRX-20260907-000735,5,SKU-5002,Pewangi Pakaian Molto All in 1 720ml,3,24000.0,72000.0,0.0,False,NONE
TRX-20260907-000735-006,TRX-20260907-000735,6,SKU-4006,Paseo Facial Tissue 250 Sheets,2,16500.0,33000.0,0.0,False,NONE
TRX-20260907-000735-007,TRX-20260907-000735,7,SKU-1008,Indomie Goreng Spesial 85g,2,3500.0,7000.0,0.0,False,NONE
TRX-20260907-000735-008,TRX-20260907-000735,8,SKU-2001,Telur Ayam Negeri 1kg,2,31000.0,62000.0,0.0,False,NONE
TRX-20260907-000735-009,TRX-20260907-000735,9,SKU-1007,Saus Sambal ABC 335ml,3,17500.0,52500.0,0.0,False,NONE
TRX-20260907-000735-010,TRX-20260907-000735,10,SKU-5004,Pembersih Lantai Super Pell 770ml,1,14500.0,14500.0,0.0,False,NONE
TRX-20260907-000735-011,TRX-20260907-000735,11,SKU-1003,Gula Pasir Gulaku 1kg,5,17500.0,87500.0,0.0,False,NONE
TRX-20260907-000736-001,TRX-20260907-000736,1,SKU-1008,Indomie Goreng Spesial 85g,2,3500.0,7000.0,0.0,False,NONE
TRX-20260907-000736-002,TRX-20260907-000736,2,SKU-1004,Tepung Terigu Segitiga Biru 1kg,1,13500.0,13500.0,0.0,False,NONE
TRX-20260907-000736-003,TRX-20260907-000736,3,SKU-5003,Sabun Cuci Piring Sunlight 650ml,1,15500.0,15500.0,0.0,False,NONE
TRX-20260907-000736-004,TRX-20260907-000736,4,SKU-3007,Chitato Sapi Panggang 68g,1,12500.0,12500.0,0.0,False,NONE
TRX-20260907-000736-005,TRX-20260907-000736,5,SKU-3005,Good Day Moccacino 250ml,2,8000.0,16000.0,0.0,False,NONE
TRX-20260907-000736-006,TRX-20260907-000736,6,SKU-2006,Mentega Blue Band 200g,1,12500.0,12500.0,0.0,False,NONE
TRX-20260907-000736-007,TRX-20260907-000736,7,SKU-1009,Indomie Kuah Ayam Bawang 69g,1,3400.0,3400.0,0.0,False,NONE
TRX-20260908-000737-001,TRX-20260908-000737,1,SKU-5004,Pembersih Lantai Super Pell 770ml,1,14500.0,14500.0,0.0,False,NONE
TRX-20260908-000737-002,TRX-20260908-000737,2,SKU-4004,Sikat Gigi Formula Double Action 3s,2,15500.0,31000.0,0.0,False,NONE
TRX-20260908-000737-003,TRX-20260908-000737,3,SKU-1001,Beras Pandan Wangi 5kg,1,78500.0,78500.0,0.0,False,NONE
TRX-20260908-000737-004,TRX-20260908-000737,4,SKU-1005,Garam Dapur Cap Kapal 250g,2,5000.0,10000.0,0.0,False,NONE
TRX-20260908-000737-005,TRX-20260908-000737,5,SKU-1008,Indomie Goreng Spesial 85g,1,3500.0,3500.0,0.0,False,NONE
TRX-20260908-000737-006,TRX-20260908-000737,6,SKU-2001,Telur Ayam Negeri 1kg,1,31000.0,31000.0,0.0,False,NONE
TRX-20260908-000737-007,TRX-20260908-000737,7,SKU-1006,Kecap Manis Bango 520ml,1,25500.0,25500.0,0.0,False,NONE
TRX-20260908-000737-008,TRX-20260908-000737,8,SKU-4006,Paseo Facial Tissue 250 Sheets,5,16500.0,82500.0,0.0,False,NONE
TRX-20260908-000737-009,TRX-20260908-000737,9,SKU-1009,Indomie Kuah Ayam Bawang 69g,3,3400.0,10200.0,0.0,False,NONE
TRX-20260908-000737-010,TRX-20260908-000737,10,SKU-1007,Saus Sambal ABC 335ml,1,17500.0,17500.0,0.0,False,NONE
TRX-20260908-000737-011,TRX-20260908-000737,11,SKU-4005,Rexona Deodorant Roll On 45ml,1,20500.0,20500.0,0.0,False,NONE
TRX-20260908-000737-012,TRX-20260908-000737,12,SKU-1011,Sarden ABC Saus Tomat 155g,1,12000.0,12000.0,0.0,False,NONE
TRX-20260908-000737-013,TRX-20260908-000737,13,SKU-5002,Pewangi Pakaian Molto All in 1 720ml,3,24000.0,72000.0,0.0,False,NONE
TRX-20260908-000737-014,TRX-20260908-000737,14,SKU-1003,Gula Pasir Gulaku 1kg,1,17500.0,17500.0,0.0,False,NONE
TRX-20260908-000737-015,TRX-20260908-000737,15,SKU-5006,Baterai ABC Alkaline AA 4s,1,21000.0,21000.0,0.0,False,NONE
TRX-20260908-000737-016,TRX-20260908-000737,16,SKU-1004,Tepung Terigu Segitiga Biru 1kg,1,13500.0,13500.0,0.0,False,NONE
TRX-20260908-000737-017,TRX-20260908-000737,17,SKU-1012,Kornet Sapi Pronas 198g,2,26000.0,52000.0,0.0,False,NONE
TRX-20260908-000737-018,TRX-20260908-000737,18,SKU-1010,Sedaap Mie Goreng 90g,3,3400.0,10200.0,0.0,False,NONE
TRX-20260908-000738-001,TRX-20260908-000738,1,SKU-3004,Kopi Kapal Api Spesial Mix 10s,1,15500.0,15500.0,0.0,False,NONE
TRX-20260908-000738-002,TRX-20260908-000738,2,SKU-3007,Chitato Sapi Panggang 68g,1,12500.0,12500.0,0.0,False,NONE
TRX-20260908-000739-001,TRX-20260908-000739,1,SKU-1003,Gula Pasir Gulaku 1kg,2,17500.0,35000.0,0.0,False,NONE
TRX-20260908-000739-002,TRX-20260908-000739,2,SKU-1010,Sedaap Mie Goreng 90g,1,3400.0,3400.0,0.0,False,NONE
TRX-20260908-000739-003,TRX-20260908-000739,3,SKU-1007,Saus Sambal ABC 335ml,1,17500.0,17500.0,0.0,False,NONE
TRX-20260908-000739-004,TRX-20260908-000739,4,SKU-1009,Indomie Kuah Ayam Bawang 69g,1,3400.0,3400.0,0.0,False,NONE
TRX-20260908-000739-005,TRX-20260908-000739,5,SKU-3001,Air Mineral Aqua 600ml,2,4000.0,8000.0,0.0,False,NONE
TRX-20260908-000739-006,TRX-20260908-000739,6,SKU-4001,Sabun Mandi Lifebuoy Total 10 450ml,2,27500.0,55000.0,0.0,False,NONE
TRX-20260908-000739-007,TRX-20260908-000739,7,SKU-4002,Shampoo Sunsilk Black Shine 160ml,1,26000.0,26000.0,0.0,False,NONE
TRX-20260908-000739-008,TRX-20260908-000739,8,SKU-5001,Deterjen Rinso Anti Noda 770g,2,23000.0,46000.0,0.0,False,NONE
TRX-20260908-000739-009,TRX-20260908-000739,9,SKU-5006,Baterai ABC Alkaline AA 4s,1,21000.0,21000.0,0.0,False,NONE
TRX-20260908-000739-010,TRX-20260908-000739,10,SKU-4004,Sikat Gigi Formula Double Action 3s,1,15500.0,15500.0,0.0,False,NONE
TRX-20260908-000739-011,TRX-20260908-000739,11,SKU-5003,Sabun Cuci Piring Sunlight 650ml,2,15500.0,31000.0,0.0,False,NONE
TRX-20260908-000739-012,TRX-20260908-000739,12,SKU-4003,Pasta Gigi Pepsodent 190g,1,17000.0,17000.0,0.0,False,NONE
TRX-20260908-000739-013,TRX-20260908-000739,13,SKU-4005,Rexona Deodorant Roll On 45ml,5,20500.0,102500.0,0.0,False,NONE
TRX-20260908-000739-014,TRX-20260908-000739,14,SKU-1004,Tepung Terigu Segitiga Biru 1kg,1,13500.0,13500.0,0.0,False,NONE
TRX-20260908-000739-015,TRX-20260908-000739,15,SKU-1001,Beras Pandan Wangi 5kg,2,78500.0,157000.0,0.0,False,NONE
TRX-20260908-000739-016,TRX-20260908-000739,16,SKU-1011,Sarden ABC Saus Tomat 155g,2,12000.0,24000.0,0.0,False,NONE
TRX-20260908-000739-017,TRX-20260908-000739,17,SKU-5002,Pewangi Pakaian Molto All in 1 720ml,3,24000.0,72000.0,0.0,False,NONE
TRX-20260908-000739-018,TRX-20260908-000739,18,SKU-5004,Pembersih Lantai Super Pell 770ml,1,14500.0,14500.0,0.0,False,NONE
TRX-20260908-000739-019,TRX-20260908-000739,19,SKU-1006,Kecap Manis Bango 520ml,2,25500.0,51000.0,0.0,False,NONE
TRX-20260908-000739-020,TRX-20260908-000739,20,SKU-1005,Garam Dapur Cap Kapal 250g,1,5000.0,5000.0,0.0,False,NONE
TRX-20260908-000739-021,TRX-20260908-000739,21,SKU-4002,Shampoo Sunsilk Black Shine 160ml,3,26000.0,78000.0,0.0,False,NONE
TRX-20260908-000740-001,TRX-20260908-000740,1,SKU-5001,Deterjen Rinso Anti Noda 770g,1,23000.0,23000.0,0.0,False,NONE
TRX-20260908-000740-002,TRX-20260908-000740,2,SKU-3004,Kopi Kapal Api Spesial Mix 10s,1,15500.0,15500.0,0.0,False,NONE
TRX-20260908-000740-003,TRX-20260908-000740,3,SKU-3008,Taro Net Seaweed 65g,1,9800.0,9800.0,0.0,False,NONE
TRX-20260908-000740-004,TRX-20260908-000740,4,SKU-3010,SilverQueen Cokelat Mede 58g,2,17000.0,34000.0,0.0,False,NONE
TRX-20260908-000741-001,TRX-20260908-000741,1,SKU-3009,Oreo Original Roll 133g,2,11000.0,22000.0,0.0,False,NONE
TRX-20260908-000741-002,TRX-20260908-000741,2,SKU-3001,Air Mineral Aqua 600ml,1,4000.0,4000.0,0.0,True,VOID_ITEM
TRX-20260908-000741-003,TRX-20260908-000741,3,SKU-3005,Good Day Moccacino 250ml,1,8000.0,8000.0,0.0,False,NONE
TRX-20260908-000741-004,TRX-20260908-000741,4,SKU-1009,Indomie Kuah Ayam Bawang 69g,2,3400.0,6800.0,0.0,False,NONE
TRX-20260908-000741-005,TRX-20260908-000741,5,SKU-2006,Mentega Blue Band 200g,2,12500.0,25000.0,0.0,False,NONE
TRX-20260908-000741-006,TRX-20260908-000741,6,SKU-4004,Sikat Gigi Formula Double Action 3s,1,15500.0,15500.0,0.0,True,VOID_ITEM
TRX-20260908-000741-007,TRX-20260908-000741,7,SKU-2004,Yakult Pack isi 5,2,11500.0,23000.0,0.0,False,NONE
TRX-20260908-000741-008,TRX-20260908-000741,8,SKU-1004,Tepung Terigu Segitiga Biru 1kg,2,13500.0,27000.0,0.0,False,NONE
TRX-20260908-000741-009,TRX-20260908-000741,9,SKU-3003,Teh Pucuk Harum 350ml,2,4500.0,9000.0,0.0,False,NONE
TRX-20260908-000742-001,TRX-20260908-000742,1,SKU-3001,Air Mineral Aqua 600ml,2,4000.0,8000.0,0.0,False,NONE
TRX-20260908-000742-002,TRX-20260908-000742,2,SKU-2004,Yakult Pack isi 5,1,11500.0,11500.0,0.0,False,NONE
TRX-20260908-000742-003,TRX-20260908-000742,3,SKU-3005,Good Day Moccacino 250ml,2,8000.0,16000.0,0.0,False,NONE
TRX-20260908-000742-004,TRX-20260908-000742,4,SKU-4004,Sikat Gigi Formula Double Action 3s,2,15500.0,31000.0,0.0,False,NONE
TRX-20260908-000742-005,TRX-20260908-000742,5,SKU-5003,Sabun Cuci Piring Sunlight 650ml,2,15500.0,31000.0,0.0,False,NONE
TRX-20260908-000742-006,TRX-20260908-000742,6,SKU-3004,Kopi Kapal Api Spesial Mix 10s,2,15500.0,31000.0,0.0,False,NONE
TRX-20260908-000743-001,TRX-20260908-000743,1,SKU-1012,Kornet Sapi Pronas 198g,1,26000.0,26000.0,0.0,False,NONE
TRX-20260908-000743-002,TRX-20260908-000743,2,SKU-1002,Minyak Goreng Bimoli 2L,2,37500.0,75000.0,0.0,False,NONE
TRX-20260908-000743-003,TRX-20260908-000743,3,SKU-1001,Beras Pandan Wangi 5kg,1,78500.0,78500.0,0.0,False,NONE
TRX-20260908-000743-004,TRX-20260908-000743,4,SKU-5001,Deterjen Rinso Anti Noda 770g,2,23000.0,46000.0,0.0,False,NONE
TRX-20260908-000743-005,TRX-20260908-000743,5,SKU-5003,Sabun Cuci Piring Sunlight 650ml,2,15500.0,31000.0,0.0,False,NONE
TRX-20260908-000743-006,TRX-20260908-000743,6,SKU-1210,UNKNOWN PRODUCT,1,3400.0,3400.0,0.0,False,TYPO_SKU
TRX-20260908-000743-007,TRX-20260908-000743,7,SKU-1007,Saus Sambal ABC 335ml,1,17500.0,17500.0,0.0,False,NONE
TRX-20260908-000743-008,TRX-20260908-000743,8,SKU-4006,Paseo Facial Tissue 250 Sheets,2,16500.0,33000.0,0.0,False,NONE
TRX-20260908-000743-009,TRX-20260908-000743,9,SKU-1007,Saus Sambal ABC 335ml,1,17500.0,17500.0,0.0,False,NONE
TRX-20260908-000743-010,TRX-20260908-000743,10,SKU-1005,Garam Dapur Cap Kapal 250g,1,5000.0,5000.0,0.0,False,NONE
TRX-20260908-000743-011,TRX-20260908-000743,11,SKU-1009,Indomie Kuah Ayam Bawang 69g,1,3400.0,3400.0,0.0,False,NONE
TRX-20260908-000743-012,TRX-20260908-000743,12,SKU-3001,Air Mineral Aqua 600ml,2,4000.0,8000.0,0.0,False,NONE
TRX-20260908-000743-013,TRX-20260908-000743,13,SKU-4005,Rexona Deodorant Roll On 45ml,2,20500.0,41000.0,0.0,False,NONE
TRX-20260908-000743-014,TRX-20260908-000743,14,SKU-5002,Pewangi Pakaian Molto All in 1 720ml,5,24000.0,120000.0,0.0,False,NONE
TRX-20260908-000743-015,TRX-20260908-000743,15,SKU-5006,Baterai ABC Alkaline AA 4s,3,21000.0,63000.0,0.0,False,NONE
TRX-20260908-000743-016,TRX-20260908-000743,16,SKU-4001,Sabun Mandi Lifebuoy Total 10 450ml,1,27500.0,27500.0,0.0,False,NONE
TRX-20260908-000743-017,TRX-20260908-000743,17,SKU-4002,Shampoo Sunsilk Black Shine 160ml,2,26000.0,52000.0,0.0,False,NONE
TRX-20260908-000743-018,TRX-20260908-000743,18,SKU-4004,Sikat Gigi Formula Double Action 3s,1,15500.0,15500.0,0.0,False,NONE
TRX-20260908-000743-019,TRX-20260908-000743,19,SKU-1004,Tepung Terigu Segitiga Biru 1kg,1,13500.0,13500.0,0.0,False,NONE
TRX-20260908-000743-020,TRX-20260908-000743,20,SKU-1006,Kecap Manis Bango 520ml,3,25500.0,76500.0,0.0,False,NONE
TRX-20260908-000743-021,TRX-20260908-000743,21,SKU-4007,Minyak Telon My Baby 90ml,2,28000.0,56000.0,0.0,False,NONE
TRX-20260908-000744-001,TRX-20260908-000744,1,SKU-3024,UNKNOWN PRODUCT,1,15500.0,15500.0,0.0,False,TYPO_SKU
TRX-20260908-000745-001,TRX-20260908-000745,1,SKU-3007,Chitato Sapi Panggang 68g,1,12500.0,12500.0,0.0,False,NONE
TRX-20260908-000745-002,TRX-20260908-000745,2,SKU-3003,Teh Pucuk Harum 350ml,1,4500.0,4500.0,0.0,False,NONE
TRX-20260908-000746-001,TRX-20260908-000746,1,SKU-1005,Garam Dapur Cap Kapal 250g,2,5000.0,10000.0,0.0,False,NONE
TRX-20260908-000746-002,TRX-20260908-000746,2,SKU-5003,Sabun Cuci Piring Sunlight 650ml,2,15500.0,31000.0,0.0,False,NONE
TRX-20260908-000746-003,TRX-20260908-000746,3,SKU-1004,Tepung Terigu Segitiga Biru 1kg,2,13500.0,27000.0,0.0,False,NONE
TRX-20260908-000746-004,TRX-20260908-000746,4,SKU-3005,Good Day Moccacino 250ml,2,8000.0,16000.0,0.0,False,NONE
TRX-20260908-000747-001,TRX-20260908-000747,1,SKU-1005,Garam Dapur Cap Kapal 250g,1,5000.0,5000.0,0.0,True,VOID_ITEM
TRX-20260908-000747-002,TRX-20260908-000747,2,SKU-4007,Minyak Telon My Baby 90ml,1,28000.0,28000.0,0.0,False,NONE
TRX-20260908-000747-003,TRX-20260908-000747,3,SKU-5003,Sabun Cuci Piring Sunlight 650ml,1,15500.0,15500.0,0.0,False,NONE
TRX-20260908-000747-004,TRX-20260908-000747,4,SKU-5004,Pembersih Lantai Super Pell 770ml,1,14500.0,14500.0,0.0,False,NONE
TRX-20260908-000747-005,TRX-20260908-000747,5,SKU-1010,Sedaap Mie Goreng 90g,3,3400.0,10200.0,0.0,False,NONE
TRX-20260908-000747-006,TRX-20260908-000747,6,SKU-2001,Telur Ayam Negeri 1kg,1,31000.0,31000.0,0.0,False,NONE
TRX-20260908-000747-007,TRX-20260908-000747,7,SKU-1007,Saus Sambal ABC 335ml,2,17500.0,35000.0,0.0,False,NONE
TRX-20260908-000747-008,TRX-20260908-000747,8,SKU-5004,Pembersih Lantai Super Pell 770ml,1,14500.0,14500.0,0.0,False,NONE
TRX-20260908-000747-009,TRX-20260908-000747,9,SKU-1008,Indomie Goreng Spesial 85g,5,3500.0,17500.0,0.0,False,NONE
TRX-20260908-000747-010,TRX-20260908-000747,10,SKU-3001,Air Mineral Aqua 600ml,2,4000.0,8000.0,0.0,False,NONE
TRX-20260908-000747-011,TRX-20260908-000747,11,SKU-1012,Kornet Sapi Pronas 198g,1,26000.0,26000.0,0.0,False,NONE
TRX-20260908-000747-012,TRX-20260908-000747,12,SKU-1004,Tepung Terigu Segitiga Biru 1kg,1,13500.0,13500.0,0.0,False,NONE
TRX-20260908-000747-013,TRX-20260908-000747,13,SKU-4005,Rexona Deodorant Roll On 45ml,1,20500.0,20500.0,0.0,False,NONE
TRX-20260908-000747-014,TRX-20260908-000747,14,SKU-1003,Gula Pasir Gulaku 1kg,2,17500.0,35000.0,0.0,False,NONE
TRX-20260908-000747-015,TRX-20260908-000747,15,SKU-4004,Sikat Gigi Formula Double Action 3s,2,15500.0,31000.0,0.0,False,NONE
TRX-20260908-000747-016,TRX-20260908-000747,16,SKU-4003,Pasta Gigi Pepsodent 190g,2,17000.0,34000.0,0.0,False,NONE
TRX-20260908-000747-017,TRX-20260908-000747,17,SKU-4006,Paseo Facial Tissue 250 Sheets,1,16500.0,16500.0,0.0,False,NONE
TRX-20260908-000747-018,TRX-20260908-000747,18,SKU-1002,Minyak Goreng Bimoli 2L,2,37500.0,75000.0,0.0,False,NONE
TRX-20260908-000747-019,TRX-20260908-000747,19,SKU-4002,Shampoo Sunsilk Black Shine 160ml,3,26000.0,78000.0,0.0,False,NONE
TRX-20260908-000747-020,TRX-20260908-000747,20,SKU-5005,Baygon Obat Nyamuk Semprot 600ml,1,42000.0,42000.0,0.0,False,NONE
TRX-20260908-000748-001,TRX-20260908-000748,1,SKU-3008,Taro Net Seaweed 65g,1,9800.0,9800.0,0.0,False,NONE
TRX-20260908-000748-002,TRX-20260908-000748,2,SKU-3007,Chitato Sapi Panggang 68g,1,12500.0,12500.0,0.0,False,NONE
TRX-20260908-000749-001,TRX-20260908-000749,1,SKU-4005,Rexona Deodorant Roll On 45ml,1,20500.0,20500.0,0.0,False,TYPO_SKU
TRX-20260908-000749-002,TRX-20260908-000749,2,SKU-2001,Telur Ayam Negeri 1kg,1,31000.0,31000.0,0.0,False,NONE
TRX-20260908-000749-003,TRX-20260908-000749,3,SKU-3006,Coca Cola 390ml,1,7500.0,7500.0,0.0,False,NONE
TRX-20260908-000750-001,TRX-20260908-000750,1,SKU-1005,Garam Dapur Cap Kapal 250g,2,5000.0,10000.0,0.0,False,NONE
TRX-20260908-000750-002,TRX-20260908-000750,2,SKU-2004,Yakult Pack isi 5,1,11500.0,11500.0,0.0,False,NONE
TRX-20260908-000750-003,TRX-20260908-000750,3,SKU-1008,Indomie Goreng Spesial 85g,2,3500.0,7000.0,0.0,True,VOID_ITEM
TRX-20260908-000750-004,TRX-20260908-000750,4,SKU-5003,Sabun Cuci Piring Sunlight 650ml,1,15500.0,15500.0,0.0,False,NONE
TRX-20260908-000750-005,TRX-20260908-000750,5,SKU-1010,Sedaap Mie Goreng 90g,2,3400.0,6800.0,0.0,False,NONE
TRX-20260908-000750-006,TRX-20260908-000750,6,SKU-4004,Sikat Gigi Formula Double Action 3s,2,15500.0,31000.0,0.0,False,NONE
TRX-20260908-000751-001,TRX-20260908-000751,1,SKU-4004,Sikat Gigi Formula Double Action 3s,1,15500.0,15500.0,0.0,False,NONE
TRX-20260908-000751-002,TRX-20260908-000751,2,SKU-5001,Deterjen Rinso Anti Noda 770g,1,23000.0,23000.0,0.0,False,NONE
TRX-20260908-000751-003,TRX-20260908-000751,3,SKU-3005,Good Day Moccacino 250ml,2,8000.0,16000.0,0.0,False,NONE
TRX-20260908-000751-004,TRX-20260908-000751,4,SKU-3008,Taro Net Seaweed 65g,2,9800.0,19600.0,0.0,False,NONE
TRX-20260908-000752-001,TRX-20260908-000752,1,SKU-2002,Susu Ultra Milk Full Cream 1L,1,21500.0,21500.0,0.0,False,NONE
TRX-20260908-000752-002,TRX-20260908-000752,2,SKU-3001,Air Mineral Aqua 600ml,1,4000.0,4000.0,0.0,False,NONE
TRX-20260908-000753-001,TRX-20260908-000753,1,SKU-2005,Keju Kraft Cheddar 165g,1,24000.0,24000.0,0.0,False,NONE
TRX-20260908-000753-002,TRX-20260908-000753,2,SKU-2002,Susu Ultra Milk Full Cream 1L,1,21500.0,21500.0,0.0,False,NONE
TRX-20260908-000753-003,TRX-20260908-000753,3,SKU-2006,Mentega Blue Band 200g,1,12500.0,12500.0,0.0,False,NONE
TRX-20260908-000754-001,TRX-20260908-000754,1,SKU-1007,Saus Sambal ABC 335ml,1,17500.0,17500.0,0.0,False,NONE
TRX-20260908-000754-002,TRX-20260908-000754,2,SKU-1010,Sedaap Mie Goreng 90g,5,3400.0,17000.0,0.0,False,NONE
TRX-20260908-000754-003,TRX-20260908-000754,3,SKU-4003,Pasta Gigi Pepsodent 190g,2,17000.0,34000.0,0.0,False,NONE
TRX-20260908-000754-004,TRX-20260908-000754,4,SKU-4004,Sikat Gigi Formula Double Action 3s,2,15500.0,31000.0,0.0,False,NONE
TRX-20260908-000754-005,TRX-20260908-000754,5,SKU-5005,Baygon Obat Nyamuk Semprot 600ml,3,42000.0,126000.0,0.0,False,NONE
TRX-20260908-000754-006,TRX-20260908-000754,6,SKU-4207,UNKNOWN PRODUCT,2,28000.0,56000.0,0.0,False,TYPO_SKU
TRX-20260908-000754-007,TRX-20260908-000754,7,SKU-4002,Shampoo Sunsilk Black Shine 160ml,2,26000.0,52000.0,0.0,False,NONE
TRX-20260908-000754-008,TRX-20260908-000754,8,SKU-4001,Sabun Mandi Lifebuoy Total 10 450ml,2,27500.0,55000.0,0.0,False,NONE
TRX-20260908-000754-009,TRX-20260908-000754,9,SKU-1006,Kecap Manis Bango 520ml,2,25500.0,51000.0,0.0,False,NONE
TRX-20260908-000754-010,TRX-20260908-000754,10,SKU-4005,Rexona Deodorant Roll On 45ml,2,20500.0,41000.0,0.0,False,NONE
TRX-20260908-000754-011,TRX-20260908-000754,11,SKU-1011,Sarden ABC Saus Tomat 155g,3,12000.0,36000.0,0.0,True,VOID_ITEM
TRX-20260908-000754-012,TRX-20260908-000754,12,SKU-1004,Tepung Terigu Segitiga Biru 1kg,1,13500.0,13500.0,0.0,False,NONE
TRX-20260908-000754-013,TRX-20260908-000754,13,SKU-5006,Baterai ABC Alkaline AA 4s,3,21000.0,63000.0,0.0,False,NONE
TRX-20260908-000754-014,TRX-20260908-000754,14,SKU-4001,Sabun Mandi Lifebuoy Total 10 450ml,2,27500.0,55000.0,0.0,False,NONE
TRX-20260908-000754-015,TRX-20260908-000754,15,SKU-1008,Indomie Goreng Spesial 85g,1,3500.0,3500.0,0.0,False,TYPO_SKU
TRX-20260908-000755-001,TRX-20260908-000755,1,SKU-3003,Teh Pucuk Harum 350ml,1,4500.0,4500.0,0.0,False,NONE
TRX-20260908-000756-001,TRX-20260908-000756,1,SKU-4003,Pasta Gigi Pepsodent 190g,2,17000.0,34000.0,0.0,False,NONE
TRX-20260908-000756-002,TRX-20260908-000756,2,SKU-4001,Sabun Mandi Lifebuoy Total 10 450ml,5,27500.0,137500.0,0.0,False,NONE
TRX-20260908-000756-003,TRX-20260908-000756,3,SKU-1006,Kecap Manis Bango 520ml,3,25500.0,76500.0,0.0,False,NONE
TRX-20260908-000756-004,TRX-20260908-000756,4,SKU-1001,Beras Pandan Wangi 5kg,2,78500.0,157000.0,0.0,False,NONE
TRX-20260908-000756-005,TRX-20260908-000756,5,SKU-1005,Garam Dapur Cap Kapal 250g,2,5000.0,10000.0,0.0,False,NONE
TRX-20260908-000756-006,TRX-20260908-000756,6,SKU-5004,Pembersih Lantai Super Pell 770ml,3,14500.0,43500.0,0.0,False,NONE
TRX-20260908-000756-007,TRX-20260908-000756,7,SKU-5003,Sabun Cuci Piring Sunlight 650ml,3,15500.0,46500.0,0.0,False,NONE
TRX-20260908-000756-008,TRX-20260908-000756,8,SKU-4005,Rexona Deodorant Roll On 45ml,5,20500.0,102500.0,0.0,False,NONE
TRX-20260908-000756-009,TRX-20260908-000756,9,SKU-4004,Sikat Gigi Formula Double Action 3s,2,15500.0,31000.0,0.0,False,NONE
TRX-20260908-000756-010,TRX-20260908-000756,10,SKU-1005,Garam Dapur Cap Kapal 250g,3,5000.0,15000.0,0.0,False,NONE
TRX-20260908-000756-011,TRX-20260908-000756,11,SKU-1001,Beras Pandan Wangi 5kg,5,78500.0,392500.0,0.0,False,TYPO_SKU
TRX-20260908-000756-012,TRX-20260908-000756,12,SKU-1004,Tepung Terigu Segitiga Biru 1kg,1,13500.0,13500.0,0.0,False,NONE
TRX-20260908-000756-013,TRX-20260908-000756,13,SKU-4007,Minyak Telon My Baby 90ml,1,28000.0,28000.0,0.0,False,NONE
TRX-20260908-000757-001,TRX-20260908-000757,1,SKU-1004,Tepung Terigu Segitiga Biru 1kg,1,13500.0,13500.0,0.0,False,NONE
TRX-20260908-000757-002,TRX-20260908-000757,2,SKU-3009,Oreo Original Roll 133g,2,11000.0,22000.0,0.0,False,NONE
TRX-20260908-000757-003,TRX-20260908-000757,3,SKU-2006,Mentega Blue Band 200g,1,12500.0,12500.0,0.0,False,NONE
TRX-20260908-000757-004,TRX-20260908-000757,4,SKU-5003,Sabun Cuci Piring Sunlight 650ml,2,15500.0,31000.0,0.0,False,NONE
TRX-20260908-000757-005,TRX-20260908-000757,5,SKU-2004,Yakult Pack isi 5,2,11500.0,23000.0,0.0,False,NONE
TRX-20260908-000757-006,TRX-20260908-000757,6,SKU-3005,Good Day Moccacino 250ml,1,8000.0,8000.0,0.0,False,NONE
TRX-20260908-000757-007,TRX-20260908-000757,7,SKU-3008,Taro Net Seaweed 65g,2,9800.0,19600.0,0.0,False,NONE
TRX-20260908-000758-001,TRX-20260908-000758,1,SKU-1008,Indomie Goreng Spesial 85g,1,3500.0,3500.0,0.0,False,NONE
TRX-20260908-000758-002,TRX-20260908-000758,2,SKU-4004,Sikat Gigi Formula Double Action 3s,2,15500.0,31000.0,0.0,False,NONE
TRX-20260908-000758-003,TRX-20260908-000758,3,SKU-3003,Teh Pucuk Harum 350ml,2,4500.0,9000.0,0.0,False,NONE
TRX-20260908-000758-004,TRX-20260908-000758,4,SKU-2006,Mentega Blue Band 200g,2,12500.0,25000.0,0.0,False,NONE
TRX-20260908-000758-005,TRX-20260908-000758,5,SKU-1010,Sedaap Mie Goreng 90g,2,3400.0,6800.0,0.0,False,NONE
TRX-20260908-000758-006,TRX-20260908-000758,6,SKU-3008,Taro Net Seaweed 65g,1,9800.0,9800.0,0.0,False,NONE
TRX-20260908-000758-007,TRX-20260908-000758,7,SKU-3000,UNKNOWN PRODUCT,2,4000.0,8000.0,0.0,False,TYPO_SKU
TRX-20260908-000759-001,TRX-20260908-000759,1,SKU-3003,Teh Pucuk Harum 350ml,1,4500.0,4500.0,0.0,False,NONE
TRX-20260908-000759-002,TRX-20260908-000759,2,SKU-3002,Air Mineral Le Minerale 600ml,1,3800.0,3800.0,0.0,False,NONE
TRX-20260908-000759-003,TRX-20260908-000759,3,SKU-1013,UNKNOWN PRODUCT,1,26000.0,26000.0,0.0,False,TYPO_SKU
TRX-20260908-000759-004,TRX-20260908-000759,4,SKU-3008,Taro Net Seaweed 65g,1,9800.0,9800.0,0.0,False,NONE
TRX-20260908-000759-005,TRX-20260908-000759,5,SKU-5003,Sabun Cuci Piring Sunlight 650ml,1,15500.0,15500.0,0.0,False,NONE
TRX-20260908-000759-006,TRX-20260908-000759,6,SKU-3001,Air Mineral Aqua 600ml,1,4000.0,4000.0,0.0,False,NONE
TRX-20260908-000759-007,TRX-20260908-000759,7,SKU-3004,Kopi Kapal Api Spesial Mix 10s,1,15500.0,15500.0,0.0,False,NONE
TRX-20260908-000759-008,TRX-20260908-000759,8,SKU-3002,Air Mineral Le Minerale 600ml,1,3800.0,3800.0,0.0,False,NONE
TRX-20260908-000760-001,TRX-20260908-000760,1,SKU-2006,Mentega Blue Band 200g,1,12500.0,12500.0,0.0,False,NONE
TRX-20260908-000760-002,TRX-20260908-000760,2,SKU-3002,Air Mineral Le Minerale 600ml,1,3800.0,3800.0,0.0,False,NONE
TRX-20260908-000761-001,TRX-20260908-000761,1,SKU-3007,Chitato Sapi Panggang 68g,1,12500.0,12500.0,0.0,False,NONE
TRX-20260908-000761-002,TRX-20260908-000761,2,SKU-2006,Mentega Blue Band 200g,1,12500.0,12500.0,0.0,False,NONE
TRX-20260908-000761-003,TRX-20260908-000761,3,SKU-3010,SilverQueen Cokelat Mede 58g,1,17000.0,17000.0,0.0,False,NONE
TRX-20260908-000762-001,TRX-20260908-000762,1,SKU-3001,Air Mineral Aqua 600ml,2,4000.0,8000.0,0.0,False,NONE
TRX-20260908-000762-002,TRX-20260908-000762,2,SKU-2006,Mentega Blue Band 200g,2,12500.0,25000.0,0.0,False,NONE
TRX-20260908-000762-003,TRX-20260908-000762,3,SKU-1010,Sedaap Mie Goreng 90g,1,3400.0,3400.0,0.0,False,NONE
TRX-20260908-000762-004,TRX-20260908-000762,4,SKU-1011,Sarden ABC Saus Tomat 155g,1,12000.0,12000.0,0.0,False,NONE
TRX-20260908-000762-005,TRX-20260908-000762,5,SKU-3004,Kopi Kapal Api Spesial Mix 10s,2,15500.0,31000.0,0.0,False,NONE
TRX-20260908-000762-006,TRX-20260908-000762,6,SKU-1009,Indomie Kuah Ayam Bawang 69g,1,3400.0,3400.0,0.0,True,VOID_ITEM
TRX-20260908-000762-007,TRX-20260908-000762,7,SKU-1008,Indomie Goreng Spesial 85g,2,3500.0,7000.0,0.0,False,NONE
TRX-20260908-000763-001,TRX-20260908-000763,1,SKU-1007,Saus Sambal ABC 335ml,1,17500.0,17500.0,0.0,False,NONE
TRX-20260908-000763-002,TRX-20260908-000763,2,SKU-1005,Garam Dapur Cap Kapal 250g,2,5000.0,10000.0,0.0,False,NONE
TRX-20260908-000763-003,TRX-20260908-000763,3,SKU-1102,UNKNOWN PRODUCT,1,37500.0,37500.0,0.0,False,TYPO_SKU
TRX-20260908-000763-004,TRX-20260908-000763,4,SKU-1001,Beras Pandan Wangi 5kg,1,78500.0,78500.0,0.0,False,NONE
TRX-20260908-000763-005,TRX-20260908-000763,5,SKU-5004,Pembersih Lantai Super Pell 770ml,1,14500.0,14500.0,0.0,False,NONE
TRX-20260908-000763-006,TRX-20260908-000763,6,SKU-1009,Indomie Kuah Ayam Bawang 69g,2,3400.0,6800.0,0.0,False,NONE
TRX-20260908-000763-007,TRX-20260908-000763,7,SKU-5001,Deterjen Rinso Anti Noda 770g,2,23000.0,46000.0,0.0,False,NONE
TRX-20260908-000763-008,TRX-20260908-000763,8,SKU-5002,Pewangi Pakaian Molto All in 1 720ml,1,24000.0,24000.0,0.0,False,NONE
TRX-20260908-000763-009,TRX-20260908-000763,9,SKU-1001,Beras Pandan Wangi 5kg,5,78500.0,392500.0,0.0,False,NONE
TRX-20260908-000763-010,TRX-20260908-000763,10,SKU-4004,Sikat Gigi Formula Double Action 3s,1,15500.0,15500.0,0.0,False,NONE
TRX-20260908-000763-011,TRX-20260908-000763,11,SKU-1006,Kecap Manis Bango 520ml,2,25500.0,51000.0,0.0,False,NONE
TRX-20260908-000763-012,TRX-20260908-000763,12,SKU-5002,Pewangi Pakaian Molto All in 1 720ml,2,24000.0,48000.0,0.0,False,NONE
TRX-20260908-000763-013,TRX-20260908-000763,13,SKU-4002,Shampoo Sunsilk Black Shine 160ml,3,26000.0,78000.0,0.0,False,NONE
TRX-20260908-000763-014,TRX-20260908-000763,14,SKU-1012,Kornet Sapi Pronas 198g,2,26000.0,52000.0,0.0,False,NONE
TRX-20260908-000763-015,TRX-20260908-000763,15,SKU-5005,Baygon Obat Nyamuk Semprot 600ml,5,42000.0,210000.0,0.0,False,NONE
TRX-20260908-000764-001,TRX-20260908-000764,1,SKU-3006,Coca Cola 390ml,1,7500.0,7500.0,0.0,False,NONE
TRX-20260908-000764-002,TRX-20260908-000764,2,SKU-3009,Oreo Original Roll 133g,1,11000.0,11000.0,0.0,False,NONE
TRX-20260908-000764-003,TRX-20260908-000764,3,SKU-5003,Sabun Cuci Piring Sunlight 650ml,1,15500.0,15500.0,0.0,False,NONE
TRX-20260908-000764-004,TRX-20260908-000764,4,SKU-1005,Garam Dapur Cap Kapal 250g,1,5000.0,5000.0,0.0,False,NONE
TRX-20260908-000764-005,TRX-20260908-000764,5,SKU-3004,Kopi Kapal Api Spesial Mix 10s,1,15500.0,15500.0,0.0,False,NONE
TRX-20260908-000765-001,TRX-20260908-000765,1,SKU-1004,Tepung Terigu Segitiga Biru 1kg,1,13500.0,13500.0,0.0,False,NONE
TRX-20260908-000765-002,TRX-20260908-000765,2,SKU-3004,Kopi Kapal Api Spesial Mix 10s,1,15500.0,15500.0,0.0,False,NONE
TRX-20260908-000765-003,TRX-20260908-000765,3,SKU-3007,Chitato Sapi Panggang 68g,2,12500.0,25000.0,0.0,False,NONE
TRX-20260908-000765-004,TRX-20260908-000765,4,SKU-5003,Sabun Cuci Piring Sunlight 650ml,2,15500.0,31000.0,0.0,False,NONE
TRX-20260908-000766-001,TRX-20260908-000766,1,SKU-2003,Susu Ultra Milk Cokelat 1L,1,21500.0,21500.0,0.0,False,NONE
TRX-20260908-000766-002,TRX-20260908-000766,2,SKU-3002,Air Mineral Le Minerale 600ml,1,3800.0,3800.0,0.0,False,NONE
TRX-20260908-000767-001,TRX-20260908-000767,1,SKU-1004,Tepung Terigu Segitiga Biru 1kg,1,13500.0,13500.0,0.0,False,NONE
TRX-20260908-000767-002,TRX-20260908-000767,2,SKU-3003,Teh Pucuk Harum 350ml,1,4500.0,4500.0,0.0,False,NONE
TRX-20260908-000767-003,TRX-20260908-000767,3,SKU-3201,UNKNOWN PRODUCT,2,4000.0,8000.0,0.0,False,TYPO_SKU
TRX-20260908-000767-004,TRX-20260908-000767,4,SKU-5004,Pembersih Lantai Super Pell 770ml,1,14500.0,14500.0,0.0,False,NONE
TRX-20260908-000767-005,TRX-20260908-000767,5,SKU-3007,Chitato Sapi Panggang 68g,1,12500.0,12500.0,0.0,False,NONE
TRX-20260908-000767-006,TRX-20260908-000767,6,SKU-2006,Mentega Blue Band 200g,1,12500.0,12500.0,0.0,True,VOID_ITEM
TRX-20260908-000767-007,TRX-20260908-000767,7,SKU-1005,Garam Dapur Cap Kapal 250g,2,5000.0,10000.0,0.0,False,NONE
TRX-20260908-000767-008,TRX-20260908-000767,8,SKU-1009,Indomie Kuah Ayam Bawang 69g,1,3400.0,3400.0,0.0,False,NONE
TRX-20260908-000768-001,TRX-20260908-000768,1,SKU-3004,Kopi Kapal Api Spesial Mix 10s,1,15500.0,15500.0,0.0,False,NONE
TRX-20260908-000769-001,TRX-20260908-000769,1,SKU-5005,Baygon Obat Nyamuk Semprot 600ml,1,42000.0,42000.0,0.0,False,NONE
TRX-20260908-000769-002,TRX-20260908-000769,2,SKU-5002,Pewangi Pakaian Molto All in 1 720ml,2,24000.0,48000.0,0.0,False,NONE
TRX-20260908-000769-003,TRX-20260908-000769,3,SKU-1011,Sarden ABC Saus Tomat 155g,2,12000.0,24000.0,0.0,False,NONE
TRX-20260908-000769-004,TRX-20260908-000769,4,SKU-1002,Minyak Goreng Bimoli 2L,5,37500.0,187500.0,0.0,False,NONE
TRX-20260908-000769-005,TRX-20260908-000769,5,SKU-5003,Sabun Cuci Piring Sunlight 650ml,1,15500.0,15500.0,0.0,False,NONE
TRX-20260908-000769-006,TRX-20260908-000769,6,SKU-1008,Indomie Goreng Spesial 85g,3,3500.0,10500.0,0.0,False,NONE
TRX-20260908-000769-007,TRX-20260908-000769,7,SKU-2001,Telur Ayam Negeri 1kg,1,31000.0,31000.0,0.0,False,NONE
TRX-20260908-000769-008,TRX-20260908-000769,8,SKU-1006,Kecap Manis Bango 520ml,3,25500.0,76500.0,0.0,False,NONE
TRX-20260908-000769-009,TRX-20260908-000769,9,SKU-1009,Indomie Kuah Ayam Bawang 69g,1,3400.0,3400.0,0.0,False,NONE
TRX-20260908-000769-010,TRX-20260908-000769,10,SKU-1007,Saus Sambal ABC 335ml,1,17500.0,17500.0,0.0,False,NONE
TRX-20260908-000770-001,TRX-20260908-000770,1,SKU-5004,Pembersih Lantai Super Pell 770ml,1,14500.0,14500.0,0.0,False,NONE
TRX-20260908-000770-002,TRX-20260908-000770,2,SKU-1003,Gula Pasir Gulaku 1kg,2,17500.0,35000.0,0.0,False,NONE
TRX-20260908-000770-003,TRX-20260908-000770,3,SKU-4004,Sikat Gigi Formula Double Action 3s,1,15500.0,15500.0,0.0,False,NONE
TRX-20260908-000770-004,TRX-20260908-000770,4,SKU-4007,Minyak Telon My Baby 90ml,2,28000.0,56000.0,0.0,False,NONE
TRX-20260908-000770-005,TRX-20260908-000770,5,SKU-1005,Garam Dapur Cap Kapal 250g,2,5000.0,10000.0,0.0,False,NONE
TRX-20260908-000770-006,TRX-20260908-000770,6,SKU-5002,Pewangi Pakaian Molto All in 1 720ml,1,24000.0,24000.0,0.0,False,NONE
TRX-20260908-000770-007,TRX-20260908-000770,7,SKU-1007,Saus Sambal ABC 335ml,2,17500.0,35000.0,0.0,False,NONE
TRX-20260908-000770-008,TRX-20260908-000770,8,SKU-1006,Kecap Manis Bango 520ml,1,25500.0,25500.0,0.0,False,NONE
TRX-20260908-000770-009,TRX-20260908-000770,9,SKU-5005,Baygon Obat Nyamuk Semprot 600ml,2,42000.0,84000.0,0.0,False,NONE
TRX-20260908-000770-010,TRX-20260908-000770,10,SKU-5001,Deterjen Rinso Anti Noda 770g,1,23000.0,23000.0,0.0,False,NONE
TRX-20260908-000770-011,TRX-20260908-000770,11,SKU-4002,Shampoo Sunsilk Black Shine 160ml,1,26000.0,26000.0,0.0,False,NONE
TRX-20260908-000770-012,TRX-20260908-000770,12,SKU-4003,Pasta Gigi Pepsodent 190g,1,17000.0,17000.0,0.0,True,VOID_ITEM
TRX-20260908-000770-013,TRX-20260908-000770,13,SKU-4005,Rexona Deodorant Roll On 45ml,1,20500.0,20500.0,0.0,False,NONE
TRX-20260908-000771-001,TRX-20260908-000771,1,SKU-3001,Air Mineral Aqua 600ml,1,4000.0,4000.0,0.0,False,NONE
TRX-20260908-000771-002,TRX-20260908-000771,2,SKU-2002,Susu Ultra Milk Full Cream 1L,1,21500.0,21500.0,0.0,False,NONE
TRX-20260908-000772-001,TRX-20260908-000772,1,SKU-3002,Air Mineral Le Minerale 600ml,2,3800.0,7600.0,0.0,False,NONE
TRX-20260908-000772-002,TRX-20260908-000772,2,SKU-1005,Garam Dapur Cap Kapal 250g,1,5000.0,5000.0,0.0,False,NONE
TRX-20260908-000772-003,TRX-20260908-000772,3,SKU-3004,Kopi Kapal Api Spesial Mix 10s,2,15500.0,31000.0,0.0,False,NONE
TRX-20260908-000772-004,TRX-20260908-000772,4,SKU-2004,Yakult Pack isi 5,1,11500.0,11500.0,0.0,False,NONE
TRX-20260908-000772-005,TRX-20260908-000772,5,SKU-3007,Chitato Sapi Panggang 68g,2,12500.0,25000.0,0.0,False,NONE
TRX-20260908-000772-006,TRX-20260908-000772,6,SKU-2006,Mentega Blue Band 200g,1,12500.0,12500.0,0.0,False,NONE
TRX-20260908-000773-001,TRX-20260908-000773,1,SKU-5002,Pewangi Pakaian Molto All in 1 720ml,5,24000.0,120000.0,0.0,False,TYPO_SKU
TRX-20260908-000773-002,TRX-20260908-000773,2,SKU-4003,Pasta Gigi Pepsodent 190g,2,17000.0,34000.0,0.0,False,NONE
TRX-20260908-000773-003,TRX-20260908-000773,3,SKU-4003,Pasta Gigi Pepsodent 190g,2,17000.0,34000.0,0.0,False,NONE
TRX-20260908-000773-004,TRX-20260908-000773,4,SKU-4004,Sikat Gigi Formula Double Action 3s,1,15500.0,15500.0,0.0,False,NONE
TRX-20260908-000773-005,TRX-20260908-000773,5,SKU-1005,Garam Dapur Cap Kapal 250g,3,5000.0,15000.0,0.0,False,NONE
TRX-20260908-000773-006,TRX-20260908-000773,6,SKU-1002,Minyak Goreng Bimoli 2L,3,37500.0,112500.0,0.0,False,NONE
TRX-20260908-000773-007,TRX-20260908-000773,7,SKU-1004,Tepung Terigu Segitiga Biru 1kg,1,13500.0,13500.0,0.0,False,NONE
TRX-20260908-000773-008,TRX-20260908-000773,8,SKU-1001,Beras Pandan Wangi 5kg,1,78500.0,78500.0,0.0,False,NONE
TRX-20260908-000773-009,TRX-20260908-000773,9,SKU-1003,Gula Pasir Gulaku 1kg,2,17500.0,35000.0,0.0,False,NONE
TRX-20260908-000773-010,TRX-20260908-000773,10,SKU-1011,Sarden ABC Saus Tomat 155g,1,12000.0,12000.0,0.0,False,NONE
TRX-20260908-000773-011,TRX-20260908-000773,11,SKU-5005,Baygon Obat Nyamuk Semprot 600ml,1,42000.0,42000.0,0.0,False,NONE
TRX-20260908-000773-012,TRX-20260908-000773,12,SKU-4001,Sabun Mandi Lifebuoy Total 10 450ml,3,27500.0,82500.0,0.0,False,NONE
TRX-20260908-000773-013,TRX-20260908-000773,13,SKU-1012,Kornet Sapi Pronas 198g,1,26000.0,26000.0,0.0,False,NONE
TRX-20260908-000773-014,TRX-20260908-000773,14,SKU-5002,Pewangi Pakaian Molto All in 1 720ml,1,24000.0,24000.0,0.0,False,NONE
TRX-20260908-000773-015,TRX-20260908-000773,15,SKU-1009,Indomie Kuah Ayam Bawang 69g,1,3400.0,3400.0,0.0,False,NONE
TRX-20260908-000773-016,TRX-20260908-000773,16,SKU-3001,Air Mineral Aqua 600ml,2,4000.0,8000.0,0.0,False,NONE
TRX-20260908-000773-017,TRX-20260908-000773,17,SKU-5001,Deterjen Rinso Anti Noda 770g,2,23000.0,46000.0,0.0,False,NONE
TRX-20260908-000773-018,TRX-20260908-000773,18,SKU-6003,UNKNOWN PRODUCT,1,15500.0,15500.0,0.0,False,TYPO_SKU
TRX-20260908-000773-019,TRX-20260908-000773,19,SKU-5004,Pembersih Lantai Super Pell 770ml,1,14500.0,14500.0,0.0,False,NONE
TRX-20260908-000773-020,TRX-20260908-000773,20,SKU-1008,Indomie Goreng Spesial 85g,1,3500.0,3500.0,0.0,False,NONE
TRX-20260908-000773-021,TRX-20260908-000773,21,SKU-1007,Saus Sambal ABC 335ml,2,17500.0,35000.0,0.0,False,NONE
TRX-20260908-000773-022,TRX-20260908-000773,22,SKU-4004,Sikat Gigi Formula Double Action 3s,2,15500.0,31000.0,0.0,False,NONE
TRX-20260908-000773-023,TRX-20260908-000773,23,SKU-5004,Pembersih Lantai Super Pell 770ml,3,14500.0,43500.0,0.0,False,NONE
TRX-20260908-000773-024,TRX-20260908-000773,24,SKU-4005,Rexona Deodorant Roll On 45ml,3,20500.0,61500.0,0.0,False,NONE
TRX-20260908-000774-001,TRX-20260908-000774,1,SKU-1004,Tepung Terigu Segitiga Biru 1kg,3,13500.0,40500.0,0.0,False,NONE
TRX-20260908-000774-002,TRX-20260908-000774,2,SKU-4007,Minyak Telon My Baby 90ml,1,28000.0,28000.0,0.0,False,NONE
TRX-20260908-000774-003,TRX-20260908-000774,3,SKU-1002,Minyak Goreng Bimoli 2L,1,37500.0,37500.0,0.0,False,NONE
TRX-20260908-000774-004,TRX-20260908-000774,4,SKU-4003,Pasta Gigi Pepsodent 190g,1,17000.0,17000.0,0.0,False,NONE
TRX-20260908-000774-005,TRX-20260908-000774,5,SKU-1003,Gula Pasir Gulaku 1kg,1,17500.0,17500.0,0.0,False,NONE
TRX-20260908-000774-006,TRX-20260908-000774,6,SKU-1001,Beras Pandan Wangi 5kg,3,78500.0,235500.0,0.0,False,NONE
TRX-20260908-000774-007,TRX-20260908-000774,7,SKU-1008,Indomie Goreng Spesial 85g,3,3500.0,10500.0,0.0,False,NONE
TRX-20260908-000774-008,TRX-20260908-000774,8,SKU-4004,Sikat Gigi Formula Double Action 3s,5,15500.0,77500.0,0.0,False,NONE
TRX-20260908-000774-009,TRX-20260908-000774,9,SKU-4005,Rexona Deodorant Roll On 45ml,2,20500.0,41000.0,0.0,False,NONE
TRX-20260908-000774-010,TRX-20260908-000774,10,SKU-4006,Paseo Facial Tissue 250 Sheets,2,16500.0,33000.0,0.0,False,NONE
TRX-20260908-000774-011,TRX-20260908-000774,11,SKU-4001,Sabun Mandi Lifebuoy Total 10 450ml,2,27500.0,55000.0,0.0,False,NONE
TRX-20260908-000774-012,TRX-20260908-000774,12,SKU-4002,Shampoo Sunsilk Black Shine 160ml,1,26000.0,26000.0,0.0,False,NONE
TRX-20260908-000774-013,TRX-20260908-000774,13,SKU-1009,Indomie Kuah Ayam Bawang 69g,2,3400.0,6800.0,0.0,False,NONE
TRX-20260908-000774-014,TRX-20260908-000774,14,SKU-5004,Pembersih Lantai Super Pell 770ml,1,14500.0,14500.0,0.0,False,NONE
TRX-20260908-000774-015,TRX-20260908-000774,15,SKU-5006,Baterai ABC Alkaline AA 4s,1,21000.0,21000.0,0.0,False,NONE
TRX-20260908-000774-016,TRX-20260908-000774,16,SKU-1010,Sedaap Mie Goreng 90g,5,3400.0,17000.0,0.0,False,NONE
TRX-20260908-000774-017,TRX-20260908-000774,17,SKU-5003,Sabun Cuci Piring Sunlight 650ml,5,15500.0,77500.0,0.0,False,NONE
TRX-20260908-000774-018,TRX-20260908-000774,18,SKU-1012,Kornet Sapi Pronas 198g,1,26000.0,26000.0,0.0,False,NONE
TRX-20260908-000775-001,TRX-20260908-000775,1,SKU-1008,Indomie Goreng Spesial 85g,2,3500.0,7000.0,0.0,False,NONE
TRX-20260908-000775-002,TRX-20260908-000775,2,SKU-3001,Air Mineral Aqua 600ml,2,4000.0,8000.0,0.0,False,NONE
TRX-20260908-000775-003,TRX-20260908-000775,3,SKU-1004,Tepung Terigu Segitiga Biru 1kg,5,13500.0,67500.0,0.0,False,NONE
TRX-20260908-000775-004,TRX-20260908-000775,4,SKU-1003,Gula Pasir Gulaku 1kg,2,17500.0,35000.0,0.0,False,NONE
TRX-20260908-000775-005,TRX-20260908-000775,5,SKU-1007,Saus Sambal ABC 335ml,2,17500.0,35000.0,0.0,False,TYPO_SKU
TRX-20260908-000775-006,TRX-20260908-000775,6,SKU-1110,UNKNOWN PRODUCT,1,3400.0,3400.0,0.0,False,TYPO_SKU
TRX-20260908-000775-007,TRX-20260908-000775,7,SKU-5003,Sabun Cuci Piring Sunlight 650ml,2,15500.0,31000.0,0.0,False,NONE
TRX-20260908-000775-008,TRX-20260908-000775,8,SKU-5001,Deterjen Rinso Anti Noda 770g,2,23000.0,46000.0,0.0,False,NONE
TRX-20260908-000775-009,TRX-20260908-000775,9,SKU-1006,Kecap Manis Bango 520ml,3,25500.0,76500.0,0.0,False,NONE
TRX-20260908-000775-010,TRX-20260908-000775,10,SKU-4007,Minyak Telon My Baby 90ml,2,28000.0,56000.0,0.0,False,NONE
TRX-20260908-000775-011,TRX-20260908-000775,11,SKU-5001,Deterjen Rinso Anti Noda 770g,2,23000.0,46000.0,0.0,False,NONE
TRX-20260908-000775-012,TRX-20260908-000775,12,SKU-1001,Beras Pandan Wangi 5kg,1,78500.0,78500.0,0.0,False,NONE
TRX-20260908-000775-013,TRX-20260908-000775,13,SKU-6001,UNKNOWN PRODUCT,3,27500.0,82500.0,0.0,False,TYPO_SKU
TRX-20260908-000775-014,TRX-20260908-000775,14,SKU-4002,Shampoo Sunsilk Black Shine 160ml,2,26000.0,52000.0,0.0,False,NONE
TRX-20260908-000775-015,TRX-20260908-000775,15,SKU-1011,Sarden ABC Saus Tomat 155g,3,12000.0,36000.0,0.0,False,NONE
TRX-20260908-000775-016,TRX-20260908-000775,16,SKU-1002,Minyak Goreng Bimoli 2L,1,37500.0,37500.0,0.0,False,NONE
TRX-20260908-000776-001,TRX-20260908-000776,1,SKU-3006,Coca Cola 390ml,1,7500.0,7500.0,0.0,False,NONE
TRX-20260908-000776-002,TRX-20260908-000776,2,SKU-3001,Air Mineral Aqua 600ml,1,4000.0,4000.0,0.0,False,NONE
TRX-20260908-000776-003,TRX-20260908-000776,3,SKU-2006,Mentega Blue Band 200g,1,12500.0,12500.0,0.0,False,NONE
TRX-20260908-000777-001,TRX-20260908-000777,1,SKU-3009,Oreo Original Roll 133g,2,11000.0,22000.0,0.0,True,VOID_ITEM
TRX-20260908-000777-002,TRX-20260908-000777,2,SKU-3003,Teh Pucuk Harum 350ml,2,4500.0,9000.0,0.0,False,NONE
TRX-20260908-000777-003,TRX-20260908-000777,3,SKU-3006,Coca Cola 390ml,2,7500.0,15000.0,0.0,False,NONE
TRX-20260908-000777-004,TRX-20260908-000777,4,SKU-1011,Sarden ABC Saus Tomat 155g,1,12000.0,12000.0,0.0,False,NONE
TRX-20260908-000777-005,TRX-20260908-000777,5,SKU-3002,Air Mineral Le Minerale 600ml,1,3800.0,3800.0,0.0,False,NONE
TRX-20260908-000777-006,TRX-20260908-000777,6,SKU-5003,Sabun Cuci Piring Sunlight 650ml,2,15500.0,31000.0,0.0,False,NONE
TRX-20260908-000778-001,TRX-20260908-000778,1,SKU-3004,Kopi Kapal Api Spesial Mix 10s,1,15500.0,15500.0,0.0,False,NONE
TRX-20260908-000779-001,TRX-20260908-000779,1,SKU-4002,Shampoo Sunsilk Black Shine 160ml,1,26000.0,26000.0,0.0,False,NONE
TRX-20260908-000779-002,TRX-20260908-000779,2,SKU-1011,Sarden ABC Saus Tomat 155g,1,12000.0,12000.0,0.0,False,NONE
TRX-20260908-000779-003,TRX-20260908-000779,3,SKU-1005,Garam Dapur Cap Kapal 250g,1,5000.0,5000.0,0.0,False,NONE
TRX-20260908-000779-004,TRX-20260908-000779,4,SKU-3010,SilverQueen Cokelat Mede 58g,1,17000.0,17000.0,0.0,False,NONE
TRX-20260908-000779-005,TRX-20260908-000779,5,SKU-3005,Good Day Moccacino 250ml,1,8000.0,8000.0,0.0,False,NONE
TRX-20260908-000780-001,TRX-20260908-000780,1,SKU-5003,Sabun Cuci Piring Sunlight 650ml,1,15500.0,15500.0,0.0,False,NONE
TRX-20260908-000780-002,TRX-20260908-000780,2,SKU-2004,Yakult Pack isi 5,1,11500.0,11500.0,0.0,False,NONE
TRX-20260908-000780-003,TRX-20260908-000780,3,SKU-3003,Teh Pucuk Harum 350ml,1,4500.0,4500.0,0.0,False,NONE
TRX-20260908-000780-004,TRX-20260908-000780,4,SKU-3008,Taro Net Seaweed 65g,1,9800.0,9800.0,0.0,False,NONE
TRX-20260908-000780-005,TRX-20260908-000780,5,SKU-3004,Kopi Kapal Api Spesial Mix 10s,2,15500.0,31000.0,0.0,False,NONE
TRX-20260908-000780-006,TRX-20260908-000780,6,SKU-1005,Garam Dapur Cap Kapal 250g,1,5000.0,5000.0,0.0,False,NONE
TRX-20260908-000781-001,TRX-20260908-000781,1,SKU-4002,Shampoo Sunsilk Black Shine 160ml,5,26000.0,130000.0,0.0,False,NONE
TRX-20260908-000781-002,TRX-20260908-000781,2,SKU-1006,Kecap Manis Bango 520ml,2,25500.0,51000.0,0.0,False,NONE
TRX-20260908-000781-003,TRX-20260908-000781,3,SKU-5003,Sabun Cuci Piring Sunlight 650ml,1,15500.0,15500.0,0.0,False,NONE
TRX-20260908-000781-004,TRX-20260908-000781,4,SKU-5001,Deterjen Rinso Anti Noda 770g,2,23000.0,46000.0,0.0,False,NONE
TRX-20260908-000781-005,TRX-20260908-000781,5,SKU-4001,Sabun Mandi Lifebuoy Total 10 450ml,1,27500.0,27500.0,0.0,False,NONE
TRX-20260908-000781-006,TRX-20260908-000781,6,SKU-4003,Pasta Gigi Pepsodent 190g,1,17000.0,17000.0,0.0,False,NONE
TRX-20260908-000781-007,TRX-20260908-000781,7,SKU-5005,Baygon Obat Nyamuk Semprot 600ml,2,42000.0,84000.0,0.0,False,NONE
TRX-20260908-000781-008,TRX-20260908-000781,8,SKU-4005,Rexona Deodorant Roll On 45ml,2,20500.0,41000.0,0.0,False,NONE
TRX-20260908-000781-009,TRX-20260908-000781,9,SKU-5006,Baterai ABC Alkaline AA 4s,1,21000.0,21000.0,0.0,False,NONE
TRX-20260908-000781-010,TRX-20260908-000781,10,SKU-1009,Indomie Kuah Ayam Bawang 69g,2,3400.0,6800.0,0.0,False,NONE
TRX-20260908-000781-011,TRX-20260908-000781,11,SKU-1007,Saus Sambal ABC 335ml,2,17500.0,35000.0,0.0,False,NONE
TRX-20260908-000781-012,TRX-20260908-000781,12,SKU-1003,Gula Pasir Gulaku 1kg,2,17500.0,35000.0,0.0,False,NONE
TRX-20260908-000781-013,TRX-20260908-000781,13,SKU-5001,Deterjen Rinso Anti Noda 770g,1,23000.0,23000.0,0.0,False,NONE
TRX-20260908-000781-014,TRX-20260908-000781,14,SKU-5002,Pewangi Pakaian Molto All in 1 720ml,2,24000.0,48000.0,0.0,False,NONE
TRX-20260908-000781-015,TRX-20260908-000781,15,SKU-5004,Pembersih Lantai Super Pell 770ml,1,14500.0,14500.0,0.0,False,NONE
TRX-20260908-000781-016,TRX-20260908-000781,16,SKU-1011,Sarden ABC Saus Tomat 155g,1,12000.0,12000.0,0.0,False,NONE
TRX-20260908-000781-017,TRX-20260908-000781,17,SKU-5002,Pewangi Pakaian Molto All in 1 720ml,5,24000.0,120000.0,0.0,False,NONE
TRX-20260908-000781-018,TRX-20260908-000781,18,SKU-1004,Tepung Terigu Segitiga Biru 1kg,2,13500.0,27000.0,0.0,False,NONE
TRX-20260908-000782-001,TRX-20260908-000782,1,SKU-3003,Teh Pucuk Harum 350ml,1,4500.0,4500.0,0.0,False,NONE
TRX-20260908-000782-002,TRX-20260908-000782,2,SKU-1009,Indomie Kuah Ayam Bawang 69g,1,3400.0,3400.0,0.0,True,VOID_ITEM
TRX-20260908-000782-003,TRX-20260908-000782,3,SKU-1004,Tepung Terigu Segitiga Biru 1kg,1,13500.0,13500.0,0.0,False,NONE
TRX-20260908-000782-004,TRX-20260908-000782,4,SKU-4004,Sikat Gigi Formula Double Action 3s,2,15500.0,31000.0,0.0,False,NONE
TRX-20260908-000783-001,TRX-20260908-000783,1,SKU-3003,Teh Pucuk Harum 350ml,1,4500.0,4500.0,0.0,False,NONE
TRX-20260908-000783-002,TRX-20260908-000783,2,SKU-2006,Mentega Blue Band 200g,1,12500.0,12500.0,0.0,False,NONE
TRX-20260908-000783-003,TRX-20260908-000783,3,SKU-2004,Yakult Pack isi 5,1,11500.0,11500.0,0.0,True,VOID_ITEM
TRX-20260908-000784-001,TRX-20260908-000784,1,SKU-3007,Chitato Sapi Panggang 68g,1,12500.0,12500.0,0.0,False,NONE
TRX-20260908-000784-002,TRX-20260908-000784,2,SKU-2003,Susu Ultra Milk Cokelat 1L,1,21500.0,21500.0,0.0,False,NONE
TRX-20260908-000785-001,TRX-20260908-000785,1,SKU-3005,Good Day Moccacino 250ml,1,8000.0,8000.0,0.0,False,NONE
TRX-20260908-000785-002,TRX-20260908-000785,2,SKU-2002,Susu Ultra Milk Full Cream 1L,1,21500.0,21500.0,0.0,False,NONE
TRX-20260908-000785-003,TRX-20260908-000785,3,SKU-3009,Oreo Original Roll 133g,1,11000.0,11000.0,0.0,False,NONE
TRX-20260908-000786-001,TRX-20260908-000786,1,SKU-1003,Gula Pasir Gulaku 1kg,1,17500.0,17500.0,0.0,False,NONE
TRX-20260908-000786-002,TRX-20260908-000786,2,SKU-5002,Pewangi Pakaian Molto All in 1 720ml,1,24000.0,24000.0,0.0,False,NONE
TRX-20260908-000786-003,TRX-20260908-000786,3,SKU-4006,Paseo Facial Tissue 250 Sheets,1,16500.0,16500.0,0.0,False,NONE
TRX-20260908-000786-004,TRX-20260908-000786,4,SKU-5003,Sabun Cuci Piring Sunlight 650ml,1,15500.0,15500.0,0.0,False,NONE
TRX-20260908-000786-005,TRX-20260908-000786,5,SKU-5005,Baygon Obat Nyamuk Semprot 600ml,1,42000.0,42000.0,0.0,False,NONE
TRX-20260908-000786-006,TRX-20260908-000786,6,SKU-1004,Tepung Terigu Segitiga Biru 1kg,3,13500.0,40500.0,0.0,False,NONE
TRX-20260908-000786-007,TRX-20260908-000786,7,SKU-1001,Beras Pandan Wangi 5kg,1,78500.0,78500.0,0.0,False,NONE
TRX-20260908-000786-008,TRX-20260908-000786,8,SKU-1005,Garam Dapur Cap Kapal 250g,1,5000.0,5000.0,0.0,False,NONE
TRX-20260908-000786-009,TRX-20260908-000786,9,SKU-4003,Pasta Gigi Pepsodent 190g,2,17000.0,34000.0,0.0,False,NONE
TRX-20260908-000786-010,TRX-20260908-000786,10,SKU-4004,Sikat Gigi Formula Double Action 3s,2,15500.0,31000.0,0.0,False,NONE
TRX-20260908-000786-011,TRX-20260908-000786,11,SKU-5004,Pembersih Lantai Super Pell 770ml,1,14500.0,14500.0,0.0,False,NONE
TRX-20260908-000787-001,TRX-20260908-000787,1,SKU-1006,Kecap Manis Bango 520ml,2,25500.0,51000.0,0.0,False,NONE
TRX-20260908-000787-002,TRX-20260908-000787,2,SKU-1003,Gula Pasir Gulaku 1kg,1,17500.0,17500.0,0.0,False,NONE
TRX-20260908-000787-003,TRX-20260908-000787,3,SKU-1002,Minyak Goreng Bimoli 2L,1,37500.0,37500.0,0.0,False,NONE
TRX-20260908-000787-004,TRX-20260908-000787,4,SKU-5003,Sabun Cuci Piring Sunlight 650ml,5,15500.0,77500.0,0.0,False,NONE
TRX-20260908-000787-005,TRX-20260908-000787,5,SKU-5001,Deterjen Rinso Anti Noda 770g,2,23000.0,46000.0,0.0,False,NONE
TRX-20260908-000787-006,TRX-20260908-000787,6,SKU-4006,Paseo Facial Tissue 250 Sheets,1,16500.0,16500.0,0.0,False,NONE
TRX-20260908-000787-007,TRX-20260908-000787,7,SKU-1008,Indomie Goreng Spesial 85g,2,3500.0,7000.0,0.0,False,NONE
TRX-20260908-000787-008,TRX-20260908-000787,8,SKU-2001,Telur Ayam Negeri 1kg,1,31000.0,31000.0,0.0,False,NONE
TRX-20260908-000787-009,TRX-20260908-000787,9,SKU-1004,Tepung Terigu Segitiga Biru 1kg,2,13500.0,27000.0,0.0,False,NONE
TRX-20260908-000787-010,TRX-20260908-000787,10,SKU-4002,Shampoo Sunsilk Black Shine 160ml,1,26000.0,26000.0,0.0,False,NONE
TRX-20260908-000787-011,TRX-20260908-000787,11,SKU-1012,Kornet Sapi Pronas 198g,1,26000.0,26000.0,0.0,False,NONE
TRX-20260908-000788-001,TRX-20260908-000788,1,SKU-1009,Indomie Kuah Ayam Bawang 69g,2,3400.0,6800.0,0.0,False,NONE
TRX-20260908-000788-002,TRX-20260908-000788,2,SKU-3001,Air Mineral Aqua 600ml,1,4000.0,4000.0,0.0,False,NONE
TRX-20260908-000788-003,TRX-20260908-000788,3,SKU-1008,Indomie Goreng Spesial 85g,1,3500.0,3500.0,0.0,False,NONE
TRX-20260908-000788-004,TRX-20260908-000788,4,SKU-2004,Yakult Pack isi 5,2,11500.0,23000.0,0.0,True,VOID_ITEM
TRX-20260908-000788-005,TRX-20260908-000788,5,SKU-1010,Sedaap Mie Goreng 90g,2,3400.0,6800.0,0.0,False,NONE
TRX-20260908-000788-006,TRX-20260908-000788,6,SKU-3007,Chitato Sapi Panggang 68g,2,12500.0,25000.0,0.0,False,NONE
TRX-20260908-000788-007,TRX-20260908-000788,7,SKU-1005,Garam Dapur Cap Kapal 250g,1,5000.0,5000.0,0.0,False,NONE
TRX-20260908-000788-008,TRX-20260908-000788,8,SKU-3006,Coca Cola 390ml,1,7500.0,7500.0,0.0,False,NONE
TRX-20260908-000789-001,TRX-20260908-000789,1,SKU-2005,Keju Kraft Cheddar 165g,1,24000.0,24000.0,0.0,False,NONE
TRX-20260908-000789-002,TRX-20260908-000789,2,SKU-2008,Sari Roti Sobek Cokelat,1,19500.0,19500.0,0.0,False,NONE
TRX-20260908-000790-001,TRX-20260908-000790,1,SKU-4005,Rexona Deodorant Roll On 45ml,2,20500.0,41000.0,0.0,False,NONE
TRX-20260908-000790-002,TRX-20260908-000790,2,SKU-1008,Indomie Goreng Spesial 85g,5,3500.0,17500.0,0.0,False,NONE
TRX-20260908-000790-003,TRX-20260908-000790,3,SKU-1005,Garam Dapur Cap Kapal 250g,1,5000.0,5000.0,0.0,False,NONE
TRX-20260908-000790-004,TRX-20260908-000790,4,SKU-4007,Minyak Telon My Baby 90ml,3,28000.0,84000.0,0.0,False,NONE
TRX-20260908-000790-005,TRX-20260908-000790,5,SKU-1007,Saus Sambal ABC 335ml,1,17500.0,17500.0,0.0,False,NONE
TRX-20260908-000790-006,TRX-20260908-000790,6,SKU-5001,Deterjen Rinso Anti Noda 770g,1,23000.0,23000.0,0.0,False,NONE
TRX-20260908-000790-007,TRX-20260908-000790,7,SKU-5002,Pewangi Pakaian Molto All in 1 720ml,2,24000.0,48000.0,0.0,False,NONE
TRX-20260908-000790-008,TRX-20260908-000790,8,SKU-5003,Sabun Cuci Piring Sunlight 650ml,2,15500.0,31000.0,0.0,False,NONE
TRX-20260908-000790-009,TRX-20260908-000790,9,SKU-1004,Tepung Terigu Segitiga Biru 1kg,2,13500.0,27000.0,0.0,False,NONE
TRX-20260908-000790-010,TRX-20260908-000790,10,SKU-1006,Kecap Manis Bango 520ml,1,25500.0,25500.0,0.0,False,NONE
TRX-20260908-000790-011,TRX-20260908-000790,11,SKU-4006,Paseo Facial Tissue 250 Sheets,1,16500.0,16500.0,0.0,False,NONE
TRX-20260908-000790-012,TRX-20260908-000790,12,SKU-5002,Pewangi Pakaian Molto All in 1 720ml,1,24000.0,24000.0,0.0,False,NONE
TRX-20260908-000790-013,TRX-20260908-000790,13,SKU-1003,Gula Pasir Gulaku 1kg,5,17500.0,87500.0,0.0,False,NONE
TRX-20260908-000791-001,TRX-20260908-000791,1,SKU-3006,Coca Cola 390ml,2,7500.0,15000.0,0.0,True,VOID_ITEM
TRX-20260908-000791-002,TRX-20260908-000791,2,SKU-1009,Indomie Kuah Ayam Bawang 69g,2,3400.0,6800.0,0.0,False,NONE
TRX-20260908-000791-003,TRX-20260908-000791,3,SKU-1010,Sedaap Mie Goreng 90g,1,3400.0,3400.0,0.0,True,VOID_ITEM
TRX-20260908-000791-004,TRX-20260908-000791,4,SKU-1005,Garam Dapur Cap Kapal 250g,1,5000.0,5000.0,0.0,False,NONE
TRX-20260908-000791-005,TRX-20260908-000791,5,SKU-1011,Sarden ABC Saus Tomat 155g,2,12000.0,24000.0,0.0,False,NONE
TRX-20260908-000791-006,TRX-20260908-000791,6,SKU-3004,Kopi Kapal Api Spesial Mix 10s,1,15500.0,15500.0,0.0,False,NONE
TRX-20260908-000791-007,TRX-20260908-000791,7,SKU-3002,Air Mineral Le Minerale 600ml,1,3800.0,3800.0,0.0,False,NONE
TRX-20260908-000791-008,TRX-20260908-000791,8,SKU-5004,Pembersih Lantai Super Pell 770ml,2,14500.0,29000.0,0.0,False,NONE
TRX-20260908-000791-009,TRX-20260908-000791,9,SKU-3003,Teh Pucuk Harum 350ml,1,4500.0,4500.0,0.0,False,NONE
TRX-20260908-000792-001,TRX-20260908-000792,1,SKU-3004,Kopi Kapal Api Spesial Mix 10s,1,15500.0,15500.0,0.0,False,NONE
TRX-20260908-000793-001,TRX-20260908-000793,1,SKU-3006,Coca Cola 390ml,1,7500.0,7500.0,0.0,False,NONE
TRX-20260908-000793-002,TRX-20260908-000793,2,SKU-5004,Pembersih Lantai Super Pell 770ml,2,14500.0,29000.0,0.0,False,NONE
TRX-20260908-000793-003,TRX-20260908-000793,3,SKU-3001,Air Mineral Aqua 600ml,1,4000.0,4000.0,0.0,False,NONE
TRX-20260908-000793-004,TRX-20260908-000793,4,SKU-5003,Sabun Cuci Piring Sunlight 650ml,1,15500.0,15500.0,0.0,False,NONE
TRX-20260908-000793-005,TRX-20260908-000793,5,SKU-3002,Air Mineral Le Minerale 600ml,2,3800.0,7600.0,0.0,False,NONE
TRX-20260908-000794-001,TRX-20260908-000794,1,SKU-5002,Pewangi Pakaian Molto All in 1 720ml,1,24000.0,24000.0,0.0,False,NONE
TRX-20260908-000794-002,TRX-20260908-000794,2,SKU-5003,Sabun Cuci Piring Sunlight 650ml,3,15500.0,46500.0,0.0,False,NONE
TRX-20260908-000794-003,TRX-20260908-000794,3,SKU-1005,Garam Dapur Cap Kapal 250g,1,5000.0,5000.0,0.0,False,NONE
TRX-20260908-000794-004,TRX-20260908-000794,4,SKU-5001,Deterjen Rinso Anti Noda 770g,3,23000.0,69000.0,0.0,False,NONE
TRX-20260908-000794-005,TRX-20260908-000794,5,SKU-1001,Beras Pandan Wangi 5kg,5,78500.0,392500.0,0.0,False,NONE
TRX-20260908-000794-006,TRX-20260908-000794,6,SKU-4004,Sikat Gigi Formula Double Action 3s,3,15500.0,46500.0,0.0,False,NONE
TRX-20260908-000794-007,TRX-20260908-000794,7,SKU-5006,Baterai ABC Alkaline AA 4s,2,21000.0,42000.0,0.0,False,NONE
TRX-20260908-000794-008,TRX-20260908-000794,8,SKU-1010,Sedaap Mie Goreng 90g,1,3400.0,3400.0,0.0,False,NONE
TRX-20260908-000794-009,TRX-20260908-000794,9,SKU-1007,Saus Sambal ABC 335ml,2,17500.0,35000.0,0.0,False,NONE
TRX-20260908-000794-010,TRX-20260908-000794,10,SKU-1011,Sarden ABC Saus Tomat 155g,5,12000.0,60000.0,0.0,False,NONE
TRX-20260908-000794-011,TRX-20260908-000794,11,SKU-4006,Paseo Facial Tissue 250 Sheets,2,16500.0,33000.0,0.0,False,NONE
TRX-20260908-000794-012,TRX-20260908-000794,12,SKU-1003,Gula Pasir Gulaku 1kg,1,17500.0,17500.0,0.0,False,NONE
TRX-20260908-000794-013,TRX-20260908-000794,13,SKU-4005,Rexona Deodorant Roll On 45ml,1,20500.0,20500.0,0.0,False,NONE
TRX-20260908-000794-014,TRX-20260908-000794,14,SKU-4002,Shampoo Sunsilk Black Shine 160ml,3,26000.0,78000.0,0.0,False,NONE
TRX-20260908-000794-015,TRX-20260908-000794,15,SKU-5005,Baygon Obat Nyamuk Semprot 600ml,3,42000.0,126000.0,0.0,False,NONE
TRX-20260908-000794-016,TRX-20260908-000794,16,SKU-5004,Pembersih Lantai Super Pell 770ml,1,14500.0,14500.0,0.0,False,NONE
TRX-20260908-000794-017,TRX-20260908-000794,17,SKU-4001,Sabun Mandi Lifebuoy Total 10 450ml,1,27500.0,27500.0,0.0,False,NONE
TRX-20260908-000795-001,TRX-20260908-000795,1,SKU-2008,Sari Roti Sobek Cokelat,1,19500.0,19500.0,0.0,False,NONE
TRX-20260908-000796-001,TRX-20260908-000796,1,SKU-3010,SilverQueen Cokelat Mede 58g,1,17000.0,17000.0,0.0,True,VOID_ITEM
TRX-20260908-000797-001,TRX-20260908-000797,1,SKU-1001,Beras Pandan Wangi 5kg,1,78500.0,78500.0,0.0,False,NONE
TRX-20260908-000797-002,TRX-20260908-000797,2,SKU-1002,Minyak Goreng Bimoli 2L,1,37500.0,37500.0,0.0,False,NONE
TRX-20260908-000797-003,TRX-20260908-000797,3,SKU-1006,Kecap Manis Bango 520ml,1,25500.0,25500.0,0.0,False,NONE
TRX-20260908-000797-004,TRX-20260908-000797,4,SKU-1006,Kecap Manis Bango 520ml,2,25500.0,51000.0,0.0,False,TYPO_SKU
TRX-20260908-000797-005,TRX-20260908-000797,5,SKU-5004,Pembersih Lantai Super Pell 770ml,3,14500.0,43500.0,0.0,False,NONE
TRX-20260908-000797-006,TRX-20260908-000797,6,SKU-5006,Baterai ABC Alkaline AA 4s,2,21000.0,42000.0,0.0,True,VOID_ITEM
TRX-20260908-000797-007,TRX-20260908-000797,7,SKU-4002,Shampoo Sunsilk Black Shine 160ml,2,26000.0,52000.0,0.0,False,NONE
TRX-20260908-000797-008,TRX-20260908-000797,8,SKU-4003,Pasta Gigi Pepsodent 190g,2,17000.0,34000.0,0.0,False,NONE
TRX-20260908-000797-009,TRX-20260908-000797,9,SKU-1007,Saus Sambal ABC 335ml,3,17500.0,52500.0,0.0,False,NONE
TRX-20260908-000797-010,TRX-20260908-000797,10,SKU-1009,Indomie Kuah Ayam Bawang 69g,1,3400.0,3400.0,0.0,False,NONE
TRX-20260908-000798-001,TRX-20260908-000798,1,SKU-2007,Sari Roti Tawar Spesial,1,16500.0,16500.0,0.0,False,NONE
TRX-20260908-000798-002,TRX-20260908-000798,2,SKU-5004,Pembersih Lantai Super Pell 770ml,1,14500.0,14500.0,0.0,False,NONE
TRX-20260908-000798-003,TRX-20260908-000798,3,SKU-3005,Good Day Moccacino 250ml,2,8000.0,16000.0,0.0,False,NONE
TRX-20260908-000798-004,TRX-20260908-000798,4,SKU-3001,Air Mineral Aqua 600ml,2,4000.0,8000.0,0.0,False,NONE
TRX-20260908-000798-005,TRX-20260908-000798,5,SKU-3004,Kopi Kapal Api Spesial Mix 10s,2,15500.0,31000.0,0.0,False,NONE
TRX-20260908-000799-001,TRX-20260908-000799,1,SKU-2006,Mentega Blue Band 200g,1,12500.0,12500.0,0.0,False,NONE
TRX-20260908-000799-002,TRX-20260908-000799,2,SKU-3009,Oreo Original Roll 133g,1,11000.0,11000.0,0.0,False,NONE
TRX-20260908-000800-001,TRX-20260908-000800,1,SKU-2006,Mentega Blue Band 200g,1,12500.0,12500.0,0.0,False,NONE
TRX-20260908-000801-001,TRX-20260908-000801,1,SKU-1009,Indomie Kuah Ayam Bawang 69g,1,3400.0,3400.0,0.0,False,NONE
TRX-20260908-000801-002,TRX-20260908-000801,2,SKU-3009,Oreo Original Roll 133g,1,11000.0,11000.0,0.0,False,NONE
TRX-20260908-000801-003,TRX-20260908-000801,3,SKU-3003,Teh Pucuk Harum 350ml,2,4500.0,9000.0,0.0,False,NONE
TRX-20260908-000802-001,TRX-20260908-000802,1,SKU-1010,Sedaap Mie Goreng 90g,1,3400.0,3400.0,0.0,False,NONE
TRX-20260908-000802-002,TRX-20260908-000802,2,SKU-1011,Sarden ABC Saus Tomat 155g,1,12000.0,12000.0,0.0,False,NONE
TRX-20260908-000802-003,TRX-20260908-000802,3,SKU-3006,Coca Cola 390ml,2,7500.0,15000.0,0.0,False,NONE
TRX-20260908-000802-004,TRX-20260908-000802,4,SKU-3002,Air Mineral Le Minerale 600ml,2,3800.0,7600.0,0.0,False,NONE
TRX-20260908-000803-001,TRX-20260908-000803,1,SKU-3003,Teh Pucuk Harum 350ml,2,4500.0,9000.0,0.0,False,NONE
TRX-20260908-000803-002,TRX-20260908-000803,2,SKU-1009,Indomie Kuah Ayam Bawang 69g,1,3400.0,3400.0,0.0,False,NONE
TRX-20260908-000803-003,TRX-20260908-000803,3,SKU-3004,Kopi Kapal Api Spesial Mix 10s,1,15500.0,15500.0,0.0,False,NONE
TRX-20260908-000803-004,TRX-20260908-000803,4,SKU-4004,Sikat Gigi Formula Double Action 3s,2,15500.0,31000.0,0.0,False,NONE
TRX-20260908-000803-005,TRX-20260908-000803,5,SKU-1004,Tepung Terigu Segitiga Biru 1kg,1,13500.0,13500.0,0.0,False,NONE
TRX-20260908-000803-006,TRX-20260908-000803,6,SKU-3007,Chitato Sapi Panggang 68g,1,12500.0,12500.0,0.0,False,NONE
TRX-20260908-000803-007,TRX-20260908-000803,7,SKU-3002,Air Mineral Le Minerale 600ml,1,3800.0,3800.0,0.0,False,NONE
TRX-20260908-000804-001,TRX-20260908-000804,1,SKU-4007,Minyak Telon My Baby 90ml,3,28000.0,84000.0,0.0,False,NONE
TRX-20260908-000804-002,TRX-20260908-000804,2,SKU-4001,Sabun Mandi Lifebuoy Total 10 450ml,1,27500.0,27500.0,0.0,False,NONE
TRX-20260908-000804-003,TRX-20260908-000804,3,SKU-1004,Tepung Terigu Segitiga Biru 1kg,1,13500.0,13500.0,0.0,False,NONE
TRX-20260908-000804-004,TRX-20260908-000804,4,SKU-1011,Sarden ABC Saus Tomat 155g,1,12000.0,12000.0,0.0,False,NONE
TRX-20260908-000804-005,TRX-20260908-000804,5,SKU-4004,Sikat Gigi Formula Double Action 3s,5,15500.0,77500.0,0.0,False,NONE
TRX-20260908-000804-006,TRX-20260908-000804,6,SKU-1009,Indomie Kuah Ayam Bawang 69g,1,3400.0,3400.0,0.0,False,NONE
TRX-20260908-000804-007,TRX-20260908-000804,7,SKU-5006,Baterai ABC Alkaline AA 4s,2,21000.0,42000.0,0.0,False,NONE
TRX-20260908-000804-008,TRX-20260908-000804,8,SKU-1008,Indomie Goreng Spesial 85g,2,3500.0,7000.0,0.0,False,NONE
TRX-20260908-000804-009,TRX-20260908-000804,9,SKU-1007,Saus Sambal ABC 335ml,2,17500.0,35000.0,0.0,False,NONE
TRX-20260908-000804-010,TRX-20260908-000804,10,SKU-4001,Sabun Mandi Lifebuoy Total 10 450ml,3,27500.0,82500.0,0.0,False,TYPO_SKU
TRX-20260908-000804-011,TRX-20260908-000804,11,SKU-4003,Pasta Gigi Pepsodent 190g,1,17000.0,17000.0,0.0,False,NONE
TRX-20260908-000805-001,TRX-20260908-000805,1,SKU-3002,Air Mineral Le Minerale 600ml,1,3800.0,3800.0,0.0,False,NONE
TRX-20260908-000805-002,TRX-20260908-000805,2,SKU-2004,Yakult Pack isi 5,1,11500.0,11500.0,0.0,True,VOID_ITEM
TRX-20260908-000806-001,TRX-20260908-000806,1,SKU-3010,SilverQueen Cokelat Mede 58g,1,17000.0,17000.0,0.0,False,NONE
TRX-20260908-000806-002,TRX-20260908-000806,2,SKU-3005,Good Day Moccacino 250ml,1,8000.0,8000.0,0.0,False,NONE
TRX-20260908-000806-003,TRX-20260908-000806,3,SKU-3003,Teh Pucuk Harum 350ml,1,4500.0,4500.0,0.0,False,NONE
TRX-20260908-000807-001,TRX-20260908-000807,1,SKU-3006,Coca Cola 390ml,1,7500.0,7500.0,0.0,False,NONE
TRX-20260908-000807-002,TRX-20260908-000807,2,SKU-3005,Good Day Moccacino 250ml,1,8000.0,8000.0,0.0,False,NONE
TRX-20260908-000808-001,TRX-20260908-000808,1,SKU-1007,Saus Sambal ABC 335ml,1,17500.0,17500.0,0.0,False,NONE
TRX-20260908-000808-002,TRX-20260908-000808,2,SKU-1003,Gula Pasir Gulaku 1kg,2,17500.0,35000.0,0.0,False,NONE
TRX-20260908-000808-003,TRX-20260908-000808,3,SKU-1002,Minyak Goreng Bimoli 2L,2,37500.0,75000.0,0.0,False,NONE
TRX-20260908-000808-004,TRX-20260908-000808,4,SKU-5003,Sabun Cuci Piring Sunlight 650ml,1,15500.0,15500.0,0.0,False,NONE
TRX-20260908-000808-005,TRX-20260908-000808,5,SKU-5004,Pembersih Lantai Super Pell 770ml,2,14500.0,29000.0,0.0,False,NONE
TRX-20260908-000808-006,TRX-20260908-000808,6,SKU-1009,Indomie Kuah Ayam Bawang 69g,2,3400.0,6800.0,0.0,False,NONE
TRX-20260908-000808-007,TRX-20260908-000808,7,SKU-2001,Telur Ayam Negeri 1kg,2,31000.0,62000.0,0.0,False,NONE
TRX-20260908-000808-008,TRX-20260908-000808,8,SKU-4003,Pasta Gigi Pepsodent 190g,2,17000.0,34000.0,0.0,False,NONE
TRX-20260908-000808-009,TRX-20260908-000808,9,SKU-5004,Pembersih Lantai Super Pell 770ml,1,14500.0,14500.0,0.0,False,NONE
TRX-20260908-000808-010,TRX-20260908-000808,10,SKU-1001,Beras Pandan Wangi 5kg,1,78500.0,78500.0,0.0,False,NONE
TRX-20260908-000808-011,TRX-20260908-000808,11,SKU-1012,Kornet Sapi Pronas 198g,2,26000.0,52000.0,0.0,False,NONE
TRX-20260908-000808-012,TRX-20260908-000808,12,SKU-1010,Sedaap Mie Goreng 90g,1,3400.0,3400.0,0.0,False,NONE
TRX-20260908-000808-013,TRX-20260908-000808,13,SKU-1006,Kecap Manis Bango 520ml,1,25500.0,25500.0,0.0,False,NONE
TRX-20260908-000808-014,TRX-20260908-000808,14,SKU-5002,Pewangi Pakaian Molto All in 1 720ml,1,24000.0,24000.0,0.0,False,NONE
TRX-20260908-000808-015,TRX-20260908-000808,15,SKU-1004,Tepung Terigu Segitiga Biru 1kg,2,13500.0,27000.0,0.0,False,NONE
TRX-20260908-000808-016,TRX-20260908-000808,16,SKU-1008,Indomie Goreng Spesial 85g,2,3500.0,7000.0,0.0,False,NONE
TRX-20260908-000808-017,TRX-20260908-000808,17,SKU-5001,Deterjen Rinso Anti Noda 770g,1,23000.0,23000.0,0.0,False,NONE
TRX-20260908-000808-018,TRX-20260908-000808,18,SKU-4005,Rexona Deodorant Roll On 45ml,1,20500.0,20500.0,0.0,False,NONE
TRX-20260908-000809-001,TRX-20260908-000809,1,SKU-4004,Sikat Gigi Formula Double Action 3s,1,15500.0,15500.0,0.0,False,NONE
TRX-20260908-000809-002,TRX-20260908-000809,2,SKU-3003,Teh Pucuk Harum 350ml,1,4500.0,4500.0,0.0,False,NONE
TRX-20260908-000809-003,TRX-20260908-000809,3,SKU-5004,Pembersih Lantai Super Pell 770ml,2,14500.0,29000.0,0.0,False,NONE
TRX-20260908-000809-004,TRX-20260908-000809,4,SKU-3006,Coca Cola 390ml,2,7500.0,15000.0,0.0,False,NONE
TRX-20260908-000809-005,TRX-20260908-000809,5,SKU-3001,Air Mineral Aqua 600ml,2,4000.0,8000.0,0.0,False,NONE
TRX-20260908-000809-006,TRX-20260908-000809,6,SKU-2004,Yakult Pack isi 5,1,11500.0,11500.0,0.0,False,NONE
TRX-20260908-000809-007,TRX-20260908-000809,7,SKU-1005,Garam Dapur Cap Kapal 250g,1,5000.0,5000.0,0.0,False,NONE
TRX-20260908-000810-001,TRX-20260908-000810,1,SKU-1009,Indomie Kuah Ayam Bawang 69g,3,3400.0,10200.0,0.0,False,NONE
TRX-20260908-000810-002,TRX-20260908-000810,2,SKU-3001,Air Mineral Aqua 600ml,2,4000.0,8000.0,0.0,False,NONE
TRX-20260908-000810-003,TRX-20260908-000810,3,SKU-5001,Deterjen Rinso Anti Noda 770g,3,23000.0,69000.0,0.0,False,NONE
TRX-20260908-000810-004,TRX-20260908-000810,4,SKU-5002,Pewangi Pakaian Molto All in 1 720ml,2,24000.0,48000.0,0.0,False,NONE
TRX-20260908-000810-005,TRX-20260908-000810,5,SKU-1005,Garam Dapur Cap Kapal 250g,1,5000.0,5000.0,0.0,False,NONE
TRX-20260908-000810-006,TRX-20260908-000810,6,SKU-4007,Minyak Telon My Baby 90ml,2,28000.0,56000.0,0.0,False,NONE
TRX-20260908-000810-007,TRX-20260908-000810,7,SKU-1004,Tepung Terigu Segitiga Biru 1kg,3,13500.0,40500.0,0.0,False,NONE
TRX-20260908-000810-008,TRX-20260908-000810,8,SKU-1020,UNKNOWN PRODUCT,2,3400.0,6800.0,0.0,False,TYPO_SKU
TRX-20260908-000810-009,TRX-20260908-000810,9,SKU-1011,Sarden ABC Saus Tomat 155g,2,12000.0,24000.0,0.0,False,NONE
TRX-20260908-000810-010,TRX-20260908-000810,10,SKU-4001,Sabun Mandi Lifebuoy Total 10 450ml,3,27500.0,82500.0,0.0,False,NONE
TRX-20260908-000810-011,TRX-20260908-000810,11,SKU-1003,Gula Pasir Gulaku 1kg,5,17500.0,87500.0,0.0,False,NONE
TRX-20260908-000811-001,TRX-20260908-000811,1,SKU-2005,Keju Kraft Cheddar 165g,1,24000.0,24000.0,0.0,False,NONE
TRX-20260908-000811-002,TRX-20260908-000811,2,SKU-2001,Telur Ayam Negeri 1kg,1,31000.0,31000.0,0.0,True,VOID_ITEM
TRX-20260908-000811-003,TRX-20260908-000811,3,SKU-3009,Oreo Original Roll 133g,1,11000.0,11000.0,0.0,False,NONE
TRX-20260908-000811-004,TRX-20260908-000811,4,SKU-3010,SilverQueen Cokelat Mede 58g,2,17000.0,34000.0,0.0,False,NONE
TRX-20260908-000812-001,TRX-20260908-000812,1,SKU-5002,Pewangi Pakaian Molto All in 1 720ml,1,24000.0,24000.0,0.0,False,NONE
TRX-20260908-000812-002,TRX-20260908-000812,2,SKU-3001,Air Mineral Aqua 600ml,2,4000.0,8000.0,0.0,False,TYPO_SKU
TRX-20260908-000812-003,TRX-20260908-000812,3,SKU-4003,Pasta Gigi Pepsodent 190g,1,17000.0,17000.0,0.0,False,NONE
TRX-20260908-000812-004,TRX-20260908-000812,4,SKU-1001,Beras Pandan Wangi 5kg,5,78500.0,392500.0,0.0,False,NONE
TRX-20260908-000812-005,TRX-20260908-000812,5,SKU-1003,Gula Pasir Gulaku 1kg,1,17500.0,17500.0,0.0,False,NONE
TRX-20260908-000812-006,TRX-20260908-000812,6,SKU-4004,Sikat Gigi Formula Double Action 3s,1,15500.0,15500.0,0.0,False,NONE
TRX-20260908-000812-007,TRX-20260908-000812,7,SKU-4002,Shampoo Sunsilk Black Shine 160ml,3,26000.0,78000.0,0.0,False,NONE
TRX-20260908-000812-008,TRX-20260908-000812,8,SKU-5005,Baygon Obat Nyamuk Semprot 600ml,1,42000.0,42000.0,0.0,False,NONE
TRX-20260908-000812-009,TRX-20260908-000812,9,SKU-4007,Minyak Telon My Baby 90ml,1,28000.0,28000.0,0.0,False,NONE
TRX-20260908-000812-010,TRX-20260908-000812,10,SKU-1004,Tepung Terigu Segitiga Biru 1kg,2,13500.0,27000.0,0.0,False,NONE
TRX-20260908-000812-011,TRX-20260908-000812,11,SKU-5003,Sabun Cuci Piring Sunlight 650ml,3,15500.0,46500.0,0.0,False,NONE
TRX-20260908-000812-012,TRX-20260908-000812,12,SKU-5001,Deterjen Rinso Anti Noda 770g,1,23000.0,23000.0,0.0,False,NONE
TRX-20260908-000812-013,TRX-20260908-000812,13,SKU-5006,Baterai ABC Alkaline AA 4s,1,21000.0,21000.0,0.0,False,NONE
TRX-20260908-000812-014,TRX-20260908-000812,14,SKU-1002,Minyak Goreng Bimoli 2L,2,37500.0,75000.0,0.0,False,NONE
TRX-20260908-000812-015,TRX-20260908-000812,15,SKU-4006,Paseo Facial Tissue 250 Sheets,2,16500.0,33000.0,0.0,False,NONE
TRX-20260908-000812-016,TRX-20260908-000812,16,SKU-1011,Sarden ABC Saus Tomat 155g,1,12000.0,12000.0,0.0,False,NONE
TRX-20260908-000812-017,TRX-20260908-000812,17,SKU-1005,Garam Dapur Cap Kapal 250g,5,5000.0,25000.0,0.0,False,NONE
TRX-20260908-000812-018,TRX-20260908-000812,18,SKU-1006,Kecap Manis Bango 520ml,3,25500.0,76500.0,0.0,False,NONE
TRX-20260908-000812-019,TRX-20260908-000812,19,SKU-1007,Saus Sambal ABC 335ml,5,17500.0,87500.0,0.0,False,NONE
TRX-20260908-000812-020,TRX-20260908-000812,20,SKU-4005,Rexona Deodorant Roll On 45ml,1,20500.0,20500.0,0.0,False,NONE
TRX-20260908-000813-001,TRX-20260908-000813,1,SKU-3005,Good Day Moccacino 250ml,1,8000.0,8000.0,0.0,False,NONE
TRX-20260908-000814-001,TRX-20260908-000814,1,SKU-3009,Oreo Original Roll 133g,2,11000.0,22000.0,0.0,False,NONE
TRX-20260908-000814-002,TRX-20260908-000814,2,SKU-3006,Coca Cola 390ml,2,7500.0,15000.0,0.0,False,NONE
TRX-20260908-000814-003,TRX-20260908-000814,3,SKU-3002,Air Mineral Le Minerale 600ml,1,3800.0,3800.0,0.0,False,NONE
TRX-20260908-000814-004,TRX-20260908-000814,4,SKU-1005,Garam Dapur Cap Kapal 250g,2,5000.0,10000.0,0.0,False,NONE
TRX-20260908-000814-005,TRX-20260908-000814,5,SKU-5003,Sabun Cuci Piring Sunlight 650ml,2,15500.0,31000.0,0.0,False,NONE
TRX-20260908-000814-006,TRX-20260908-000814,6,SKU-3005,Good Day Moccacino 250ml,2,8000.0,16000.0,0.0,False,NONE
TRX-20260908-000815-001,TRX-20260908-000815,1,SKU-3009,Oreo Original Roll 133g,2,11000.0,22000.0,0.0,False,NONE
TRX-20260908-000815-002,TRX-20260908-000815,2,SKU-5204,UNKNOWN PRODUCT,1,14500.0,14500.0,0.0,False,TYPO_SKU
TRX-20260908-000815-003,TRX-20260908-000815,3,SKU-1010,Sedaap Mie Goreng 90g,1,3400.0,3400.0,0.0,False,NONE
TRX-20260908-000815-004,TRX-20260908-000815,4,SKU-2004,Yakult Pack isi 5,1,11500.0,11500.0,0.0,False,NONE
TRX-20260908-000815-005,TRX-20260908-000815,5,SKU-5003,Sabun Cuci Piring Sunlight 650ml,1,15500.0,15500.0,0.0,False,NONE
TRX-20260908-000816-001,TRX-20260908-000816,1,SKU-3202,UNKNOWN PRODUCT,1,3800.0,3800.0,0.0,False,TYPO_SKU
TRX-20260908-000816-002,TRX-20260908-000816,2,SKU-2006,Mentega Blue Band 200g,1,12500.0,12500.0,0.0,False,NONE
TRX-20260908-000817-001,TRX-20260908-000817,1,SKU-4004,Sikat Gigi Formula Double Action 3s,1,15500.0,15500.0,0.0,False,NONE
TRX-20260908-000817-002,TRX-20260908-000817,2,SKU-3004,Kopi Kapal Api Spesial Mix 10s,2,15500.0,31000.0,0.0,False,NONE
TRX-20260908-000817-003,TRX-20260908-000817,3,SKU-1005,Garam Dapur Cap Kapal 250g,2,5000.0,10000.0,0.0,False,NONE
TRX-20260908-000817-004,TRX-20260908-000817,4,SKU-2006,Mentega Blue Band 200g,2,12500.0,25000.0,0.0,False,NONE
TRX-20260908-000817-005,TRX-20260908-000817,5,SKU-1011,Sarden ABC Saus Tomat 155g,1,12000.0,12000.0,0.0,False,NONE
TRX-20260908-000817-006,TRX-20260908-000817,6,SKU-3002,Air Mineral Le Minerale 600ml,1,3800.0,3800.0,0.0,False,NONE
TRX-20260908-000817-007,TRX-20260908-000817,7,SKU-3003,Teh Pucuk Harum 350ml,1,4500.0,4500.0,0.0,False,NONE
TRX-20260908-000817-008,TRX-20260908-000817,8,SKU-3006,Coca Cola 390ml,2,7500.0,15000.0,0.0,False,NONE
TRX-20260908-000818-001,TRX-20260908-000818,1,SKU-3003,Teh Pucuk Harum 350ml,1,4500.0,4500.0,0.0,False,NONE
TRX-20260908-000818-002,TRX-20260908-000818,2,SKU-2003,Susu Ultra Milk Cokelat 1L,1,21500.0,21500.0,0.0,False,NONE
TRX-20260908-000819-001,TRX-20260908-000819,1,SKU-3008,Taro Net Seaweed 65g,1,9800.0,9800.0,0.0,False,NONE
TRX-20260908-000819-002,TRX-20260908-000819,2,SKU-1004,Tepung Terigu Segitiga Biru 1kg,1,13500.0,13500.0,0.0,False,TYPO_SKU
TRX-20260908-000819-003,TRX-20260908-000819,3,SKU-5003,Sabun Cuci Piring Sunlight 650ml,2,15500.0,31000.0,0.0,False,NONE
TRX-20260908-000819-004,TRX-20260908-000819,4,SKU-2006,Mentega Blue Band 200g,1,12500.0,12500.0,0.0,False,NONE
TRX-20260908-000819-005,TRX-20260908-000819,5,SKU-5004,Pembersih Lantai Super Pell 770ml,2,14500.0,29000.0,0.0,True,VOID_ITEM
TRX-20260908-000819-006,TRX-20260908-000819,6,SKU-3005,Good Day Moccacino 250ml,2,8000.0,16000.0,0.0,False,NONE
TRX-20260908-000819-007,TRX-20260908-000819,7,SKU-1010,Sedaap Mie Goreng 90g,1,3400.0,3400.0,0.0,False,NONE
TRX-20260908-000819-008,TRX-20260908-000819,8,SKU-3004,Kopi Kapal Api Spesial Mix 10s,1,15500.0,15500.0,0.0,False,NONE
TRX-20260908-000819-009,TRX-20260908-000819,9,SKU-3006,Coca Cola 390ml,2,7500.0,15000.0,0.0,False,NONE
TRX-20260908-000820-001,TRX-20260908-000820,1,SKU-3006,Coca Cola 390ml,1,7500.0,7500.0,0.0,False,NONE
TRX-20260908-000820-002,TRX-20260908-000820,2,SKU-3003,Teh Pucuk Harum 350ml,1,4500.0,4500.0,0.0,False,NONE
TRX-20260908-000821-001,TRX-20260908-000821,1,SKU-1003,Gula Pasir Gulaku 1kg,1,17500.0,17500.0,0.0,False,NONE
TRX-20260908-000821-002,TRX-20260908-000821,2,SKU-2002,Susu Ultra Milk Full Cream 1L,1,21500.0,21500.0,0.0,False,NONE
TRX-20260908-000821-003,TRX-20260908-000821,3,SKU-3001,Air Mineral Aqua 600ml,2,4000.0,8000.0,0.0,False,NONE
TRX-20260908-000821-004,TRX-20260908-000821,4,SKU-3005,Good Day Moccacino 250ml,1,8000.0,8000.0,0.0,False,NONE
TRX-20260908-000821-005,TRX-20260908-000821,5,SKU-3009,Oreo Original Roll 133g,1,11000.0,11000.0,0.0,False,NONE
TRX-20260908-000822-001,TRX-20260908-000822,1,SKU-4003,Pasta Gigi Pepsodent 190g,1,17000.0,17000.0,0.0,False,NONE
TRX-20260908-000822-002,TRX-20260908-000822,2,SKU-1003,Gula Pasir Gulaku 1kg,1,17500.0,17500.0,0.0,False,NONE
TRX-20260908-000822-003,TRX-20260908-000822,3,SKU-4005,Rexona Deodorant Roll On 45ml,1,20500.0,20500.0,0.0,False,NONE
TRX-20260908-000822-004,TRX-20260908-000822,4,SKU-3005,Good Day Moccacino 250ml,1,8000.0,8000.0,0.0,False,NONE
TRX-20260908-000822-005,TRX-20260908-000822,5,SKU-3008,Taro Net Seaweed 65g,1,9800.0,9800.0,0.0,False,NONE
TRX-20260908-000822-006,TRX-20260908-000822,6,SKU-3003,Teh Pucuk Harum 350ml,2,4500.0,9000.0,0.0,False,NONE
TRX-20260908-000823-001,TRX-20260908-000823,1,SKU-2005,Keju Kraft Cheddar 165g,1,24000.0,24000.0,0.0,False,NONE
TRX-20260908-000823-002,TRX-20260908-000823,2,SKU-3005,Good Day Moccacino 250ml,1,8000.0,8000.0,0.0,False,NONE
TRX-20260908-000823-003,TRX-20260908-000823,3,SKU-2007,Sari Roti Tawar Spesial,1,16500.0,16500.0,0.0,False,NONE
TRX-20260908-000824-001,TRX-20260908-000824,1,SKU-1008,Indomie Goreng Spesial 85g,2,3500.0,7000.0,0.0,False,NONE
TRX-20260908-000824-002,TRX-20260908-000824,2,SKU-1007,Saus Sambal ABC 335ml,2,17500.0,35000.0,0.0,False,NONE
TRX-20260908-000824-003,TRX-20260908-000824,3,SKU-4003,Pasta Gigi Pepsodent 190g,3,17000.0,51000.0,0.0,False,NONE
TRX-20260908-000824-004,TRX-20260908-000824,4,SKU-1002,Minyak Goreng Bimoli 2L,1,37500.0,37500.0,0.0,False,NONE
TRX-20260908-000824-005,TRX-20260908-000824,5,SKU-1004,Tepung Terigu Segitiga Biru 1kg,1,13500.0,13500.0,0.0,False,NONE
TRX-20260908-000824-006,TRX-20260908-000824,6,SKU-5002,Pewangi Pakaian Molto All in 1 720ml,1,24000.0,24000.0,0.0,False,NONE
TRX-20260908-000824-007,TRX-20260908-000824,7,SKU-5006,Baterai ABC Alkaline AA 4s,3,21000.0,63000.0,0.0,False,NONE
TRX-20260908-000824-008,TRX-20260908-000824,8,SKU-1012,Kornet Sapi Pronas 198g,3,26000.0,78000.0,0.0,False,NONE
TRX-20260908-000824-009,TRX-20260908-000824,9,SKU-4005,Rexona Deodorant Roll On 45ml,2,20500.0,41000.0,0.0,False,NONE
TRX-20260908-000824-010,TRX-20260908-000824,10,SKU-1007,Saus Sambal ABC 335ml,1,17500.0,17500.0,0.0,False,NONE
TRX-20260908-000824-011,TRX-20260908-000824,11,SKU-1004,Tepung Terigu Segitiga Biru 1kg,2,13500.0,27000.0,0.0,False,NONE
TRX-20260908-000824-012,TRX-20260908-000824,12,SKU-1010,Sedaap Mie Goreng 90g,1,3400.0,3400.0,0.0,False,NONE
TRX-20260908-000824-013,TRX-20260908-000824,13,SKU-1009,Indomie Kuah Ayam Bawang 69g,5,3400.0,17000.0,0.0,False,NONE
TRX-20260908-000824-014,TRX-20260908-000824,14,SKU-1005,Garam Dapur Cap Kapal 250g,3,5000.0,15000.0,0.0,False,NONE
TRX-20260908-000824-015,TRX-20260908-000824,15,SKU-1011,Sarden ABC Saus Tomat 155g,2,12000.0,24000.0,0.0,False,NONE
TRX-20260908-000824-016,TRX-20260908-000824,16,SKU-1001,Beras Pandan Wangi 5kg,2,78500.0,157000.0,0.0,False,NONE
TRX-20260908-000824-017,TRX-20260908-000824,17,SKU-4004,Sikat Gigi Formula Double Action 3s,2,15500.0,31000.0,0.0,False,NONE
TRX-20260908-000825-001,TRX-20260908-000825,1,SKU-3006,Coca Cola 390ml,1,7500.0,7500.0,0.0,False,NONE
TRX-20260908-000825-002,TRX-20260908-000825,2,SKU-3009,Oreo Original Roll 133g,1,11000.0,11000.0,0.0,False,NONE
TRX-20260908-000826-001,TRX-20260908-000826,1,SKU-3009,Oreo Original Roll 133g,1,11000.0,11000.0,0.0,False,NONE
TRX-20260908-000826-002,TRX-20260908-000826,2,SKU-2005,Keju Kraft Cheddar 165g,1,24000.0,24000.0,0.0,False,NONE
TRX-20260908-000826-003,TRX-20260908-000826,3,SKU-2001,Telur Ayam Negeri 1kg,1,31000.0,31000.0,0.0,False,NONE
TRX-20260909-000827-001,TRX-20260909-000827,1,SKU-2004,Yakult Pack isi 5,1,11500.0,11500.0,0.0,False,NONE
TRX-20260909-000827-002,TRX-20260909-000827,2,SKU-3010,SilverQueen Cokelat Mede 58g,1,17000.0,17000.0,0.0,False,NONE
TRX-20260909-000827-003,TRX-20260909-000827,3,SKU-3001,Air Mineral Aqua 600ml,1,4000.0,4000.0,0.0,False,NONE
TRX-20260909-000828-001,TRX-20260909-000828,1,SKU-3009,Oreo Original Roll 133g,2,11000.0,22000.0,0.0,False,NONE
TRX-20260909-000828-002,TRX-20260909-000828,2,SKU-1004,Tepung Terigu Segitiga Biru 1kg,2,13500.0,27000.0,0.0,False,NONE
TRX-20260909-000828-003,TRX-20260909-000828,3,SKU-5003,Sabun Cuci Piring Sunlight 650ml,1,15500.0,15500.0,0.0,False,NONE
TRX-20260909-000828-004,TRX-20260909-000828,4,SKU-1010,Sedaap Mie Goreng 90g,1,3400.0,3400.0,0.0,False,NONE
TRX-20260909-000828-005,TRX-20260909-000828,5,SKU-3006,Coca Cola 390ml,1,7500.0,7500.0,0.0,False,NONE
TRX-20260909-000828-006,TRX-20260909-000828,6,SKU-4004,Sikat Gigi Formula Double Action 3s,2,15500.0,31000.0,0.0,False,NONE
TRX-20260909-000828-007,TRX-20260909-000828,7,SKU-3005,Good Day Moccacino 250ml,1,8000.0,8000.0,0.0,True,VOID_ITEM
TRX-20260909-000828-008,TRX-20260909-000828,8,SKU-3008,Taro Net Seaweed 65g,1,9800.0,9800.0,0.0,False,NONE
TRX-20260909-000828-009,TRX-20260909-000828,9,SKU-3003,Teh Pucuk Harum 350ml,2,4500.0,9000.0,0.0,True,VOID_ITEM
TRX-20260909-000829-001,TRX-20260909-000829,1,SKU-2005,Keju Kraft Cheddar 165g,1,24000.0,24000.0,0.0,False,NONE
TRX-20260909-000830-001,TRX-20260909-000830,1,SKU-3002,Air Mineral Le Minerale 600ml,1,3800.0,3800.0,0.0,False,NONE
TRX-20260909-000831-001,TRX-20260909-000831,1,SKU-1004,Tepung Terigu Segitiga Biru 1kg,2,13500.0,27000.0,0.0,False,NONE
TRX-20260909-000831-002,TRX-20260909-000831,2,SKU-1010,Sedaap Mie Goreng 90g,2,3400.0,6800.0,0.0,False,NONE
TRX-20260909-000831-003,TRX-20260909-000831,3,SKU-1003,Gula Pasir Gulaku 1kg,2,17500.0,35000.0,0.0,False,NONE
TRX-20260909-000831-004,TRX-20260909-000831,4,SKU-5001,Deterjen Rinso Anti Noda 770g,2,23000.0,46000.0,0.0,False,NONE
TRX-20260909-000831-005,TRX-20260909-000831,5,SKU-5003,Sabun Cuci Piring Sunlight 650ml,2,15500.0,31000.0,0.0,False,NONE
TRX-20260909-000831-006,TRX-20260909-000831,6,SKU-1002,Minyak Goreng Bimoli 2L,1,37500.0,37500.0,0.0,False,NONE
TRX-20260909-000831-007,TRX-20260909-000831,7,SKU-4007,Minyak Telon My Baby 90ml,2,28000.0,56000.0,0.0,False,NONE
TRX-20260909-000831-008,TRX-20260909-000831,8,SKU-1006,Kecap Manis Bango 520ml,1,25500.0,25500.0,0.0,False,NONE
TRX-20260909-000831-009,TRX-20260909-000831,9,SKU-4003,Pasta Gigi Pepsodent 190g,1,17000.0,17000.0,0.0,False,NONE
TRX-20260909-000831-010,TRX-20260909-000831,10,SKU-4004,Sikat Gigi Formula Double Action 3s,1,15500.0,15500.0,0.0,False,NONE
TRX-20260909-000832-001,TRX-20260909-000832,1,SKU-2003,Susu Ultra Milk Cokelat 1L,1,21500.0,21500.0,0.0,False,NONE
TRX-20260909-000832-002,TRX-20260909-000832,2,SKU-2002,Susu Ultra Milk Full Cream 1L,1,21500.0,21500.0,0.0,False,NONE
TRX-20260909-000832-003,TRX-20260909-000832,3,SKU-2006,Mentega Blue Band 200g,1,12500.0,12500.0,0.0,False,NONE
TRX-20260909-000833-001,TRX-20260909-000833,1,SKU-1005,Garam Dapur Cap Kapal 250g,1,5000.0,5000.0,0.0,False,NONE
TRX-20260909-000833-002,TRX-20260909-000833,2,SKU-1004,Tepung Terigu Segitiga Biru 1kg,1,13500.0,13500.0,0.0,False,NONE
TRX-20260909-000833-003,TRX-20260909-000833,3,SKU-3006,Coca Cola 390ml,2,7500.0,15000.0,0.0,False,NONE
TRX-20260909-000833-004,TRX-20260909-000833,4,SKU-3001,Air Mineral Aqua 600ml,1,4000.0,4000.0,0.0,False,NONE
TRX-20260909-000834-001,TRX-20260909-000834,1,SKU-3001,Air Mineral Aqua 600ml,1,4000.0,4000.0,0.0,False,NONE
TRX-20260909-000834-002,TRX-20260909-000834,2,SKU-3003,Teh Pucuk Harum 350ml,1,4500.0,4500.0,0.0,False,NONE
TRX-20260909-000834-003,TRX-20260909-000834,3,SKU-1012,Kornet Sapi Pronas 198g,1,26000.0,26000.0,0.0,False,NONE
TRX-20260909-000834-004,TRX-20260909-000834,4,SKU-3005,Good Day Moccacino 250ml,2,8000.0,16000.0,0.0,False,NONE
TRX-20260909-000834-005,TRX-20260909-000834,5,SKU-3003,Teh Pucuk Harum 350ml,1,4500.0,4500.0,0.0,False,NONE
TRX-20260909-000835-001,TRX-20260909-000835,1,SKU-3006,Coca Cola 390ml,1,7500.0,7500.0,0.0,False,NONE
TRX-20260909-000835-002,TRX-20260909-000835,2,SKU-3002,Air Mineral Le Minerale 600ml,1,3800.0,3800.0,0.0,False,NONE
TRX-20260909-000836-001,TRX-20260909-000836,1,SKU-3006,Coca Cola 390ml,1,7500.0,7500.0,0.0,False,NONE
TRX-20260909-000836-002,TRX-20260909-000836,2,SKU-2005,Keju Kraft Cheddar 165g,1,24000.0,24000.0,0.0,False,NONE
TRX-20260909-000836-003,TRX-20260909-000836,3,SKU-3004,Kopi Kapal Api Spesial Mix 10s,1,15500.0,15500.0,0.0,False,NONE
TRX-20260909-000837-001,TRX-20260909-000837,1,SKU-3005,Good Day Moccacino 250ml,2,8000.0,16000.0,0.0,False,NONE
TRX-20260909-000837-002,TRX-20260909-000837,2,SKU-3007,Chitato Sapi Panggang 68g,2,12500.0,25000.0,0.0,False,NONE
TRX-20260909-000837-003,TRX-20260909-000837,3,SKU-2004,Yakult Pack isi 5,1,11500.0,11500.0,0.0,False,NONE
TRX-20260909-000837-004,TRX-20260909-000837,4,SKU-3004,Kopi Kapal Api Spesial Mix 10s,2,15500.0,31000.0,0.0,False,NONE
TRX-20260909-000837-005,TRX-20260909-000837,5,SKU-3009,Oreo Original Roll 133g,1,11000.0,11000.0,0.0,False,NONE
TRX-20260909-000837-006,TRX-20260909-000837,6,SKU-1005,Garam Dapur Cap Kapal 250g,1,5000.0,5000.0,0.0,False,NONE
TRX-20260909-000838-001,TRX-20260909-000838,1,SKU-2003,Susu Ultra Milk Cokelat 1L,1,21500.0,21500.0,0.0,False,NONE
TRX-20260909-000838-002,TRX-20260909-000838,2,SKU-2004,Yakult Pack isi 5,1,11500.0,11500.0,0.0,False,NONE
TRX-20260909-000839-001,TRX-20260909-000839,1,SKU-2008,Sari Roti Sobek Cokelat,1,19500.0,19500.0,0.0,False,NONE
TRX-20260909-000840-001,TRX-20260909-000840,1,SKU-1011,Sarden ABC Saus Tomat 155g,2,12000.0,24000.0,0.0,False,NONE
TRX-20260909-000840-002,TRX-20260909-000840,2,SKU-1001,Beras Pandan Wangi 5kg,1,78500.0,78500.0,0.0,False,NONE
TRX-20260909-000840-003,TRX-20260909-000840,3,SKU-5005,Baygon Obat Nyamuk Semprot 600ml,1,42000.0,42000.0,0.0,False,NONE
TRX-20260909-000840-004,TRX-20260909-000840,4,SKU-1004,Tepung Terigu Segitiga Biru 1kg,3,13500.0,40500.0,0.0,False,NONE
TRX-20260909-000840-005,TRX-20260909-000840,5,SKU-1007,Saus Sambal ABC 335ml,2,17500.0,35000.0,0.0,False,NONE
TRX-20260909-000840-006,TRX-20260909-000840,6,SKU-1003,Gula Pasir Gulaku 1kg,1,17500.0,17500.0,0.0,False,NONE
TRX-20260909-000840-007,TRX-20260909-000840,7,SKU-5004,Pembersih Lantai Super Pell 770ml,2,14500.0,29000.0,0.0,False,NONE
TRX-20260909-000840-008,TRX-20260909-000840,8,SKU-4002,Shampoo Sunsilk Black Shine 160ml,3,26000.0,78000.0,0.0,False,NONE
TRX-20260909-000840-009,TRX-20260909-000840,9,SKU-5002,Pewangi Pakaian Molto All in 1 720ml,5,24000.0,120000.0,0.0,False,NONE
TRX-20260909-000840-010,TRX-20260909-000840,10,SKU-5006,Baterai ABC Alkaline AA 4s,5,21000.0,105000.0,0.0,False,NONE
TRX-20260909-000840-011,TRX-20260909-000840,11,SKU-5001,Deterjen Rinso Anti Noda 770g,3,23000.0,69000.0,0.0,False,NONE
TRX-20260909-000840-012,TRX-20260909-000840,12,SKU-4007,Minyak Telon My Baby 90ml,2,28000.0,56000.0,0.0,True,VOID_ITEM
TRX-20260909-000841-001,TRX-20260909-000841,1,SKU-3002,Air Mineral Le Minerale 600ml,1,3800.0,3800.0,0.0,False,NONE
TRX-20260909-000841-002,TRX-20260909-000841,2,SKU-3004,Kopi Kapal Api Spesial Mix 10s,1,15500.0,15500.0,0.0,False,NONE
TRX-20260909-000841-003,TRX-20260909-000841,3,SKU-2004,Yakult Pack isi 5,1,11500.0,11500.0,0.0,False,NONE
TRX-20260909-000842-001,TRX-20260909-000842,1,SKU-2005,Keju Kraft Cheddar 165g,1,24000.0,24000.0,0.0,False,NONE
TRX-20260909-000842-002,TRX-20260909-000842,2,SKU-2004,Yakult Pack isi 5,1,11500.0,11500.0,0.0,False,NONE
TRX-20260909-000843-001,TRX-20260909-000843,1,SKU-3009,Oreo Original Roll 133g,2,11000.0,22000.0,0.0,True,VOID_ITEM
TRX-20260909-000843-002,TRX-20260909-000843,2,SKU-2004,Yakult Pack isi 5,1,11500.0,11500.0,0.0,False,NONE
TRX-20260909-000843-003,TRX-20260909-000843,3,SKU-3005,Good Day Moccacino 250ml,1,8000.0,8000.0,0.0,False,NONE
TRX-20260909-000843-004,TRX-20260909-000843,4,SKU-1011,Sarden ABC Saus Tomat 155g,1,12000.0,12000.0,0.0,False,NONE
TRX-20260909-000843-005,TRX-20260909-000843,5,SKU-5003,Sabun Cuci Piring Sunlight 650ml,2,15500.0,31000.0,0.0,False,NONE
TRX-20260909-000843-006,TRX-20260909-000843,6,SKU-2906,UNKNOWN PRODUCT,1,12500.0,12500.0,0.0,False,TYPO_SKU
TRX-20260909-000843-007,TRX-20260909-000843,7,SKU-4004,Sikat Gigi Formula Double Action 3s,1,15500.0,15500.0,0.0,False,NONE
TRX-20260909-000843-008,TRX-20260909-000843,8,SKU-1005,Garam Dapur Cap Kapal 250g,1,5000.0,5000.0,0.0,False,NONE
TRX-20260909-000844-001,TRX-20260909-000844,1,SKU-4007,Minyak Telon My Baby 90ml,1,28000.0,28000.0,0.0,False,TYPO_SKU
TRX-20260909-000844-002,TRX-20260909-000844,2,SKU-1008,Indomie Goreng Spesial 85g,1,3500.0,3500.0,0.0,False,NONE
TRX-20260909-000844-003,TRX-20260909-000844,3,SKU-4004,Sikat Gigi Formula Double Action 3s,1,15500.0,15500.0,0.0,False,NONE
TRX-20260909-000844-004,TRX-20260909-000844,4,SKU-2008,Sari Roti Sobek Cokelat,1,19500.0,19500.0,0.0,False,NONE
TRX-20260909-000844-005,TRX-20260909-000844,5,SKU-3003,Teh Pucuk Harum 350ml,1,4500.0,4500.0,0.0,False,NONE
TRX-20260909-000844-006,TRX-20260909-000844,6,SKU-3008,Taro Net Seaweed 65g,1,9800.0,9800.0,0.0,False,NONE
TRX-20260909-000844-007,TRX-20260909-000844,7,SKU-3004,Kopi Kapal Api Spesial Mix 10s,2,15500.0,31000.0,0.0,False,NONE
TRX-20260909-000845-001,TRX-20260909-000845,1,SKU-2002,Susu Ultra Milk Full Cream 1L,1,21500.0,21500.0,0.0,False,NONE
TRX-20260909-000846-001,TRX-20260909-000846,1,SKU-3009,Oreo Original Roll 133g,1,11000.0,11000.0,0.0,False,NONE
TRX-20260909-000846-002,TRX-20260909-000846,2,SKU-1005,Garam Dapur Cap Kapal 250g,2,5000.0,10000.0,0.0,False,NONE
TRX-20260909-000846-003,TRX-20260909-000846,3,SKU-1004,Tepung Terigu Segitiga Biru 1kg,1,13500.0,13500.0,0.0,False,NONE
TRX-20260909-000846-004,TRX-20260909-000846,4,SKU-3005,Good Day Moccacino 250ml,1,8000.0,8000.0,0.0,False,NONE
TRX-20260909-000846-005,TRX-20260909-000846,5,SKU-1031,UNKNOWN PRODUCT,2,12000.0,24000.0,0.0,False,TYPO_SKU
TRX-20260909-000846-006,TRX-20260909-000846,6,SKU-5004,Pembersih Lantai Super Pell 770ml,1,14500.0,14500.0,0.0,False,NONE
TRX-20260909-000846-007,TRX-20260909-000846,7,SKU-3002,Air Mineral Le Minerale 600ml,2,3800.0,7600.0,0.0,False,NONE
TRX-20260909-000847-001,TRX-20260909-000847,1,SKU-2006,Mentega Blue Band 200g,1,12500.0,12500.0,0.0,False,NONE
TRX-20260909-000847-002,TRX-20260909-000847,2,SKU-2008,Sari Roti Sobek Cokelat,1,19500.0,19500.0,0.0,True,VOID_ITEM
TRX-20260909-000848-001,TRX-20260909-000848,1,SKU-4005,Rexona Deodorant Roll On 45ml,2,20500.0,41000.0,0.0,False,NONE
TRX-20260909-000848-002,TRX-20260909-000848,2,SKU-4002,Shampoo Sunsilk Black Shine 160ml,2,26000.0,52000.0,0.0,False,NONE
TRX-20260909-000848-003,TRX-20260909-000848,3,SKU-4001,Sabun Mandi Lifebuoy Total 10 450ml,1,27500.0,27500.0,0.0,False,NONE
TRX-20260909-000848-004,TRX-20260909-000848,4,SKU-1009,Indomie Kuah Ayam Bawang 69g,1,3400.0,3400.0,0.0,False,NONE
TRX-20260909-000848-005,TRX-20260909-000848,5,SKU-5004,Pembersih Lantai Super Pell 770ml,2,14500.0,29000.0,0.0,False,NONE
TRX-20260909-000848-006,TRX-20260909-000848,6,SKU-4006,Paseo Facial Tissue 250 Sheets,3,16500.0,49500.0,0.0,False,NONE
TRX-20260909-000848-007,TRX-20260909-000848,7,SKU-1012,Kornet Sapi Pronas 198g,2,26000.0,52000.0,0.0,False,NONE
TRX-20260909-000848-008,TRX-20260909-000848,8,SKU-1008,Indomie Goreng Spesial 85g,2,3500.0,7000.0,0.0,False,NONE
TRX-20260909-000848-009,TRX-20260909-000848,9,SKU-1027,UNKNOWN PRODUCT,2,17500.0,35000.0,0.0,False,TYPO_SKU
TRX-20260909-000848-010,TRX-20260909-000848,10,SKU-4007,Minyak Telon My Baby 90ml,1,28000.0,28000.0,0.0,False,NONE
TRX-20260909-000848-011,TRX-20260909-000848,11,SKU-5006,Baterai ABC Alkaline AA 4s,1,21000.0,21000.0,0.0,False,NONE
TRX-20260909-000848-012,TRX-20260909-000848,12,SKU-1006,Kecap Manis Bango 520ml,1,25500.0,25500.0,0.0,False,NONE
TRX-20260909-000849-001,TRX-20260909-000849,1,SKU-1004,Tepung Terigu Segitiga Biru 1kg,2,13500.0,27000.0,0.0,False,NONE
TRX-20260909-000849-002,TRX-20260909-000849,2,SKU-3001,Air Mineral Aqua 600ml,1,4000.0,4000.0,0.0,True,VOID_ITEM
TRX-20260909-000849-003,TRX-20260909-000849,3,SKU-3005,Good Day Moccacino 250ml,1,8000.0,8000.0,0.0,False,NONE
TRX-20260909-000849-004,TRX-20260909-000849,4,SKU-3003,Teh Pucuk Harum 350ml,1,4500.0,4500.0,0.0,False,NONE
TRX-20260909-000849-005,TRX-20260909-000849,5,SKU-1009,Indomie Kuah Ayam Bawang 69g,1,3400.0,3400.0,0.0,False,NONE
TRX-20260909-000849-006,TRX-20260909-000849,6,SKU-3008,Taro Net Seaweed 65g,2,9800.0,19600.0,0.0,True,VOID_ITEM
TRX-20260909-000849-007,TRX-20260909-000849,7,SKU-2006,Mentega Blue Band 200g,1,12500.0,12500.0,0.0,False,NONE
TRX-20260909-000849-008,TRX-20260909-000849,8,SKU-5004,Pembersih Lantai Super Pell 770ml,1,14500.0,14500.0,0.0,False,NONE
TRX-20260909-000850-001,TRX-20260909-000850,1,SKU-3001,Air Mineral Aqua 600ml,1,4000.0,4000.0,0.0,False,NONE
TRX-20260909-000851-001,TRX-20260909-000851,1,SKU-3005,Good Day Moccacino 250ml,1,8000.0,8000.0,0.0,False,NONE
TRX-20260909-000851-002,TRX-20260909-000851,2,SKU-2007,Sari Roti Tawar Spesial,1,16500.0,16500.0,0.0,False,NONE
TRX-20260909-000852-001,TRX-20260909-000852,1,SKU-3004,Kopi Kapal Api Spesial Mix 10s,1,15500.0,15500.0,0.0,False,NONE
TRX-20260909-000852-002,TRX-20260909-000852,2,SKU-1004,Tepung Terigu Segitiga Biru 1kg,1,13500.0,13500.0,0.0,False,NONE
TRX-20260909-000852-003,TRX-20260909-000852,3,SKU-1010,Sedaap Mie Goreng 90g,1,3400.0,3400.0,0.0,False,NONE
TRX-20260909-000852-004,TRX-20260909-000852,4,SKU-1008,Indomie Goreng Spesial 85g,2,3500.0,7000.0,0.0,False,NONE
TRX-20260909-000852-005,TRX-20260909-000852,5,SKU-5004,Pembersih Lantai Super Pell 770ml,1,14500.0,14500.0,0.0,False,NONE
TRX-20260909-000852-006,TRX-20260909-000852,6,SKU-3008,Taro Net Seaweed 65g,1,9800.0,9800.0,0.0,False,NONE
TRX-20260909-000852-007,TRX-20260909-000852,7,SKU-5003,Sabun Cuci Piring Sunlight 650ml,1,15500.0,15500.0,0.0,False,NONE
TRX-20260909-000852-008,TRX-20260909-000852,8,SKU-2004,Yakult Pack isi 5,2,11500.0,23000.0,0.0,False,NONE
TRX-20260909-000852-009,TRX-20260909-000852,9,SKU-3006,Coca Cola 390ml,1,7500.0,7500.0,0.0,False,NONE
TRX-20260909-000853-001,TRX-20260909-000853,1,SKU-4002,Shampoo Sunsilk Black Shine 160ml,2,26000.0,52000.0,0.0,False,NONE
TRX-20260909-000853-002,TRX-20260909-000853,2,SKU-4001,Sabun Mandi Lifebuoy Total 10 450ml,2,27500.0,55000.0,0.0,False,NONE
TRX-20260909-000853-003,TRX-20260909-000853,3,SKU-1012,Kornet Sapi Pronas 198g,2,26000.0,52000.0,0.0,False,NONE
TRX-20260909-000853-004,TRX-20260909-000853,4,SKU-4006,Paseo Facial Tissue 250 Sheets,1,16500.0,16500.0,0.0,False,NONE
TRX-20260909-000853-005,TRX-20260909-000853,5,SKU-1002,Minyak Goreng Bimoli 2L,5,37500.0,187500.0,0.0,False,NONE
TRX-20260909-000853-006,TRX-20260909-000853,6,SKU-1006,Kecap Manis Bango 520ml,1,25500.0,25500.0,0.0,False,NONE
TRX-20260909-000853-007,TRX-20260909-000853,7,SKU-1011,Sarden ABC Saus Tomat 155g,1,12000.0,12000.0,0.0,False,NONE
TRX-20260909-000853-008,TRX-20260909-000853,8,SKU-5004,Pembersih Lantai Super Pell 770ml,1,14500.0,14500.0,0.0,False,NONE
TRX-20260909-000853-009,TRX-20260909-000853,9,SKU-5006,Baterai ABC Alkaline AA 4s,1,21000.0,21000.0,0.0,False,NONE
TRX-20260909-000853-010,TRX-20260909-000853,10,SKU-5003,Sabun Cuci Piring Sunlight 650ml,1,15500.0,15500.0,0.0,False,NONE
TRX-20260909-000853-011,TRX-20260909-000853,11,SKU-1009,Indomie Kuah Ayam Bawang 69g,2,3400.0,6800.0,0.0,False,NONE
TRX-20260909-000853-012,TRX-20260909-000853,12,SKU-1007,Saus Sambal ABC 335ml,1,17500.0,17500.0,0.0,False,NONE
TRX-20260909-000854-001,TRX-20260909-000854,1,SKU-2004,Yakult Pack isi 5,1,11500.0,11500.0,0.0,False,NONE
TRX-20260909-000855-001,TRX-20260909-000855,1,SKU-5001,Deterjen Rinso Anti Noda 770g,1,23000.0,23000.0,0.0,False,NONE
TRX-20260909-000855-002,TRX-20260909-000855,2,SKU-1004,Tepung Terigu Segitiga Biru 1kg,1,13500.0,13500.0,0.0,False,NONE
TRX-20260909-000855-003,TRX-20260909-000855,3,SKU-3008,Taro Net Seaweed 65g,2,9800.0,19600.0,0.0,False,NONE
TRX-20260909-000856-001,TRX-20260909-000856,1,SKU-3002,Air Mineral Le Minerale 600ml,1,3800.0,3800.0,0.0,False,NONE
TRX-20260909-000856-002,TRX-20260909-000856,2,SKU-2021,UNKNOWN PRODUCT,1,31000.0,31000.0,0.0,False,TYPO_SKU
TRX-20260909-000857-001,TRX-20260909-000857,1,SKU-2001,Telur Ayam Negeri 1kg,1,31000.0,31000.0,0.0,False,NONE
TRX-20260909-000858-001,TRX-20260909-000858,1,SKU-3001,Air Mineral Aqua 600ml,1,4000.0,4000.0,0.0,False,NONE
TRX-20260909-000858-002,TRX-20260909-000858,2,SKU-3005,Good Day Moccacino 250ml,1,8000.0,8000.0,0.0,False,NONE
TRX-20260909-000858-003,TRX-20260909-000858,3,SKU-2004,Yakult Pack isi 5,1,11500.0,11500.0,0.0,False,NONE
TRX-20260909-000859-001,TRX-20260909-000859,1,SKU-1006,Kecap Manis Bango 520ml,1,25500.0,25500.0,0.0,False,NONE
TRX-20260909-000859-002,TRX-20260909-000859,2,SKU-4007,Minyak Telon My Baby 90ml,1,28000.0,28000.0,0.0,False,NONE
TRX-20260909-000859-003,TRX-20260909-000859,3,SKU-4006,Paseo Facial Tissue 250 Sheets,1,16500.0,16500.0,0.0,False,NONE
TRX-20260909-000859-004,TRX-20260909-000859,4,SKU-3005,Good Day Moccacino 250ml,2,8000.0,16000.0,0.0,False,NONE
TRX-20260909-000859-005,TRX-20260909-000859,5,SKU-3209,UNKNOWN PRODUCT,2,11000.0,22000.0,0.0,False,TYPO_SKU
TRX-20260909-000859-006,TRX-20260909-000859,6,SKU-3006,Coca Cola 390ml,2,7500.0,15000.0,0.0,False,NONE
TRX-20260909-000860-001,TRX-20260909-000860,1,SKU-2006,Mentega Blue Band 200g,1,12500.0,12500.0,0.0,False,NONE
TRX-20260909-000860-002,TRX-20260909-000860,2,SKU-3002,Air Mineral Le Minerale 600ml,1,3800.0,3800.0,0.0,False,NONE
TRX-20260909-000860-003,TRX-20260909-000860,3,SKU-2002,Susu Ultra Milk Full Cream 1L,1,21500.0,21500.0,0.0,False,NONE
TRX-20260909-000861-001,TRX-20260909-000861,1,SKU-1004,Tepung Terigu Segitiga Biru 1kg,2,13500.0,27000.0,0.0,False,NONE
TRX-20260909-000861-002,TRX-20260909-000861,2,SKU-1096,UNKNOWN PRODUCT,1,25500.0,25500.0,0.0,False,TYPO_SKU
TRX-20260909-000861-003,TRX-20260909-000861,3,SKU-1002,Minyak Goreng Bimoli 2L,2,37500.0,75000.0,0.0,False,NONE
TRX-20260909-000861-004,TRX-20260909-000861,4,SKU-4007,Minyak Telon My Baby 90ml,1,28000.0,28000.0,0.0,False,NONE
TRX-20260909-000861-005,TRX-20260909-000861,5,SKU-4001,Sabun Mandi Lifebuoy Total 10 450ml,1,27500.0,27500.0,0.0,False,NONE
TRX-20260909-000861-006,TRX-20260909-000861,6,SKU-1005,Garam Dapur Cap Kapal 250g,1,5000.0,5000.0,0.0,False,NONE
TRX-20260909-000861-007,TRX-20260909-000861,7,SKU-4003,Pasta Gigi Pepsodent 190g,2,17000.0,34000.0,0.0,False,NONE
TRX-20260909-000861-008,TRX-20260909-000861,8,SKU-1010,Sedaap Mie Goreng 90g,5,3400.0,17000.0,0.0,False,NONE
TRX-20260909-000861-009,TRX-20260909-000861,9,SKU-2001,Telur Ayam Negeri 1kg,2,31000.0,62000.0,0.0,False,NONE
TRX-20260909-000862-001,TRX-20260909-000862,1,SKU-3008,Taro Net Seaweed 65g,1,9800.0,9800.0,0.0,False,NONE
TRX-20260909-000862-002,TRX-20260909-000862,2,SKU-2006,Mentega Blue Band 200g,1,12500.0,12500.0,0.0,False,NONE
TRX-20260909-000862-003,TRX-20260909-000862,3,SKU-3001,Air Mineral Aqua 600ml,2,4000.0,8000.0,0.0,False,NONE
TRX-20260909-000862-004,TRX-20260909-000862,4,SKU-3009,Oreo Original Roll 133g,1,11000.0,11000.0,0.0,False,NONE
TRX-20260909-000863-001,TRX-20260909-000863,1,SKU-3003,Teh Pucuk Harum 350ml,1,4500.0,4500.0,0.0,False,NONE
TRX-20260909-000863-002,TRX-20260909-000863,2,SKU-3007,Chitato Sapi Panggang 68g,2,12500.0,25000.0,0.0,False,NONE
TRX-20260909-000863-003,TRX-20260909-000863,3,SKU-3002,Air Mineral Le Minerale 600ml,1,3800.0,3800.0,0.0,False,NONE
TRX-20260909-000863-004,TRX-20260909-000863,4,SKU-3005,Good Day Moccacino 250ml,1,8000.0,8000.0,0.0,False,NONE
TRX-20260909-000864-001,TRX-20260909-000864,1,SKU-1005,Garam Dapur Cap Kapal 250g,1,5000.0,5000.0,0.0,False,NONE
TRX-20260909-000864-002,TRX-20260909-000864,2,SKU-2007,Sari Roti Tawar Spesial,1,16500.0,16500.0,0.0,True,VOID_ITEM
TRX-20260909-000864-003,TRX-20260909-000864,3,SKU-3002,Air Mineral Le Minerale 600ml,1,3800.0,3800.0,0.0,False,NONE
TRX-20260909-000864-004,TRX-20260909-000864,4,SKU-5005,Baygon Obat Nyamuk Semprot 600ml,1,42000.0,42000.0,0.0,False,NONE
TRX-20260909-000864-005,TRX-20260909-000864,5,SKU-1010,Sedaap Mie Goreng 90g,1,3400.0,3400.0,0.0,False,NONE
TRX-20260909-000864-006,TRX-20260909-000864,6,SKU-3003,Teh Pucuk Harum 350ml,1,4500.0,4500.0,0.0,False,NONE
TRX-20260909-000864-007,TRX-20260909-000864,7,SKU-3008,Taro Net Seaweed 65g,2,9800.0,19600.0,0.0,False,NONE
TRX-20260909-000865-001,TRX-20260909-000865,1,SKU-5003,Sabun Cuci Piring Sunlight 650ml,2,15500.0,31000.0,0.0,False,NONE
TRX-20260909-000865-002,TRX-20260909-000865,2,SKU-3005,Good Day Moccacino 250ml,1,8000.0,8000.0,0.0,False,NONE
TRX-20260909-000865-003,TRX-20260909-000865,3,SKU-3003,Teh Pucuk Harum 350ml,2,4500.0,9000.0,0.0,False,NONE
TRX-20260909-000865-004,TRX-20260909-000865,4,SKU-5004,Pembersih Lantai Super Pell 770ml,2,14500.0,29000.0,0.0,False,NONE
TRX-20260909-000865-005,TRX-20260909-000865,5,SKU-1011,Sarden ABC Saus Tomat 155g,1,12000.0,12000.0,0.0,False,NONE
TRX-20260909-000865-006,TRX-20260909-000865,6,SKU-3008,Taro Net Seaweed 65g,2,9800.0,19600.0,0.0,False,NONE
TRX-20260909-000865-007,TRX-20260909-000865,7,SKU-1009,Indomie Kuah Ayam Bawang 69g,1,3400.0,3400.0,0.0,False,NONE
TRX-20260909-000865-008,TRX-20260909-000865,8,SKU-2004,Yakult Pack isi 5,1,11500.0,11500.0,0.0,False,NONE
TRX-20260909-000865-009,TRX-20260909-000865,9,SKU-1104,UNKNOWN PRODUCT,1,13500.0,13500.0,0.0,False,TYPO_SKU
TRX-20260909-000866-001,TRX-20260909-000866,1,SKU-3023,UNKNOWN PRODUCT,1,4500.0,4500.0,0.0,False,TYPO_SKU
TRX-20260909-000866-002,TRX-20260909-000866,2,SKU-3002,Air Mineral Le Minerale 600ml,2,3800.0,7600.0,0.0,False,NONE
TRX-20260909-000866-003,TRX-20260909-000866,3,SKU-1005,Garam Dapur Cap Kapal 250g,2,5000.0,10000.0,0.0,False,NONE
TRX-20260909-000866-004,TRX-20260909-000866,4,SKU-5003,Sabun Cuci Piring Sunlight 650ml,2,15500.0,31000.0,0.0,False,NONE
TRX-20260909-000866-005,TRX-20260909-000866,5,SKU-1004,Tepung Terigu Segitiga Biru 1kg,2,13500.0,27000.0,0.0,True,VOID_ITEM
TRX-20260909-000866-006,TRX-20260909-000866,6,SKU-1009,Indomie Kuah Ayam Bawang 69g,1,3400.0,3400.0,0.0,False,NONE
TRX-20260909-000867-001,TRX-20260909-000867,1,SKU-5001,Deterjen Rinso Anti Noda 770g,1,23000.0,23000.0,0.0,False,NONE
TRX-20260909-000867-002,TRX-20260909-000867,2,SKU-3009,Oreo Original Roll 133g,1,11000.0,11000.0,0.0,False,NONE
TRX-20260909-000867-003,TRX-20260909-000867,3,SKU-3004,Kopi Kapal Api Spesial Mix 10s,1,15500.0,15500.0,0.0,False,NONE
TRX-20260909-000867-004,TRX-20260909-000867,4,SKU-3002,Air Mineral Le Minerale 600ml,2,3800.0,7600.0,0.0,False,NONE
TRX-20260909-000868-001,TRX-20260909-000868,1,SKU-1001,Beras Pandan Wangi 5kg,3,78500.0,235500.0,0.0,False,NONE
TRX-20260909-000868-002,TRX-20260909-000868,2,SKU-1005,Garam Dapur Cap Kapal 250g,1,5000.0,5000.0,0.0,True,VOID_ITEM
TRX-20260909-000868-003,TRX-20260909-000868,3,SKU-4005,Rexona Deodorant Roll On 45ml,1,20500.0,20500.0,0.0,False,NONE
TRX-20260909-000868-004,TRX-20260909-000868,4,SKU-4001,Sabun Mandi Lifebuoy Total 10 450ml,3,27500.0,82500.0,0.0,False,NONE
TRX-20260909-000868-005,TRX-20260909-000868,5,SKU-4003,Pasta Gigi Pepsodent 190g,1,17000.0,17000.0,0.0,False,NONE
TRX-20260909-000868-006,TRX-20260909-000868,6,SKU-1004,Tepung Terigu Segitiga Biru 1kg,1,13500.0,13500.0,0.0,True,VOID_ITEM
TRX-20260909-000868-007,TRX-20260909-000868,7,SKU-5002,Pewangi Pakaian Molto All in 1 720ml,2,24000.0,48000.0,0.0,False,NONE
TRX-20260909-000868-008,TRX-20260909-000868,8,SKU-1010,Sedaap Mie Goreng 90g,5,3400.0,17000.0,0.0,False,NONE
TRX-20260909-000868-009,TRX-20260909-000868,9,SKU-1007,Saus Sambal ABC 335ml,1,17500.0,17500.0,0.0,False,NONE
TRX-20260909-000868-010,TRX-20260909-000868,10,SKU-1007,Saus Sambal ABC 335ml,3,17500.0,52500.0,0.0,False,NONE
TRX-20260909-000868-011,TRX-20260909-000868,11,SKU-4003,Pasta Gigi Pepsodent 190g,2,17000.0,34000.0,0.0,False,NONE
TRX-20260909-000868-012,TRX-20260909-000868,12,SKU-5004,Pembersih Lantai Super Pell 770ml,2,14500.0,29000.0,0.0,False,NONE
TRX-20260909-000868-013,TRX-20260909-000868,13,SKU-1909,UNKNOWN PRODUCT,1,3400.0,3400.0,0.0,False,TYPO_SKU
TRX-20260909-000868-014,TRX-20260909-000868,14,SKU-2001,Telur Ayam Negeri 1kg,2,31000.0,62000.0,0.0,False,NONE
TRX-20260909-000868-015,TRX-20260909-000868,15,SKU-1006,Kecap Manis Bango 520ml,1,25500.0,25500.0,0.0,False,NONE
TRX-20260909-000869-001,TRX-20260909-000869,1,SKU-2007,Sari Roti Tawar Spesial,1,16500.0,16500.0,0.0,False,NONE
TRX-20260909-000870-001,TRX-20260909-000870,1,SKU-2005,Keju Kraft Cheddar 165g,1,24000.0,24000.0,0.0,False,NONE
TRX-20260909-000870-002,TRX-20260909-000870,2,SKU-2094,UNKNOWN PRODUCT,1,11500.0,11500.0,0.0,False,TYPO_SKU
TRX-20260909-000870-003,TRX-20260909-000870,3,SKU-2001,Telur Ayam Negeri 1kg,1,31000.0,31000.0,0.0,False,NONE
TRX-20260909-000871-001,TRX-20260909-000871,1,SKU-1011,Sarden ABC Saus Tomat 155g,1,12000.0,12000.0,0.0,False,NONE
TRX-20260909-000871-002,TRX-20260909-000871,2,SKU-4001,Sabun Mandi Lifebuoy Total 10 450ml,3,27500.0,82500.0,0.0,False,NONE
TRX-20260909-000871-003,TRX-20260909-000871,3,SKU-4002,Shampoo Sunsilk Black Shine 160ml,2,26000.0,52000.0,0.0,False,NONE
TRX-20260909-000871-004,TRX-20260909-000871,4,SKU-1010,Sedaap Mie Goreng 90g,5,3400.0,17000.0,0.0,False,NONE
TRX-20260909-000871-005,TRX-20260909-000871,5,SKU-1007,Saus Sambal ABC 335ml,2,17500.0,35000.0,0.0,False,NONE
TRX-20260909-000871-006,TRX-20260909-000871,6,SKU-1005,Garam Dapur Cap Kapal 250g,1,5000.0,5000.0,0.0,False,NONE
TRX-20260909-000871-007,TRX-20260909-000871,7,SKU-1002,Minyak Goreng Bimoli 2L,2,37500.0,75000.0,0.0,False,NONE
TRX-20260909-000871-008,TRX-20260909-000871,8,SKU-4003,Pasta Gigi Pepsodent 190g,2,17000.0,34000.0,0.0,False,NONE
TRX-20260909-000871-009,TRX-20260909-000871,9,SKU-1001,Beras Pandan Wangi 5kg,2,78500.0,157000.0,0.0,False,NONE
TRX-20260909-000871-010,TRX-20260909-000871,10,SKU-1003,Gula Pasir Gulaku 1kg,2,17500.0,35000.0,0.0,False,NONE
TRX-20260909-000871-011,TRX-20260909-000871,11,SKU-5001,Deterjen Rinso Anti Noda 770g,3,23000.0,69000.0,0.0,False,NONE
TRX-20260909-000871-012,TRX-20260909-000871,12,SKU-5003,Sabun Cuci Piring Sunlight 650ml,2,15500.0,31000.0,0.0,False,NONE
TRX-20260909-000871-013,TRX-20260909-000871,13,SKU-1008,Indomie Goreng Spesial 85g,5,3500.0,17500.0,0.0,False,NONE
TRX-20260909-000871-014,TRX-20260909-000871,14,SKU-3001,Air Mineral Aqua 600ml,2,4000.0,8000.0,0.0,False,NONE
TRX-20260909-000871-015,TRX-20260909-000871,15,SKU-1009,Indomie Kuah Ayam Bawang 69g,2,3400.0,6800.0,0.0,False,NONE
TRX-20260909-000872-001,TRX-20260909-000872,1,SKU-2003,Susu Ultra Milk Cokelat 1L,1,21500.0,21500.0,0.0,False,NONE
TRX-20260909-000873-001,TRX-20260909-000873,1,SKU-1003,Gula Pasir Gulaku 1kg,1,17500.0,17500.0,0.0,False,NONE
TRX-20260909-000873-002,TRX-20260909-000873,2,SKU-1007,Saus Sambal ABC 335ml,3,17500.0,52500.0,0.0,False,NONE
TRX-20260909-000873-003,TRX-20260909-000873,3,SKU-5003,Sabun Cuci Piring Sunlight 650ml,2,15500.0,31000.0,0.0,False,NONE
TRX-20260909-000873-004,TRX-20260909-000873,4,SKU-1005,Garam Dapur Cap Kapal 250g,1,5000.0,5000.0,0.0,False,NONE
TRX-20260909-000873-005,TRX-20260909-000873,5,SKU-1008,Indomie Goreng Spesial 85g,2,3500.0,7000.0,0.0,False,NONE
TRX-20260909-000873-006,TRX-20260909-000873,6,SKU-2001,Telur Ayam Negeri 1kg,1,31000.0,31000.0,0.0,False,NONE
TRX-20260909-000873-007,TRX-20260909-000873,7,SKU-1002,Minyak Goreng Bimoli 2L,2,37500.0,75000.0,0.0,False,NONE
TRX-20260909-000873-008,TRX-20260909-000873,8,SKU-1004,Tepung Terigu Segitiga Biru 1kg,2,13500.0,27000.0,0.0,False,NONE
TRX-20260909-000873-009,TRX-20260909-000873,9,SKU-4003,Pasta Gigi Pepsodent 190g,3,17000.0,51000.0,0.0,False,NONE
TRX-20260909-000873-010,TRX-20260909-000873,10,SKU-1006,Kecap Manis Bango 520ml,2,25500.0,51000.0,0.0,False,NONE
TRX-20260909-000873-011,TRX-20260909-000873,11,SKU-1009,Indomie Kuah Ayam Bawang 69g,3,3400.0,10200.0,0.0,False,NONE
TRX-20260909-000873-012,TRX-20260909-000873,12,SKU-3001,Air Mineral Aqua 600ml,1,4000.0,4000.0,0.0,False,NONE
TRX-20260909-000873-013,TRX-20260909-000873,13,SKU-4006,Paseo Facial Tissue 250 Sheets,1,16500.0,16500.0,0.0,False,NONE
TRX-20260909-000873-014,TRX-20260909-000873,14,SKU-5005,Baygon Obat Nyamuk Semprot 600ml,2,42000.0,84000.0,0.0,False,NONE
TRX-20260909-000873-015,TRX-20260909-000873,15,SKU-4001,Sabun Mandi Lifebuoy Total 10 450ml,2,27500.0,55000.0,0.0,False,NONE
TRX-20260909-000874-001,TRX-20260909-000874,1,SKU-5003,Sabun Cuci Piring Sunlight 650ml,2,15500.0,31000.0,0.0,False,NONE
TRX-20260909-000874-002,TRX-20260909-000874,2,SKU-5004,Pembersih Lantai Super Pell 770ml,1,14500.0,14500.0,0.0,False,NONE
TRX-20260909-000874-003,TRX-20260909-000874,3,SKU-2004,Yakult Pack isi 5,1,11500.0,11500.0,0.0,False,NONE
TRX-20260909-000874-004,TRX-20260909-000874,4,SKU-3001,Air Mineral Aqua 600ml,2,4000.0,8000.0,0.0,False,NONE
TRX-20260909-000874-005,TRX-20260909-000874,5,SKU-3004,Kopi Kapal Api Spesial Mix 10s,1,15500.0,15500.0,0.0,False,NONE
TRX-20260909-000874-006,TRX-20260909-000874,6,SKU-1005,Garam Dapur Cap Kapal 250g,1,5000.0,5000.0,0.0,False,NONE
TRX-20260909-000874-007,TRX-20260909-000874,7,SKU-3006,Coca Cola 390ml,2,7500.0,15000.0,0.0,False,NONE
TRX-20260909-000874-008,TRX-20260909-000874,8,SKU-1010,Sedaap Mie Goreng 90g,1,3400.0,3400.0,0.0,True,VOID_ITEM
TRX-20260909-000874-009,TRX-20260909-000874,9,SKU-1008,Indomie Goreng Spesial 85g,1,3500.0,3500.0,0.0,False,NONE
TRX-20260909-000875-001,TRX-20260909-000875,1,SKU-3005,Good Day Moccacino 250ml,1,8000.0,8000.0,0.0,False,NONE
TRX-20260909-000875-002,TRX-20260909-000875,2,SKU-2006,Mentega Blue Band 200g,1,12500.0,12500.0,0.0,False,NONE
TRX-20260909-000876-001,TRX-20260909-000876,1,SKU-1001,Beras Pandan Wangi 5kg,1,78500.0,78500.0,0.0,False,NONE
TRX-20260909-000876-002,TRX-20260909-000876,2,SKU-2007,Sari Roti Tawar Spesial,1,16500.0,16500.0,0.0,False,NONE
TRX-20260909-000876-003,TRX-20260909-000876,3,SKU-3005,Good Day Moccacino 250ml,2,8000.0,16000.0,0.0,False,NONE
TRX-20260909-000876-004,TRX-20260909-000876,4,SKU-3001,Air Mineral Aqua 600ml,2,4000.0,8000.0,0.0,False,NONE
TRX-20260909-000877-001,TRX-20260909-000877,1,SKU-3005,Good Day Moccacino 250ml,1,8000.0,8000.0,0.0,False,NONE
TRX-20260909-000877-002,TRX-20260909-000877,2,SKU-2005,Keju Kraft Cheddar 165g,1,24000.0,24000.0,0.0,False,NONE
TRX-20260909-000877-003,TRX-20260909-000877,3,SKU-3008,Taro Net Seaweed 65g,1,9800.0,9800.0,0.0,False,NONE
TRX-20260909-000878-001,TRX-20260909-000878,1,SKU-5002,Pewangi Pakaian Molto All in 1 720ml,1,24000.0,24000.0,0.0,False,NONE
TRX-20260909-000878-002,TRX-20260909-000878,2,SKU-4004,Sikat Gigi Formula Double Action 3s,5,15500.0,77500.0,0.0,False,NONE
TRX-20260909-000878-003,TRX-20260909-000878,3,SKU-1003,Gula Pasir Gulaku 1kg,2,17500.0,35000.0,0.0,False,NONE
TRX-20260909-000878-004,TRX-20260909-000878,4,SKU-5001,Deterjen Rinso Anti Noda 770g,3,23000.0,69000.0,0.0,False,NONE
TRX-20260909-000878-005,TRX-20260909-000878,5,SKU-4005,Rexona Deodorant Roll On 45ml,1,20500.0,20500.0,0.0,False,NONE
TRX-20260909-000878-006,TRX-20260909-000878,6,SKU-1005,Garam Dapur Cap Kapal 250g,2,5000.0,10000.0,0.0,True,VOID_ITEM
TRX-20260909-000878-007,TRX-20260909-000878,7,SKU-1002,Minyak Goreng Bimoli 2L,1,37500.0,37500.0,0.0,False,NONE
TRX-20260909-000878-008,TRX-20260909-000878,8,SKU-1007,Saus Sambal ABC 335ml,3,17500.0,52500.0,0.0,False,NONE
TRX-20260909-000878-009,TRX-20260909-000878,9,SKU-5005,Baygon Obat Nyamuk Semprot 600ml,1,42000.0,42000.0,0.0,False,NONE
TRX-20260909-000878-010,TRX-20260909-000878,10,SKU-1012,Kornet Sapi Pronas 198g,1,26000.0,26000.0,0.0,False,NONE
TRX-20260909-000878-011,TRX-20260909-000878,11,SKU-5006,Baterai ABC Alkaline AA 4s,5,21000.0,105000.0,0.0,False,NONE
TRX-20260909-000879-001,TRX-20260909-000879,1,SKU-2001,Telur Ayam Negeri 1kg,1,31000.0,31000.0,0.0,False,NONE
TRX-20260909-000879-002,TRX-20260909-000879,2,SKU-4002,Shampoo Sunsilk Black Shine 160ml,1,26000.0,26000.0,0.0,False,NONE
TRX-20260909-000879-003,TRX-20260909-000879,3,SKU-3009,Oreo Original Roll 133g,1,11000.0,11000.0,0.0,False,NONE
TRX-20260909-000879-004,TRX-20260909-000879,4,SKU-3006,Coca Cola 390ml,1,7500.0,7500.0,0.0,False,NONE
TRX-20260909-000879-005,TRX-20260909-000879,5,SKU-3001,Air Mineral Aqua 600ml,1,4000.0,4000.0,0.0,False,NONE
TRX-20260909-000880-001,TRX-20260909-000880,1,SKU-1011,Sarden ABC Saus Tomat 155g,1,12000.0,12000.0,0.0,False,NONE
TRX-20260909-000880-002,TRX-20260909-000880,2,SKU-4005,Rexona Deodorant Roll On 45ml,2,20500.0,41000.0,0.0,False,NONE
TRX-20260909-000880-003,TRX-20260909-000880,3,SKU-5005,Baygon Obat Nyamuk Semprot 600ml,3,42000.0,126000.0,0.0,False,NONE
TRX-20260909-000880-004,TRX-20260909-000880,4,SKU-1001,Beras Pandan Wangi 5kg,3,78500.0,235500.0,0.0,False,NONE
TRX-20260909-000880-005,TRX-20260909-000880,5,SKU-1004,Tepung Terigu Segitiga Biru 1kg,3,13500.0,40500.0,0.0,False,NONE
TRX-20260909-000880-006,TRX-20260909-000880,6,SKU-1002,Minyak Goreng Bimoli 2L,5,37500.0,187500.0,0.0,False,NONE
TRX-20260909-000880-007,TRX-20260909-000880,7,SKU-1007,Saus Sambal ABC 335ml,3,17500.0,52500.0,0.0,False,NONE
TRX-20260909-000880-008,TRX-20260909-000880,8,SKU-1008,Indomie Goreng Spesial 85g,2,3500.0,7000.0,0.0,False,NONE
TRX-20260909-000880-009,TRX-20260909-000880,9,SKU-3001,Air Mineral Aqua 600ml,1,4000.0,4000.0,0.0,False,NONE
TRX-20260909-000880-010,TRX-20260909-000880,10,SKU-5003,Sabun Cuci Piring Sunlight 650ml,1,15500.0,15500.0,0.0,False,NONE
TRX-20260909-000880-011,TRX-20260909-000880,11,SKU-5004,Pembersih Lantai Super Pell 770ml,1,14500.0,14500.0,0.0,False,NONE
TRX-20260909-000880-012,TRX-20260909-000880,12,SKU-5006,Baterai ABC Alkaline AA 4s,1,21000.0,21000.0,0.0,False,NONE
TRX-20260909-000880-013,TRX-20260909-000880,13,SKU-4002,Shampoo Sunsilk Black Shine 160ml,5,26000.0,130000.0,0.0,False,NONE
TRX-20260909-000880-014,TRX-20260909-000880,14,SKU-4001,Sabun Mandi Lifebuoy Total 10 450ml,2,27500.0,55000.0,0.0,False,NONE
TRX-20260909-000880-015,TRX-20260909-000880,15,SKU-1006,Kecap Manis Bango 520ml,1,25500.0,25500.0,0.0,False,NONE
TRX-20260909-000880-016,TRX-20260909-000880,16,SKU-4006,Paseo Facial Tissue 250 Sheets,1,16500.0,16500.0,0.0,False,NONE
TRX-20260909-000880-017,TRX-20260909-000880,17,SKU-4001,Sabun Mandi Lifebuoy Total 10 450ml,1,27500.0,27500.0,0.0,False,NONE
TRX-20260909-000880-018,TRX-20260909-000880,18,SKU-4004,Sikat Gigi Formula Double Action 3s,2,15500.0,31000.0,0.0,False,NONE
TRX-20260909-000880-019,TRX-20260909-000880,19,SKU-1005,Garam Dapur Cap Kapal 250g,2,5000.0,10000.0,0.0,False,NONE
TRX-20260909-000880-020,TRX-20260909-000880,20,SKU-4003,Pasta Gigi Pepsodent 190g,1,17000.0,17000.0,0.0,False,NONE
TRX-20260909-000880-021,TRX-20260909-000880,21,SKU-5001,Deterjen Rinso Anti Noda 770g,2,23000.0,46000.0,0.0,False,NONE
TRX-20260909-000880-022,TRX-20260909-000880,22,SKU-5002,Pewangi Pakaian Molto All in 1 720ml,1,24000.0,24000.0,0.0,False,NONE
TRX-20260909-000881-001,TRX-20260909-000881,1,SKU-5004,Pembersih Lantai Super Pell 770ml,2,14500.0,29000.0,0.0,False,NONE
TRX-20260909-000881-002,TRX-20260909-000881,2,SKU-4006,Paseo Facial Tissue 250 Sheets,3,16500.0,49500.0,0.0,False,NONE
TRX-20260909-000881-003,TRX-20260909-000881,3,SKU-5005,Baygon Obat Nyamuk Semprot 600ml,1,42000.0,42000.0,0.0,False,NONE
TRX-20260909-000881-004,TRX-20260909-000881,4,SKU-5003,Sabun Cuci Piring Sunlight 650ml,1,15500.0,15500.0,0.0,False,NONE
TRX-20260909-000881-005,TRX-20260909-000881,5,SKU-1004,Tepung Terigu Segitiga Biru 1kg,3,13500.0,40500.0,0.0,False,NONE
TRX-20260909-000881-006,TRX-20260909-000881,6,SKU-4004,Sikat Gigi Formula Double Action 3s,2,15500.0,31000.0,0.0,False,NONE
TRX-20260909-000881-007,TRX-20260909-000881,7,SKU-5006,Baterai ABC Alkaline AA 4s,2,21000.0,42000.0,0.0,False,NONE
TRX-20260909-000881-008,TRX-20260909-000881,8,SKU-1010,Sedaap Mie Goreng 90g,3,3400.0,10200.0,0.0,False,NONE
TRX-20260909-000881-009,TRX-20260909-000881,9,SKU-1007,Saus Sambal ABC 335ml,1,17500.0,17500.0,0.0,False,NONE
TRX-20260909-000881-010,TRX-20260909-000881,10,SKU-1003,Gula Pasir Gulaku 1kg,3,17500.0,52500.0,0.0,False,NONE
TRX-20260909-000882-001,TRX-20260909-000882,1,SKU-5003,Sabun Cuci Piring Sunlight 650ml,2,15500.0,31000.0,0.0,False,NONE
TRX-20260909-000882-002,TRX-20260909-000882,2,SKU-5001,Deterjen Rinso Anti Noda 770g,2,23000.0,46000.0,0.0,False,NONE
TRX-20260909-000882-003,TRX-20260909-000882,3,SKU-4007,Minyak Telon My Baby 90ml,5,28000.0,140000.0,0.0,False,NONE
TRX-20260909-000882-004,TRX-20260909-000882,4,SKU-4003,Pasta Gigi Pepsodent 190g,3,17000.0,51000.0,0.0,False,NONE
TRX-20260909-000882-005,TRX-20260909-000882,5,SKU-4004,Sikat Gigi Formula Double Action 3s,2,15500.0,31000.0,0.0,False,NONE
TRX-20260909-000882-006,TRX-20260909-000882,6,SKU-5001,Deterjen Rinso Anti Noda 770g,5,23000.0,115000.0,0.0,False,NONE
TRX-20260909-000882-007,TRX-20260909-000882,7,SKU-1008,Indomie Goreng Spesial 85g,2,3500.0,7000.0,0.0,False,NONE
TRX-20260909-000882-008,TRX-20260909-000882,8,SKU-2001,Telur Ayam Negeri 1kg,1,31000.0,31000.0,0.0,False,NONE
TRX-20260909-000882-009,TRX-20260909-000882,9,SKU-4002,Shampoo Sunsilk Black Shine 160ml,1,26000.0,26000.0,0.0,False,NONE
TRX-20260909-000882-010,TRX-20260909-000882,10,SKU-4006,Paseo Facial Tissue 250 Sheets,2,16500.0,33000.0,0.0,False,NONE
TRX-20260909-000882-011,TRX-20260909-000882,11,SKU-1012,Kornet Sapi Pronas 198g,3,26000.0,78000.0,0.0,False,NONE
TRX-20260909-000883-001,TRX-20260909-000883,1,SKU-1008,Indomie Goreng Spesial 85g,2,3500.0,7000.0,0.0,False,NONE
TRX-20260909-000883-002,TRX-20260909-000883,2,SKU-3002,Air Mineral Le Minerale 600ml,1,3800.0,3800.0,0.0,False,NONE
TRX-20260909-000883-003,TRX-20260909-000883,3,SKU-1011,Sarden ABC Saus Tomat 155g,1,12000.0,12000.0,0.0,False,NONE
TRX-20260909-000883-004,TRX-20260909-000883,4,SKU-4004,Sikat Gigi Formula Double Action 3s,2,15500.0,31000.0,0.0,False,NONE
TRX-20260909-000883-005,TRX-20260909-000883,5,SKU-3001,Air Mineral Aqua 600ml,2,4000.0,8000.0,0.0,False,NONE
TRX-20260909-000883-006,TRX-20260909-000883,6,SKU-1005,Garam Dapur Cap Kapal 250g,2,5000.0,10000.0,0.0,False,NONE
TRX-20260909-000883-007,TRX-20260909-000883,7,SKU-3008,Taro Net Seaweed 65g,1,9800.0,9800.0,0.0,False,NONE
TRX-20260909-000884-001,TRX-20260909-000884,1,SKU-2006,Mentega Blue Band 200g,1,12500.0,12500.0,0.0,False,NONE
TRX-20260909-000885-001,TRX-20260909-000885,1,SKU-3002,Air Mineral Le Minerale 600ml,1,3800.0,3800.0,0.0,False,NONE
TRX-20260909-000886-001,TRX-20260909-000886,1,SKU-1007,Saus Sambal ABC 335ml,1,17500.0,17500.0,0.0,False,NONE
TRX-20260909-000886-002,TRX-20260909-000886,2,SKU-1008,Indomie Goreng Spesial 85g,1,3500.0,3500.0,0.0,False,NONE
TRX-20260909-000886-003,TRX-20260909-000886,3,SKU-4003,Pasta Gigi Pepsodent 190g,2,17000.0,34000.0,0.0,False,NONE
TRX-20260909-000886-004,TRX-20260909-000886,4,SKU-1003,Gula Pasir Gulaku 1kg,1,17500.0,17500.0,0.0,False,NONE
TRX-20260909-000886-005,TRX-20260909-000886,5,SKU-1004,Tepung Terigu Segitiga Biru 1kg,1,13500.0,13500.0,0.0,False,NONE
TRX-20260909-000886-006,TRX-20260909-000886,6,SKU-5004,Pembersih Lantai Super Pell 770ml,2,14500.0,29000.0,0.0,True,VOID_ITEM
TRX-20260909-000886-007,TRX-20260909-000886,7,SKU-5001,Deterjen Rinso Anti Noda 770g,5,23000.0,115000.0,0.0,False,NONE
TRX-20260909-000886-008,TRX-20260909-000886,8,SKU-5003,Sabun Cuci Piring Sunlight 650ml,2,15500.0,31000.0,0.0,False,NONE
TRX-20260909-000886-009,TRX-20260909-000886,9,SKU-1011,Sarden ABC Saus Tomat 155g,1,12000.0,12000.0,0.0,False,NONE
TRX-20260909-000886-010,TRX-20260909-000886,10,SKU-5005,Baygon Obat Nyamuk Semprot 600ml,1,42000.0,42000.0,0.0,False,NONE
TRX-20260909-000887-001,TRX-20260909-000887,1,SKU-1003,Gula Pasir Gulaku 1kg,2,17500.0,35000.0,0.0,False,NONE
TRX-20260909-000887-002,TRX-20260909-000887,2,SKU-4004,Sikat Gigi Formula Double Action 3s,2,15500.0,31000.0,0.0,False,NONE
TRX-20260909-000887-003,TRX-20260909-000887,3,SKU-1011,Sarden ABC Saus Tomat 155g,2,12000.0,24000.0,0.0,False,NONE
TRX-20260909-000887-004,TRX-20260909-000887,4,SKU-1006,Kecap Manis Bango 520ml,1,25500.0,25500.0,0.0,False,NONE
TRX-20260909-000887-005,TRX-20260909-000887,5,SKU-1010,Sedaap Mie Goreng 90g,2,3400.0,6800.0,0.0,False,NONE
TRX-20260909-000887-006,TRX-20260909-000887,6,SKU-2001,Telur Ayam Negeri 1kg,1,31000.0,31000.0,0.0,False,NONE
TRX-20260909-000887-007,TRX-20260909-000887,7,SKU-5002,Pewangi Pakaian Molto All in 1 720ml,2,24000.0,48000.0,0.0,False,NONE
TRX-20260909-000887-008,TRX-20260909-000887,8,SKU-5006,Baterai ABC Alkaline AA 4s,3,21000.0,63000.0,0.0,False,NONE
TRX-20260909-000887-009,TRX-20260909-000887,9,SKU-5004,Pembersih Lantai Super Pell 770ml,1,14500.0,14500.0,0.0,False,NONE
TRX-20260909-000887-010,TRX-20260909-000887,10,SKU-1005,Garam Dapur Cap Kapal 250g,2,5000.0,10000.0,0.0,False,NONE
TRX-20260909-000887-011,TRX-20260909-000887,11,SKU-4006,Paseo Facial Tissue 250 Sheets,1,16500.0,16500.0,0.0,False,NONE
TRX-20260909-000887-012,TRX-20260909-000887,12,SKU-1002,Minyak Goreng Bimoli 2L,1,37500.0,37500.0,0.0,False,NONE
TRX-20260909-000887-013,TRX-20260909-000887,13,SKU-5001,Deterjen Rinso Anti Noda 770g,2,23000.0,46000.0,0.0,False,NONE
TRX-20260909-000887-014,TRX-20260909-000887,14,SKU-5003,Sabun Cuci Piring Sunlight 650ml,1,15500.0,15500.0,0.0,False,NONE
TRX-20260909-000887-015,TRX-20260909-000887,15,SKU-4003,Pasta Gigi Pepsodent 190g,1,17000.0,17000.0,0.0,False,NONE
TRX-20260909-000887-016,TRX-20260909-000887,16,SKU-4001,Sabun Mandi Lifebuoy Total 10 450ml,3,27500.0,82500.0,0.0,False,NONE
TRX-20260909-000887-017,TRX-20260909-000887,17,SKU-1008,Indomie Goreng Spesial 85g,5,3500.0,17500.0,0.0,False,NONE
TRX-20260909-000887-018,TRX-20260909-000887,18,SKU-4002,Shampoo Sunsilk Black Shine 160ml,2,26000.0,52000.0,0.0,False,NONE
TRX-20260909-000887-019,TRX-20260909-000887,19,SKU-1004,Tepung Terigu Segitiga Biru 1kg,5,13500.0,67500.0,0.0,False,NONE
TRX-20260909-000888-001,TRX-20260909-000888,1,SKU-1012,Kornet Sapi Pronas 198g,1,26000.0,26000.0,0.0,False,NONE
TRX-20260909-000888-002,TRX-20260909-000888,2,SKU-3009,Oreo Original Roll 133g,1,11000.0,11000.0,0.0,False,NONE
TRX-20260909-000888-003,TRX-20260909-000888,3,SKU-1011,Sarden ABC Saus Tomat 155g,1,12000.0,12000.0,0.0,False,NONE
TRX-20260909-000888-004,TRX-20260909-000888,4,SKU-1001,Beras Pandan Wangi 5kg,1,78500.0,78500.0,0.0,False,NONE
TRX-20260909-000888-005,TRX-20260909-000888,5,SKU-3005,Good Day Moccacino 250ml,2,8000.0,16000.0,0.0,False,NONE
TRX-20260909-000888-006,TRX-20260909-000888,6,SKU-3002,Air Mineral Le Minerale 600ml,2,3800.0,7600.0,0.0,False,NONE
TRX-20260909-000889-001,TRX-20260909-000889,1,SKU-5004,Pembersih Lantai Super Pell 770ml,1,14500.0,14500.0,0.0,False,NONE
TRX-20260909-000889-002,TRX-20260909-000889,2,SKU-3001,Air Mineral Aqua 600ml,1,4000.0,4000.0,0.0,True,VOID_ITEM
TRX-20260909-000889-003,TRX-20260909-000889,3,SKU-3003,Teh Pucuk Harum 350ml,2,4500.0,9000.0,0.0,False,NONE
TRX-20260909-000889-004,TRX-20260909-000889,4,SKU-3005,Good Day Moccacino 250ml,1,8000.0,8000.0,0.0,False,TYPO_SKU
TRX-20260909-000889-005,TRX-20260909-000889,5,SKU-0004,UNKNOWN PRODUCT,1,13500.0,13500.0,0.0,True,VOID_ITEM
TRX-20260909-000890-001,TRX-20260909-000890,1,SKU-3006,Coca Cola 390ml,1,7500.0,7500.0,0.0,True,VOID_ITEM
TRX-20260909-000891-001,TRX-20260909-000891,1,SKU-5005,Baygon Obat Nyamuk Semprot 600ml,3,42000.0,126000.0,0.0,False,NONE
TRX-20260909-000891-002,TRX-20260909-000891,2,SKU-1005,Garam Dapur Cap Kapal 250g,1,5000.0,5000.0,0.0,False,NONE
TRX-20260909-000891-003,TRX-20260909-000891,3,SKU-1006,Kecap Manis Bango 520ml,2,25500.0,51000.0,0.0,False,NONE
TRX-20260909-000891-004,TRX-20260909-000891,4,SKU-1004,Tepung Terigu Segitiga Biru 1kg,2,13500.0,27000.0,0.0,False,NONE
TRX-20260909-000891-005,TRX-20260909-000891,5,SKU-5003,Sabun Cuci Piring Sunlight 650ml,2,15500.0,31000.0,0.0,False,NONE
TRX-20260909-000891-006,TRX-20260909-000891,6,SKU-5004,Pembersih Lantai Super Pell 770ml,1,14500.0,14500.0,0.0,False,NONE
TRX-20260909-000891-007,TRX-20260909-000891,7,SKU-1008,Indomie Goreng Spesial 85g,1,3500.0,3500.0,0.0,False,NONE
TRX-20260909-000891-008,TRX-20260909-000891,8,SKU-1007,Saus Sambal ABC 335ml,1,17500.0,17500.0,0.0,False,NONE
TRX-20260909-000891-009,TRX-20260909-000891,9,SKU-1007,Saus Sambal ABC 335ml,2,17500.0,35000.0,0.0,False,NONE
TRX-20260909-000891-010,TRX-20260909-000891,10,SKU-5004,Pembersih Lantai Super Pell 770ml,1,14500.0,14500.0,0.0,False,NONE
TRX-20260909-000891-011,TRX-20260909-000891,11,SKU-4001,Sabun Mandi Lifebuoy Total 10 450ml,2,27500.0,55000.0,0.0,False,NONE
TRX-20260909-000891-012,TRX-20260909-000891,12,SKU-4003,Pasta Gigi Pepsodent 190g,2,17000.0,34000.0,0.0,False,NONE
TRX-20260909-000891-013,TRX-20260909-000891,13,SKU-4004,Sikat Gigi Formula Double Action 3s,2,15500.0,31000.0,0.0,False,NONE
TRX-20260909-000891-014,TRX-20260909-000891,14,SKU-1012,Kornet Sapi Pronas 198g,2,26000.0,52000.0,0.0,False,NONE
TRX-20260909-000891-015,TRX-20260909-000891,15,SKU-1010,Sedaap Mie Goreng 90g,2,3400.0,6800.0,0.0,False,NONE
TRX-20260909-000891-016,TRX-20260909-000891,16,SKU-2001,Telur Ayam Negeri 1kg,2,31000.0,62000.0,0.0,False,NONE
TRX-20260909-000891-017,TRX-20260909-000891,17,SKU-1001,Beras Pandan Wangi 5kg,3,78500.0,235500.0,0.0,False,NONE
TRX-20260909-000891-018,TRX-20260909-000891,18,SKU-1011,Sarden ABC Saus Tomat 155g,5,12000.0,60000.0,0.0,False,NONE
TRX-20260909-000891-019,TRX-20260909-000891,19,SKU-5006,Baterai ABC Alkaline AA 4s,2,21000.0,42000.0,0.0,False,NONE
TRX-20260909-000891-020,TRX-20260909-000891,20,SKU-1002,Minyak Goreng Bimoli 2L,3,37500.0,112500.0,0.0,False,NONE
TRX-20260909-000891-021,TRX-20260909-000891,21,SKU-4002,Shampoo Sunsilk Black Shine 160ml,5,26000.0,130000.0,0.0,False,NONE
TRX-20260909-000892-001,TRX-20260909-000892,1,SKU-5006,Baterai ABC Alkaline AA 4s,2,21000.0,42000.0,0.0,False,NONE
TRX-20260909-000892-002,TRX-20260909-000892,2,SKU-5001,Deterjen Rinso Anti Noda 770g,2,23000.0,46000.0,0.0,False,NONE
TRX-20260909-000892-003,TRX-20260909-000892,3,SKU-5003,Sabun Cuci Piring Sunlight 650ml,1,15500.0,15500.0,0.0,False,NONE
TRX-20260909-000892-004,TRX-20260909-000892,4,SKU-4002,Shampoo Sunsilk Black Shine 160ml,1,26000.0,26000.0,0.0,False,NONE
TRX-20260909-000892-005,TRX-20260909-000892,5,SKU-1012,Kornet Sapi Pronas 198g,2,26000.0,52000.0,0.0,False,NONE
TRX-20260909-000892-006,TRX-20260909-000892,6,SKU-1006,Kecap Manis Bango 520ml,3,25500.0,76500.0,0.0,False,NONE
TRX-20260909-000892-007,TRX-20260909-000892,7,SKU-1005,Garam Dapur Cap Kapal 250g,1,5000.0,5000.0,0.0,False,NONE
TRX-20260909-000892-008,TRX-20260909-000892,8,SKU-4006,Paseo Facial Tissue 250 Sheets,2,16500.0,33000.0,0.0,False,NONE
TRX-20260909-000892-009,TRX-20260909-000892,9,SKU-1003,Gula Pasir Gulaku 1kg,2,17500.0,35000.0,0.0,False,NONE
TRX-20260909-000892-010,TRX-20260909-000892,10,SKU-5005,Baygon Obat Nyamuk Semprot 600ml,1,42000.0,42000.0,0.0,False,NONE
TRX-20260909-000892-011,TRX-20260909-000892,11,SKU-4005,Rexona Deodorant Roll On 45ml,3,20500.0,61500.0,0.0,False,NONE
TRX-20260909-000892-012,TRX-20260909-000892,12,SKU-4004,Sikat Gigi Formula Double Action 3s,3,15500.0,46500.0,0.0,False,NONE
TRX-20260909-000892-013,TRX-20260909-000892,13,SKU-4007,Minyak Telon My Baby 90ml,3,28000.0,84000.0,0.0,False,NONE
TRX-20260909-000892-014,TRX-20260909-000892,14,SKU-1011,Sarden ABC Saus Tomat 155g,1,12000.0,12000.0,0.0,False,NONE
TRX-20260909-000892-015,TRX-20260909-000892,15,SKU-5004,Pembersih Lantai Super Pell 770ml,1,14500.0,14500.0,0.0,False,NONE
TRX-20260909-000892-016,TRX-20260909-000892,16,SKU-1008,Indomie Goreng Spesial 85g,1,3500.0,3500.0,0.0,False,NONE
TRX-20260909-000892-017,TRX-20260909-000892,17,SKU-4003,Pasta Gigi Pepsodent 190g,2,17000.0,34000.0,0.0,False,NONE
TRX-20260909-000892-018,TRX-20260909-000892,18,SKU-1001,Beras Pandan Wangi 5kg,2,78500.0,157000.0,0.0,False,NONE
TRX-20260909-000892-019,TRX-20260909-000892,19,SKU-4001,Sabun Mandi Lifebuoy Total 10 450ml,1,27500.0,27500.0,0.0,False,NONE
TRX-20260909-000893-001,TRX-20260909-000893,1,SKU-1001,Beras Pandan Wangi 5kg,1,78500.0,78500.0,0.0,False,NONE
TRX-20260909-000893-002,TRX-20260909-000893,2,SKU-2006,Mentega Blue Band 200g,1,12500.0,12500.0,0.0,False,NONE
TRX-20260909-000893-003,TRX-20260909-000893,3,SKU-3005,Good Day Moccacino 250ml,1,8000.0,8000.0,0.0,False,NONE
TRX-20260909-000893-004,TRX-20260909-000893,4,SKU-3004,Kopi Kapal Api Spesial Mix 10s,2,15500.0,31000.0,0.0,False,NONE
TRX-20260909-000894-001,TRX-20260909-000894,1,SKU-1005,Garam Dapur Cap Kapal 250g,2,5000.0,10000.0,0.0,False,NONE
TRX-20260909-000894-002,TRX-20260909-000894,2,SKU-1011,Sarden ABC Saus Tomat 155g,2,12000.0,24000.0,0.0,False,NONE
TRX-20260909-000894-003,TRX-20260909-000894,3,SKU-1010,Sedaap Mie Goreng 90g,3,3400.0,10200.0,0.0,False,NONE
TRX-20260909-000894-004,TRX-20260909-000894,4,SKU-5006,Baterai ABC Alkaline AA 4s,1,21000.0,21000.0,0.0,False,NONE
TRX-20260909-000894-005,TRX-20260909-000894,5,SKU-1003,Gula Pasir Gulaku 1kg,1,17500.0,17500.0,0.0,False,NONE
TRX-20260909-000894-006,TRX-20260909-000894,6,SKU-1008,Indomie Goreng Spesial 85g,1,3500.0,3500.0,0.0,False,NONE
TRX-20260909-000894-007,TRX-20260909-000894,7,SKU-2001,Telur Ayam Negeri 1kg,1,31000.0,31000.0,0.0,False,NONE
TRX-20260909-000894-008,TRX-20260909-000894,8,SKU-5003,Sabun Cuci Piring Sunlight 650ml,1,15500.0,15500.0,0.0,False,NONE
TRX-20260909-000894-009,TRX-20260909-000894,9,SKU-5004,Pembersih Lantai Super Pell 770ml,1,14500.0,14500.0,0.0,False,NONE
TRX-20260909-000894-010,TRX-20260909-000894,10,SKU-1001,Beras Pandan Wangi 5kg,1,78500.0,78500.0,0.0,False,NONE
TRX-20260909-000894-011,TRX-20260909-000894,11,SKU-1002,Minyak Goreng Bimoli 2L,1,37500.0,37500.0,0.0,False,NONE
TRX-20260909-000894-012,TRX-20260909-000894,12,SKU-1004,Tepung Terigu Segitiga Biru 1kg,1,13500.0,13500.0,0.0,False,NONE
TRX-20260909-000895-001,TRX-20260909-000895,1,SKU-2007,Sari Roti Tawar Spesial,1,16500.0,16500.0,0.0,False,NONE
TRX-20260909-000895-002,TRX-20260909-000895,2,SKU-3006,Coca Cola 390ml,1,7500.0,7500.0,0.0,True,VOID_ITEM
TRX-20260909-000896-001,TRX-20260909-000896,1,SKU-3001,Air Mineral Aqua 600ml,2,4000.0,8000.0,0.0,True,VOID_ITEM
TRX-20260909-000896-002,TRX-20260909-000896,2,SKU-2006,Mentega Blue Band 200g,2,12500.0,25000.0,0.0,False,NONE
TRX-20260909-000896-003,TRX-20260909-000896,3,SKU-1009,Indomie Kuah Ayam Bawang 69g,2,3400.0,6800.0,0.0,False,NONE
TRX-20260909-000896-004,TRX-20260909-000896,4,SKU-3003,Teh Pucuk Harum 350ml,2,4500.0,9000.0,0.0,False,NONE
TRX-20260909-000896-005,TRX-20260909-000896,5,SKU-3004,Kopi Kapal Api Spesial Mix 10s,1,15500.0,15500.0,0.0,False,NONE
TRX-20260909-000896-006,TRX-20260909-000896,6,SKU-1005,Garam Dapur Cap Kapal 250g,2,5000.0,10000.0,0.0,False,NONE
TRX-20260909-000897-001,TRX-20260909-000897,1,SKU-3009,Oreo Original Roll 133g,1,11000.0,11000.0,0.0,False,NONE
TRX-20260909-000897-002,TRX-20260909-000897,2,SKU-2005,Keju Kraft Cheddar 165g,1,24000.0,24000.0,0.0,False,NONE
TRX-20260909-000897-003,TRX-20260909-000897,3,SKU-2002,Susu Ultra Milk Full Cream 1L,1,21500.0,21500.0,0.0,False,NONE
TRX-20260909-000898-001,TRX-20260909-000898,1,SKU-1009,Indomie Kuah Ayam Bawang 69g,2,3400.0,6800.0,0.0,False,NONE
TRX-20260909-000898-002,TRX-20260909-000898,2,SKU-1011,Sarden ABC Saus Tomat 155g,1,12000.0,12000.0,0.0,False,NONE
TRX-20260909-000898-003,TRX-20260909-000898,3,SKU-1005,Garam Dapur Cap Kapal 250g,2,5000.0,10000.0,0.0,False,NONE
TRX-20260909-000898-004,TRX-20260909-000898,4,SKU-3002,Air Mineral Le Minerale 600ml,1,3800.0,3800.0,0.0,False,NONE
TRX-20260909-000898-005,TRX-20260909-000898,5,SKU-1010,Sedaap Mie Goreng 90g,2,3400.0,6800.0,0.0,False,NONE
TRX-20260909-000898-006,TRX-20260909-000898,6,SKU-3007,Chitato Sapi Panggang 68g,2,12500.0,25000.0,0.0,False,NONE
TRX-20260909-000898-007,TRX-20260909-000898,7,SKU-3004,Kopi Kapal Api Spesial Mix 10s,1,15500.0,15500.0,0.0,True,VOID_ITEM
TRX-20260909-000898-008,TRX-20260909-000898,8,SKU-3009,Oreo Original Roll 133g,1,11000.0,11000.0,0.0,False,NONE
TRX-20260909-000898-009,TRX-20260909-000898,9,SKU-4004,Sikat Gigi Formula Double Action 3s,2,15500.0,31000.0,0.0,False,NONE
TRX-20260909-000899-001,TRX-20260909-000899,1,SKU-5004,Pembersih Lantai Super Pell 770ml,2,14500.0,29000.0,0.0,False,NONE
TRX-20260909-000899-002,TRX-20260909-000899,2,SKU-1008,Indomie Goreng Spesial 85g,2,3500.0,7000.0,0.0,False,NONE
TRX-20260909-000899-003,TRX-20260909-000899,3,SKU-3009,Oreo Original Roll 133g,1,11000.0,11000.0,0.0,False,NONE
TRX-20260909-000899-004,TRX-20260909-000899,4,SKU-3006,Coca Cola 390ml,2,7500.0,15000.0,0.0,False,NONE
TRX-20260909-000899-005,TRX-20260909-000899,5,SKU-3003,Teh Pucuk Harum 350ml,1,4500.0,4500.0,0.0,True,VOID_ITEM
TRX-20260909-000900-001,TRX-20260909-000900,1,SKU-3003,Teh Pucuk Harum 350ml,1,4500.0,4500.0,0.0,False,NONE
TRX-20260909-000900-002,TRX-20260909-000900,2,SKU-3001,Air Mineral Aqua 600ml,1,4000.0,4000.0,0.0,False,NONE
TRX-20260909-000900-003,TRX-20260909-000900,3,SKU-2005,Keju Kraft Cheddar 165g,1,24000.0,24000.0,0.0,False,NONE
TRX-20260909-000901-001,TRX-20260909-000901,1,SKU-3002,Air Mineral Le Minerale 600ml,1,3800.0,3800.0,0.0,True,VOID_ITEM
TRX-20260909-000902-001,TRX-20260909-000902,1,SKU-3003,Teh Pucuk Harum 350ml,1,4500.0,4500.0,0.0,False,NONE
TRX-20260909-000902-002,TRX-20260909-000902,2,SKU-2905,UNKNOWN PRODUCT,1,24000.0,24000.0,0.0,False,TYPO_SKU
TRX-20260909-000903-001,TRX-20260909-000903,1,SKU-3008,Taro Net Seaweed 65g,1,9800.0,9800.0,0.0,False,NONE
TRX-20260909-000903-002,TRX-20260909-000903,2,SKU-2008,Sari Roti Sobek Cokelat,1,19500.0,19500.0,0.0,False,NONE
TRX-20260909-000903-003,TRX-20260909-000903,3,SKU-3002,Air Mineral Le Minerale 600ml,1,3800.0,3800.0,0.0,True,VOID_ITEM
TRX-20260909-000903-004,TRX-20260909-000903,4,SKU-3004,Kopi Kapal Api Spesial Mix 10s,2,15500.0,31000.0,0.0,False,NONE
TRX-20260909-000903-005,TRX-20260909-000903,5,SKU-3901,UNKNOWN PRODUCT,2,4000.0,8000.0,0.0,False,TYPO_SKU
TRX-20260909-000904-001,TRX-20260909-000904,1,SKU-2007,Sari Roti Tawar Spesial,1,16500.0,16500.0,0.0,False,NONE
TRX-20260909-000904-002,TRX-20260909-000904,2,SKU-2003,Susu Ultra Milk Cokelat 1L,1,21500.0,21500.0,0.0,False,NONE
TRX-20260909-000905-001,TRX-20260909-000905,1,SKU-3003,Teh Pucuk Harum 350ml,1,4500.0,4500.0,0.0,False,NONE
TRX-20260909-000906-001,TRX-20260909-000906,1,SKU-1005,Garam Dapur Cap Kapal 250g,2,5000.0,10000.0,0.0,False,NONE
TRX-20260909-000906-002,TRX-20260909-000906,2,SKU-3001,Air Mineral Aqua 600ml,1,4000.0,4000.0,0.0,False,NONE
TRX-20260909-000906-003,TRX-20260909-000906,3,SKU-3009,Oreo Original Roll 133g,2,11000.0,22000.0,0.0,False,NONE
TRX-20260909-000906-004,TRX-20260909-000906,4,SKU-5004,Pembersih Lantai Super Pell 770ml,1,14500.0,14500.0,0.0,False,NONE
TRX-20260909-000907-001,TRX-20260909-000907,1,SKU-1012,Kornet Sapi Pronas 198g,1,26000.0,26000.0,0.0,False,NONE
TRX-20260909-000907-002,TRX-20260909-000907,2,SKU-1009,Indomie Kuah Ayam Bawang 69g,2,3400.0,6800.0,0.0,False,NONE
TRX-20260909-000907-003,TRX-20260909-000907,3,SKU-5001,Deterjen Rinso Anti Noda 770g,1,23000.0,23000.0,0.0,False,NONE
TRX-20260909-000907-004,TRX-20260909-000907,4,SKU-5003,Sabun Cuci Piring Sunlight 650ml,2,15500.0,31000.0,0.0,False,NONE
TRX-20260909-000907-005,TRX-20260909-000907,5,SKU-1005,Garam Dapur Cap Kapal 250g,2,5000.0,10000.0,0.0,False,NONE
TRX-20260909-000907-006,TRX-20260909-000907,6,SKU-5003,Sabun Cuci Piring Sunlight 650ml,1,15500.0,15500.0,0.0,False,NONE
TRX-20260909-000907-007,TRX-20260909-000907,7,SKU-1006,Kecap Manis Bango 520ml,1,25500.0,25500.0,0.0,False,NONE
TRX-20260909-000907-008,TRX-20260909-000907,8,SKU-4006,Paseo Facial Tissue 250 Sheets,2,16500.0,33000.0,0.0,False,NONE
TRX-20260909-000907-009,TRX-20260909-000907,9,SKU-4004,Sikat Gigi Formula Double Action 3s,3,15500.0,46500.0,0.0,False,NONE
TRX-20260909-000907-010,TRX-20260909-000907,10,SKU-1004,Tepung Terigu Segitiga Biru 1kg,2,13500.0,27000.0,0.0,False,NONE
TRX-20260909-000907-011,TRX-20260909-000907,11,SKU-4001,Sabun Mandi Lifebuoy Total 10 450ml,3,27500.0,82500.0,0.0,False,NONE
TRX-20260909-000907-012,TRX-20260909-000907,12,SKU-4002,Shampoo Sunsilk Black Shine 160ml,1,26000.0,26000.0,0.0,False,NONE
TRX-20260909-000907-013,TRX-20260909-000907,13,SKU-4003,Pasta Gigi Pepsodent 190g,1,17000.0,17000.0,0.0,False,NONE
TRX-20260909-000907-014,TRX-20260909-000907,14,SKU-1007,Saus Sambal ABC 335ml,2,17500.0,35000.0,0.0,False,NONE
TRX-20260909-000907-015,TRX-20260909-000907,15,SKU-5006,Baterai ABC Alkaline AA 4s,2,21000.0,42000.0,0.0,False,NONE
TRX-20260909-000907-016,TRX-20260909-000907,16,SKU-1003,Gula Pasir Gulaku 1kg,3,17500.0,52500.0,0.0,False,NONE
TRX-20260909-000907-017,TRX-20260909-000907,17,SKU-4005,Rexona Deodorant Roll On 45ml,1,20500.0,20500.0,0.0,False,NONE
TRX-20260909-000907-018,TRX-20260909-000907,18,SKU-1008,Indomie Goreng Spesial 85g,2,3500.0,7000.0,0.0,False,NONE
TRX-20260909-000908-001,TRX-20260909-000908,1,SKU-5002,Pewangi Pakaian Molto All in 1 720ml,1,24000.0,24000.0,0.0,False,NONE
TRX-20260909-000908-002,TRX-20260909-000908,2,SKU-3010,SilverQueen Cokelat Mede 58g,1,17000.0,17000.0,0.0,False,NONE
TRX-20260909-000908-003,TRX-20260909-000908,3,SKU-2005,Keju Kraft Cheddar 165g,1,24000.0,24000.0,0.0,False,NONE
TRX-20260909-000908-004,TRX-20260909-000908,4,SKU-3004,Kopi Kapal Api Spesial Mix 10s,2,15500.0,31000.0,0.0,False,NONE
TRX-20260909-000908-005,TRX-20260909-000908,5,SKU-3005,Good Day Moccacino 250ml,2,8000.0,16000.0,0.0,False,NONE
TRX-20260909-000909-001,TRX-20260909-000909,1,SKU-1004,Tepung Terigu Segitiga Biru 1kg,1,13500.0,13500.0,0.0,False,NONE
TRX-20260909-000909-002,TRX-20260909-000909,2,SKU-3008,Taro Net Seaweed 65g,2,9800.0,19600.0,0.0,False,NONE
TRX-20260909-000909-003,TRX-20260909-000909,3,SKU-2004,Yakult Pack isi 5,1,11500.0,11500.0,0.0,True,VOID_ITEM
TRX-20260909-000909-004,TRX-20260909-000909,4,SKU-1010,Sedaap Mie Goreng 90g,1,3400.0,3400.0,0.0,False,NONE
TRX-20260909-000909-005,TRX-20260909-000909,5,SKU-1011,Sarden ABC Saus Tomat 155g,1,12000.0,12000.0,0.0,False,NONE
TRX-20260909-000909-006,TRX-20260909-000909,6,SKU-3004,Kopi Kapal Api Spesial Mix 10s,2,15500.0,31000.0,0.0,False,NONE
TRX-20260909-000910-001,TRX-20260909-000910,1,SKU-5005,Baygon Obat Nyamuk Semprot 600ml,2,42000.0,84000.0,0.0,False,NONE
TRX-20260909-000910-002,TRX-20260909-000910,2,SKU-1008,Indomie Goreng Spesial 85g,2,3500.0,7000.0,0.0,False,NONE
TRX-20260909-000910-003,TRX-20260909-000910,3,SKU-3001,Air Mineral Aqua 600ml,1,4000.0,4000.0,0.0,False,NONE
TRX-20260909-000910-004,TRX-20260909-000910,4,SKU-1012,Kornet Sapi Pronas 198g,1,26000.0,26000.0,0.0,False,NONE
TRX-20260909-000910-005,TRX-20260909-000910,5,SKU-1003,Gula Pasir Gulaku 1kg,1,17500.0,17500.0,0.0,False,NONE
TRX-20260909-000910-006,TRX-20260909-000910,6,SKU-4001,Sabun Mandi Lifebuoy Total 10 450ml,2,27500.0,55000.0,0.0,False,NONE
TRX-20260909-000910-007,TRX-20260909-000910,7,SKU-4003,Pasta Gigi Pepsodent 190g,1,17000.0,17000.0,0.0,False,NONE
TRX-20260909-000910-008,TRX-20260909-000910,8,SKU-5003,Sabun Cuci Piring Sunlight 650ml,2,15500.0,31000.0,0.0,False,NONE
TRX-20260909-000910-009,TRX-20260909-000910,9,SKU-5004,Pembersih Lantai Super Pell 770ml,1,14500.0,14500.0,0.0,False,NONE
TRX-20260909-000910-010,TRX-20260909-000910,10,SKU-5001,Deterjen Rinso Anti Noda 770g,1,23000.0,23000.0,0.0,False,NONE
TRX-20260909-000910-011,TRX-20260909-000910,11,SKU-1004,Tepung Terigu Segitiga Biru 1kg,1,13500.0,13500.0,0.0,False,NONE
TRX-20260909-000910-012,TRX-20260909-000910,12,SKU-1006,Kecap Manis Bango 520ml,5,25500.0,127500.0,0.0,False,NONE
TRX-20260909-000910-013,TRX-20260909-000910,13,SKU-4002,Shampoo Sunsilk Black Shine 160ml,2,26000.0,52000.0,0.0,False,NONE
TRX-20260909-000910-014,TRX-20260909-000910,14,SKU-4007,Minyak Telon My Baby 90ml,1,28000.0,28000.0,0.0,False,NONE
TRX-20260909-000910-015,TRX-20260909-000910,15,SKU-4006,Paseo Facial Tissue 250 Sheets,1,16500.0,16500.0,0.0,False,NONE
TRX-20260909-000910-016,TRX-20260909-000910,16,SKU-4004,Sikat Gigi Formula Double Action 3s,2,15500.0,31000.0,0.0,False,NONE
TRX-20260909-000910-017,TRX-20260909-000910,17,SKU-1011,Sarden ABC Saus Tomat 155g,2,12000.0,24000.0,0.0,False,NONE
TRX-20260909-000911-001,TRX-20260909-000911,1,SKU-2008,Sari Roti Sobek Cokelat,1,19500.0,19500.0,0.0,False,NONE
TRX-20260909-000911-002,TRX-20260909-000911,2,SKU-3006,Coca Cola 390ml,1,7500.0,7500.0,0.0,False,NONE
TRX-20260909-000912-001,TRX-20260909-000912,1,SKU-1008,Indomie Goreng Spesial 85g,2,3500.0,7000.0,0.0,False,NONE
TRX-20260909-000912-002,TRX-20260909-000912,2,SKU-1010,Sedaap Mie Goreng 90g,1,3400.0,3400.0,0.0,False,NONE
TRX-20260909-000912-003,TRX-20260909-000912,3,SKU-3006,Coca Cola 390ml,1,7500.0,7500.0,0.0,False,NONE
TRX-20260909-000912-004,TRX-20260909-000912,4,SKU-3002,Air Mineral Le Minerale 600ml,1,3800.0,3800.0,0.0,False,NONE
TRX-20260909-000912-005,TRX-20260909-000912,5,SKU-3009,Oreo Original Roll 133g,1,11000.0,11000.0,0.0,False,NONE
TRX-20260909-000912-006,TRX-20260909-000912,6,SKU-3003,Teh Pucuk Harum 350ml,1,4500.0,4500.0,0.0,False,NONE
TRX-20260909-000912-007,TRX-20260909-000912,7,SKU-1005,Garam Dapur Cap Kapal 250g,1,5000.0,5000.0,0.0,False,NONE
TRX-20260909-000912-008,TRX-20260909-000912,8,SKU-2006,Mentega Blue Band 200g,1,12500.0,12500.0,0.0,False,NONE
TRX-20260909-000913-001,TRX-20260909-000913,1,SKU-1008,Indomie Goreng Spesial 85g,1,3500.0,3500.0,0.0,False,NONE
TRX-20260909-000913-002,TRX-20260909-000913,2,SKU-1007,Saus Sambal ABC 335ml,5,17500.0,87500.0,0.0,False,NONE
TRX-20260909-000913-003,TRX-20260909-000913,3,SKU-5002,Pewangi Pakaian Molto All in 1 720ml,3,24000.0,72000.0,0.0,False,NONE
TRX-20260909-000913-004,TRX-20260909-000913,4,SKU-1003,Gula Pasir Gulaku 1kg,3,17500.0,52500.0,0.0,False,NONE
TRX-20260909-000913-005,TRX-20260909-000913,5,SKU-1001,Beras Pandan Wangi 5kg,3,78500.0,235500.0,0.0,False,NONE
TRX-20260909-000913-006,TRX-20260909-000913,6,SKU-4007,Minyak Telon My Baby 90ml,1,28000.0,28000.0,0.0,False,NONE
TRX-20260909-000913-007,TRX-20260909-000913,7,SKU-4002,Shampoo Sunsilk Black Shine 160ml,3,26000.0,78000.0,0.0,False,NONE
TRX-20260909-000913-008,TRX-20260909-000913,8,SKU-4001,Sabun Mandi Lifebuoy Total 10 450ml,2,27500.0,55000.0,0.0,False,NONE
TRX-20260909-000913-009,TRX-20260909-000913,9,SKU-4005,Rexona Deodorant Roll On 45ml,3,20500.0,61500.0,0.0,False,NONE
TRX-20260909-000913-010,TRX-20260909-000913,10,SKU-1006,Kecap Manis Bango 520ml,5,25500.0,127500.0,0.0,False,NONE
TRX-20260909-000913-011,TRX-20260909-000913,11,SKU-5003,Sabun Cuci Piring Sunlight 650ml,5,15500.0,77500.0,0.0,False,NONE
TRX-20260909-000914-001,TRX-20260909-000914,1,SKU-1110,UNKNOWN PRODUCT,1,3400.0,3400.0,0.0,False,TYPO_SKU
TRX-20260909-000914-002,TRX-20260909-000914,2,SKU-2001,Telur Ayam Negeri 1kg,1,31000.0,31000.0,0.0,False,NONE
TRX-20260909-000914-003,TRX-20260909-000914,3,SKU-5004,Pembersih Lantai Super Pell 770ml,2,14500.0,29000.0,0.0,False,NONE
TRX-20260909-000914-004,TRX-20260909-000914,4,SKU-4005,Rexona Deodorant Roll On 45ml,2,20500.0,41000.0,0.0,False,NONE
TRX-20260909-000914-005,TRX-20260909-000914,5,SKU-1007,Saus Sambal ABC 335ml,3,17500.0,52500.0,0.0,False,NONE
TRX-20260909-000914-006,TRX-20260909-000914,6,SKU-1003,Gula Pasir Gulaku 1kg,1,17500.0,17500.0,0.0,False,NONE
TRX-20260909-000914-007,TRX-20260909-000914,7,SKU-4006,Paseo Facial Tissue 250 Sheets,2,16500.0,33000.0,0.0,False,NONE
TRX-20260909-000914-008,TRX-20260909-000914,8,SKU-5002,Pewangi Pakaian Molto All in 1 720ml,2,24000.0,48000.0,0.0,False,NONE
TRX-20260909-000914-009,TRX-20260909-000914,9,SKU-4004,Sikat Gigi Formula Double Action 3s,1,15500.0,15500.0,0.0,False,NONE
TRX-20260909-000914-010,TRX-20260909-000914,10,SKU-1005,Garam Dapur Cap Kapal 250g,1,5000.0,5000.0,0.0,False,NONE
TRX-20260909-000914-011,TRX-20260909-000914,11,SKU-1006,Kecap Manis Bango 520ml,3,25500.0,76500.0,0.0,False,NONE
TRX-20260909-000914-012,TRX-20260909-000914,12,SKU-4001,Sabun Mandi Lifebuoy Total 10 450ml,5,27500.0,137500.0,0.0,False,NONE
TRX-20260909-000915-001,TRX-20260909-000915,1,SKU-4005,Rexona Deodorant Roll On 45ml,1,20500.0,20500.0,0.0,False,NONE
TRX-20260909-000915-002,TRX-20260909-000915,2,SKU-4001,Sabun Mandi Lifebuoy Total 10 450ml,2,27500.0,55000.0,0.0,False,NONE
TRX-20260909-000915-003,TRX-20260909-000915,3,SKU-4092,UNKNOWN PRODUCT,2,26000.0,52000.0,0.0,False,TYPO_SKU
TRX-20260909-000915-004,TRX-20260909-000915,4,SKU-5006,Baterai ABC Alkaline AA 4s,1,21000.0,21000.0,0.0,False,NONE
TRX-20260909-000915-005,TRX-20260909-000915,5,SKU-1011,Sarden ABC Saus Tomat 155g,2,12000.0,24000.0,0.0,False,NONE
TRX-20260909-000915-006,TRX-20260909-000915,6,SKU-5004,Pembersih Lantai Super Pell 770ml,2,14500.0,29000.0,0.0,False,NONE
TRX-20260909-000915-007,TRX-20260909-000915,7,SKU-1005,Garam Dapur Cap Kapal 250g,1,5000.0,5000.0,0.0,False,NONE
TRX-20260909-000915-008,TRX-20260909-000915,8,SKU-1010,Sedaap Mie Goreng 90g,1,3400.0,3400.0,0.0,False,NONE
TRX-20260909-000915-009,TRX-20260909-000915,9,SKU-1007,Saus Sambal ABC 335ml,2,17500.0,35000.0,0.0,False,NONE
TRX-20260909-000915-010,TRX-20260909-000915,10,SKU-5001,Deterjen Rinso Anti Noda 770g,1,23000.0,23000.0,0.0,False,NONE
TRX-20260909-000915-011,TRX-20260909-000915,11,SKU-4003,Pasta Gigi Pepsodent 190g,1,17000.0,17000.0,0.0,False,NONE
TRX-20260909-000915-012,TRX-20260909-000915,12,SKU-4004,Sikat Gigi Formula Double Action 3s,1,15500.0,15500.0,0.0,False,NONE
TRX-20260909-000915-013,TRX-20260909-000915,13,SKU-1012,Kornet Sapi Pronas 198g,1,26000.0,26000.0,0.0,False,NONE
TRX-20260909-000915-014,TRX-20260909-000915,14,SKU-5005,Baygon Obat Nyamuk Semprot 600ml,1,42000.0,42000.0,0.0,False,NONE
TRX-20260909-000916-001,TRX-20260909-000916,1,SKU-3006,Coca Cola 390ml,1,7500.0,7500.0,0.0,False,NONE
TRX-20260910-000917-001,TRX-20260910-000917,1,SKU-4003,Pasta Gigi Pepsodent 190g,2,17000.0,34000.0,0.0,False,NONE
TRX-20260910-000917-002,TRX-20260910-000917,2,SKU-4004,Sikat Gigi Formula Double Action 3s,2,15500.0,31000.0,0.0,False,NONE
TRX-20260910-000917-003,TRX-20260910-000917,3,SKU-4004,Sikat Gigi Formula Double Action 3s,2,15500.0,31000.0,0.0,False,NONE
TRX-20260910-000917-004,TRX-20260910-000917,4,SKU-1002,Minyak Goreng Bimoli 2L,1,37500.0,37500.0,0.0,False,NONE
TRX-20260910-000917-005,TRX-20260910-000917,5,SKU-1004,Tepung Terigu Segitiga Biru 1kg,1,13500.0,13500.0,0.0,False,NONE
TRX-20260910-000917-006,TRX-20260910-000917,6,SKU-5003,Sabun Cuci Piring Sunlight 650ml,2,15500.0,31000.0,0.0,False,NONE
TRX-20260910-000917-007,TRX-20260910-000917,7,SKU-5001,Deterjen Rinso Anti Noda 770g,1,23000.0,23000.0,0.0,False,NONE
TRX-20260910-000917-008,TRX-20260910-000917,8,SKU-1007,Saus Sambal ABC 335ml,2,17500.0,35000.0,0.0,False,NONE
TRX-20260910-000917-009,TRX-20260910-000917,9,SKU-1011,Sarden ABC Saus Tomat 155g,2,12000.0,24000.0,0.0,False,NONE
TRX-20260910-000917-010,TRX-20260910-000917,10,SKU-5001,Deterjen Rinso Anti Noda 770g,1,23000.0,23000.0,0.0,False,NONE
TRX-20260910-000917-011,TRX-20260910-000917,11,SKU-5002,Pewangi Pakaian Molto All in 1 720ml,2,24000.0,48000.0,0.0,False,NONE
TRX-20260910-000917-012,TRX-20260910-000917,12,SKU-1006,Kecap Manis Bango 520ml,1,25500.0,25500.0,0.0,False,NONE
TRX-20260910-000917-013,TRX-20260910-000917,13,SKU-5002,Pewangi Pakaian Molto All in 1 720ml,2,24000.0,48000.0,0.0,False,NONE
TRX-20260910-000918-001,TRX-20260910-000918,1,SKU-1007,Saus Sambal ABC 335ml,5,17500.0,87500.0,0.0,False,NONE
TRX-20260910-000918-002,TRX-20260910-000918,2,SKU-5001,Deterjen Rinso Anti Noda 770g,1,23000.0,23000.0,0.0,False,NONE
TRX-20260910-000918-003,TRX-20260910-000918,3,SKU-1011,Sarden ABC Saus Tomat 155g,1,12000.0,12000.0,0.0,False,NONE
TRX-20260910-000918-004,TRX-20260910-000918,4,SKU-5002,Pewangi Pakaian Molto All in 1 720ml,2,24000.0,48000.0,0.0,False,NONE
TRX-20260910-000918-005,TRX-20260910-000918,5,SKU-4004,Sikat Gigi Formula Double Action 3s,2,15500.0,31000.0,0.0,False,NONE
TRX-20260910-000918-006,TRX-20260910-000918,6,SKU-1008,Indomie Goreng Spesial 85g,1,3500.0,3500.0,0.0,False,NONE
TRX-20260910-000918-007,TRX-20260910-000918,7,SKU-3001,Air Mineral Aqua 600ml,1,4000.0,4000.0,0.0,False,NONE
TRX-20260910-000918-008,TRX-20260910-000918,8,SKU-1009,Indomie Kuah Ayam Bawang 69g,1,3400.0,3400.0,0.0,False,NONE
TRX-20260910-000918-009,TRX-20260910-000918,9,SKU-4005,Rexona Deodorant Roll On 45ml,2,20500.0,41000.0,0.0,False,NONE
TRX-20260910-000918-010,TRX-20260910-000918,10,SKU-1010,Sedaap Mie Goreng 90g,2,3400.0,6800.0,0.0,False,NONE
TRX-20260910-000918-011,TRX-20260910-000918,11,SKU-1004,Tepung Terigu Segitiga Biru 1kg,2,13500.0,27000.0,0.0,False,NONE
TRX-20260910-000918-012,TRX-20260910-000918,12,SKU-4006,Paseo Facial Tissue 250 Sheets,1,16500.0,16500.0,0.0,False,NONE
TRX-20260910-000918-013,TRX-20260910-000918,13,SKU-1003,Gula Pasir Gulaku 1kg,1,17500.0,17500.0,0.0,False,NONE
TRX-20260910-000918-014,TRX-20260910-000918,14,SKU-4003,Pasta Gigi Pepsodent 190g,2,17000.0,34000.0,0.0,False,NONE
TRX-20260910-000918-015,TRX-20260910-000918,15,SKU-1002,Minyak Goreng Bimoli 2L,1,37500.0,37500.0,0.0,False,NONE
TRX-20260910-000919-001,TRX-20260910-000919,1,SKU-1010,Sedaap Mie Goreng 90g,1,3400.0,3400.0,0.0,False,NONE
TRX-20260910-000919-002,TRX-20260910-000919,2,SKU-5004,Pembersih Lantai Super Pell 770ml,1,14500.0,14500.0,0.0,False,NONE
TRX-20260910-000919-003,TRX-20260910-000919,3,SKU-1011,Sarden ABC Saus Tomat 155g,2,12000.0,24000.0,0.0,False,NONE
TRX-20260910-000919-004,TRX-20260910-000919,4,SKU-2004,Yakult Pack isi 5,2,11500.0,23000.0,0.0,False,NONE
TRX-20260910-000919-005,TRX-20260910-000919,5,SKU-4004,Sikat Gigi Formula Double Action 3s,1,15500.0,15500.0,0.0,False,NONE
TRX-20260910-000919-006,TRX-20260910-000919,6,SKU-3003,Teh Pucuk Harum 350ml,2,4500.0,9000.0,0.0,False,NONE
TRX-20260910-000919-007,TRX-20260910-000919,7,SKU-3006,Coca Cola 390ml,1,7500.0,7500.0,0.0,False,NONE
TRX-20260910-000919-008,TRX-20260910-000919,8,SKU-3002,Air Mineral Le Minerale 600ml,2,3800.0,7600.0,0.0,False,NONE
TRX-20260910-000919-009,TRX-20260910-000919,9,SKU-5003,Sabun Cuci Piring Sunlight 650ml,1,15500.0,15500.0,0.0,True,VOID_ITEM
TRX-20260910-000920-001,TRX-20260910-000920,1,SKU-5002,Pewangi Pakaian Molto All in 1 720ml,1,24000.0,24000.0,0.0,False,NONE
TRX-20260910-000920-002,TRX-20260910-000920,2,SKU-5005,Baygon Obat Nyamuk Semprot 600ml,2,42000.0,84000.0,0.0,False,NONE
TRX-20260910-000920-003,TRX-20260910-000920,3,SKU-1003,Gula Pasir Gulaku 1kg,2,17500.0,35000.0,0.0,False,NONE
TRX-20260910-000920-004,TRX-20260910-000920,4,SKU-4002,Shampoo Sunsilk Black Shine 160ml,1,26000.0,26000.0,0.0,False,NONE
TRX-20260910-000920-005,TRX-20260910-000920,5,SKU-5003,Sabun Cuci Piring Sunlight 650ml,1,15500.0,15500.0,0.0,False,NONE
TRX-20260910-000920-006,TRX-20260910-000920,6,SKU-5001,Deterjen Rinso Anti Noda 770g,2,23000.0,46000.0,0.0,False,NONE
TRX-20260910-000920-007,TRX-20260910-000920,7,SKU-1009,Indomie Kuah Ayam Bawang 69g,2,3400.0,6800.0,0.0,False,NONE
TRX-20260910-000920-008,TRX-20260910-000920,8,SKU-3001,Air Mineral Aqua 600ml,2,4000.0,8000.0,0.0,False,NONE
TRX-20260910-000920-009,TRX-20260910-000920,9,SKU-1012,Kornet Sapi Pronas 198g,1,26000.0,26000.0,0.0,False,NONE
TRX-20260910-000920-010,TRX-20260910-000920,10,SKU-1010,Sedaap Mie Goreng 90g,1,3400.0,3400.0,0.0,False,NONE
TRX-20260910-000920-011,TRX-20260910-000920,11,SKU-1007,Saus Sambal ABC 335ml,1,17500.0,17500.0,0.0,False,NONE
TRX-20260910-000920-012,TRX-20260910-000920,12,SKU-1007,Saus Sambal ABC 335ml,2,17500.0,35000.0,0.0,False,NONE
TRX-20260910-000920-013,TRX-20260910-000920,13,SKU-1004,Tepung Terigu Segitiga Biru 1kg,1,13500.0,13500.0,0.0,False,NONE
TRX-20260910-000920-014,TRX-20260910-000920,14,SKU-3002,Air Mineral Le Minerale 600ml,1,3800.0,3800.0,0.0,False,TYPO_SKU
TRX-20260910-000920-015,TRX-20260910-000920,15,SKU-1006,Kecap Manis Bango 520ml,1,25500.0,25500.0,0.0,False,NONE
TRX-20260910-000920-016,TRX-20260910-000920,16,SKU-5006,Baterai ABC Alkaline AA 4s,3,21000.0,63000.0,0.0,False,NONE
TRX-20260910-000920-017,TRX-20260910-000920,17,SKU-5001,Deterjen Rinso Anti Noda 770g,3,23000.0,69000.0,0.0,False,NONE
TRX-20260910-000920-018,TRX-20260910-000920,18,SKU-4006,Paseo Facial Tissue 250 Sheets,2,16500.0,33000.0,0.0,False,NONE
TRX-20260910-000920-019,TRX-20260910-000920,19,SKU-4003,Pasta Gigi Pepsodent 190g,2,17000.0,34000.0,0.0,False,NONE
TRX-20260910-000920-020,TRX-20260910-000920,20,SKU-4004,Sikat Gigi Formula Double Action 3s,2,15500.0,31000.0,0.0,False,NONE
TRX-20260910-000920-021,TRX-20260910-000920,21,SKU-1001,Beras Pandan Wangi 5kg,5,78500.0,392500.0,0.0,False,NONE
TRX-20260910-000920-022,TRX-20260910-000920,22,SKU-5004,Pembersih Lantai Super Pell 770ml,3,14500.0,43500.0,0.0,False,NONE
TRX-20260910-000920-023,TRX-20260910-000920,23,SKU-1011,Sarden ABC Saus Tomat 155g,5,12000.0,60000.0,0.0,True,VOID_ITEM
TRX-20260910-000921-001,TRX-20260910-000921,1,SKU-3009,Oreo Original Roll 133g,1,11000.0,11000.0,0.0,False,NONE
TRX-20260910-000921-002,TRX-20260910-000921,2,SKU-1011,Sarden ABC Saus Tomat 155g,2,12000.0,24000.0,0.0,False,NONE
TRX-20260910-000921-003,TRX-20260910-000921,3,SKU-1004,Tepung Terigu Segitiga Biru 1kg,1,13500.0,13500.0,0.0,False,NONE
TRX-20260910-000921-004,TRX-20260910-000921,4,SKU-1008,Indomie Goreng Spesial 85g,1,3500.0,3500.0,0.0,False,NONE
TRX-20260910-000921-005,TRX-20260910-000921,5,SKU-2006,Mentega Blue Band 200g,1,12500.0,12500.0,0.0,False,NONE
TRX-20260910-000922-001,TRX-20260910-000922,1,SKU-3004,Kopi Kapal Api Spesial Mix 10s,1,15500.0,15500.0,0.0,False,NONE
TRX-20260910-000922-002,TRX-20260910-000922,2,SKU-3006,Coca Cola 390ml,2,7500.0,15000.0,0.0,False,NONE
TRX-20260910-000922-003,TRX-20260910-000922,3,SKU-3008,Taro Net Seaweed 65g,2,9800.0,19600.0,0.0,False,NONE
TRX-20260910-000922-004,TRX-20260910-000922,4,SKU-1011,Sarden ABC Saus Tomat 155g,1,12000.0,12000.0,0.0,False,NONE
TRX-20260910-000923-001,TRX-20260910-000923,1,SKU-2005,Keju Kraft Cheddar 165g,1,24000.0,24000.0,0.0,False,NONE
TRX-20260910-000923-002,TRX-20260910-000923,2,SKU-3003,Teh Pucuk Harum 350ml,1,4500.0,4500.0,0.0,False,NONE
TRX-20260910-000923-003,TRX-20260910-000923,3,SKU-2004,Yakult Pack isi 5,1,11500.0,11500.0,0.0,False,NONE
TRX-20260910-000924-001,TRX-20260910-000924,1,SKU-5004,Pembersih Lantai Super Pell 770ml,2,14500.0,29000.0,0.0,True,VOID_ITEM
TRX-20260910-000924-002,TRX-20260910-000924,2,SKU-1004,Tepung Terigu Segitiga Biru 1kg,2,13500.0,27000.0,0.0,False,NONE
TRX-20260910-000924-003,TRX-20260910-000924,3,SKU-1009,Indomie Kuah Ayam Bawang 69g,1,3400.0,3400.0,0.0,False,NONE
TRX-20260910-000924-004,TRX-20260910-000924,4,SKU-3002,Air Mineral Le Minerale 600ml,2,3800.0,7600.0,0.0,False,NONE
TRX-20260910-000924-005,TRX-20260910-000924,5,SKU-3005,Good Day Moccacino 250ml,2,8000.0,16000.0,0.0,False,NONE
TRX-20260910-000925-001,TRX-20260910-000925,1,SKU-2001,Telur Ayam Negeri 1kg,1,31000.0,31000.0,0.0,False,NONE
TRX-20260910-000925-002,TRX-20260910-000925,2,SKU-2007,Sari Roti Tawar Spesial,1,16500.0,16500.0,0.0,False,NONE
TRX-20260910-000925-003,TRX-20260910-000925,3,SKU-2005,Keju Kraft Cheddar 165g,1,24000.0,24000.0,0.0,False,NONE
TRX-20260910-000925-004,TRX-20260910-000925,4,SKU-5006,Baterai ABC Alkaline AA 4s,1,21000.0,21000.0,0.0,False,NONE
TRX-20260910-000925-005,TRX-20260910-000925,5,SKU-4002,Shampoo Sunsilk Black Shine 160ml,1,26000.0,26000.0,0.0,False,NONE
TRX-20260910-000925-006,TRX-20260910-000925,6,SKU-3004,Kopi Kapal Api Spesial Mix 10s,1,15500.0,15500.0,0.0,False,NONE
TRX-20260910-000925-007,TRX-20260910-000925,7,SKU-3007,Chitato Sapi Panggang 68g,2,12500.0,25000.0,0.0,False,NONE
TRX-20260910-000925-008,TRX-20260910-000925,8,SKU-3009,Oreo Original Roll 133g,1,11000.0,11000.0,0.0,False,NONE
TRX-20260910-000926-001,TRX-20260910-000926,1,SKU-3002,Air Mineral Le Minerale 600ml,1,3800.0,3800.0,0.0,False,NONE
TRX-20260910-000927-001,TRX-20260910-000927,1,SKU-3007,Chitato Sapi Panggang 68g,1,12500.0,12500.0,0.0,False,NONE
TRX-20260910-000927-002,TRX-20260910-000927,2,SKU-3009,Oreo Original Roll 133g,1,11000.0,11000.0,0.0,False,NONE
TRX-20260910-000927-003,TRX-20260910-000927,3,SKU-2001,Telur Ayam Negeri 1kg,1,31000.0,31000.0,0.0,False,NONE
TRX-20260910-000928-001,TRX-20260910-000928,1,SKU-2004,Yakult Pack isi 5,1,11500.0,11500.0,0.0,False,NONE
TRX-20260910-000928-002,TRX-20260910-000928,2,SKU-5004,Pembersih Lantai Super Pell 770ml,1,14500.0,14500.0,0.0,False,NONE
TRX-20260910-000928-003,TRX-20260910-000928,3,SKU-1009,Indomie Kuah Ayam Bawang 69g,2,3400.0,6800.0,0.0,False,NONE
TRX-20260910-000928-004,TRX-20260910-000928,4,SKU-3003,Teh Pucuk Harum 350ml,2,4500.0,9000.0,0.0,False,NONE
TRX-20260910-000929-001,TRX-20260910-000929,1,SKU-3002,Air Mineral Le Minerale 600ml,1,3800.0,3800.0,0.0,False,NONE
TRX-20260910-000930-001,TRX-20260910-000930,1,SKU-5004,Pembersih Lantai Super Pell 770ml,1,14500.0,14500.0,0.0,False,NONE
TRX-20260910-000930-002,TRX-20260910-000930,2,SKU-5002,Pewangi Pakaian Molto All in 1 720ml,1,24000.0,24000.0,0.0,False,NONE
TRX-20260910-000930-003,TRX-20260910-000930,3,SKU-4004,Sikat Gigi Formula Double Action 3s,1,15500.0,15500.0,0.0,False,NONE
TRX-20260910-000930-004,TRX-20260910-000930,4,SKU-5003,Sabun Cuci Piring Sunlight 650ml,5,15500.0,77500.0,0.0,False,NONE
TRX-20260910-000930-005,TRX-20260910-000930,5,SKU-1005,Garam Dapur Cap Kapal 250g,1,5000.0,5000.0,0.0,False,NONE
TRX-20260910-000930-006,TRX-20260910-000930,6,SKU-1006,Kecap Manis Bango 520ml,1,25500.0,25500.0,0.0,False,NONE
TRX-20260910-000930-007,TRX-20260910-000930,7,SKU-1009,Indomie Kuah Ayam Bawang 69g,2,3400.0,6800.0,0.0,False,NONE
TRX-20260910-000930-008,TRX-20260910-000930,8,SKU-3001,Air Mineral Aqua 600ml,2,4000.0,8000.0,0.0,False,NONE
TRX-20260910-000930-009,TRX-20260910-000930,9,SKU-4003,Pasta Gigi Pepsodent 190g,2,17000.0,34000.0,0.0,False,NONE
TRX-20260910-000930-010,TRX-20260910-000930,10,SKU-1010,Sedaap Mie Goreng 90g,3,3400.0,10200.0,0.0,False,NONE
TRX-20260910-000930-011,TRX-20260910-000930,11,SKU-1007,Saus Sambal ABC 335ml,2,17500.0,35000.0,0.0,False,NONE
TRX-20260910-000931-001,TRX-20260910-000931,1,SKU-5091,UNKNOWN PRODUCT,1,23000.0,23000.0,0.0,False,TYPO_SKU
TRX-20260910-000931-002,TRX-20260910-000931,2,SKU-1012,Kornet Sapi Pronas 198g,1,26000.0,26000.0,0.0,False,NONE
TRX-20260910-000931-003,TRX-20260910-000931,3,SKU-3008,Taro Net Seaweed 65g,1,9800.0,9800.0,0.0,False,NONE
TRX-20260910-000931-004,TRX-20260910-000931,4,SKU-5003,Sabun Cuci Piring Sunlight 650ml,1,15500.0,15500.0,0.0,False,NONE
TRX-20260910-000931-005,TRX-20260910-000931,5,SKU-5002,Pewangi Pakaian Molto All in 1 720ml,1,24000.0,24000.0,0.0,False,NONE
TRX-20260910-000931-006,TRX-20260910-000931,6,SKU-3007,Chitato Sapi Panggang 68g,1,12500.0,12500.0,0.0,False,NONE
TRX-20260910-000931-007,TRX-20260910-000931,7,SKU-3003,Teh Pucuk Harum 350ml,2,4500.0,9000.0,0.0,False,NONE
TRX-20260910-000932-001,TRX-20260910-000932,1,SKU-3006,Coca Cola 390ml,1,7500.0,7500.0,0.0,False,NONE
TRX-20260910-000932-002,TRX-20260910-000932,2,SKU-3005,Good Day Moccacino 250ml,1,8000.0,8000.0,0.0,False,NONE
TRX-20260910-000932-003,TRX-20260910-000932,3,SKU-2009,UNKNOWN PRODUCT,1,16500.0,16500.0,0.0,False,TYPO_SKU
TRX-20260910-000933-001,TRX-20260910-000933,1,SKU-3008,Taro Net Seaweed 65g,1,9800.0,9800.0,0.0,False,NONE
TRX-20260910-000933-002,TRX-20260910-000933,2,SKU-3004,Kopi Kapal Api Spesial Mix 10s,1,15500.0,15500.0,0.0,False,NONE
TRX-20260910-000934-001,TRX-20260910-000934,1,SKU-2001,Telur Ayam Negeri 1kg,1,31000.0,31000.0,0.0,False,NONE
TRX-20260910-000935-001,TRX-20260910-000935,1,SKU-1005,Garam Dapur Cap Kapal 250g,1,5000.0,5000.0,0.0,False,NONE
TRX-20260910-000935-002,TRX-20260910-000935,2,SKU-1009,Indomie Kuah Ayam Bawang 69g,2,3400.0,6800.0,0.0,False,NONE
TRX-20260910-000935-003,TRX-20260910-000935,3,SKU-3004,Kopi Kapal Api Spesial Mix 10s,1,15500.0,15500.0,0.0,False,NONE
TRX-20260910-000935-004,TRX-20260910-000935,4,SKU-1011,Sarden ABC Saus Tomat 155g,2,12000.0,24000.0,0.0,False,NONE
TRX-20260910-000935-005,TRX-20260910-000935,5,SKU-1004,Tepung Terigu Segitiga Biru 1kg,1,13500.0,13500.0,0.0,False,NONE
TRX-20260910-000935-006,TRX-20260910-000935,6,SKU-3002,Air Mineral Le Minerale 600ml,1,3800.0,3800.0,0.0,False,NONE
TRX-20260910-000936-001,TRX-20260910-000936,1,SKU-2005,Keju Kraft Cheddar 165g,1,24000.0,24000.0,0.0,False,NONE
TRX-20260910-000936-002,TRX-20260910-000936,2,SKU-3006,Coca Cola 390ml,1,7500.0,7500.0,0.0,False,NONE
TRX-20260910-000937-001,TRX-20260910-000937,1,SKU-1012,Kornet Sapi Pronas 198g,2,26000.0,52000.0,0.0,False,NONE
TRX-20260910-000937-002,TRX-20260910-000937,2,SKU-5004,Pembersih Lantai Super Pell 770ml,2,14500.0,29000.0,0.0,False,NONE
TRX-20260910-000937-003,TRX-20260910-000937,3,SKU-2009,UNKNOWN PRODUCT,2,3400.0,6800.0,0.0,False,TYPO_SKU
TRX-20260910-000937-004,TRX-20260910-000937,4,SKU-2001,Telur Ayam Negeri 1kg,1,31000.0,31000.0,0.0,False,NONE
TRX-20260910-000937-005,TRX-20260910-000937,5,SKU-1001,Beras Pandan Wangi 5kg,2,78500.0,157000.0,0.0,False,NONE
TRX-20260910-000937-006,TRX-20260910-000937,6,SKU-1005,Garam Dapur Cap Kapal 250g,1,5000.0,5000.0,0.0,False,NONE
TRX-20260910-000937-007,TRX-20260910-000937,7,SKU-1004,Tepung Terigu Segitiga Biru 1kg,3,13500.0,40500.0,0.0,False,NONE
TRX-20260910-000937-008,TRX-20260910-000937,8,SKU-5003,Sabun Cuci Piring Sunlight 650ml,5,15500.0,77500.0,0.0,False,NONE
TRX-20260910-000937-009,TRX-20260910-000937,9,SKU-4006,Paseo Facial Tissue 250 Sheets,1,16500.0,16500.0,0.0,False,NONE
TRX-20260910-000937-010,TRX-20260910-000937,10,SKU-4004,Sikat Gigi Formula Double Action 3s,2,15500.0,31000.0,0.0,False,NONE
TRX-20260910-000937-011,TRX-20260910-000937,11,SKU-4001,Sabun Mandi Lifebuoy Total 10 450ml,1,27500.0,27500.0,0.0,False,NONE
TRX-20260910-000937-012,TRX-20260910-000937,12,SKU-4002,Shampoo Sunsilk Black Shine 160ml,1,26000.0,26000.0,0.0,False,NONE
TRX-20260910-000937-013,TRX-20260910-000937,13,SKU-4007,Minyak Telon My Baby 90ml,2,28000.0,56000.0,0.0,False,NONE
TRX-20260910-000937-014,TRX-20260910-000937,14,SKU-1010,Sedaap Mie Goreng 90g,2,3400.0,6800.0,0.0,False,NONE
TRX-20260910-000937-015,TRX-20260910-000937,15,SKU-5006,Baterai ABC Alkaline AA 4s,3,21000.0,63000.0,0.0,False,NONE
TRX-20260910-000937-016,TRX-20260910-000937,16,SKU-4005,Rexona Deodorant Roll On 45ml,3,20500.0,61500.0,0.0,False,NONE
TRX-20260910-000937-017,TRX-20260910-000937,17,SKU-4003,Pasta Gigi Pepsodent 190g,2,17000.0,34000.0,0.0,False,NONE
TRX-20260910-000937-018,TRX-20260910-000937,18,SKU-1006,Kecap Manis Bango 520ml,1,25500.0,25500.0,0.0,False,NONE
TRX-20260910-000937-019,TRX-20260910-000937,19,SKU-1002,Minyak Goreng Bimoli 2L,2,37500.0,75000.0,0.0,False,NONE
TRX-20260910-000937-020,TRX-20260910-000937,20,SKU-1007,Saus Sambal ABC 335ml,1,17500.0,17500.0,0.0,False,NONE
TRX-20260910-000938-001,TRX-20260910-000938,1,SKU-3007,Chitato Sapi Panggang 68g,1,12500.0,12500.0,0.0,False,NONE
TRX-20260910-000938-002,TRX-20260910-000938,2,SKU-3009,Oreo Original Roll 133g,1,11000.0,11000.0,0.0,False,NONE
TRX-20260910-000938-003,TRX-20260910-000938,3,SKU-3001,Air Mineral Aqua 600ml,1,4000.0,4000.0,0.0,False,NONE
TRX-20260910-000939-001,TRX-20260910-000939,1,SKU-2006,Mentega Blue Band 200g,1,12500.0,12500.0,0.0,False,NONE
TRX-20260910-000939-002,TRX-20260910-000939,2,SKU-2008,Sari Roti Sobek Cokelat,1,19500.0,19500.0,0.0,False,NONE
TRX-20260910-000940-001,TRX-20260910-000940,1,SKU-3001,Air Mineral Aqua 600ml,1,4000.0,4000.0,0.0,False,NONE
TRX-20260910-000940-002,TRX-20260910-000940,2,SKU-3005,Good Day Moccacino 250ml,1,8000.0,8000.0,0.0,False,NONE
TRX-20260910-000940-003,TRX-20260910-000940,3,SKU-3009,Oreo Original Roll 133g,1,11000.0,11000.0,0.0,False,NONE
TRX-20260910-000941-001,TRX-20260910-000941,1,SKU-2004,Yakult Pack isi 5,1,11500.0,11500.0,0.0,False,NONE
TRX-20260910-000941-002,TRX-20260910-000941,2,SKU-3009,Oreo Original Roll 133g,1,11000.0,11000.0,0.0,False,NONE
TRX-20260910-000942-001,TRX-20260910-000942,1,SKU-3003,Teh Pucuk Harum 350ml,1,4500.0,4500.0,0.0,False,NONE
TRX-20260910-000942-002,TRX-20260910-000942,2,SKU-2008,Sari Roti Sobek Cokelat,1,19500.0,19500.0,0.0,False,NONE
TRX-20260910-000942-003,TRX-20260910-000942,3,SKU-4007,Minyak Telon My Baby 90ml,1,28000.0,28000.0,0.0,False,NONE
TRX-20260910-000942-004,TRX-20260910-000942,4,SKU-2003,Susu Ultra Milk Cokelat 1L,1,21500.0,21500.0,0.0,False,NONE
TRX-20260910-000942-005,TRX-20260910-000942,5,SKU-3010,SilverQueen Cokelat Mede 58g,1,17000.0,17000.0,0.0,False,NONE
TRX-20260910-000942-006,TRX-20260910-000942,6,SKU-3004,Kopi Kapal Api Spesial Mix 10s,1,15500.0,15500.0,0.0,True,VOID_ITEM
TRX-20260910-000942-007,TRX-20260910-000942,7,SKU-3028,UNKNOWN PRODUCT,2,9800.0,19600.0,0.0,False,TYPO_SKU
TRX-20260910-000942-008,TRX-20260910-000942,8,SKU-3005,Good Day Moccacino 250ml,2,8000.0,16000.0,0.0,False,NONE
TRX-20260910-000943-001,TRX-20260910-000943,1,SKU-1013,UNKNOWN PRODUCT,5,26000.0,130000.0,0.0,False,TYPO_SKU
TRX-20260910-000943-002,TRX-20260910-000943,2,SKU-1011,Sarden ABC Saus Tomat 155g,1,12000.0,12000.0,0.0,False,NONE
TRX-20260910-000943-003,TRX-20260910-000943,3,SKU-1909,UNKNOWN PRODUCT,1,3400.0,3400.0,0.0,False,TYPO_SKU
TRX-20260910-000943-004,TRX-20260910-000943,4,SKU-4002,Shampoo Sunsilk Black Shine 160ml,2,26000.0,52000.0,0.0,False,NONE
TRX-20260910-000943-005,TRX-20260910-000943,5,SKU-5006,Baterai ABC Alkaline AA 4s,1,21000.0,21000.0,0.0,False,NONE
TRX-20260910-000943-006,TRX-20260910-000943,6,SKU-5004,Pembersih Lantai Super Pell 770ml,1,14500.0,14500.0,0.0,False,NONE
TRX-20260910-000943-007,TRX-20260910-000943,7,SKU-5002,Pewangi Pakaian Molto All in 1 720ml,1,24000.0,24000.0,0.0,False,NONE
TRX-20260910-000943-008,TRX-20260910-000943,8,SKU-1002,Minyak Goreng Bimoli 2L,1,37500.0,37500.0,0.0,False,NONE
TRX-20260910-000943-009,TRX-20260910-000943,9,SKU-1001,Beras Pandan Wangi 5kg,1,78500.0,78500.0,0.0,False,NONE
TRX-20260910-000943-010,TRX-20260910-000943,10,SKU-1001,Beras Pandan Wangi 5kg,2,78500.0,157000.0,0.0,False,NONE
TRX-20260910-000943-011,TRX-20260910-000943,11,SKU-4004,Sikat Gigi Formula Double Action 3s,1,15500.0,15500.0,0.0,False,NONE
TRX-20260910-000943-012,TRX-20260910-000943,12,SKU-1004,Tepung Terigu Segitiga Biru 1kg,1,13500.0,13500.0,0.0,False,NONE
TRX-20260910-000943-013,TRX-20260910-000943,13,SKU-5005,Baygon Obat Nyamuk Semprot 600ml,1,42000.0,42000.0,0.0,False,NONE
TRX-20260910-000943-014,TRX-20260910-000943,14,SKU-1007,Saus Sambal ABC 335ml,3,17500.0,52500.0,0.0,False,NONE
TRX-20260910-000943-015,TRX-20260910-000943,15,SKU-4007,Minyak Telon My Baby 90ml,2,28000.0,56000.0,0.0,False,NONE
TRX-20260910-000943-016,TRX-20260910-000943,16,SKU-1003,Gula Pasir Gulaku 1kg,5,17500.0,87500.0,0.0,False,NONE
TRX-20260910-000943-017,TRX-20260910-000943,17,SKU-4006,Paseo Facial Tissue 250 Sheets,2,16500.0,33000.0,0.0,False,NONE
TRX-20260910-000943-018,TRX-20260910-000943,18,SKU-5001,Deterjen Rinso Anti Noda 770g,1,23000.0,23000.0,0.0,False,NONE
TRX-20260910-000944-001,TRX-20260910-000944,1,SKU-5005,Baygon Obat Nyamuk Semprot 600ml,2,42000.0,84000.0,0.0,False,NONE
TRX-20260910-000944-002,TRX-20260910-000944,2,SKU-1007,Saus Sambal ABC 335ml,2,17500.0,35000.0,0.0,False,NONE
TRX-20260910-000944-003,TRX-20260910-000944,3,SKU-4003,Pasta Gigi Pepsodent 190g,1,17000.0,17000.0,0.0,False,NONE
TRX-20260910-000944-004,TRX-20260910-000944,4,SKU-1006,Kecap Manis Bango 520ml,1,25500.0,25500.0,0.0,False,NONE
TRX-20260910-000944-005,TRX-20260910-000944,5,SKU-4007,Minyak Telon My Baby 90ml,3,28000.0,84000.0,0.0,False,NONE
TRX-20260910-000944-006,TRX-20260910-000944,6,SKU-1012,Kornet Sapi Pronas 198g,2,26000.0,52000.0,0.0,False,NONE
TRX-20260910-000944-007,TRX-20260910-000944,7,SKU-1004,Tepung Terigu Segitiga Biru 1kg,2,13500.0,27000.0,0.0,False,NONE
TRX-20260910-000944-008,TRX-20260910-000944,8,SKU-5002,Pewangi Pakaian Molto All in 1 720ml,1,24000.0,24000.0,0.0,False,NONE
TRX-20260910-000944-009,TRX-20260910-000944,9,SKU-1007,Saus Sambal ABC 335ml,1,17500.0,17500.0,0.0,False,TYPO_SKU
TRX-20260910-000944-010,TRX-20260910-000944,10,SKU-3001,Air Mineral Aqua 600ml,2,4000.0,8000.0,0.0,False,NONE
TRX-20260910-000944-011,TRX-20260910-000944,11,SKU-1003,Gula Pasir Gulaku 1kg,2,17500.0,35000.0,0.0,False,NONE
TRX-20260910-000944-012,TRX-20260910-000944,12,SKU-1002,Minyak Goreng Bimoli 2L,2,37500.0,75000.0,0.0,False,NONE
TRX-20260910-000944-013,TRX-20260910-000944,13,SKU-1001,Beras Pandan Wangi 5kg,2,78500.0,157000.0,0.0,False,NONE
TRX-20260910-000944-014,TRX-20260910-000944,14,SKU-4004,Sikat Gigi Formula Double Action 3s,3,15500.0,46500.0,0.0,False,NONE
TRX-20260910-000944-015,TRX-20260910-000944,15,SKU-5001,Deterjen Rinso Anti Noda 770g,2,23000.0,46000.0,0.0,False,NONE
TRX-20260910-000944-016,TRX-20260910-000944,16,SKU-5003,Sabun Cuci Piring Sunlight 650ml,2,15500.0,31000.0,0.0,False,NONE
TRX-20260910-000944-017,TRX-20260910-000944,17,SKU-1001,Beras Pandan Wangi 5kg,2,78500.0,157000.0,0.0,False,NONE
TRX-20260910-000944-018,TRX-20260910-000944,18,SKU-5003,Sabun Cuci Piring Sunlight 650ml,2,15500.0,31000.0,0.0,False,NONE
TRX-20260910-000945-001,TRX-20260910-000945,1,SKU-3008,Taro Net Seaweed 65g,1,9800.0,9800.0,0.0,False,NONE
TRX-20260910-000945-002,TRX-20260910-000945,2,SKU-3004,Kopi Kapal Api Spesial Mix 10s,1,15500.0,15500.0,0.0,False,NONE
TRX-20260910-000946-001,TRX-20260910-000946,1,SKU-3009,Oreo Original Roll 133g,1,11000.0,11000.0,0.0,False,NONE
TRX-20260910-000946-002,TRX-20260910-000946,2,SKU-3006,Coca Cola 390ml,1,7500.0,7500.0,0.0,False,NONE
TRX-20260910-000946-003,TRX-20260910-000946,3,SKU-3003,Teh Pucuk Harum 350ml,1,4500.0,4500.0,0.0,False,NONE
TRX-20260910-000947-001,TRX-20260910-000947,1,SKU-4007,Minyak Telon My Baby 90ml,1,28000.0,28000.0,0.0,False,NONE
TRX-20260910-000947-002,TRX-20260910-000947,2,SKU-4003,Pasta Gigi Pepsodent 190g,1,17000.0,17000.0,0.0,False,NONE
TRX-20260910-000947-003,TRX-20260910-000947,3,SKU-5001,Deterjen Rinso Anti Noda 770g,5,23000.0,115000.0,0.0,False,NONE
TRX-20260910-000947-004,TRX-20260910-000947,4,SKU-5002,Pewangi Pakaian Molto All in 1 720ml,2,24000.0,48000.0,0.0,False,NONE
TRX-20260910-000947-005,TRX-20260910-000947,5,SKU-1006,Kecap Manis Bango 520ml,2,25500.0,51000.0,0.0,False,NONE
TRX-20260910-000947-006,TRX-20260910-000947,6,SKU-1007,Saus Sambal ABC 335ml,2,17500.0,35000.0,0.0,False,NONE
TRX-20260910-000947-007,TRX-20260910-000947,7,SKU-1005,Garam Dapur Cap Kapal 250g,5,5000.0,25000.0,0.0,False,NONE
TRX-20260910-000947-008,TRX-20260910-000947,8,SKU-1011,Sarden ABC Saus Tomat 155g,1,12000.0,12000.0,0.0,False,NONE
TRX-20260910-000947-009,TRX-20260910-000947,9,SKU-5006,Baterai ABC Alkaline AA 4s,1,21000.0,21000.0,0.0,False,NONE
TRX-20260910-000947-010,TRX-20260910-000947,10,SKU-4004,Sikat Gigi Formula Double Action 3s,1,15500.0,15500.0,0.0,False,NONE
TRX-20260910-000947-011,TRX-20260910-000947,11,SKU-1001,Beras Pandan Wangi 5kg,2,78500.0,157000.0,0.0,False,NONE
TRX-20260910-000947-012,TRX-20260910-000947,12,SKU-1003,Gula Pasir Gulaku 1kg,2,17500.0,35000.0,0.0,False,NONE
TRX-20260910-000947-013,TRX-20260910-000947,13,SKU-5004,Pembersih Lantai Super Pell 770ml,1,14500.0,14500.0,0.0,False,NONE
TRX-20260910-000947-014,TRX-20260910-000947,14,SKU-1008,Indomie Goreng Spesial 85g,2,3500.0,7000.0,0.0,False,NONE
TRX-20260910-000947-015,TRX-20260910-000947,15,SKU-2001,Telur Ayam Negeri 1kg,2,31000.0,62000.0,0.0,False,NONE
TRX-20260910-000948-001,TRX-20260910-000948,1,SKU-3008,Taro Net Seaweed 65g,1,9800.0,9800.0,0.0,False,NONE
TRX-20260910-000948-002,TRX-20260910-000948,2,SKU-3001,Air Mineral Aqua 600ml,1,4000.0,4000.0,0.0,False,NONE
TRX-20260910-000949-001,TRX-20260910-000949,1,SKU-1001,Beras Pandan Wangi 5kg,1,78500.0,78500.0,0.0,False,NONE
TRX-20260910-000949-002,TRX-20260910-000949,2,SKU-4001,Sabun Mandi Lifebuoy Total 10 450ml,1,27500.0,27500.0,0.0,False,NONE
TRX-20260910-000949-003,TRX-20260910-000949,3,SKU-1007,Saus Sambal ABC 335ml,1,17500.0,17500.0,0.0,False,NONE
TRX-20260910-000949-004,TRX-20260910-000949,4,SKU-5003,Sabun Cuci Piring Sunlight 650ml,3,15500.0,46500.0,0.0,False,NONE
TRX-20260910-000949-005,TRX-20260910-000949,5,SKU-5002,Pewangi Pakaian Molto All in 1 720ml,3,24000.0,72000.0,0.0,False,NONE
TRX-20260910-000949-006,TRX-20260910-000949,6,SKU-1002,Minyak Goreng Bimoli 2L,5,37500.0,187500.0,0.0,False,NONE
TRX-20260910-000949-007,TRX-20260910-000949,7,SKU-1006,Kecap Manis Bango 520ml,2,25500.0,51000.0,0.0,False,NONE
TRX-20260910-000949-008,TRX-20260910-000949,8,SKU-1011,Sarden ABC Saus Tomat 155g,3,12000.0,36000.0,0.0,False,NONE
TRX-20260910-000949-009,TRX-20260910-000949,9,SKU-4004,Sikat Gigi Formula Double Action 3s,2,15500.0,31000.0,0.0,False,NONE
TRX-20260910-000949-010,TRX-20260910-000949,10,SKU-1005,Garam Dapur Cap Kapal 250g,1,5000.0,5000.0,0.0,False,NONE
TRX-20260910-000949-011,TRX-20260910-000949,11,SKU-4003,Pasta Gigi Pepsodent 190g,2,17000.0,34000.0,0.0,False,NONE
TRX-20260910-000950-001,TRX-20260910-000950,1,SKU-3007,Chitato Sapi Panggang 68g,1,12500.0,12500.0,0.0,False,NONE
TRX-20260910-000950-002,TRX-20260910-000950,2,SKU-1012,Kornet Sapi Pronas 198g,1,26000.0,26000.0,0.0,False,NONE
TRX-20260910-000950-003,TRX-20260910-000950,3,SKU-4006,Paseo Facial Tissue 250 Sheets,1,16500.0,16500.0,0.0,False,NONE
TRX-20260910-000950-004,TRX-20260910-000950,4,SKU-2007,Sari Roti Tawar Spesial,1,16500.0,16500.0,0.0,False,NONE
TRX-20260910-000950-005,TRX-20260910-000950,5,SKU-3008,Taro Net Seaweed 65g,1,9800.0,9800.0,0.0,False,NONE
TRX-20260910-000950-006,TRX-20260910-000950,6,SKU-5001,Deterjen Rinso Anti Noda 770g,1,23000.0,23000.0,0.0,False,TYPO_SKU
TRX-20260910-000950-007,TRX-20260910-000950,7,SKU-3002,Air Mineral Le Minerale 600ml,1,3800.0,3800.0,0.0,False,NONE
TRX-20260910-000950-008,TRX-20260910-000950,8,SKU-3010,SilverQueen Cokelat Mede 58g,1,17000.0,17000.0,0.0,False,NONE
TRX-20260910-000951-001,TRX-20260910-000951,1,SKU-1001,Beras Pandan Wangi 5kg,5,78500.0,392500.0,0.0,False,NONE
TRX-20260910-000951-002,TRX-20260910-000951,2,SKU-5006,Baterai ABC Alkaline AA 4s,5,21000.0,105000.0,0.0,False,NONE
TRX-20260910-000951-003,TRX-20260910-000951,3,SKU-1002,Minyak Goreng Bimoli 2L,2,37500.0,75000.0,0.0,False,NONE
TRX-20260910-000951-004,TRX-20260910-000951,4,SKU-1010,Sedaap Mie Goreng 90g,1,3400.0,3400.0,0.0,False,NONE
TRX-20260910-000951-005,TRX-20260910-000951,5,SKU-1007,Saus Sambal ABC 335ml,1,17500.0,17500.0,0.0,False,NONE
TRX-20260910-000951-006,TRX-20260910-000951,6,SKU-1004,Tepung Terigu Segitiga Biru 1kg,1,13500.0,13500.0,0.0,False,NONE
TRX-20260910-000951-007,TRX-20260910-000951,7,SKU-4007,Minyak Telon My Baby 90ml,5,28000.0,140000.0,0.0,False,NONE
TRX-20260910-000951-008,TRX-20260910-000951,8,SKU-1008,Indomie Goreng Spesial 85g,2,3500.0,7000.0,0.0,False,NONE
TRX-20260910-000951-009,TRX-20260910-000951,9,SKU-4002,Shampoo Sunsilk Black Shine 160ml,1,26000.0,26000.0,0.0,False,NONE
TRX-20260910-000951-010,TRX-20260910-000951,10,SKU-4003,Pasta Gigi Pepsodent 190g,2,17000.0,34000.0,0.0,False,NONE
TRX-20260910-000951-011,TRX-20260910-000951,11,SKU-1011,Sarden ABC Saus Tomat 155g,1,12000.0,12000.0,0.0,False,NONE
TRX-20260910-000951-012,TRX-20260910-000951,12,SKU-5001,Deterjen Rinso Anti Noda 770g,5,23000.0,115000.0,0.0,False,NONE
TRX-20260910-000951-013,TRX-20260910-000951,13,SKU-5003,Sabun Cuci Piring Sunlight 650ml,2,15500.0,31000.0,0.0,False,NONE
TRX-20260910-000952-001,TRX-20260910-000952,1,SKU-3005,Good Day Moccacino 250ml,1,8000.0,8000.0,0.0,False,NONE
TRX-20260910-000952-002,TRX-20260910-000952,2,SKU-3006,Coca Cola 390ml,1,7500.0,7500.0,0.0,False,NONE
TRX-20260910-000953-001,TRX-20260910-000953,1,SKU-3024,UNKNOWN PRODUCT,2,15500.0,31000.0,0.0,False,TYPO_SKU
TRX-20260910-000953-002,TRX-20260910-000953,2,SKU-3002,Air Mineral Le Minerale 600ml,2,3800.0,7600.0,0.0,False,NONE
TRX-20260910-000953-003,TRX-20260910-000953,3,SKU-3008,Taro Net Seaweed 65g,2,9800.0,19600.0,0.0,False,NONE
TRX-20260910-000953-004,TRX-20260910-000953,4,SKU-1019,UNKNOWN PRODUCT,1,3400.0,3400.0,0.0,False,TYPO_SKU
TRX-20260910-000953-005,TRX-20260910-000953,5,SKU-3009,Oreo Original Roll 133g,1,11000.0,11000.0,0.0,False,NONE
TRX-20260910-000953-006,TRX-20260910-000953,6,SKU-1011,Sarden ABC Saus Tomat 155g,1,12000.0,12000.0,0.0,False,NONE
TRX-20260910-000954-001,TRX-20260910-000954,1,SKU-2006,Mentega Blue Band 200g,2,12500.0,25000.0,0.0,False,NONE
TRX-20260910-000954-002,TRX-20260910-000954,2,SKU-5003,Sabun Cuci Piring Sunlight 650ml,1,15500.0,15500.0,0.0,False,NONE
TRX-20260910-000954-003,TRX-20260910-000954,3,SKU-3001,Air Mineral Aqua 600ml,1,4000.0,4000.0,0.0,False,NONE
TRX-20260910-000954-004,TRX-20260910-000954,4,SKU-3007,Chitato Sapi Panggang 68g,1,12500.0,12500.0,0.0,False,NONE
TRX-20260910-000954-005,TRX-20260910-000954,5,SKU-5004,Pembersih Lantai Super Pell 770ml,1,14500.0,14500.0,0.0,False,NONE
TRX-20260910-000954-006,TRX-20260910-000954,6,SKU-3006,Coca Cola 390ml,1,7500.0,7500.0,0.0,False,NONE
TRX-20260910-000954-007,TRX-20260910-000954,7,SKU-4004,Sikat Gigi Formula Double Action 3s,2,15500.0,31000.0,0.0,True,VOID_ITEM
TRX-20260910-000955-001,TRX-20260910-000955,1,SKU-1004,Tepung Terigu Segitiga Biru 1kg,1,13500.0,13500.0,0.0,False,NONE
TRX-20260910-000955-002,TRX-20260910-000955,2,SKU-5006,Baterai ABC Alkaline AA 4s,2,21000.0,42000.0,0.0,False,NONE
TRX-20260910-000955-003,TRX-20260910-000955,3,SKU-4007,Minyak Telon My Baby 90ml,1,28000.0,28000.0,0.0,False,NONE
TRX-20260910-000955-004,TRX-20260910-000955,4,SKU-1007,Saus Sambal ABC 335ml,2,17500.0,35000.0,0.0,False,NONE
TRX-20260910-000955-005,TRX-20260910-000955,5,SKU-1001,Beras Pandan Wangi 5kg,2,78500.0,157000.0,0.0,False,NONE
TRX-20260910-000955-006,TRX-20260910-000955,6,SKU-1011,Sarden ABC Saus Tomat 155g,1,12000.0,12000.0,0.0,False,TYPO_SKU
TRX-20260910-000955-007,TRX-20260910-000955,7,SKU-4005,Rexona Deodorant Roll On 45ml,3,20500.0,61500.0,0.0,False,NONE
TRX-20260910-000955-008,TRX-20260910-000955,8,SKU-5003,Sabun Cuci Piring Sunlight 650ml,3,15500.0,46500.0,0.0,False,NONE
TRX-20260910-000955-009,TRX-20260910-000955,9,SKU-4002,Shampoo Sunsilk Black Shine 160ml,1,26000.0,26000.0,0.0,False,NONE
TRX-20260910-000955-010,TRX-20260910-000955,10,SKU-4001,Sabun Mandi Lifebuoy Total 10 450ml,1,27500.0,27500.0,0.0,False,NONE
TRX-20260910-000955-011,TRX-20260910-000955,11,SKU-4013,UNKNOWN PRODUCT,1,17000.0,17000.0,0.0,False,TYPO_SKU
TRX-20260910-000955-012,TRX-20260910-000955,12,SKU-1005,Garam Dapur Cap Kapal 250g,3,5000.0,15000.0,0.0,False,NONE
TRX-20260910-000955-013,TRX-20260910-000955,13,SKU-1009,Indomie Kuah Ayam Bawang 69g,1,3400.0,3400.0,0.0,False,NONE
TRX-20260910-000955-014,TRX-20260910-000955,14,SKU-3001,Air Mineral Aqua 600ml,1,4000.0,4000.0,0.0,False,NONE
TRX-20260910-000955-015,TRX-20260910-000955,15,SKU-4004,Sikat Gigi Formula Double Action 3s,3,15500.0,46500.0,0.0,False,NONE
TRX-20260910-000955-016,TRX-20260910-000955,16,SKU-1012,Kornet Sapi Pronas 198g,2,26000.0,52000.0,0.0,False,NONE
TRX-20260910-000955-017,TRX-20260910-000955,17,SKU-4006,Paseo Facial Tissue 250 Sheets,5,16500.0,82500.0,0.0,False,NONE
TRX-20260910-000955-018,TRX-20260910-000955,18,SKU-1006,Kecap Manis Bango 520ml,2,25500.0,51000.0,0.0,False,NONE
TRX-20260910-000956-001,TRX-20260910-000956,1,SKU-2003,Susu Ultra Milk Cokelat 1L,1,21500.0,21500.0,0.0,False,NONE
TRX-20260910-000956-002,TRX-20260910-000956,2,SKU-2004,Yakult Pack isi 5,1,11500.0,11500.0,0.0,False,NONE
TRX-20260910-000957-001,TRX-20260910-000957,1,SKU-3005,Good Day Moccacino 250ml,1,8000.0,8000.0,0.0,False,NONE
TRX-20260910-000957-002,TRX-20260910-000957,2,SKU-2003,Susu Ultra Milk Cokelat 1L,1,21500.0,21500.0,0.0,False,NONE
TRX-20260910-000957-003,TRX-20260910-000957,3,SKU-3004,Kopi Kapal Api Spesial Mix 10s,1,15500.0,15500.0,0.0,False,NONE
TRX-20260910-000958-001,TRX-20260910-000958,1,SKU-3005,Good Day Moccacino 250ml,1,8000.0,8000.0,0.0,False,NONE
TRX-20260910-000958-002,TRX-20260910-000958,2,SKU-3009,Oreo Original Roll 133g,2,11000.0,22000.0,0.0,False,NONE
TRX-20260910-000958-003,TRX-20260910-000958,3,SKU-1008,Indomie Goreng Spesial 85g,1,3500.0,3500.0,0.0,False,NONE
TRX-20260910-000958-004,TRX-20260910-000958,4,SKU-5004,Pembersih Lantai Super Pell 770ml,1,14500.0,14500.0,0.0,False,NONE
TRX-20260910-000958-005,TRX-20260910-000958,5,SKU-1004,Tepung Terigu Segitiga Biru 1kg,1,13500.0,13500.0,0.0,False,NONE
TRX-20260910-000959-001,TRX-20260910-000959,1,SKU-4004,Sikat Gigi Formula Double Action 3s,1,15500.0,15500.0,0.0,False,NONE
TRX-20260910-000959-002,TRX-20260910-000959,2,SKU-1008,Indomie Goreng Spesial 85g,1,3500.0,3500.0,0.0,False,NONE
TRX-20260910-000959-003,TRX-20260910-000959,3,SKU-3007,Chitato Sapi Panggang 68g,2,12500.0,25000.0,0.0,False,NONE
TRX-20260910-000959-004,TRX-20260910-000959,4,SKU-1010,Sedaap Mie Goreng 90g,2,3400.0,6800.0,0.0,False,NONE
TRX-20260910-000959-005,TRX-20260910-000959,5,SKU-2006,Mentega Blue Band 200g,1,12500.0,12500.0,0.0,False,NONE
TRX-20260910-000959-006,TRX-20260910-000959,6,SKU-1005,Garam Dapur Cap Kapal 250g,2,5000.0,10000.0,0.0,False,NONE
TRX-20260910-000959-007,TRX-20260910-000959,7,SKU-3006,Coca Cola 390ml,1,7500.0,7500.0,0.0,False,NONE
TRX-20260910-000959-008,TRX-20260910-000959,8,SKU-3909,UNKNOWN PRODUCT,1,11000.0,11000.0,0.0,False,TYPO_SKU
TRX-20260910-000959-009,TRX-20260910-000959,9,SKU-1011,Sarden ABC Saus Tomat 155g,1,12000.0,12000.0,0.0,False,NONE
TRX-20260910-000960-001,TRX-20260910-000960,1,SKU-2006,Mentega Blue Band 200g,1,12500.0,12500.0,0.0,False,NONE
TRX-20260910-000961-001,TRX-20260910-000961,1,SKU-2006,Mentega Blue Band 200g,1,12500.0,12500.0,0.0,False,NONE
TRX-20260910-000961-002,TRX-20260910-000961,2,SKU-2004,Yakult Pack isi 5,1,11500.0,11500.0,0.0,False,NONE
TRX-20260910-000961-003,TRX-20260910-000961,3,SKU-3001,Air Mineral Aqua 600ml,1,4000.0,4000.0,0.0,False,NONE
TRX-20260910-000962-001,TRX-20260910-000962,1,SKU-3004,Kopi Kapal Api Spesial Mix 10s,2,15500.0,31000.0,0.0,False,NONE
TRX-20260910-000962-002,TRX-20260910-000962,2,SKU-3001,Air Mineral Aqua 600ml,1,4000.0,4000.0,0.0,False,NONE
TRX-20260910-000962-003,TRX-20260910-000962,3,SKU-1009,Indomie Kuah Ayam Bawang 69g,1,3400.0,3400.0,0.0,False,NONE
TRX-20260910-000962-004,TRX-20260910-000962,4,SKU-5003,Sabun Cuci Piring Sunlight 650ml,1,15500.0,15500.0,0.0,False,NONE
TRX-20260910-000963-001,TRX-20260910-000963,1,SKU-3008,Taro Net Seaweed 65g,1,9800.0,9800.0,0.0,False,NONE
TRX-20260910-000963-002,TRX-20260910-000963,2,SKU-3004,Kopi Kapal Api Spesial Mix 10s,1,15500.0,15500.0,0.0,False,NONE
TRX-20260910-000963-003,TRX-20260910-000963,3,SKU-1001,Beras Pandan Wangi 5kg,1,78500.0,78500.0,0.0,False,NONE
TRX-20260910-000963-004,TRX-20260910-000963,4,SKU-3005,Good Day Moccacino 250ml,1,8000.0,8000.0,0.0,False,NONE
TRX-20260910-000963-005,TRX-20260910-000963,5,SKU-3003,Teh Pucuk Harum 350ml,1,4500.0,4500.0,0.0,False,NONE
TRX-20260910-000964-001,TRX-20260910-000964,1,SKU-4002,Shampoo Sunsilk Black Shine 160ml,1,26000.0,26000.0,0.0,False,NONE
TRX-20260910-000964-002,TRX-20260910-000964,2,SKU-3007,Chitato Sapi Panggang 68g,1,12500.0,12500.0,0.0,False,NONE
TRX-20260910-000964-003,TRX-20260910-000964,3,SKU-4003,Pasta Gigi Pepsodent 190g,1,17000.0,17000.0,0.0,False,NONE
TRX-20260910-000964-004,TRX-20260910-000964,4,SKU-3005,Good Day Moccacino 250ml,1,8000.0,8000.0,0.0,False,NONE
TRX-20260910-000964-005,TRX-20260910-000964,5,SKU-1007,Saus Sambal ABC 335ml,1,17500.0,17500.0,0.0,False,NONE
TRX-20260910-000964-006,TRX-20260910-000964,6,SKU-4010,UNKNOWN PRODUCT,2,17000.0,34000.0,0.0,False,TYPO_SKU
TRX-20260910-000964-007,TRX-20260910-000964,7,SKU-3005,Good Day Moccacino 250ml,2,8000.0,16000.0,0.0,False,NONE
TRX-20260910-000964-008,TRX-20260910-000964,8,SKU-3002,Air Mineral Le Minerale 600ml,1,3800.0,3800.0,0.0,False,NONE
TRX-20260910-000965-001,TRX-20260910-000965,1,SKU-3004,Kopi Kapal Api Spesial Mix 10s,1,15500.0,15500.0,0.0,False,NONE
TRX-20260910-000965-002,TRX-20260910-000965,2,SKU-1011,Sarden ABC Saus Tomat 155g,1,12000.0,12000.0,0.0,False,NONE
TRX-20260910-000965-003,TRX-20260910-000965,3,SKU-1010,Sedaap Mie Goreng 90g,1,3400.0,3400.0,0.0,False,NONE
TRX-20260910-000965-004,TRX-20260910-000965,4,SKU-3003,Teh Pucuk Harum 350ml,2,4500.0,9000.0,0.0,False,NONE
TRX-20260910-000966-001,TRX-20260910-000966,1,SKU-1009,Indomie Kuah Ayam Bawang 69g,1,3400.0,3400.0,0.0,False,NONE
TRX-20260910-000966-002,TRX-20260910-000966,2,SKU-5002,Pewangi Pakaian Molto All in 1 720ml,1,24000.0,24000.0,0.0,False,NONE
TRX-20260910-000966-003,TRX-20260910-000966,3,SKU-2003,Susu Ultra Milk Cokelat 1L,1,21500.0,21500.0,0.0,False,NONE
TRX-20260910-000966-004,TRX-20260910-000966,4,SKU-3003,Teh Pucuk Harum 350ml,1,4500.0,4500.0,0.0,False,NONE
TRX-20260910-000966-005,TRX-20260910-000966,5,SKU-3002,Air Mineral Le Minerale 600ml,2,3800.0,7600.0,0.0,False,NONE
TRX-20260910-000967-001,TRX-20260910-000967,1,SKU-2006,Mentega Blue Band 200g,1,12500.0,12500.0,0.0,False,NONE
TRX-20260910-000968-001,TRX-20260910-000968,1,SKU-1008,Indomie Goreng Spesial 85g,1,3500.0,3500.0,0.0,False,NONE
TRX-20260910-000968-002,TRX-20260910-000968,2,SKU-2006,Mentega Blue Band 200g,2,12500.0,25000.0,0.0,False,NONE
TRX-20260910-000968-003,TRX-20260910-000968,3,SKU-3007,Chitato Sapi Panggang 68g,1,12500.0,12500.0,0.0,False,NONE
TRX-20260910-000968-004,TRX-20260910-000968,4,SKU-2004,Yakult Pack isi 5,1,11500.0,11500.0,0.0,False,NONE
TRX-20260910-000969-001,TRX-20260910-000969,1,SKU-1011,Sarden ABC Saus Tomat 155g,1,12000.0,12000.0,0.0,False,NONE
TRX-20260910-000969-002,TRX-20260910-000969,2,SKU-3005,Good Day Moccacino 250ml,1,8000.0,8000.0,0.0,False,NONE
TRX-20260910-000969-003,TRX-20260910-000969,3,SKU-3003,Teh Pucuk Harum 350ml,1,4500.0,4500.0,0.0,False,NONE
TRX-20260910-000969-004,TRX-20260910-000969,4,SKU-1010,Sedaap Mie Goreng 90g,1,3400.0,3400.0,0.0,False,NONE
TRX-20260910-000969-005,TRX-20260910-000969,5,SKU-3008,Taro Net Seaweed 65g,1,9800.0,9800.0,0.0,False,NONE
TRX-20260910-000969-006,TRX-20260910-000969,6,SKU-3001,Air Mineral Aqua 600ml,2,4000.0,8000.0,0.0,False,NONE
TRX-20260910-000969-007,TRX-20260910-000969,7,SKU-2004,Yakult Pack isi 5,1,11500.0,11500.0,0.0,False,NONE
TRX-20260910-000969-008,TRX-20260910-000969,8,SKU-2006,Mentega Blue Band 200g,2,12500.0,25000.0,0.0,False,NONE
TRX-20260910-000970-001,TRX-20260910-000970,1,SKU-2003,Susu Ultra Milk Cokelat 1L,1,21500.0,21500.0,0.0,False,NONE
TRX-20260910-000970-002,TRX-20260910-000970,2,SKU-3003,Teh Pucuk Harum 350ml,1,4500.0,4500.0,0.0,False,NONE
TRX-20260910-000971-001,TRX-20260910-000971,1,SKU-2008,Sari Roti Sobek Cokelat,1,19500.0,19500.0,0.0,False,NONE
TRX-20260910-000971-002,TRX-20260910-000971,2,SKU-2001,Telur Ayam Negeri 1kg,1,31000.0,31000.0,0.0,False,NONE
TRX-20260910-000971-003,TRX-20260910-000971,3,SKU-3001,Air Mineral Aqua 600ml,1,4000.0,4000.0,0.0,False,NONE
TRX-20260910-000972-001,TRX-20260910-000972,1,SKU-1003,Gula Pasir Gulaku 1kg,2,17500.0,35000.0,0.0,False,NONE
TRX-20260910-000972-002,TRX-20260910-000972,2,SKU-5003,Sabun Cuci Piring Sunlight 650ml,1,15500.0,15500.0,0.0,False,NONE
TRX-20260910-000972-003,TRX-20260910-000972,3,SKU-5004,Pembersih Lantai Super Pell 770ml,2,14500.0,29000.0,0.0,False,NONE
TRX-20260910-000972-004,TRX-20260910-000972,4,SKU-1008,Indomie Goreng Spesial 85g,5,3500.0,17500.0,0.0,False,NONE
TRX-20260910-000972-005,TRX-20260910-000972,5,SKU-1007,Saus Sambal ABC 335ml,1,17500.0,17500.0,0.0,False,NONE
TRX-20260910-000972-006,TRX-20260910-000972,6,SKU-5006,Baterai ABC Alkaline AA 4s,2,21000.0,42000.0,0.0,False,NONE
TRX-20260910-000972-007,TRX-20260910-000972,7,SKU-5004,Pembersih Lantai Super Pell 770ml,2,14500.0,29000.0,0.0,False,NONE
TRX-20260910-000972-008,TRX-20260910-000972,8,SKU-4002,Shampoo Sunsilk Black Shine 160ml,2,26000.0,52000.0,0.0,False,NONE
TRX-20260910-000972-009,TRX-20260910-000972,9,SKU-4003,Pasta Gigi Pepsodent 190g,1,17000.0,17000.0,0.0,False,NONE
TRX-20260910-000972-010,TRX-20260910-000972,10,SKU-4003,Pasta Gigi Pepsodent 190g,2,17000.0,34000.0,0.0,False,NONE
TRX-20260910-000972-011,TRX-20260910-000972,11,SKU-4004,Sikat Gigi Formula Double Action 3s,1,15500.0,15500.0,0.0,False,NONE
TRX-20260910-000972-012,TRX-20260910-000972,12,SKU-5002,Pewangi Pakaian Molto All in 1 720ml,1,24000.0,24000.0,0.0,False,NONE
TRX-20260910-000972-013,TRX-20260910-000972,13,SKU-4005,Rexona Deodorant Roll On 45ml,2,20500.0,41000.0,0.0,False,NONE
TRX-20260910-000972-014,TRX-20260910-000972,14,SKU-1001,Beras Pandan Wangi 5kg,3,78500.0,235500.0,0.0,False,NONE
TRX-20260910-000973-001,TRX-20260910-000973,1,SKU-5003,Sabun Cuci Piring Sunlight 650ml,1,15500.0,15500.0,0.0,False,NONE
TRX-20260910-000973-002,TRX-20260910-000973,2,SKU-3008,Taro Net Seaweed 65g,2,9800.0,19600.0,0.0,False,NONE
TRX-20260910-000973-003,TRX-20260910-000973,3,SKU-3004,Kopi Kapal Api Spesial Mix 10s,1,15500.0,15500.0,0.0,False,NONE
TRX-20260910-000973-004,TRX-20260910-000973,4,SKU-2004,Yakult Pack isi 5,1,11500.0,11500.0,0.0,False,NONE
TRX-20260910-000973-005,TRX-20260910-000973,5,SKU-4004,Sikat Gigi Formula Double Action 3s,2,15500.0,31000.0,0.0,False,NONE
TRX-20260910-000973-006,TRX-20260910-000973,6,SKU-3006,Coca Cola 390ml,2,7500.0,15000.0,0.0,True,VOID_ITEM
TRX-20260910-000974-001,TRX-20260910-000974,1,SKU-3004,Kopi Kapal Api Spesial Mix 10s,1,15500.0,15500.0,0.0,False,NONE
TRX-20260910-000974-002,TRX-20260910-000974,2,SKU-2005,Keju Kraft Cheddar 165g,1,24000.0,24000.0,0.0,False,NONE
TRX-20260910-000975-001,TRX-20260910-000975,1,SKU-1004,Tepung Terigu Segitiga Biru 1kg,3,13500.0,40500.0,0.0,False,NONE
TRX-20260910-000975-002,TRX-20260910-000975,2,SKU-1003,Gula Pasir Gulaku 1kg,3,17500.0,52500.0,0.0,False,NONE
TRX-20260910-000975-003,TRX-20260910-000975,3,SKU-1008,Indomie Goreng Spesial 85g,2,3500.0,7000.0,0.0,False,NONE
TRX-20260910-000975-004,TRX-20260910-000975,4,SKU-2001,Telur Ayam Negeri 1kg,1,31000.0,31000.0,0.0,False,NONE
TRX-20260910-000975-005,TRX-20260910-000975,5,SKU-5006,Baterai ABC Alkaline AA 4s,2,21000.0,42000.0,0.0,False,NONE
TRX-20260910-000975-006,TRX-20260910-000975,6,SKU-1005,Garam Dapur Cap Kapal 250g,3,5000.0,15000.0,0.0,False,NONE
TRX-20260910-000975-007,TRX-20260910-000975,7,SKU-1001,Beras Pandan Wangi 5kg,3,78500.0,235500.0,0.0,False,NONE
TRX-20260910-000975-008,TRX-20260910-000975,8,SKU-1007,Saus Sambal ABC 335ml,2,17500.0,35000.0,0.0,False,NONE
TRX-20260910-000975-009,TRX-20260910-000975,9,SKU-1012,Kornet Sapi Pronas 198g,1,26000.0,26000.0,0.0,False,NONE
TRX-20260910-000975-010,TRX-20260910-000975,10,SKU-5001,Deterjen Rinso Anti Noda 770g,1,23000.0,23000.0,0.0,False,NONE
TRX-20260910-000975-011,TRX-20260910-000975,11,SKU-5002,Pewangi Pakaian Molto All in 1 720ml,2,24000.0,48000.0,0.0,False,NONE
TRX-20260910-000975-012,TRX-20260910-000975,12,SKU-5004,Pembersih Lantai Super Pell 770ml,1,14500.0,14500.0,0.0,False,NONE
TRX-20260910-000975-013,TRX-20260910-000975,13,SKU-4001,Sabun Mandi Lifebuoy Total 10 450ml,2,27500.0,55000.0,0.0,False,NONE
TRX-20260910-000975-014,TRX-20260910-000975,14,SKU-1009,Indomie Kuah Ayam Bawang 69g,1,3400.0,3400.0,0.0,False,NONE
TRX-20260910-000975-015,TRX-20260910-000975,15,SKU-1002,Minyak Goreng Bimoli 2L,2,37500.0,75000.0,0.0,False,NONE
TRX-20260910-000975-016,TRX-20260910-000975,16,SKU-1006,Kecap Manis Bango 520ml,1,25500.0,25500.0,0.0,False,NONE
TRX-20260910-000975-017,TRX-20260910-000975,17,SKU-5002,Pewangi Pakaian Molto All in 1 720ml,3,24000.0,72000.0,0.0,False,NONE
TRX-20260910-000975-018,TRX-20260910-000975,18,SKU-4003,Pasta Gigi Pepsodent 190g,1,17000.0,17000.0,0.0,False,NONE
TRX-20260910-000975-019,TRX-20260910-000975,19,SKU-4004,Sikat Gigi Formula Double Action 3s,2,15500.0,31000.0,0.0,False,NONE
TRX-20260910-000975-020,TRX-20260910-000975,20,SKU-5003,Sabun Cuci Piring Sunlight 650ml,2,15500.0,31000.0,0.0,False,NONE
TRX-20260910-000976-001,TRX-20260910-000976,1,SKU-1003,Gula Pasir Gulaku 1kg,2,17500.0,35000.0,0.0,False,NONE
TRX-20260910-000976-002,TRX-20260910-000976,2,SKU-5003,Sabun Cuci Piring Sunlight 650ml,1,15500.0,15500.0,0.0,False,NONE
TRX-20260910-000976-003,TRX-20260910-000976,3,SKU-1007,Saus Sambal ABC 335ml,2,17500.0,35000.0,0.0,False,TYPO_SKU
TRX-20260910-000976-004,TRX-20260910-000976,4,SKU-1007,Saus Sambal ABC 335ml,2,17500.0,35000.0,0.0,False,NONE
TRX-20260910-000976-005,TRX-20260910-000976,5,SKU-4003,Pasta Gigi Pepsodent 190g,5,17000.0,85000.0,0.0,False,NONE
TRX-20260910-000976-006,TRX-20260910-000976,6,SKU-4004,Sikat Gigi Formula Double Action 3s,1,15500.0,15500.0,0.0,False,NONE
TRX-20260910-000976-007,TRX-20260910-000976,7,SKU-1004,Tepung Terigu Segitiga Biru 1kg,1,13500.0,13500.0,0.0,False,NONE
TRX-20260910-000976-008,TRX-20260910-000976,8,SKU-4002,Shampoo Sunsilk Black Shine 160ml,2,26000.0,52000.0,0.0,False,NONE
TRX-20260910-000976-009,TRX-20260910-000976,9,SKU-4001,Sabun Mandi Lifebuoy Total 10 450ml,1,27500.0,27500.0,0.0,False,NONE
TRX-20260910-000976-010,TRX-20260910-000976,10,SKU-5002,Pewangi Pakaian Molto All in 1 720ml,2,24000.0,48000.0,0.0,False,NONE
TRX-20260910-000976-011,TRX-20260910-000976,11,SKU-5001,Deterjen Rinso Anti Noda 770g,2,23000.0,46000.0,0.0,False,NONE
TRX-20260910-000976-012,TRX-20260910-000976,12,SKU-1012,Kornet Sapi Pronas 198g,3,26000.0,78000.0,0.0,False,NONE
TRX-20260910-000976-013,TRX-20260910-000976,13,SKU-1002,Minyak Goreng Bimoli 2L,1,37500.0,37500.0,0.0,False,NONE
TRX-20260910-000976-014,TRX-20260910-000976,14,SKU-4006,Paseo Facial Tissue 250 Sheets,5,16500.0,82500.0,0.0,False,NONE
TRX-20260910-000976-015,TRX-20260910-000976,15,SKU-1007,Saus Sambal ABC 335ml,1,17500.0,17500.0,0.0,False,NONE
TRX-20260910-000976-016,TRX-20260910-000976,16,SKU-4004,Sikat Gigi Formula Double Action 3s,2,15500.0,31000.0,0.0,False,NONE
TRX-20260910-000976-017,TRX-20260910-000976,17,SKU-1006,Kecap Manis Bango 520ml,1,25500.0,25500.0,0.0,False,NONE
TRX-20260910-000977-001,TRX-20260910-000977,1,SKU-1010,Sedaap Mie Goreng 90g,1,3400.0,3400.0,0.0,False,NONE
TRX-20260910-000977-002,TRX-20260910-000977,2,SKU-1008,Indomie Goreng Spesial 85g,1,3500.0,3500.0,0.0,False,NONE
TRX-20260910-000977-003,TRX-20260910-000977,3,SKU-3009,Oreo Original Roll 133g,1,11000.0,11000.0,0.0,False,NONE
TRX-20260910-000978-001,TRX-20260910-000978,1,SKU-4005,Rexona Deodorant Roll On 45ml,3,20500.0,61500.0,0.0,False,NONE
TRX-20260910-000978-002,TRX-20260910-000978,2,SKU-1012,Kornet Sapi Pronas 198g,1,26000.0,26000.0,0.0,False,NONE
TRX-20260910-000978-003,TRX-20260910-000978,3,SKU-4004,Sikat Gigi Formula Double Action 3s,3,15500.0,46500.0,0.0,False,NONE
TRX-20260910-000978-004,TRX-20260910-000978,4,SKU-1009,Indomie Kuah Ayam Bawang 69g,2,3400.0,6800.0,0.0,False,NONE
TRX-20260910-000978-005,TRX-20260910-000978,5,SKU-3001,Air Mineral Aqua 600ml,1,4000.0,4000.0,0.0,False,NONE
TRX-20260910-000978-006,TRX-20260910-000978,6,SKU-4002,Shampoo Sunsilk Black Shine 160ml,1,26000.0,26000.0,0.0,False,NONE
TRX-20260910-000978-007,TRX-20260910-000978,7,SKU-5001,Deterjen Rinso Anti Noda 770g,1,23000.0,23000.0,0.0,False,NONE
TRX-20260910-000978-008,TRX-20260910-000978,8,SKU-5003,Sabun Cuci Piring Sunlight 650ml,2,15500.0,31000.0,0.0,False,NONE
TRX-20260910-000978-009,TRX-20260910-000978,9,SKU-5004,Pembersih Lantai Super Pell 770ml,2,14500.0,29000.0,0.0,False,NONE
TRX-20260910-000978-010,TRX-20260910-000978,10,SKU-1011,Sarden ABC Saus Tomat 155g,2,12000.0,24000.0,0.0,False,NONE
TRX-20260910-000978-011,TRX-20260910-000978,11,SKU-5006,Baterai ABC Alkaline AA 4s,2,21000.0,42000.0,0.0,False,NONE
TRX-20260910-000978-012,TRX-20260910-000978,12,SKU-4007,Minyak Telon My Baby 90ml,3,28000.0,84000.0,0.0,False,NONE
TRX-20260910-000978-013,TRX-20260910-000978,13,SKU-1002,Minyak Goreng Bimoli 2L,2,37500.0,75000.0,0.0,False,NONE
TRX-20260910-000978-014,TRX-20260910-000978,14,SKU-1001,Beras Pandan Wangi 5kg,1,78500.0,78500.0,0.0,False,NONE
TRX-20260910-000978-015,TRX-20260910-000978,15,SKU-1007,Saus Sambal ABC 335ml,1,17500.0,17500.0,0.0,False,NONE
TRX-20260910-000978-016,TRX-20260910-000978,16,SKU-1006,Kecap Manis Bango 520ml,2,25500.0,51000.0,0.0,False,NONE
TRX-20260910-000979-001,TRX-20260910-000979,1,SKU-1010,Sedaap Mie Goreng 90g,2,3400.0,6800.0,0.0,True,VOID_ITEM
TRX-20260910-000979-002,TRX-20260910-000979,2,SKU-1005,Garam Dapur Cap Kapal 250g,1,5000.0,5000.0,0.0,False,NONE
TRX-20260910-000979-003,TRX-20260910-000979,3,SKU-3005,Good Day Moccacino 250ml,1,8000.0,8000.0,0.0,False,NONE
TRX-20260910-000979-004,TRX-20260910-000979,4,SKU-1008,Indomie Goreng Spesial 85g,1,3500.0,3500.0,0.0,False,NONE
TRX-20260910-000979-005,TRX-20260910-000979,5,SKU-5004,Pembersih Lantai Super Pell 770ml,2,14500.0,29000.0,0.0,False,NONE
TRX-20260910-000980-001,TRX-20260910-000980,1,SKU-4001,Sabun Mandi Lifebuoy Total 10 450ml,3,27500.0,82500.0,0.0,False,NONE
TRX-20260910-000980-002,TRX-20260910-000980,2,SKU-5005,Baygon Obat Nyamuk Semprot 600ml,2,42000.0,84000.0,0.0,False,NONE
TRX-20260910-000980-003,TRX-20260910-000980,3,SKU-1001,Beras Pandan Wangi 5kg,2,78500.0,157000.0,0.0,False,NONE
TRX-20260910-000980-004,TRX-20260910-000980,4,SKU-5002,Pewangi Pakaian Molto All in 1 720ml,5,24000.0,120000.0,0.0,False,NONE
TRX-20260910-000980-005,TRX-20260910-000980,5,SKU-4003,Pasta Gigi Pepsodent 190g,1,17000.0,17000.0,0.0,False,NONE
TRX-20260910-000980-006,TRX-20260910-000980,6,SKU-4004,Sikat Gigi Formula Double Action 3s,1,15500.0,15500.0,0.0,False,NONE
TRX-20260910-000980-007,TRX-20260910-000980,7,SKU-1016,UNKNOWN PRODUCT,3,25500.0,76500.0,0.0,False,TYPO_SKU
TRX-20260910-000980-008,TRX-20260910-000980,8,SKU-4005,Rexona Deodorant Roll On 45ml,2,20500.0,41000.0,0.0,False,NONE
TRX-20260910-000980-009,TRX-20260910-000980,9,SKU-1004,Tepung Terigu Segitiga Biru 1kg,2,13500.0,27000.0,0.0,False,NONE
TRX-20260910-000980-010,TRX-20260910-000980,10,SKU-5004,Pembersih Lantai Super Pell 770ml,1,14500.0,14500.0,0.0,False,NONE
TRX-20260910-000980-011,TRX-20260910-000980,11,SKU-5003,Sabun Cuci Piring Sunlight 650ml,1,15500.0,15500.0,0.0,False,NONE
TRX-20260910-000980-012,TRX-20260910-000980,12,SKU-1005,Garam Dapur Cap Kapal 250g,5,5000.0,25000.0,0.0,False,NONE
TRX-20260910-000981-001,TRX-20260910-000981,1,SKU-2006,Mentega Blue Band 200g,1,12500.0,12500.0,0.0,False,NONE
TRX-20260910-000981-002,TRX-20260910-000981,2,SKU-3008,Taro Net Seaweed 65g,1,9800.0,9800.0,0.0,False,NONE
TRX-20260910-000981-003,TRX-20260910-000981,3,SKU-2007,Sari Roti Tawar Spesial,1,16500.0,16500.0,0.0,False,NONE
TRX-20260910-000982-001,TRX-20260910-000982,1,SKU-3005,Good Day Moccacino 250ml,1,8000.0,8000.0,0.0,False,NONE
TRX-20260910-000982-002,TRX-20260910-000982,2,SKU-2006,Mentega Blue Band 200g,1,12500.0,12500.0,0.0,False,NONE
TRX-20260910-000982-003,TRX-20260910-000982,3,SKU-3002,Air Mineral Le Minerale 600ml,1,3800.0,3800.0,0.0,False,NONE
TRX-20260910-000983-001,TRX-20260910-000983,1,SKU-2001,Telur Ayam Negeri 1kg,1,31000.0,31000.0,0.0,True,VOID_ITEM
TRX-20260910-000984-001,TRX-20260910-000984,1,SKU-3008,Taro Net Seaweed 65g,1,9800.0,9800.0,0.0,False,NONE
TRX-20260910-000984-002,TRX-20260910-000984,2,SKU-2006,Mentega Blue Band 200g,1,12500.0,12500.0,0.0,False,NONE
TRX-20260910-000985-001,TRX-20260910-000985,1,SKU-3006,Coca Cola 390ml,1,7500.0,7500.0,0.0,False,NONE
TRX-20260910-000985-002,TRX-20260910-000985,2,SKU-2004,Yakult Pack isi 5,1,11500.0,11500.0,0.0,False,NONE
TRX-20260910-000985-003,TRX-20260910-000985,3,SKU-2006,Mentega Blue Band 200g,1,12500.0,12500.0,0.0,True,VOID_ITEM
TRX-20260910-000986-001,TRX-20260910-000986,1,SKU-3003,Teh Pucuk Harum 350ml,1,4500.0,4500.0,0.0,False,NONE
TRX-20260910-000986-002,TRX-20260910-000986,2,SKU-2002,Susu Ultra Milk Full Cream 1L,1,21500.0,21500.0,0.0,False,NONE
TRX-20260910-000987-001,TRX-20260910-000987,1,SKU-5005,Baygon Obat Nyamuk Semprot 600ml,1,42000.0,42000.0,0.0,False,NONE
TRX-20260910-000987-002,TRX-20260910-000987,2,SKU-5006,Baterai ABC Alkaline AA 4s,1,21000.0,21000.0,0.0,False,NONE
TRX-20260910-000987-003,TRX-20260910-000987,3,SKU-1003,Gula Pasir Gulaku 1kg,1,17500.0,17500.0,0.0,False,NONE
TRX-20260910-000987-004,TRX-20260910-000987,4,SKU-2006,Mentega Blue Band 200g,1,12500.0,12500.0,0.0,False,NONE
TRX-20260910-000987-005,TRX-20260910-000987,5,SKU-3006,Coca Cola 390ml,2,7500.0,15000.0,0.0,False,NONE
TRX-20260910-000988-001,TRX-20260910-000988,1,SKU-1006,Kecap Manis Bango 520ml,1,25500.0,25500.0,0.0,False,NONE
TRX-20260910-000988-002,TRX-20260910-000988,2,SKU-4005,Rexona Deodorant Roll On 45ml,1,20500.0,20500.0,0.0,False,NONE
TRX-20260910-000988-003,TRX-20260910-000988,3,SKU-5001,Deterjen Rinso Anti Noda 770g,2,23000.0,46000.0,0.0,False,NONE
TRX-20260910-000988-004,TRX-20260910-000988,4,SKU-5002,Pewangi Pakaian Molto All in 1 720ml,1,24000.0,24000.0,0.0,False,NONE
TRX-20260910-000988-005,TRX-20260910-000988,5,SKU-4004,Sikat Gigi Formula Double Action 3s,1,15500.0,15500.0,0.0,True,VOID_ITEM
TRX-20260910-000988-006,TRX-20260910-000988,6,SKU-5002,Pewangi Pakaian Molto All in 1 720ml,2,24000.0,48000.0,0.0,False,NONE
TRX-20260910-000988-007,TRX-20260910-000988,7,SKU-5006,Baterai ABC Alkaline AA 4s,1,21000.0,21000.0,0.0,False,NONE
TRX-20260910-000988-008,TRX-20260910-000988,8,SKU-1004,Tepung Terigu Segitiga Biru 1kg,1,13500.0,13500.0,0.0,False,NONE
TRX-20260910-000988-009,TRX-20260910-000988,9,SKU-1002,Minyak Goreng Bimoli 2L,1,37500.0,37500.0,0.0,False,NONE
TRX-20260910-000989-001,TRX-20260910-000989,1,SKU-1011,Sarden ABC Saus Tomat 155g,2,12000.0,24000.0,0.0,False,NONE
TRX-20260910-000989-002,TRX-20260910-000989,2,SKU-5006,Baterai ABC Alkaline AA 4s,1,21000.0,21000.0,0.0,False,NONE
TRX-20260910-000989-003,TRX-20260910-000989,3,SKU-4904,UNKNOWN PRODUCT,1,15500.0,15500.0,0.0,False,TYPO_SKU
TRX-20260910-000989-004,TRX-20260910-000989,4,SKU-5001,Deterjen Rinso Anti Noda 770g,3,23000.0,69000.0,0.0,False,NONE
TRX-20260910-000989-005,TRX-20260910-000989,5,SKU-5002,Pewangi Pakaian Molto All in 1 720ml,2,24000.0,48000.0,0.0,False,NONE
TRX-20260910-000989-006,TRX-20260910-000989,6,SKU-5005,Baygon Obat Nyamuk Semprot 600ml,1,42000.0,42000.0,0.0,False,NONE
TRX-20260910-000989-007,TRX-20260910-000989,7,SKU-1010,Sedaap Mie Goreng 90g,2,3400.0,6800.0,0.0,False,NONE
TRX-20260910-000989-008,TRX-20260910-000989,8,SKU-1012,Kornet Sapi Pronas 198g,2,26000.0,52000.0,0.0,False,NONE
TRX-20260910-000990-001,TRX-20260910-000990,1,SKU-3007,Chitato Sapi Panggang 68g,1,12500.0,12500.0,0.0,False,NONE
TRX-20260910-000990-002,TRX-20260910-000990,2,SKU-1001,Beras Pandan Wangi 5kg,1,78500.0,78500.0,0.0,False,TYPO_SKU
TRX-20260910-000991-001,TRX-20260910-000991,1,SKU-4007,Minyak Telon My Baby 90ml,1,28000.0,28000.0,0.0,False,NONE
TRX-20260910-000991-002,TRX-20260910-000991,2,SKU-1002,Minyak Goreng Bimoli 2L,1,37500.0,37500.0,0.0,False,NONE
TRX-20260910-000991-003,TRX-20260910-000991,3,SKU-2007,Sari Roti Tawar Spesial,1,16500.0,16500.0,0.0,False,NONE
TRX-20260910-000991-004,TRX-20260910-000991,4,SKU-2004,Yakult Pack isi 5,1,11500.0,11500.0,0.0,True,VOID_ITEM
TRX-20260910-000991-005,TRX-20260910-000991,5,SKU-3002,Air Mineral Le Minerale 600ml,2,3800.0,7600.0,0.0,False,NONE
TRX-20260910-000992-001,TRX-20260910-000992,1,SKU-1011,Sarden ABC Saus Tomat 155g,1,12000.0,12000.0,0.0,False,NONE
TRX-20260910-000992-002,TRX-20260910-000992,2,SKU-3008,Taro Net Seaweed 65g,2,9800.0,19600.0,0.0,False,NONE
TRX-20260910-000992-003,TRX-20260910-000992,3,SKU-4004,Sikat Gigi Formula Double Action 3s,1,15500.0,15500.0,0.0,False,NONE
TRX-20260910-000992-004,TRX-20260910-000992,4,SKU-1004,Tepung Terigu Segitiga Biru 1kg,2,13500.0,27000.0,0.0,True,VOID_ITEM
TRX-20260910-000993-001,TRX-20260910-000993,1,SKU-3004,Kopi Kapal Api Spesial Mix 10s,1,15500.0,15500.0,0.0,False,NONE
TRX-20260910-000994-001,TRX-20260910-000994,1,SKU-2008,Sari Roti Sobek Cokelat,1,19500.0,19500.0,0.0,False,NONE
TRX-20260910-000994-002,TRX-20260910-000994,2,SKU-3007,Chitato Sapi Panggang 68g,1,12500.0,12500.0,0.0,True,VOID_ITEM
TRX-20260910-000995-001,TRX-20260910-000995,1,SKU-2002,Susu Ultra Milk Full Cream 1L,1,21500.0,21500.0,0.0,False,NONE
TRX-20260910-000995-002,TRX-20260910-000995,2,SKU-3002,Air Mineral Le Minerale 600ml,1,3800.0,3800.0,0.0,False,NONE
TRX-20260910-000995-003,TRX-20260910-000995,3,SKU-2005,Keju Kraft Cheddar 165g,1,24000.0,24000.0,0.0,False,NONE
TRX-20260910-000996-001,TRX-20260910-000996,1,SKU-3008,Taro Net Seaweed 65g,1,9800.0,9800.0,0.0,False,NONE
TRX-20260910-000996-002,TRX-20260910-000996,2,SKU-1008,Indomie Goreng Spesial 85g,2,3500.0,7000.0,0.0,False,NONE
TRX-20260910-000996-003,TRX-20260910-000996,3,SKU-3006,Coca Cola 390ml,1,7500.0,7500.0,0.0,False,NONE
TRX-20260910-000996-004,TRX-20260910-000996,4,SKU-1009,Indomie Kuah Ayam Bawang 69g,2,3400.0,6800.0,0.0,False,NONE
TRX-20260910-000996-005,TRX-20260910-000996,5,SKU-3005,Good Day Moccacino 250ml,2,8000.0,16000.0,0.0,False,NONE
TRX-20260910-000996-006,TRX-20260910-000996,6,SKU-1004,Tepung Terigu Segitiga Biru 1kg,1,13500.0,13500.0,0.0,False,NONE
TRX-20260910-000996-007,TRX-20260910-000996,7,SKU-2006,Mentega Blue Band 200g,1,12500.0,12500.0,0.0,False,NONE
TRX-20260910-000996-008,TRX-20260910-000996,8,SKU-4004,Sikat Gigi Formula Double Action 3s,1,15500.0,15500.0,0.0,False,NONE
TRX-20260910-000997-001,TRX-20260910-000997,1,SKU-5003,Sabun Cuci Piring Sunlight 650ml,1,15500.0,15500.0,0.0,False,NONE
TRX-20260910-000997-002,TRX-20260910-000997,2,SKU-3003,Teh Pucuk Harum 350ml,1,4500.0,4500.0,0.0,False,NONE
TRX-20260910-000997-003,TRX-20260910-000997,3,SKU-4004,Sikat Gigi Formula Double Action 3s,1,15500.0,15500.0,0.0,False,NONE
TRX-20260910-000997-004,TRX-20260910-000997,4,SKU-3010,SilverQueen Cokelat Mede 58g,2,17000.0,34000.0,0.0,False,NONE
TRX-20260910-000998-001,TRX-20260910-000998,1,SKU-3003,Teh Pucuk Harum 350ml,2,4500.0,9000.0,0.0,False,NONE
TRX-20260910-000998-002,TRX-20260910-000998,2,SKU-5003,Sabun Cuci Piring Sunlight 650ml,2,15500.0,31000.0,0.0,False,NONE
TRX-20260910-000998-003,TRX-20260910-000998,3,SKU-3009,Oreo Original Roll 133g,1,11000.0,11000.0,0.0,False,NONE
TRX-20260910-000998-004,TRX-20260910-000998,4,SKU-1004,Tepung Terigu Segitiga Biru 1kg,2,13500.0,27000.0,0.0,False,NONE
TRX-20260910-000998-005,TRX-20260910-000998,5,SKU-3008,Taro Net Seaweed 65g,1,9800.0,9800.0,0.0,False,NONE
TRX-20260910-000998-006,TRX-20260910-000998,6,SKU-1005,Garam Dapur Cap Kapal 250g,2,5000.0,10000.0,0.0,False,NONE
TRX-20260910-000998-007,TRX-20260910-000998,7,SKU-1009,Indomie Kuah Ayam Bawang 69g,2,3400.0,6800.0,0.0,False,NONE
TRX-20260910-000998-008,TRX-20260910-000998,8,SKU-2006,Mentega Blue Band 200g,1,12500.0,12500.0,0.0,False,NONE
TRX-20260910-000999-001,TRX-20260910-000999,1,SKU-3004,Kopi Kapal Api Spesial Mix 10s,1,15500.0,15500.0,0.0,False,NONE
TRX-20260910-000999-002,TRX-20260910-000999,2,SKU-3006,Coca Cola 390ml,1,7500.0,7500.0,0.0,False,NONE
TRX-20260910-000999-003,TRX-20260910-000999,3,SKU-3001,Air Mineral Aqua 600ml,1,4000.0,4000.0,0.0,False,NONE
TRX-20260910-001000-001,TRX-20260910-001000,1,SKU-3009,Oreo Original Roll 133g,1,11000.0,11000.0,0.0,False,NONE
TRX-20260910-001000-002,TRX-20260910-001000,2,SKU-5003,Sabun Cuci Piring Sunlight 650ml,2,15500.0,31000.0,0.0,False,NONE
TRX-20260910-001000-003,TRX-20260910-001000,3,SKU-1009,Indomie Kuah Ayam Bawang 69g,1,3400.0,3400.0,0.0,False,NONE
TRX-20260910-001000-004,TRX-20260910-001000,4,SKU-3007,Chitato Sapi Panggang 68g,2,12500.0,25000.0,0.0,False,NONE
TRX-20260910-001000-005,TRX-20260910-001000,5,SKU-3005,Good Day Moccacino 250ml,1,8000.0,8000.0,0.0,False,NONE
TRX-20260910-001000-006,TRX-20260910-001000,6,SKU-3008,Taro Net Seaweed 65g,1,9800.0,9800.0,0.0,False,NONE
TRX-20260910-001001-001,TRX-20260910-001001,1,SKU-2002,Susu Ultra Milk Full Cream 1L,1,21500.0,21500.0,0.0,False,NONE
TRX-20260910-001001-002,TRX-20260910-001001,2,SKU-4003,Pasta Gigi Pepsodent 190g,1,17000.0,17000.0,0.0,False,NONE
TRX-20260910-001001-003,TRX-20260910-001001,3,SKU-1005,Garam Dapur Cap Kapal 250g,1,5000.0,5000.0,0.0,False,NONE
TRX-20260910-001001-004,TRX-20260910-001001,4,SKU-2008,Sari Roti Sobek Cokelat,1,19500.0,19500.0,0.0,False,NONE
TRX-20260910-001001-005,TRX-20260910-001001,5,SKU-3008,Taro Net Seaweed 65g,2,9800.0,19600.0,0.0,False,NONE
TRX-20260910-001001-006,TRX-20260910-001001,6,SKU-3010,SilverQueen Cokelat Mede 58g,1,17000.0,17000.0,0.0,False,NONE
TRX-20260910-001002-001,TRX-20260910-001002,1,SKU-3001,Air Mineral Aqua 600ml,1,4000.0,4000.0,0.0,False,NONE
TRX-20260910-001002-002,TRX-20260910-001002,2,SKU-2003,Susu Ultra Milk Cokelat 1L,1,21500.0,21500.0,0.0,False,NONE
TRX-20260910-001003-001,TRX-20260910-001003,1,SKU-2004,Yakult Pack isi 5,1,11500.0,11500.0,0.0,False,NONE
TRX-20260910-001003-002,TRX-20260910-001003,2,SKU-2006,Mentega Blue Band 200g,1,12500.0,12500.0,0.0,False,NONE
TRX-20260910-001004-001,TRX-20260910-001004,1,SKU-2002,Susu Ultra Milk Full Cream 1L,1,21500.0,21500.0,0.0,False,NONE
TRX-20260910-001004-002,TRX-20260910-001004,2,SKU-3003,Teh Pucuk Harum 350ml,1,4500.0,4500.0,0.0,False,NONE
TRX-20260910-001005-001,TRX-20260910-001005,1,SKU-1011,Sarden ABC Saus Tomat 155g,1,12000.0,12000.0,0.0,False,NONE
TRX-20260910-001005-002,TRX-20260910-001005,2,SKU-1009,Indomie Kuah Ayam Bawang 69g,2,3400.0,6800.0,0.0,False,NONE
TRX-20260910-001005-003,TRX-20260910-001005,3,SKU-3003,Teh Pucuk Harum 350ml,2,4500.0,9000.0,0.0,False,NONE
TRX-20260910-001005-004,TRX-20260910-001005,4,SKU-3002,Air Mineral Le Minerale 600ml,2,3800.0,7600.0,0.0,False,NONE
TRX-20260910-001005-005,TRX-20260910-001005,5,SKU-5003,Sabun Cuci Piring Sunlight 650ml,1,15500.0,15500.0,0.0,False,NONE
TRX-20260910-001006-001,TRX-20260910-001006,1,SKU-2005,Keju Kraft Cheddar 165g,1,24000.0,24000.0,0.0,False,NONE
TRX-20260910-001006-002,TRX-20260910-001006,2,SKU-3002,Air Mineral Le Minerale 600ml,1,3800.0,3800.0,0.0,False,NONE
TRX-20260910-001006-003,TRX-20260910-001006,3,SKU-4003,Pasta Gigi Pepsodent 190g,1,17000.0,17000.0,0.0,False,NONE
TRX-20260910-001006-004,TRX-20260910-001006,4,SKU-3006,Coca Cola 390ml,2,7500.0,15000.0,0.0,False,NONE
TRX-20260910-001006-005,TRX-20260910-001006,5,SKU-3008,Taro Net Seaweed 65g,1,9800.0,9800.0,0.0,False,NONE
TRX-20260911-001007-001,TRX-20260911-001007,1,SKU-2003,Susu Ultra Milk Cokelat 1L,1,21500.0,21500.0,0.0,False,NONE
TRX-20260911-001007-002,TRX-20260911-001007,2,SKU-3003,Teh Pucuk Harum 350ml,1,4500.0,4500.0,0.0,False,NONE
TRX-20260911-001007-003,TRX-20260911-001007,3,SKU-3009,Oreo Original Roll 133g,1,11000.0,11000.0,0.0,False,NONE
TRX-20260911-001008-001,TRX-20260911-001008,1,SKU-3001,Air Mineral Aqua 600ml,1,4000.0,4000.0,0.0,False,NONE
TRX-20260911-001009-001,TRX-20260911-001009,1,SKU-1011,Sarden ABC Saus Tomat 155g,2,12000.0,24000.0,0.0,False,NONE
TRX-20260911-001009-002,TRX-20260911-001009,2,SKU-3005,Good Day Moccacino 250ml,1,8000.0,8000.0,0.0,False,NONE
TRX-20260911-001009-003,TRX-20260911-001009,3,SKU-1018,UNKNOWN PRODUCT,1,3500.0,3500.0,0.0,False,TYPO_SKU
TRX-20260911-001009-004,TRX-20260911-001009,4,SKU-2004,Yakult Pack isi 5,1,11500.0,11500.0,0.0,False,NONE
TRX-20260911-001009-005,TRX-20260911-001009,5,SKU-3002,Air Mineral Le Minerale 600ml,2,3800.0,7600.0,0.0,False,NONE
TRX-20260911-001009-006,TRX-20260911-001009,6,SKU-3001,Air Mineral Aqua 600ml,1,4000.0,4000.0,0.0,False,NONE
TRX-20260911-001009-007,TRX-20260911-001009,7,SKU-3006,Coca Cola 390ml,2,7500.0,15000.0,0.0,False,NONE
TRX-20260911-001010-001,TRX-20260911-001010,1,SKU-3010,SilverQueen Cokelat Mede 58g,1,17000.0,17000.0,0.0,False,NONE
TRX-20260911-001011-001,TRX-20260911-001011,1,SKU-2005,Keju Kraft Cheddar 165g,1,24000.0,24000.0,0.0,False,NONE
TRX-20260911-001011-002,TRX-20260911-001011,2,SKU-3006,Coca Cola 390ml,1,7500.0,7500.0,0.0,False,NONE
TRX-20260911-001011-003,TRX-20260911-001011,3,SKU-2002,Susu Ultra Milk Full Cream 1L,1,21500.0,21500.0,0.0,False,NONE
TRX-20260911-001012-001,TRX-20260911-001012,1,SKU-1004,Tepung Terigu Segitiga Biru 1kg,1,13500.0,13500.0,0.0,False,NONE
TRX-20260911-001012-002,TRX-20260911-001012,2,SKU-5003,Sabun Cuci Piring Sunlight 650ml,1,15500.0,15500.0,0.0,True,VOID_ITEM
TRX-20260911-001012-003,TRX-20260911-001012,3,SKU-3001,Air Mineral Aqua 600ml,1,4000.0,4000.0,0.0,False,NONE
TRX-20260911-001012-004,TRX-20260911-001012,4,SKU-4004,Sikat Gigi Formula Double Action 3s,2,15500.0,31000.0,0.0,False,NONE
TRX-20260911-001012-005,TRX-20260911-001012,5,SKU-3003,Teh Pucuk Harum 350ml,1,4500.0,4500.0,0.0,False,NONE
TRX-20260911-001012-006,TRX-20260911-001012,6,SKU-3002,Air Mineral Le Minerale 600ml,2,3800.0,7600.0,0.0,True,VOID_ITEM
TRX-20260911-001012-007,TRX-20260911-001012,7,SKU-1010,Sedaap Mie Goreng 90g,1,3400.0,3400.0,0.0,True,VOID_ITEM
TRX-20260911-001013-001,TRX-20260911-001013,1,SKU-3009,Oreo Original Roll 133g,1,11000.0,11000.0,0.0,False,NONE
TRX-20260911-001013-002,TRX-20260911-001013,2,SKU-3010,SilverQueen Cokelat Mede 58g,1,17000.0,17000.0,0.0,False,NONE
TRX-20260911-001014-001,TRX-20260911-001014,1,SKU-3009,Oreo Original Roll 133g,1,11000.0,11000.0,0.0,False,NONE
TRX-20260911-001014-002,TRX-20260911-001014,2,SKU-2003,Susu Ultra Milk Cokelat 1L,1,21500.0,21500.0,0.0,False,NONE
TRX-20260911-001015-001,TRX-20260911-001015,1,SKU-1008,Indomie Goreng Spesial 85g,2,3500.0,7000.0,0.0,False,NONE
TRX-20260911-001015-002,TRX-20260911-001015,2,SKU-1005,Garam Dapur Cap Kapal 250g,1,5000.0,5000.0,0.0,False,NONE
TRX-20260911-001015-003,TRX-20260911-001015,3,SKU-1004,Tepung Terigu Segitiga Biru 1kg,1,13500.0,13500.0,0.0,False,NONE
TRX-20260911-001015-004,TRX-20260911-001015,4,SKU-5003,Sabun Cuci Piring Sunlight 650ml,1,15500.0,15500.0,0.0,True,VOID_ITEM
TRX-20260911-001015-005,TRX-20260911-001015,5,SKU-1010,Sedaap Mie Goreng 90g,1,3400.0,3400.0,0.0,False,NONE
TRX-20260911-001015-006,TRX-20260911-001015,6,SKU-3004,Kopi Kapal Api Spesial Mix 10s,1,15500.0,15500.0,0.0,False,NONE
TRX-20260911-001015-007,TRX-20260911-001015,7,SKU-1009,Indomie Kuah Ayam Bawang 69g,1,3400.0,3400.0,0.0,False,NONE
TRX-20260911-001015-008,TRX-20260911-001015,8,SKU-3002,Air Mineral Le Minerale 600ml,1,3800.0,3800.0,0.0,True,VOID_ITEM
TRX-20260911-001015-009,TRX-20260911-001015,9,SKU-1011,Sarden ABC Saus Tomat 155g,2,12000.0,24000.0,0.0,False,NONE
TRX-20260911-001016-001,TRX-20260911-001016,1,SKU-1908,UNKNOWN PRODUCT,2,3500.0,7000.0,0.0,False,TYPO_SKU
TRX-20260911-001016-002,TRX-20260911-001016,2,SKU-3008,Taro Net Seaweed 65g,1,9800.0,9800.0,0.0,True,VOID_ITEM
TRX-20260911-001016-003,TRX-20260911-001016,3,SKU-3002,Air Mineral Le Minerale 600ml,1,3800.0,3800.0,0.0,False,NONE
TRX-20260911-001016-004,TRX-20260911-001016,4,SKU-1004,Tepung Terigu Segitiga Biru 1kg,1,13500.0,13500.0,0.0,False,NONE
TRX-20260911-001016-005,TRX-20260911-001016,5,SKU-3006,Coca Cola 390ml,2,7500.0,15000.0,0.0,False,NONE
TRX-20260911-001016-006,TRX-20260911-001016,6,SKU-1011,Sarden ABC Saus Tomat 155g,2,12000.0,24000.0,0.0,False,NONE
TRX-20260911-001016-007,TRX-20260911-001016,7,SKU-3001,Air Mineral Aqua 600ml,1,4000.0,4000.0,0.0,False,NONE
TRX-20260911-001017-001,TRX-20260911-001017,1,SKU-3008,Taro Net Seaweed 65g,1,9800.0,9800.0,0.0,False,NONE
TRX-20260911-001018-001,TRX-20260911-001018,1,SKU-3007,Chitato Sapi Panggang 68g,1,12500.0,12500.0,0.0,False,NONE
TRX-20260911-001018-002,TRX-20260911-001018,2,SKU-3004,Kopi Kapal Api Spesial Mix 10s,1,15500.0,15500.0,0.0,False,NONE
TRX-20260911-001019-001,TRX-20260911-001019,1,SKU-4006,Paseo Facial Tissue 250 Sheets,2,16500.0,33000.0,0.0,False,NONE
TRX-20260911-001019-002,TRX-20260911-001019,2,SKU-4005,Rexona Deodorant Roll On 45ml,3,20500.0,61500.0,0.0,False,NONE
TRX-20260911-001019-003,TRX-20260911-001019,3,SKU-5005,Baygon Obat Nyamuk Semprot 600ml,2,42000.0,84000.0,0.0,False,NONE
TRX-20260911-001019-004,TRX-20260911-001019,4,SKU-1005,Garam Dapur Cap Kapal 250g,2,5000.0,10000.0,0.0,False,NONE
TRX-20260911-001019-005,TRX-20260911-001019,5,SKU-1004,Tepung Terigu Segitiga Biru 1kg,2,13500.0,27000.0,0.0,False,NONE
TRX-20260911-001019-006,TRX-20260911-001019,6,SKU-4003,Pasta Gigi Pepsodent 190g,3,17000.0,51000.0,0.0,False,NONE
TRX-20260911-001019-007,TRX-20260911-001019,7,SKU-4004,Sikat Gigi Formula Double Action 3s,2,15500.0,31000.0,0.0,False,NONE
TRX-20260911-001019-008,TRX-20260911-001019,8,SKU-1001,Beras Pandan Wangi 5kg,2,78500.0,157000.0,0.0,False,NONE
TRX-20260911-001019-009,TRX-20260911-001019,9,SKU-1008,Indomie Goreng Spesial 85g,5,3500.0,17500.0,0.0,False,NONE
TRX-20260911-001019-010,TRX-20260911-001019,10,SKU-4001,Sabun Mandi Lifebuoy Total 10 450ml,1,27500.0,27500.0,0.0,True,VOID_ITEM
TRX-20260911-001019-011,TRX-20260911-001019,11,SKU-4202,UNKNOWN PRODUCT,2,26000.0,52000.0,0.0,False,TYPO_SKU
TRX-20260911-001019-012,TRX-20260911-001019,12,SKU-5002,Pewangi Pakaian Molto All in 1 720ml,5,24000.0,120000.0,0.0,False,NONE
TRX-20260911-001019-013,TRX-20260911-001019,13,SKU-1006,Kecap Manis Bango 520ml,1,25500.0,25500.0,0.0,False,NONE
TRX-20260911-001019-014,TRX-20260911-001019,14,SKU-4007,Minyak Telon My Baby 90ml,1,28000.0,28000.0,0.0,False,NONE
TRX-20260911-001019-015,TRX-20260911-001019,15,SKU-1010,Sedaap Mie Goreng 90g,1,3400.0,3400.0,0.0,False,NONE
TRX-20260911-001019-016,TRX-20260911-001019,16,SKU-0009,UNKNOWN PRODUCT,3,3400.0,10200.0,0.0,False,TYPO_SKU
TRX-20260911-001019-017,TRX-20260911-001019,17,SKU-5003,Sabun Cuci Piring Sunlight 650ml,2,15500.0,31000.0,0.0,True,VOID_ITEM
TRX-20260911-001019-018,TRX-20260911-001019,18,SKU-5001,Deterjen Rinso Anti Noda 770g,1,23000.0,23000.0,0.0,False,NONE
TRX-20260911-001019-019,TRX-20260911-001019,19,SKU-4004,Sikat Gigi Formula Double Action 3s,1,15500.0,15500.0,0.0,False,NONE
TRX-20260911-001020-001,TRX-20260911-001020,1,SKU-2005,Keju Kraft Cheddar 165g,1,24000.0,24000.0,0.0,False,NONE
TRX-20260911-001021-001,TRX-20260911-001021,1,SKU-2017,UNKNOWN PRODUCT,1,16500.0,16500.0,0.0,False,TYPO_SKU
TRX-20260911-001021-002,TRX-20260911-001021,2,SKU-3002,Air Mineral Le Minerale 600ml,1,3800.0,3800.0,0.0,True,VOID_ITEM
TRX-20260911-001022-001,TRX-20260911-001022,1,SKU-3002,Air Mineral Le Minerale 600ml,2,3800.0,7600.0,0.0,False,NONE
TRX-20260911-001022-002,TRX-20260911-001022,2,SKU-1008,Indomie Goreng Spesial 85g,1,3500.0,3500.0,0.0,False,NONE
TRX-20260911-001022-003,TRX-20260911-001022,3,SKU-2004,Yakult Pack isi 5,2,11500.0,23000.0,0.0,False,NONE
TRX-20260911-001022-004,TRX-20260911-001022,4,SKU-3004,Kopi Kapal Api Spesial Mix 10s,1,15500.0,15500.0,0.0,False,NONE
TRX-20260911-001022-005,TRX-20260911-001022,5,SKU-3001,Air Mineral Aqua 600ml,2,4000.0,8000.0,0.0,False,NONE
TRX-20260911-001022-006,TRX-20260911-001022,6,SKU-1009,Indomie Kuah Ayam Bawang 69g,2,3400.0,6800.0,0.0,False,NONE
TRX-20260911-001022-007,TRX-20260911-001022,7,SKU-1005,Garam Dapur Cap Kapal 250g,1,5000.0,5000.0,0.0,False,NONE
TRX-20260911-001022-008,TRX-20260911-001022,8,SKU-1010,Sedaap Mie Goreng 90g,1,3400.0,3400.0,0.0,False,NONE
TRX-20260911-001023-001,TRX-20260911-001023,1,SKU-2008,Sari Roti Sobek Cokelat,1,19500.0,19500.0,0.0,False,NONE
TRX-20260911-001023-002,TRX-20260911-001023,2,SKU-2004,Yakult Pack isi 5,1,11500.0,11500.0,0.0,False,NONE
TRX-20260911-001023-003,TRX-20260911-001023,3,SKU-3003,Teh Pucuk Harum 350ml,1,4500.0,4500.0,0.0,False,NONE
TRX-20260911-001023-004,TRX-20260911-001023,4,SKU-3004,Kopi Kapal Api Spesial Mix 10s,1,15500.0,15500.0,0.0,False,NONE
TRX-20260911-001023-005,TRX-20260911-001023,5,SKU-3002,Air Mineral Le Minerale 600ml,1,3800.0,3800.0,0.0,False,NONE
TRX-20260911-001024-001,TRX-20260911-001024,1,SKU-3004,Kopi Kapal Api Spesial Mix 10s,2,15500.0,31000.0,0.0,False,NONE
TRX-20260911-001024-002,TRX-20260911-001024,2,SKU-3008,Taro Net Seaweed 65g,1,9800.0,9800.0,0.0,False,NONE
TRX-20260911-001024-003,TRX-20260911-001024,3,SKU-3001,Air Mineral Aqua 600ml,1,4000.0,4000.0,0.0,False,NONE
TRX-20260911-001024-004,TRX-20260911-001024,4,SKU-3009,Oreo Original Roll 133g,2,11000.0,22000.0,0.0,False,NONE
TRX-20260911-001024-005,TRX-20260911-001024,5,SKU-1009,Indomie Kuah Ayam Bawang 69g,2,3400.0,6800.0,0.0,False,NONE
TRX-20260911-001024-006,TRX-20260911-001024,6,SKU-5004,Pembersih Lantai Super Pell 770ml,1,14500.0,14500.0,0.0,False,NONE
TRX-20260911-001025-001,TRX-20260911-001025,1,SKU-3006,Coca Cola 390ml,1,7500.0,7500.0,0.0,False,NONE
TRX-20260911-001025-002,TRX-20260911-001025,2,SKU-2004,Yakult Pack isi 5,1,11500.0,11500.0,0.0,False,NONE
TRX-20260911-001025-003,TRX-20260911-001025,3,SKU-3004,Kopi Kapal Api Spesial Mix 10s,1,15500.0,15500.0,0.0,False,NONE
TRX-20260911-001026-001,TRX-20260911-001026,1,SKU-3009,Oreo Original Roll 133g,1,11000.0,11000.0,0.0,False,NONE
TRX-20260911-001026-002,TRX-20260911-001026,2,SKU-3004,Kopi Kapal Api Spesial Mix 10s,1,15500.0,15500.0,0.0,False,NONE
TRX-20260911-001026-003,TRX-20260911-001026,3,SKU-1005,Garam Dapur Cap Kapal 250g,1,5000.0,5000.0,0.0,False,NONE
TRX-20260911-001026-004,TRX-20260911-001026,4,SKU-3003,Teh Pucuk Harum 350ml,2,4500.0,9000.0,0.0,False,NONE
TRX-20260911-001026-005,TRX-20260911-001026,5,SKU-1011,Sarden ABC Saus Tomat 155g,1,12000.0,12000.0,0.0,False,NONE
TRX-20260911-001026-006,TRX-20260911-001026,6,SKU-1009,Indomie Kuah Ayam Bawang 69g,1,3400.0,3400.0,0.0,False,NONE
TRX-20260911-001027-001,TRX-20260911-001027,1,SKU-4007,Minyak Telon My Baby 90ml,3,28000.0,84000.0,0.0,False,NONE
TRX-20260911-001027-002,TRX-20260911-001027,2,SKU-4006,Paseo Facial Tissue 250 Sheets,2,16500.0,33000.0,0.0,False,NONE
TRX-20260911-001027-003,TRX-20260911-001027,3,SKU-1003,Gula Pasir Gulaku 1kg,1,17500.0,17500.0,0.0,False,NONE
TRX-20260911-001027-004,TRX-20260911-001027,4,SKU-1902,UNKNOWN PRODUCT,2,37500.0,75000.0,0.0,False,TYPO_SKU
TRX-20260911-001027-005,TRX-20260911-001027,5,SKU-1001,Beras Pandan Wangi 5kg,1,78500.0,78500.0,0.0,False,NONE
TRX-20260911-001027-006,TRX-20260911-001027,6,SKU-1001,Beras Pandan Wangi 5kg,1,78500.0,78500.0,0.0,False,NONE
TRX-20260911-001027-007,TRX-20260911-001027,7,SKU-4004,Sikat Gigi Formula Double Action 3s,1,15500.0,15500.0,0.0,False,NONE
TRX-20260911-001027-008,TRX-20260911-001027,8,SKU-1004,Tepung Terigu Segitiga Biru 1kg,1,13500.0,13500.0,0.0,False,NONE
TRX-20260911-001027-009,TRX-20260911-001027,9,SKU-1012,Kornet Sapi Pronas 198g,1,26000.0,26000.0,0.0,False,NONE
TRX-20260911-001027-010,TRX-20260911-001027,10,SKU-1009,Indomie Kuah Ayam Bawang 69g,1,3400.0,3400.0,0.0,True,VOID_ITEM
TRX-20260911-001027-011,TRX-20260911-001027,11,SKU-1010,Sedaap Mie Goreng 90g,1,3400.0,3400.0,0.0,False,NONE
TRX-20260911-001027-012,TRX-20260911-001027,12,SKU-1008,Indomie Goreng Spesial 85g,2,3500.0,7000.0,0.0,False,TYPO_SKU
TRX-20260911-001027-013,TRX-20260911-001027,13,SKU-5002,Pewangi Pakaian Molto All in 1 720ml,5,24000.0,120000.0,0.0,False,NONE
TRX-20260911-001028-001,TRX-20260911-001028,1,SKU-1011,Sarden ABC Saus Tomat 155g,1,12000.0,12000.0,0.0,False,NONE
TRX-20260911-001028-002,TRX-20260911-001028,2,SKU-3001,Air Mineral Aqua 600ml,2,4000.0,8000.0,0.0,False,NONE
TRX-20260911-001028-003,TRX-20260911-001028,3,SKU-1005,Garam Dapur Cap Kapal 250g,2,5000.0,10000.0,0.0,False,NONE
TRX-20260911-001028-004,TRX-20260911-001028,4,SKU-1009,Indomie Kuah Ayam Bawang 69g,2,3400.0,6800.0,0.0,False,NONE
TRX-20260911-001028-005,TRX-20260911-001028,5,SKU-5004,Pembersih Lantai Super Pell 770ml,1,14500.0,14500.0,0.0,False,NONE
TRX-20260911-001028-006,TRX-20260911-001028,6,SKU-1010,Sedaap Mie Goreng 90g,1,3400.0,3400.0,0.0,False,NONE
TRX-20260911-001028-007,TRX-20260911-001028,7,SKU-2006,Mentega Blue Band 200g,1,12500.0,12500.0,0.0,True,VOID_ITEM
TRX-20260911-001029-001,TRX-20260911-001029,1,SKU-3003,Teh Pucuk Harum 350ml,2,4500.0,9000.0,0.0,False,NONE
TRX-20260911-001029-002,TRX-20260911-001029,2,SKU-3007,Chitato Sapi Panggang 68g,2,12500.0,25000.0,0.0,True,VOID_ITEM
TRX-20260911-001029-003,TRX-20260911-001029,3,SKU-3006,Coca Cola 390ml,2,7500.0,15000.0,0.0,False,NONE
TRX-20260911-001029-004,TRX-20260911-001029,4,SKU-1011,Sarden ABC Saus Tomat 155g,1,12000.0,12000.0,0.0,False,NONE
TRX-20260911-001029-005,TRX-20260911-001029,5,SKU-2006,Mentega Blue Band 200g,1,12500.0,12500.0,0.0,True,VOID_ITEM
TRX-20260911-001029-006,TRX-20260911-001029,6,SKU-5004,Pembersih Lantai Super Pell 770ml,2,14500.0,29000.0,0.0,False,NONE
TRX-20260911-001029-007,TRX-20260911-001029,7,SKU-3008,Taro Net Seaweed 65g,2,9800.0,19600.0,0.0,False,NONE
TRX-20260911-001029-008,TRX-20260911-001029,8,SKU-3002,Air Mineral Le Minerale 600ml,1,3800.0,3800.0,0.0,False,NONE
TRX-20260911-001030-001,TRX-20260911-001030,1,SKU-1003,Gula Pasir Gulaku 1kg,2,17500.0,35000.0,0.0,False,NONE
TRX-20260911-001030-002,TRX-20260911-001030,2,SKU-1012,Kornet Sapi Pronas 198g,5,26000.0,130000.0,0.0,False,NONE
TRX-20260911-001030-003,TRX-20260911-001030,3,SKU-4004,Sikat Gigi Formula Double Action 3s,1,15500.0,15500.0,0.0,False,NONE
TRX-20260911-001030-004,TRX-20260911-001030,4,SKU-4005,Rexona Deodorant Roll On 45ml,2,20500.0,41000.0,0.0,False,NONE
TRX-20260911-001030-005,TRX-20260911-001030,5,SKU-4002,Shampoo Sunsilk Black Shine 160ml,1,26000.0,26000.0,0.0,False,NONE
TRX-20260911-001030-006,TRX-20260911-001030,6,SKU-4001,Sabun Mandi Lifebuoy Total 10 450ml,1,27500.0,27500.0,0.0,False,NONE
TRX-20260911-001030-007,TRX-20260911-001030,7,SKU-4001,Sabun Mandi Lifebuoy Total 10 450ml,5,27500.0,137500.0,0.0,False,NONE
TRX-20260911-001030-008,TRX-20260911-001030,8,SKU-4003,Pasta Gigi Pepsodent 190g,1,17000.0,17000.0,0.0,False,NONE
TRX-20260911-001030-009,TRX-20260911-001030,9,SKU-4006,Paseo Facial Tissue 250 Sheets,1,16500.0,16500.0,0.0,False,NONE
TRX-20260911-001030-010,TRX-20260911-001030,10,SKU-5001,Deterjen Rinso Anti Noda 770g,2,23000.0,46000.0,0.0,False,NONE
TRX-20260911-001030-011,TRX-20260911-001030,11,SKU-5002,Pewangi Pakaian Molto All in 1 720ml,1,24000.0,24000.0,0.0,False,NONE
TRX-20260911-001031-001,TRX-20260911-001031,1,SKU-2001,Telur Ayam Negeri 1kg,1,31000.0,31000.0,0.0,False,NONE
TRX-20260911-001031-002,TRX-20260911-001031,2,SKU-2007,Sari Roti Tawar Spesial,1,16500.0,16500.0,0.0,False,NONE
TRX-20260911-001031-003,TRX-20260911-001031,3,SKU-3008,Taro Net Seaweed 65g,1,9800.0,9800.0,0.0,False,NONE
TRX-20260911-001032-001,TRX-20260911-001032,1,SKU-1012,Kornet Sapi Pronas 198g,1,26000.0,26000.0,0.0,False,NONE
TRX-20260911-001032-002,TRX-20260911-001032,2,SKU-4005,Rexona Deodorant Roll On 45ml,2,20500.0,41000.0,0.0,False,NONE
TRX-20260911-001032-003,TRX-20260911-001032,3,SKU-1007,Saus Sambal ABC 335ml,1,17500.0,17500.0,0.0,False,NONE
TRX-20260911-001032-004,TRX-20260911-001032,4,SKU-1005,Garam Dapur Cap Kapal 250g,3,5000.0,15000.0,0.0,False,NONE
TRX-20260911-001032-005,TRX-20260911-001032,5,SKU-1010,Sedaap Mie Goreng 90g,1,3400.0,3400.0,0.0,False,NONE
TRX-20260911-001032-006,TRX-20260911-001032,6,SKU-2001,Telur Ayam Negeri 1kg,1,31000.0,31000.0,0.0,False,NONE
TRX-20260911-001032-007,TRX-20260911-001032,7,SKU-5004,Pembersih Lantai Super Pell 770ml,1,14500.0,14500.0,0.0,False,NONE
TRX-20260911-001032-008,TRX-20260911-001032,8,SKU-5005,Baygon Obat Nyamuk Semprot 600ml,2,42000.0,84000.0,0.0,False,NONE
TRX-20260911-001032-009,TRX-20260911-001032,9,SKU-1002,Minyak Goreng Bimoli 2L,2,37500.0,75000.0,0.0,False,NONE
TRX-20260911-001032-010,TRX-20260911-001032,10,SKU-1006,Kecap Manis Bango 520ml,2,25500.0,51000.0,0.0,False,NONE
TRX-20260911-001032-011,TRX-20260911-001032,11,SKU-1008,Indomie Goreng Spesial 85g,2,3500.0,7000.0,0.0,False,NONE
TRX-20260911-001032-012,TRX-20260911-001032,12,SKU-1009,Indomie Kuah Ayam Bawang 69g,2,3400.0,6800.0,0.0,False,NONE
TRX-20260911-001032-013,TRX-20260911-001032,13,SKU-3001,Air Mineral Aqua 600ml,1,4000.0,4000.0,0.0,False,NONE
TRX-20260911-001033-001,TRX-20260911-001033,1,SKU-5005,Baygon Obat Nyamuk Semprot 600ml,1,42000.0,42000.0,0.0,False,NONE
TRX-20260911-001033-002,TRX-20260911-001033,2,SKU-4004,Sikat Gigi Formula Double Action 3s,1,15500.0,15500.0,0.0,False,NONE
TRX-20260911-001033-003,TRX-20260911-001033,3,SKU-3007,Chitato Sapi Panggang 68g,1,12500.0,12500.0,0.0,False,NONE
TRX-20260911-001033-004,TRX-20260911-001033,4,SKU-3010,SilverQueen Cokelat Mede 58g,1,17000.0,17000.0,0.0,False,NONE
TRX-20260911-001033-005,TRX-20260911-001033,5,SKU-3001,Air Mineral Aqua 600ml,2,4000.0,8000.0,0.0,False,NONE
TRX-20260911-001034-001,TRX-20260911-001034,1,SKU-1906,UNKNOWN PRODUCT,1,25500.0,25500.0,0.0,False,TYPO_SKU
TRX-20260911-001034-002,TRX-20260911-001034,2,SKU-1003,Gula Pasir Gulaku 1kg,2,17500.0,35000.0,0.0,False,NONE
TRX-20260911-001034-003,TRX-20260911-001034,3,SKU-5004,Pembersih Lantai Super Pell 770ml,5,14500.0,72500.0,0.0,False,NONE
TRX-20260911-001034-004,TRX-20260911-001034,4,SKU-5003,Sabun Cuci Piring Sunlight 650ml,1,15500.0,15500.0,0.0,False,NONE
TRX-20260911-001034-005,TRX-20260911-001034,5,SKU-4007,Minyak Telon My Baby 90ml,3,28000.0,84000.0,0.0,False,NONE
TRX-20260911-001034-006,TRX-20260911-001034,6,SKU-1010,Sedaap Mie Goreng 90g,1,3400.0,3400.0,0.0,False,NONE
TRX-20260911-001034-007,TRX-20260911-001034,7,SKU-2011,UNKNOWN PRODUCT,2,31000.0,62000.0,0.0,False,TYPO_SKU
TRX-20260911-001034-008,TRX-20260911-001034,8,SKU-1009,Indomie Kuah Ayam Bawang 69g,3,3400.0,10200.0,0.0,False,NONE
TRX-20260911-001034-009,TRX-20260911-001034,9,SKU-1007,Saus Sambal ABC 335ml,2,17500.0,35000.0,0.0,False,NONE
TRX-20260911-001034-010,TRX-20260911-001034,10,SKU-1002,Minyak Goreng Bimoli 2L,2,37500.0,75000.0,0.0,False,NONE
TRX-20260911-001034-011,TRX-20260911-001034,11,SKU-5201,UNKNOWN PRODUCT,1,23000.0,23000.0,0.0,False,TYPO_SKU
TRX-20260911-001035-001,TRX-20260911-001035,1,SKU-4007,Minyak Telon My Baby 90ml,1,28000.0,28000.0,0.0,False,NONE
TRX-20260911-001035-002,TRX-20260911-001035,2,SKU-1005,Garam Dapur Cap Kapal 250g,1,5000.0,5000.0,0.0,False,NONE
TRX-20260911-001035-003,TRX-20260911-001035,3,SKU-3003,Teh Pucuk Harum 350ml,2,4500.0,9000.0,0.0,False,NONE
TRX-20260911-001036-001,TRX-20260911-001036,1,SKU-1005,Garam Dapur Cap Kapal 250g,2,5000.0,10000.0,0.0,False,NONE
TRX-20260911-001036-002,TRX-20260911-001036,2,SKU-3009,Oreo Original Roll 133g,2,11000.0,22000.0,0.0,False,NONE
TRX-20260911-001036-003,TRX-20260911-001036,3,SKU-2004,Yakult Pack isi 5,1,11500.0,11500.0,0.0,False,NONE
TRX-20260911-001036-004,TRX-20260911-001036,4,SKU-1009,Indomie Kuah Ayam Bawang 69g,2,3400.0,6800.0,0.0,False,NONE
TRX-20260911-001036-005,TRX-20260911-001036,5,SKU-3001,Air Mineral Aqua 600ml,1,4000.0,4000.0,0.0,False,NONE
TRX-20260911-001036-006,TRX-20260911-001036,6,SKU-1011,Sarden ABC Saus Tomat 155g,2,12000.0,24000.0,0.0,False,NONE
TRX-20260911-001036-007,TRX-20260911-001036,7,SKU-2006,Mentega Blue Band 200g,2,12500.0,25000.0,0.0,False,NONE
TRX-20260911-001037-001,TRX-20260911-001037,1,SKU-5003,Sabun Cuci Piring Sunlight 650ml,1,15500.0,15500.0,0.0,False,TYPO_SKU
TRX-20260911-001037-002,TRX-20260911-001037,2,SKU-3009,Oreo Original Roll 133g,1,11000.0,11000.0,0.0,False,NONE
TRX-20260911-001037-003,TRX-20260911-001037,3,SKU-2007,Sari Roti Tawar Spesial,1,16500.0,16500.0,0.0,False,NONE
TRX-20260911-001038-001,TRX-20260911-001038,1,SKU-3010,SilverQueen Cokelat Mede 58g,1,17000.0,17000.0,0.0,False,NONE
TRX-20260911-001038-002,TRX-20260911-001038,2,SKU-1010,Sedaap Mie Goreng 90g,1,3400.0,3400.0,0.0,False,NONE
TRX-20260911-001038-003,TRX-20260911-001038,3,SKU-1006,Kecap Manis Bango 520ml,1,25500.0,25500.0,0.0,False,NONE
TRX-20260911-001038-004,TRX-20260911-001038,4,SKU-1007,Saus Sambal ABC 335ml,1,17500.0,17500.0,0.0,False,NONE
TRX-20260911-001038-005,TRX-20260911-001038,5,SKU-1008,Indomie Goreng Spesial 85g,1,3500.0,3500.0,0.0,False,NONE
TRX-20260911-001038-006,TRX-20260911-001038,6,SKU-3002,Air Mineral Le Minerale 600ml,1,3800.0,3800.0,0.0,False,NONE
TRX-20260911-001038-007,TRX-20260911-001038,7,SKU-3001,Air Mineral Aqua 600ml,1,4000.0,4000.0,0.0,False,NONE
TRX-20260911-001038-008,TRX-20260911-001038,8,SKU-3004,Kopi Kapal Api Spesial Mix 10s,2,15500.0,31000.0,0.0,False,NONE
TRX-20260911-001039-001,TRX-20260911-001039,1,SKU-1009,Indomie Kuah Ayam Bawang 69g,2,3400.0,6800.0,0.0,False,NONE
TRX-20260911-001039-002,TRX-20260911-001039,2,SKU-1007,Saus Sambal ABC 335ml,1,17500.0,17500.0,0.0,False,NONE
TRX-20260911-001039-003,TRX-20260911-001039,3,SKU-1002,Minyak Goreng Bimoli 2L,2,37500.0,75000.0,0.0,False,NONE
TRX-20260911-001039-004,TRX-20260911-001039,4,SKU-1006,Kecap Manis Bango 520ml,1,25500.0,25500.0,0.0,False,NONE
TRX-20260911-001039-005,TRX-20260911-001039,5,SKU-5005,Baygon Obat Nyamuk Semprot 600ml,3,42000.0,126000.0,0.0,False,NONE
TRX-20260911-001039-006,TRX-20260911-001039,6,SKU-5001,Deterjen Rinso Anti Noda 770g,1,23000.0,23000.0,0.0,True,VOID_ITEM
TRX-20260911-001039-007,TRX-20260911-001039,7,SKU-4003,Pasta Gigi Pepsodent 190g,1,17000.0,17000.0,0.0,False,NONE
TRX-20260911-001039-008,TRX-20260911-001039,8,SKU-4004,Sikat Gigi Formula Double Action 3s,2,15500.0,31000.0,0.0,False,NONE
TRX-20260911-001039-009,TRX-20260911-001039,9,SKU-5006,Baterai ABC Alkaline AA 4s,3,21000.0,63000.0,0.0,False,NONE
TRX-20260911-001039-010,TRX-20260911-001039,10,SKU-1007,Saus Sambal ABC 335ml,3,17500.0,52500.0,0.0,False,NONE
TRX-20260911-001039-011,TRX-20260911-001039,11,SKU-4007,Minyak Telon My Baby 90ml,2,28000.0,56000.0,0.0,False,NONE
TRX-20260911-001039-012,TRX-20260911-001039,12,SKU-4001,Sabun Mandi Lifebuoy Total 10 450ml,3,27500.0,82500.0,0.0,False,NONE
TRX-20260911-001039-013,TRX-20260911-001039,13,SKU-2010,UNKNOWN PRODUCT,3,3400.0,10200.0,0.0,False,TYPO_SKU
TRX-20260911-001039-014,TRX-20260911-001039,14,SKU-1012,Kornet Sapi Pronas 198g,2,26000.0,52000.0,0.0,False,NONE
TRX-20260911-001039-015,TRX-20260911-001039,15,SKU-1006,Kecap Manis Bango 520ml,2,25500.0,51000.0,0.0,False,NONE
TRX-20260911-001039-016,TRX-20260911-001039,16,SKU-1003,Gula Pasir Gulaku 1kg,2,17500.0,35000.0,0.0,False,NONE
TRX-20260911-001040-001,TRX-20260911-001040,1,SKU-3004,Kopi Kapal Api Spesial Mix 10s,1,15500.0,15500.0,0.0,False,NONE
TRX-20260911-001040-002,TRX-20260911-001040,2,SKU-1011,Sarden ABC Saus Tomat 155g,1,12000.0,12000.0,0.0,False,NONE
TRX-20260911-001040-003,TRX-20260911-001040,3,SKU-5004,Pembersih Lantai Super Pell 770ml,1,14500.0,14500.0,0.0,False,NONE
TRX-20260911-001040-004,TRX-20260911-001040,4,SKU-5003,Sabun Cuci Piring Sunlight 650ml,1,15500.0,15500.0,0.0,False,NONE
TRX-20260911-001040-005,TRX-20260911-001040,5,SKU-3203,UNKNOWN PRODUCT,1,4500.0,4500.0,0.0,False,TYPO_SKU
TRX-20260911-001041-001,TRX-20260911-001041,1,SKU-1010,Sedaap Mie Goreng 90g,2,3400.0,6800.0,0.0,False,NONE
TRX-20260911-001041-002,TRX-20260911-001041,2,SKU-1009,Indomie Kuah Ayam Bawang 69g,1,3400.0,3400.0,0.0,True,VOID_ITEM
TRX-20260911-001041-003,TRX-20260911-001041,3,SKU-3009,Oreo Original Roll 133g,1,11000.0,11000.0,0.0,False,NONE
TRX-20260911-001041-004,TRX-20260911-001041,4,SKU-5004,Pembersih Lantai Super Pell 770ml,2,14500.0,29000.0,0.0,False,NONE
TRX-20260911-001041-005,TRX-20260911-001041,5,SKU-4004,Sikat Gigi Formula Double Action 3s,2,15500.0,31000.0,0.0,False,NONE
TRX-20260911-001041-006,TRX-20260911-001041,6,SKU-1005,Garam Dapur Cap Kapal 250g,1,5000.0,5000.0,0.0,False,NONE
TRX-20260911-001041-007,TRX-20260911-001041,7,SKU-3004,Kopi Kapal Api Spesial Mix 10s,2,15500.0,31000.0,0.0,False,NONE
TRX-20260911-001042-001,TRX-20260911-001042,1,SKU-5001,Deterjen Rinso Anti Noda 770g,3,23000.0,69000.0,0.0,False,NONE
TRX-20260911-001042-002,TRX-20260911-001042,2,SKU-1004,Tepung Terigu Segitiga Biru 1kg,2,13500.0,27000.0,0.0,False,NONE
TRX-20260911-001042-003,TRX-20260911-001042,3,SKU-1011,Sarden ABC Saus Tomat 155g,3,12000.0,36000.0,0.0,False,NONE
TRX-20260911-001042-004,TRX-20260911-001042,4,SKU-1008,Indomie Goreng Spesial 85g,3,3500.0,10500.0,0.0,False,NONE
TRX-20260911-001042-005,TRX-20260911-001042,5,SKU-1007,Saus Sambal ABC 335ml,1,17500.0,17500.0,0.0,False,NONE
TRX-20260911-001042-006,TRX-20260911-001042,6,SKU-1002,Minyak Goreng Bimoli 2L,1,37500.0,37500.0,0.0,False,NONE
TRX-20260911-001042-007,TRX-20260911-001042,7,SKU-1012,Kornet Sapi Pronas 198g,2,26000.0,52000.0,0.0,False,NONE
TRX-20260911-001042-008,TRX-20260911-001042,8,SKU-4022,UNKNOWN PRODUCT,1,26000.0,26000.0,0.0,False,TYPO_SKU
TRX-20260911-001042-009,TRX-20260911-001042,9,SKU-4001,Sabun Mandi Lifebuoy Total 10 450ml,1,27500.0,27500.0,0.0,False,NONE
TRX-20260911-001042-010,TRX-20260911-001042,10,SKU-1005,Garam Dapur Cap Kapal 250g,1,5000.0,5000.0,0.0,False,NONE
TRX-20260911-001042-011,TRX-20260911-001042,11,SKU-4001,Sabun Mandi Lifebuoy Total 10 450ml,1,27500.0,27500.0,0.0,False,NONE
TRX-20260911-001042-012,TRX-20260911-001042,12,SKU-5003,Sabun Cuci Piring Sunlight 650ml,1,15500.0,15500.0,0.0,False,NONE
TRX-20260911-001042-013,TRX-20260911-001042,13,SKU-5004,Pembersih Lantai Super Pell 770ml,2,14500.0,29000.0,0.0,False,NONE
TRX-20260911-001042-014,TRX-20260911-001042,14,SKU-5002,Pewangi Pakaian Molto All in 1 720ml,2,24000.0,48000.0,0.0,False,NONE
TRX-20260911-001042-015,TRX-20260911-001042,15,SKU-4003,Pasta Gigi Pepsodent 190g,3,17000.0,51000.0,0.0,False,NONE
TRX-20260911-001042-016,TRX-20260911-001042,16,SKU-4004,Sikat Gigi Formula Double Action 3s,3,15500.0,46500.0,0.0,False,NONE
TRX-20260911-001042-017,TRX-20260911-001042,17,SKU-1006,Kecap Manis Bango 520ml,5,25500.0,127500.0,0.0,False,NONE
TRX-20260911-001042-018,TRX-20260911-001042,18,SKU-4006,Paseo Facial Tissue 250 Sheets,5,16500.0,82500.0,0.0,False,NONE
TRX-20260911-001042-019,TRX-20260911-001042,19,SKU-1009,Indomie Kuah Ayam Bawang 69g,3,3400.0,10200.0,0.0,False,NONE
TRX-20260911-001043-001,TRX-20260911-001043,1,SKU-4007,Minyak Telon My Baby 90ml,1,28000.0,28000.0,0.0,False,NONE
TRX-20260911-001043-002,TRX-20260911-001043,2,SKU-1002,Minyak Goreng Bimoli 2L,5,37500.0,187500.0,0.0,False,NONE
TRX-20260911-001043-003,TRX-20260911-001043,3,SKU-1001,Beras Pandan Wangi 5kg,2,78500.0,157000.0,0.0,True,VOID_ITEM
TRX-20260911-001043-004,TRX-20260911-001043,4,SKU-4002,Shampoo Sunsilk Black Shine 160ml,2,26000.0,52000.0,0.0,True,VOID_ITEM
TRX-20260911-001043-005,TRX-20260911-001043,5,SKU-4001,Sabun Mandi Lifebuoy Total 10 450ml,1,27500.0,27500.0,0.0,False,NONE
TRX-20260911-001043-006,TRX-20260911-001043,6,SKU-4006,Paseo Facial Tissue 250 Sheets,1,16500.0,16500.0,0.0,False,NONE
TRX-20260911-001043-007,TRX-20260911-001043,7,SKU-5004,Pembersih Lantai Super Pell 770ml,2,14500.0,29000.0,0.0,False,NONE
TRX-20260911-001043-008,TRX-20260911-001043,8,SKU-1003,Gula Pasir Gulaku 1kg,1,17500.0,17500.0,0.0,False,NONE
TRX-20260911-001043-009,TRX-20260911-001043,9,SKU-1010,Sedaap Mie Goreng 90g,3,3400.0,10200.0,0.0,False,NONE
TRX-20260911-001043-010,TRX-20260911-001043,10,SKU-1007,Saus Sambal ABC 335ml,1,17500.0,17500.0,0.0,False,NONE
TRX-20260911-001043-011,TRX-20260911-001043,11,SKU-1006,Kecap Manis Bango 520ml,1,25500.0,25500.0,0.0,False,NONE
TRX-20260911-001043-012,TRX-20260911-001043,12,SKU-1011,Sarden ABC Saus Tomat 155g,1,12000.0,12000.0,0.0,False,NONE
TRX-20260911-001043-013,TRX-20260911-001043,13,SKU-1007,Saus Sambal ABC 335ml,3,17500.0,52500.0,0.0,False,NONE
TRX-20260911-001043-014,TRX-20260911-001043,14,SKU-4003,Pasta Gigi Pepsodent 190g,3,17000.0,51000.0,0.0,False,NONE
TRX-20260911-001043-015,TRX-20260911-001043,15,SKU-5001,Deterjen Rinso Anti Noda 770g,2,23000.0,46000.0,0.0,False,NONE
TRX-20260911-001043-016,TRX-20260911-001043,16,SKU-1208,UNKNOWN PRODUCT,1,3500.0,3500.0,0.0,False,TYPO_SKU
TRX-20260911-001043-017,TRX-20260911-001043,17,SKU-1005,Garam Dapur Cap Kapal 250g,2,5000.0,10000.0,0.0,False,NONE
TRX-20260911-001043-018,TRX-20260911-001043,18,SKU-1004,Tepung Terigu Segitiga Biru 1kg,2,13500.0,27000.0,0.0,False,NONE
TRX-20260911-001043-019,TRX-20260911-001043,19,SKU-4001,Sabun Mandi Lifebuoy Total 10 450ml,5,27500.0,137500.0,0.0,False,NONE
TRX-20260911-001044-001,TRX-20260911-001044,1,SKU-3010,SilverQueen Cokelat Mede 58g,1,17000.0,17000.0,0.0,False,NONE
TRX-20260911-001044-002,TRX-20260911-001044,2,SKU-1008,Indomie Goreng Spesial 85g,1,3500.0,3500.0,0.0,False,NONE
TRX-20260911-001044-003,TRX-20260911-001044,3,SKU-3009,Oreo Original Roll 133g,1,11000.0,11000.0,0.0,False,NONE
TRX-20260911-001044-004,TRX-20260911-001044,4,SKU-5004,Pembersih Lantai Super Pell 770ml,1,14500.0,14500.0,0.0,False,NONE
TRX-20260911-001044-005,TRX-20260911-001044,5,SKU-3001,Air Mineral Aqua 600ml,2,4000.0,8000.0,0.0,False,NONE
TRX-20260911-001044-006,TRX-20260911-001044,6,SKU-3009,Oreo Original Roll 133g,1,11000.0,11000.0,0.0,False,NONE
TRX-20260911-001045-001,TRX-20260911-001045,1,SKU-4004,Sikat Gigi Formula Double Action 3s,1,15500.0,15500.0,0.0,False,NONE
TRX-20260911-001045-002,TRX-20260911-001045,2,SKU-1094,UNKNOWN PRODUCT,1,13500.0,13500.0,0.0,False,TYPO_SKU
TRX-20260911-001045-003,TRX-20260911-001045,3,SKU-4003,Pasta Gigi Pepsodent 190g,1,17000.0,17000.0,0.0,False,NONE
TRX-20260911-001045-004,TRX-20260911-001045,4,SKU-1001,Beras Pandan Wangi 5kg,1,78500.0,78500.0,0.0,False,NONE
TRX-20260911-001045-005,TRX-20260911-001045,5,SKU-3002,Air Mineral Le Minerale 600ml,2,3800.0,7600.0,0.0,False,NONE
TRX-20260911-001045-006,TRX-20260911-001045,6,SKU-3009,Oreo Original Roll 133g,2,11000.0,22000.0,0.0,False,NONE
TRX-20260911-001045-007,TRX-20260911-001045,7,SKU-3008,Taro Net Seaweed 65g,2,9800.0,19600.0,0.0,False,NONE
TRX-20260911-001046-001,TRX-20260911-001046,1,SKU-3008,Taro Net Seaweed 65g,2,9800.0,19600.0,0.0,False,NONE
TRX-20260911-001046-002,TRX-20260911-001046,2,SKU-1004,Tepung Terigu Segitiga Biru 1kg,1,13500.0,13500.0,0.0,False,NONE
TRX-20260911-001046-003,TRX-20260911-001046,3,SKU-3002,Air Mineral Le Minerale 600ml,1,3800.0,3800.0,0.0,False,NONE
TRX-20260911-001046-004,TRX-20260911-001046,4,SKU-3005,Good Day Moccacino 250ml,1,8000.0,8000.0,0.0,False,NONE
TRX-20260911-001046-005,TRX-20260911-001046,5,SKU-3001,Air Mineral Aqua 600ml,1,4000.0,4000.0,0.0,True,VOID_ITEM
TRX-20260911-001047-001,TRX-20260911-001047,1,SKU-3004,Kopi Kapal Api Spesial Mix 10s,1,15500.0,15500.0,0.0,False,NONE
TRX-20260911-001047-002,TRX-20260911-001047,2,SKU-3011,UNKNOWN PRODUCT,1,17000.0,17000.0,0.0,False,TYPO_SKU
TRX-20260911-001047-003,TRX-20260911-001047,3,SKU-2006,Mentega Blue Band 200g,1,12500.0,12500.0,0.0,False,NONE
TRX-20260911-001047-004,TRX-20260911-001047,4,SKU-5002,Pewangi Pakaian Molto All in 1 720ml,1,24000.0,24000.0,0.0,False,NONE
TRX-20260911-001047-005,TRX-20260911-001047,5,SKU-3201,UNKNOWN PRODUCT,1,4000.0,4000.0,0.0,False,TYPO_SKU
TRX-20260911-001047-006,TRX-20260911-001047,6,SKU-3004,Kopi Kapal Api Spesial Mix 10s,2,15500.0,31000.0,0.0,False,NONE
TRX-20260911-001047-007,TRX-20260911-001047,7,SKU-3002,Air Mineral Le Minerale 600ml,1,3800.0,3800.0,0.0,False,NONE
TRX-20260911-001048-001,TRX-20260911-001048,1,SKU-1008,Indomie Goreng Spesial 85g,2,3500.0,7000.0,0.0,False,NONE
TRX-20260911-001048-002,TRX-20260911-001048,2,SKU-2001,Telur Ayam Negeri 1kg,1,31000.0,31000.0,0.0,False,NONE
TRX-20260911-001048-003,TRX-20260911-001048,3,SKU-4007,Minyak Telon My Baby 90ml,5,28000.0,140000.0,0.0,False,NONE
TRX-20260911-001048-004,TRX-20260911-001048,4,SKU-4003,Pasta Gigi Pepsodent 190g,2,17000.0,34000.0,0.0,False,NONE
TRX-20260911-001048-005,TRX-20260911-001048,5,SKU-4004,Sikat Gigi Formula Double Action 3s,1,15500.0,15500.0,0.0,False,NONE
TRX-20260911-001048-006,TRX-20260911-001048,6,SKU-1010,Sedaap Mie Goreng 90g,1,3400.0,3400.0,0.0,False,NONE
TRX-20260911-001048-007,TRX-20260911-001048,7,SKU-1009,Indomie Kuah Ayam Bawang 69g,1,3400.0,3400.0,0.0,False,NONE
TRX-20260911-001048-008,TRX-20260911-001048,8,SKU-1007,Saus Sambal ABC 335ml,2,17500.0,35000.0,0.0,False,NONE
TRX-20260911-001048-009,TRX-20260911-001048,9,SKU-4006,Paseo Facial Tissue 250 Sheets,3,16500.0,49500.0,0.0,False,NONE
TRX-20260911-001048-010,TRX-20260911-001048,10,SKU-5002,Pewangi Pakaian Molto All in 1 720ml,2,24000.0,48000.0,0.0,False,NONE
TRX-20260911-001048-011,TRX-20260911-001048,11,SKU-1011,Sarden ABC Saus Tomat 155g,1,12000.0,12000.0,0.0,False,NONE
TRX-20260911-001048-012,TRX-20260911-001048,12,SKU-1012,Kornet Sapi Pronas 198g,1,26000.0,26000.0,0.0,False,NONE
TRX-20260911-001048-013,TRX-20260911-001048,13,SKU-4001,Sabun Mandi Lifebuoy Total 10 450ml,3,27500.0,82500.0,0.0,False,NONE
TRX-20260911-001048-014,TRX-20260911-001048,14,SKU-5004,Pembersih Lantai Super Pell 770ml,2,14500.0,29000.0,0.0,True,VOID_ITEM
TRX-20260911-001048-015,TRX-20260911-001048,15,SKU-1002,Minyak Goreng Bimoli 2L,2,37500.0,75000.0,0.0,True,VOID_ITEM
TRX-20260911-001048-016,TRX-20260911-001048,16,SKU-1001,Beras Pandan Wangi 5kg,2,78500.0,157000.0,0.0,False,NONE
TRX-20260911-001048-017,TRX-20260911-001048,17,SKU-4005,Rexona Deodorant Roll On 45ml,1,20500.0,20500.0,0.0,False,NONE
TRX-20260911-001049-001,TRX-20260911-001049,1,SKU-1008,Indomie Goreng Spesial 85g,2,3500.0,7000.0,0.0,False,NONE
TRX-20260911-001049-002,TRX-20260911-001049,2,SKU-1005,Garam Dapur Cap Kapal 250g,2,5000.0,10000.0,0.0,False,NONE
TRX-20260911-001049-003,TRX-20260911-001049,3,SKU-2106,UNKNOWN PRODUCT,1,12500.0,12500.0,0.0,False,TYPO_SKU
TRX-20260911-001049-004,TRX-20260911-001049,4,SKU-3003,Teh Pucuk Harum 350ml,1,4500.0,4500.0,0.0,False,NONE
TRX-20260911-001049-005,TRX-20260911-001049,5,SKU-3004,Kopi Kapal Api Spesial Mix 10s,1,15500.0,15500.0,0.0,True,VOID_ITEM
TRX-20260911-001049-006,TRX-20260911-001049,6,SKU-3002,Air Mineral Le Minerale 600ml,1,3800.0,3800.0,0.0,False,NONE
TRX-20260911-001049-007,TRX-20260911-001049,7,SKU-2004,Yakult Pack isi 5,1,11500.0,11500.0,0.0,False,NONE
TRX-20260911-001049-008,TRX-20260911-001049,8,SKU-5004,Pembersih Lantai Super Pell 770ml,2,14500.0,29000.0,0.0,False,NONE
TRX-20260911-001049-009,TRX-20260911-001049,9,SKU-5003,Sabun Cuci Piring Sunlight 650ml,1,15500.0,15500.0,0.0,False,NONE
TRX-20260911-001050-001,TRX-20260911-001050,1,SKU-1003,Gula Pasir Gulaku 1kg,1,17500.0,17500.0,0.0,False,NONE
TRX-20260911-001050-002,TRX-20260911-001050,2,SKU-2005,Keju Kraft Cheddar 165g,1,24000.0,24000.0,0.0,False,NONE
TRX-20260911-001050-003,TRX-20260911-001050,3,SKU-1004,Tepung Terigu Segitiga Biru 1kg,1,13500.0,13500.0,0.0,False,NONE
TRX-20260911-001050-004,TRX-20260911-001050,4,SKU-4005,Rexona Deodorant Roll On 45ml,1,20500.0,20500.0,0.0,False,NONE
TRX-20260911-001050-005,TRX-20260911-001050,5,SKU-3007,Chitato Sapi Panggang 68g,2,12500.0,25000.0,0.0,False,NONE
TRX-20260911-001050-006,TRX-20260911-001050,6,SKU-3006,Coca Cola 390ml,1,7500.0,7500.0,0.0,False,NONE
TRX-20260911-001051-001,TRX-20260911-001051,1,SKU-5005,Baygon Obat Nyamuk Semprot 600ml,1,42000.0,42000.0,0.0,False,NONE
TRX-20260911-001051-002,TRX-20260911-001051,2,SKU-1006,Kecap Manis Bango 520ml,2,25500.0,51000.0,0.0,False,NONE
TRX-20260911-001051-003,TRX-20260911-001051,3,SKU-1012,Kornet Sapi Pronas 198g,3,26000.0,78000.0,0.0,False,NONE
TRX-20260911-001051-004,TRX-20260911-001051,4,SKU-1007,Saus Sambal ABC 335ml,1,17500.0,17500.0,0.0,False,NONE
TRX-20260911-001051-005,TRX-20260911-001051,5,SKU-5002,Pewangi Pakaian Molto All in 1 720ml,2,24000.0,48000.0,0.0,False,NONE
TRX-20260911-001051-006,TRX-20260911-001051,6,SKU-1005,Garam Dapur Cap Kapal 250g,2,5000.0,10000.0,0.0,False,NONE
TRX-20260911-001051-007,TRX-20260911-001051,7,SKU-1009,Indomie Kuah Ayam Bawang 69g,2,3400.0,6800.0,0.0,False,NONE
TRX-20260911-001051-008,TRX-20260911-001051,8,SKU-5004,Pembersih Lantai Super Pell 770ml,3,14500.0,43500.0,0.0,False,NONE
TRX-20260911-001052-001,TRX-20260911-001052,1,SKU-3005,Good Day Moccacino 250ml,1,8000.0,8000.0,0.0,False,NONE
TRX-20260911-001053-001,TRX-20260911-001053,1,SKU-2004,Yakult Pack isi 5,1,11500.0,11500.0,0.0,False,NONE
TRX-20260911-001053-002,TRX-20260911-001053,2,SKU-3008,Taro Net Seaweed 65g,1,9800.0,9800.0,0.0,False,NONE
TRX-20260911-001053-003,TRX-20260911-001053,3,SKU-3010,SilverQueen Cokelat Mede 58g,1,17000.0,17000.0,0.0,False,NONE
TRX-20260911-001054-001,TRX-20260911-001054,1,SKU-2006,Mentega Blue Band 200g,1,12500.0,12500.0,0.0,False,NONE
TRX-20260911-001054-002,TRX-20260911-001054,2,SKU-1009,Indomie Kuah Ayam Bawang 69g,2,3400.0,6800.0,0.0,False,NONE
TRX-20260911-001054-003,TRX-20260911-001054,3,SKU-3002,Air Mineral Le Minerale 600ml,1,3800.0,3800.0,0.0,False,NONE
TRX-20260911-001054-004,TRX-20260911-001054,4,SKU-3006,Coca Cola 390ml,1,7500.0,7500.0,0.0,False,NONE
TRX-20260911-001054-005,TRX-20260911-001054,5,SKU-1011,Sarden ABC Saus Tomat 155g,2,12000.0,24000.0,0.0,False,NONE
TRX-20260911-001054-006,TRX-20260911-001054,6,SKU-1004,Tepung Terigu Segitiga Biru 1kg,2,13500.0,27000.0,0.0,True,VOID_ITEM
TRX-20260911-001054-007,TRX-20260911-001054,7,SKU-3008,Taro Net Seaweed 65g,2,9800.0,19600.0,0.0,False,NONE
TRX-20260911-001054-008,TRX-20260911-001054,8,SKU-5003,Sabun Cuci Piring Sunlight 650ml,2,15500.0,31000.0,0.0,False,NONE
TRX-20260911-001055-001,TRX-20260911-001055,1,SKU-2008,Sari Roti Sobek Cokelat,1,19500.0,19500.0,0.0,False,NONE
TRX-20260911-001055-002,TRX-20260911-001055,2,SKU-5003,Sabun Cuci Piring Sunlight 650ml,1,15500.0,15500.0,0.0,False,NONE
TRX-20260911-001055-003,TRX-20260911-001055,3,SKU-4003,Pasta Gigi Pepsodent 190g,1,17000.0,17000.0,0.0,False,NONE
TRX-20260911-001055-004,TRX-20260911-001055,4,SKU-2006,Mentega Blue Band 200g,1,12500.0,12500.0,0.0,False,NONE
TRX-20260911-001055-005,TRX-20260911-001055,5,SKU-4005,Rexona Deodorant Roll On 45ml,1,20500.0,20500.0,0.0,False,NONE
TRX-20260911-001055-006,TRX-20260911-001055,6,SKU-3005,Good Day Moccacino 250ml,2,8000.0,16000.0,0.0,False,NONE
TRX-20260911-001055-007,TRX-20260911-001055,7,SKU-3010,SilverQueen Cokelat Mede 58g,2,17000.0,34000.0,0.0,False,NONE
TRX-20260911-001056-001,TRX-20260911-001056,1,SKU-3006,Coca Cola 390ml,1,7500.0,7500.0,0.0,False,NONE
TRX-20260911-001057-001,TRX-20260911-001057,1,SKU-3009,Oreo Original Roll 133g,2,11000.0,22000.0,0.0,False,NONE
TRX-20260911-001057-002,TRX-20260911-001057,2,SKU-3001,Air Mineral Aqua 600ml,1,4000.0,4000.0,0.0,True,VOID_ITEM
TRX-20260911-001057-003,TRX-20260911-001057,3,SKU-1005,Garam Dapur Cap Kapal 250g,1,5000.0,5000.0,0.0,False,NONE
TRX-20260911-001057-004,TRX-20260911-001057,4,SKU-3005,Good Day Moccacino 250ml,1,8000.0,8000.0,0.0,True,VOID_ITEM
TRX-20260911-001058-001,TRX-20260911-001058,1,SKU-5004,Pembersih Lantai Super Pell 770ml,1,14500.0,14500.0,0.0,False,NONE
TRX-20260911-001058-002,TRX-20260911-001058,2,SKU-3009,Oreo Original Roll 133g,2,11000.0,22000.0,0.0,False,NONE
TRX-20260911-001058-003,TRX-20260911-001058,3,SKU-2006,Mentega Blue Band 200g,2,12500.0,25000.0,0.0,False,NONE
TRX-20260911-001058-004,TRX-20260911-001058,4,SKU-1004,Tepung Terigu Segitiga Biru 1kg,1,13500.0,13500.0,0.0,False,NONE
TRX-20260911-001058-005,TRX-20260911-001058,5,SKU-3001,Air Mineral Aqua 600ml,2,4000.0,8000.0,0.0,False,NONE
TRX-20260911-001058-006,TRX-20260911-001058,6,SKU-1010,Sedaap Mie Goreng 90g,2,3400.0,6800.0,0.0,False,NONE
TRX-20260911-001059-001,TRX-20260911-001059,1,SKU-3010,SilverQueen Cokelat Mede 58g,1,17000.0,17000.0,0.0,False,NONE
TRX-20260911-001059-002,TRX-20260911-001059,2,SKU-3009,Oreo Original Roll 133g,1,11000.0,11000.0,0.0,False,NONE
TRX-20260911-001059-003,TRX-20260911-001059,3,SKU-2003,Susu Ultra Milk Cokelat 1L,1,21500.0,21500.0,0.0,False,NONE
TRX-20260911-001060-001,TRX-20260911-001060,1,SKU-3004,Kopi Kapal Api Spesial Mix 10s,1,15500.0,15500.0,0.0,False,NONE
TRX-20260911-001060-002,TRX-20260911-001060,2,SKU-1004,Tepung Terigu Segitiga Biru 1kg,1,13500.0,13500.0,0.0,False,NONE
TRX-20260911-001060-003,TRX-20260911-001060,3,SKU-3001,Air Mineral Aqua 600ml,2,4000.0,8000.0,0.0,False,NONE
TRX-20260911-001060-004,TRX-20260911-001060,4,SKU-3005,Good Day Moccacino 250ml,1,8000.0,8000.0,0.0,False,NONE
TRX-20260911-001060-005,TRX-20260911-001060,5,SKU-1008,Indomie Goreng Spesial 85g,2,3500.0,7000.0,0.0,True,VOID_ITEM
TRX-20260911-001060-006,TRX-20260911-001060,6,SKU-3007,Chitato Sapi Panggang 68g,1,12500.0,12500.0,0.0,False,NONE
TRX-20260911-001060-007,TRX-20260911-001060,7,SKU-3003,Teh Pucuk Harum 350ml,2,4500.0,9000.0,0.0,False,NONE
TRX-20260911-001060-008,TRX-20260911-001060,8,SKU-4004,Sikat Gigi Formula Double Action 3s,1,15500.0,15500.0,0.0,False,NONE
TRX-20260911-001061-001,TRX-20260911-001061,1,SKU-1011,Sarden ABC Saus Tomat 155g,2,12000.0,24000.0,0.0,False,NONE
TRX-20260911-001061-002,TRX-20260911-001061,2,SKU-1008,Indomie Goreng Spesial 85g,1,3500.0,3500.0,0.0,False,NONE
TRX-20260911-001061-003,TRX-20260911-001061,3,SKU-3002,Air Mineral Le Minerale 600ml,1,3800.0,3800.0,0.0,False,NONE
TRX-20260911-001061-004,TRX-20260911-001061,4,SKU-4004,Sikat Gigi Formula Double Action 3s,2,15500.0,31000.0,0.0,False,NONE
TRX-20260911-001061-005,TRX-20260911-001061,5,SKU-3004,Kopi Kapal Api Spesial Mix 10s,1,15500.0,15500.0,0.0,False,NONE
TRX-20260911-001061-006,TRX-20260911-001061,6,SKU-3001,Air Mineral Aqua 600ml,2,4000.0,8000.0,0.0,False,NONE
TRX-20260911-001061-007,TRX-20260911-001061,7,SKU-1004,Tepung Terigu Segitiga Biru 1kg,1,13500.0,13500.0,0.0,False,NONE
TRX-20260911-001061-008,TRX-20260911-001061,8,SKU-2006,Mentega Blue Band 200g,2,12500.0,25000.0,0.0,False,NONE
TRX-20260911-001062-001,TRX-20260911-001062,1,SKU-5005,Baygon Obat Nyamuk Semprot 600ml,5,42000.0,210000.0,0.0,False,NONE
TRX-20260911-001062-002,TRX-20260911-001062,2,SKU-4007,Minyak Telon My Baby 90ml,1,28000.0,28000.0,0.0,True,VOID_ITEM
TRX-20260911-001062-003,TRX-20260911-001062,3,SKU-4004,Sikat Gigi Formula Double Action 3s,1,15500.0,15500.0,0.0,False,NONE
TRX-20260911-001062-004,TRX-20260911-001062,4,SKU-1002,Minyak Goreng Bimoli 2L,3,37500.0,112500.0,0.0,False,NONE
TRX-20260911-001062-005,TRX-20260911-001062,5,SKU-1004,Tepung Terigu Segitiga Biru 1kg,2,13500.0,27000.0,0.0,False,NONE
TRX-20260911-001062-006,TRX-20260911-001062,6,SKU-1011,Sarden ABC Saus Tomat 155g,1,12000.0,12000.0,0.0,False,NONE
TRX-20260911-001062-007,TRX-20260911-001062,7,SKU-1010,Sedaap Mie Goreng 90g,2,3400.0,6800.0,0.0,False,NONE
TRX-20260911-001062-008,TRX-20260911-001062,8,SKU-4006,Paseo Facial Tissue 250 Sheets,1,16500.0,16500.0,0.0,False,NONE
TRX-20260911-001062-009,TRX-20260911-001062,9,SKU-5001,Deterjen Rinso Anti Noda 770g,1,23000.0,23000.0,0.0,False,NONE
TRX-20260911-001062-010,TRX-20260911-001062,10,SKU-5003,Sabun Cuci Piring Sunlight 650ml,2,15500.0,31000.0,0.0,False,NONE
TRX-20260911-001062-011,TRX-20260911-001062,11,SKU-5006,Baterai ABC Alkaline AA 4s,3,21000.0,63000.0,0.0,False,NONE
TRX-20260911-001062-012,TRX-20260911-001062,12,SKU-4005,Rexona Deodorant Roll On 45ml,3,20500.0,61500.0,0.0,False,NONE
TRX-20260911-001063-001,TRX-20260911-001063,1,SKU-3002,Air Mineral Le Minerale 600ml,1,3800.0,3800.0,0.0,False,NONE
TRX-20260911-001063-002,TRX-20260911-001063,2,SKU-2008,Sari Roti Sobek Cokelat,1,19500.0,19500.0,0.0,False,NONE
TRX-20260911-001063-003,TRX-20260911-001063,3,SKU-2001,Telur Ayam Negeri 1kg,1,31000.0,31000.0,0.0,False,NONE
TRX-20260911-001064-001,TRX-20260911-001064,1,SKU-2006,Mentega Blue Band 200g,1,12500.0,12500.0,0.0,False,NONE
TRX-20260911-001064-002,TRX-20260911-001064,2,SKU-2003,Susu Ultra Milk Cokelat 1L,1,21500.0,21500.0,0.0,False,NONE
TRX-20260911-001064-003,TRX-20260911-001064,3,SKU-2002,Susu Ultra Milk Full Cream 1L,1,21500.0,21500.0,0.0,False,NONE
TRX-20260911-001065-001,TRX-20260911-001065,1,SKU-1009,Indomie Kuah Ayam Bawang 69g,2,3400.0,6800.0,0.0,False,NONE
TRX-20260911-001065-002,TRX-20260911-001065,2,SKU-2004,Yakult Pack isi 5,1,11500.0,11500.0,0.0,False,NONE
TRX-20260911-001065-003,TRX-20260911-001065,3,SKU-5003,Sabun Cuci Piring Sunlight 650ml,2,15500.0,31000.0,0.0,False,NONE
TRX-20260911-001065-004,TRX-20260911-001065,4,SKU-5004,Pembersih Lantai Super Pell 770ml,1,14500.0,14500.0,0.0,True,VOID_ITEM
TRX-20260911-001065-005,TRX-20260911-001065,5,SKU-1008,Indomie Goreng Spesial 85g,2,3500.0,7000.0,0.0,False,NONE
TRX-20260911-001065-006,TRX-20260911-001065,6,SKU-1011,Sarden ABC Saus Tomat 155g,1,12000.0,12000.0,0.0,False,NONE
TRX-20260911-001066-001,TRX-20260911-001066,1,SKU-1008,Indomie Goreng Spesial 85g,2,3500.0,7000.0,0.0,False,NONE
TRX-20260911-001066-002,TRX-20260911-001066,2,SKU-3006,Coca Cola 390ml,1,7500.0,7500.0,0.0,False,NONE
TRX-20260911-001066-003,TRX-20260911-001066,3,SKU-4004,Sikat Gigi Formula Double Action 3s,1,15500.0,15500.0,0.0,False,NONE
TRX-20260911-001066-004,TRX-20260911-001066,4,SKU-2006,Mentega Blue Band 200g,1,12500.0,12500.0,0.0,False,NONE
TRX-20260911-001066-005,TRX-20260911-001066,5,SKU-3003,Teh Pucuk Harum 350ml,1,4500.0,4500.0,0.0,False,NONE
TRX-20260911-001066-006,TRX-20260911-001066,6,SKU-3002,Air Mineral Le Minerale 600ml,2,3800.0,7600.0,0.0,False,NONE
TRX-20260911-001066-007,TRX-20260911-001066,7,SKU-3008,Taro Net Seaweed 65g,2,9800.0,19600.0,0.0,False,NONE
TRX-20260911-001066-008,TRX-20260911-001066,8,SKU-5003,Sabun Cuci Piring Sunlight 650ml,2,15500.0,31000.0,0.0,False,NONE
TRX-20260911-001067-001,TRX-20260911-001067,1,SKU-3008,Taro Net Seaweed 65g,1,9800.0,9800.0,0.0,False,NONE
TRX-20260911-001067-002,TRX-20260911-001067,2,SKU-1010,Sedaap Mie Goreng 90g,1,3400.0,3400.0,0.0,True,VOID_ITEM
TRX-20260911-001067-003,TRX-20260911-001067,3,SKU-4004,Sikat Gigi Formula Double Action 3s,1,15500.0,15500.0,0.0,False,NONE
TRX-20260911-001067-004,TRX-20260911-001067,4,SKU-5004,Pembersih Lantai Super Pell 770ml,1,14500.0,14500.0,0.0,False,NONE
TRX-20260911-001067-005,TRX-20260911-001067,5,SKU-3005,Good Day Moccacino 250ml,1,8000.0,8000.0,0.0,True,VOID_ITEM
TRX-20260911-001067-006,TRX-20260911-001067,6,SKU-3006,Coca Cola 390ml,1,7500.0,7500.0,0.0,False,NONE
TRX-20260911-001067-007,TRX-20260911-001067,7,SKU-2004,Yakult Pack isi 5,1,11500.0,11500.0,0.0,True,VOID_ITEM
TRX-20260911-001068-001,TRX-20260911-001068,1,SKU-2006,Mentega Blue Band 200g,1,12500.0,12500.0,0.0,False,NONE
TRX-20260911-001068-002,TRX-20260911-001068,2,SKU-2008,Sari Roti Sobek Cokelat,1,19500.0,19500.0,0.0,False,NONE
TRX-20260911-001069-001,TRX-20260911-001069,1,SKU-5003,Sabun Cuci Piring Sunlight 650ml,1,15500.0,15500.0,0.0,False,NONE
TRX-20260911-001069-002,TRX-20260911-001069,2,SKU-4004,Sikat Gigi Formula Double Action 3s,2,15500.0,31000.0,0.0,False,NONE
TRX-20260911-001069-003,TRX-20260911-001069,3,SKU-3003,Teh Pucuk Harum 350ml,1,4500.0,4500.0,0.0,False,NONE
TRX-20260911-001069-004,TRX-20260911-001069,4,SKU-3002,Air Mineral Le Minerale 600ml,1,3800.0,3800.0,0.0,False,NONE
TRX-20260911-001069-005,TRX-20260911-001069,5,SKU-3005,Good Day Moccacino 250ml,2,8000.0,16000.0,0.0,False,NONE
TRX-20260911-001069-006,TRX-20260911-001069,6,SKU-2004,Yakult Pack isi 5,1,11500.0,11500.0,0.0,True,VOID_ITEM
TRX-20260911-001069-007,TRX-20260911-001069,7,SKU-1008,Indomie Goreng Spesial 85g,2,3500.0,7000.0,0.0,False,NONE
TRX-20260911-001069-008,TRX-20260911-001069,8,SKU-1009,Indomie Kuah Ayam Bawang 69g,1,3400.0,3400.0,0.0,False,NONE
TRX-20260911-001070-001,TRX-20260911-001070,1,SKU-2003,Susu Ultra Milk Cokelat 1L,1,21500.0,21500.0,0.0,False,NONE
TRX-20260911-001070-002,TRX-20260911-001070,2,SKU-3003,Teh Pucuk Harum 350ml,1,4500.0,4500.0,0.0,False,NONE
TRX-20260911-001071-001,TRX-20260911-001071,1,SKU-3006,Coca Cola 390ml,1,7500.0,7500.0,0.0,False,NONE
TRX-20260911-001071-002,TRX-20260911-001071,2,SKU-2002,Susu Ultra Milk Full Cream 1L,1,21500.0,21500.0,0.0,False,NONE
TRX-20260911-001071-003,TRX-20260911-001071,3,SKU-2008,Sari Roti Sobek Cokelat,1,19500.0,19500.0,0.0,False,NONE
TRX-20260911-001072-001,TRX-20260911-001072,1,SKU-5006,Baterai ABC Alkaline AA 4s,2,21000.0,42000.0,0.0,False,NONE
TRX-20260911-001072-002,TRX-20260911-001072,2,SKU-1007,Saus Sambal ABC 335ml,2,17500.0,35000.0,0.0,False,NONE
TRX-20260911-001072-003,TRX-20260911-001072,3,SKU-1005,Garam Dapur Cap Kapal 250g,2,5000.0,10000.0,0.0,False,NONE
TRX-20260911-001072-004,TRX-20260911-001072,4,SKU-1011,Sarden ABC Saus Tomat 155g,1,12000.0,12000.0,0.0,False,NONE
TRX-20260911-001072-005,TRX-20260911-001072,5,SKU-1010,Sedaap Mie Goreng 90g,1,3400.0,3400.0,0.0,False,NONE
TRX-20260911-001072-006,TRX-20260911-001072,6,SKU-2001,Telur Ayam Negeri 1kg,2,31000.0,62000.0,0.0,False,NONE
TRX-20260911-001072-007,TRX-20260911-001072,7,SKU-1004,Tepung Terigu Segitiga Biru 1kg,2,13500.0,27000.0,0.0,False,NONE
TRX-20260911-001072-008,TRX-20260911-001072,8,SKU-1008,Indomie Goreng Spesial 85g,1,3500.0,3500.0,0.0,False,NONE
TRX-20260911-001072-009,TRX-20260911-001072,9,SKU-1006,Kecap Manis Bango 520ml,1,25500.0,25500.0,0.0,False,NONE
TRX-20260911-001072-010,TRX-20260911-001072,10,SKU-1009,Indomie Kuah Ayam Bawang 69g,2,3400.0,6800.0,0.0,False,NONE
TRX-20260911-001072-011,TRX-20260911-001072,11,SKU-3001,Air Mineral Aqua 600ml,1,4000.0,4000.0,0.0,False,NONE
TRX-20260911-001072-012,TRX-20260911-001072,12,SKU-4006,Paseo Facial Tissue 250 Sheets,1,16500.0,16500.0,0.0,False,NONE
TRX-20260911-001072-013,TRX-20260911-001072,13,SKU-4001,Sabun Mandi Lifebuoy Total 10 450ml,1,27500.0,27500.0,0.0,False,NONE
TRX-20260911-001072-014,TRX-20260911-001072,14,SKU-4003,Pasta Gigi Pepsodent 190g,2,17000.0,34000.0,0.0,False,NONE
TRX-20260911-001072-015,TRX-20260911-001072,15,SKU-4004,Sikat Gigi Formula Double Action 3s,2,15500.0,31000.0,0.0,False,NONE
TRX-20260911-001072-016,TRX-20260911-001072,16,SKU-4007,Minyak Telon My Baby 90ml,2,28000.0,56000.0,0.0,False,NONE
TRX-20260911-001072-017,TRX-20260911-001072,17,SKU-4005,Rexona Deodorant Roll On 45ml,2,20500.0,41000.0,0.0,False,NONE
TRX-20260911-001073-001,TRX-20260911-001073,1,SKU-3010,SilverQueen Cokelat Mede 58g,1,17000.0,17000.0,0.0,True,VOID_ITEM
TRX-20260911-001073-002,TRX-20260911-001073,2,SKU-2004,Yakult Pack isi 5,1,11500.0,11500.0,0.0,False,NONE
TRX-20260911-001073-003,TRX-20260911-001073,3,SKU-3006,Coca Cola 390ml,2,7500.0,15000.0,0.0,False,NONE
TRX-20260911-001073-004,TRX-20260911-001073,4,SKU-3007,Chitato Sapi Panggang 68g,2,12500.0,25000.0,0.0,False,NONE
TRX-20260911-001074-001,TRX-20260911-001074,1,SKU-2007,Sari Roti Tawar Spesial,1,16500.0,16500.0,0.0,False,NONE
TRX-20260911-001074-002,TRX-20260911-001074,2,SKU-2004,Yakult Pack isi 5,1,11500.0,11500.0,0.0,False,NONE
TRX-20260911-001075-001,TRX-20260911-001075,1,SKU-1010,Sedaap Mie Goreng 90g,1,3400.0,3400.0,0.0,False,NONE
TRX-20260911-001075-002,TRX-20260911-001075,2,SKU-1008,Indomie Goreng Spesial 85g,1,3500.0,3500.0,0.0,False,NONE
TRX-20260911-001075-003,TRX-20260911-001075,3,SKU-2906,UNKNOWN PRODUCT,1,12500.0,12500.0,0.0,False,TYPO_SKU
TRX-20260911-001075-004,TRX-20260911-001075,4,SKU-4004,Sikat Gigi Formula Double Action 3s,1,15500.0,15500.0,0.0,False,NONE
TRX-20260911-001075-005,TRX-20260911-001075,5,SKU-1011,Sarden ABC Saus Tomat 155g,1,12000.0,12000.0,0.0,False,NONE
TRX-20260911-001075-006,TRX-20260911-001075,6,SKU-3003,Teh Pucuk Harum 350ml,1,4500.0,4500.0,0.0,True,VOID_ITEM
TRX-20260911-001075-007,TRX-20260911-001075,7,SKU-3001,Air Mineral Aqua 600ml,1,4000.0,4000.0,0.0,True,VOID_ITEM
TRX-20260911-001075-008,TRX-20260911-001075,8,SKU-3005,Good Day Moccacino 250ml,2,8000.0,16000.0,0.0,False,NONE
TRX-20260911-001075-009,TRX-20260911-001075,9,SKU-3008,Taro Net Seaweed 65g,1,9800.0,9800.0,0.0,False,NONE
TRX-20260911-001076-001,TRX-20260911-001076,1,SKU-2002,Susu Ultra Milk Full Cream 1L,1,21500.0,21500.0,0.0,False,NONE
TRX-20260911-001076-002,TRX-20260911-001076,2,SKU-2001,Telur Ayam Negeri 1kg,1,31000.0,31000.0,0.0,False,NONE
TRX-20260911-001077-001,TRX-20260911-001077,1,SKU-2007,Sari Roti Tawar Spesial,1,16500.0,16500.0,0.0,False,NONE
TRX-20260911-001077-002,TRX-20260911-001077,2,SKU-2008,Sari Roti Sobek Cokelat,1,19500.0,19500.0,0.0,False,NONE
TRX-20260911-001077-003,TRX-20260911-001077,3,SKU-3001,Air Mineral Aqua 600ml,1,4000.0,4000.0,0.0,False,NONE
TRX-20260911-001077-004,TRX-20260911-001077,4,SKU-2002,Susu Ultra Milk Full Cream 1L,1,21500.0,21500.0,0.0,False,NONE
TRX-20260911-001077-005,TRX-20260911-001077,5,SKU-3005,Good Day Moccacino 250ml,1,8000.0,8000.0,0.0,False,NONE
TRX-20260911-001077-006,TRX-20260911-001077,6,SKU-3007,Chitato Sapi Panggang 68g,1,12500.0,12500.0,0.0,False,NONE
TRX-20260911-001077-007,TRX-20260911-001077,7,SKU-3010,SilverQueen Cokelat Mede 58g,1,17000.0,17000.0,0.0,False,NONE
TRX-20260911-001078-001,TRX-20260911-001078,1,SKU-1006,Kecap Manis Bango 520ml,1,25500.0,25500.0,0.0,False,NONE
TRX-20260911-001078-002,TRX-20260911-001078,2,SKU-4001,Sabun Mandi Lifebuoy Total 10 450ml,1,27500.0,27500.0,0.0,False,NONE
TRX-20260911-001078-003,TRX-20260911-001078,3,SKU-4003,Pasta Gigi Pepsodent 190g,1,17000.0,17000.0,0.0,False,NONE
TRX-20260911-001078-004,TRX-20260911-001078,4,SKU-5001,Deterjen Rinso Anti Noda 770g,3,23000.0,69000.0,0.0,False,NONE
TRX-20260911-001078-005,TRX-20260911-001078,5,SKU-4004,Sikat Gigi Formula Double Action 3s,1,15500.0,15500.0,0.0,False,NONE
TRX-20260911-001078-006,TRX-20260911-001078,6,SKU-1003,Gula Pasir Gulaku 1kg,1,17500.0,17500.0,0.0,False,NONE
TRX-20260911-001078-007,TRX-20260911-001078,7,SKU-1001,Beras Pandan Wangi 5kg,1,78500.0,78500.0,0.0,False,NONE
TRX-20260911-001078-008,TRX-20260911-001078,8,SKU-1005,Garam Dapur Cap Kapal 250g,2,5000.0,10000.0,0.0,False,NONE
TRX-20260911-001078-009,TRX-20260911-001078,9,SKU-4005,Rexona Deodorant Roll On 45ml,3,20500.0,61500.0,0.0,False,NONE
TRX-20260911-001078-010,TRX-20260911-001078,10,SKU-4007,Minyak Telon My Baby 90ml,2,28000.0,56000.0,0.0,False,NONE
TRX-20260911-001079-001,TRX-20260911-001079,1,SKU-3010,SilverQueen Cokelat Mede 58g,1,17000.0,17000.0,0.0,False,NONE
TRX-20260911-001079-002,TRX-20260911-001079,2,SKU-2007,Sari Roti Tawar Spesial,1,16500.0,16500.0,0.0,False,NONE
TRX-20260911-001080-001,TRX-20260911-001080,1,SKU-3008,Taro Net Seaweed 65g,2,9800.0,19600.0,0.0,False,NONE
TRX-20260911-001080-002,TRX-20260911-001080,2,SKU-1008,Indomie Goreng Spesial 85g,2,3500.0,7000.0,0.0,False,NONE
TRX-20260911-001080-003,TRX-20260911-001080,3,SKU-3009,Oreo Original Roll 133g,2,11000.0,22000.0,0.0,False,NONE
TRX-20260911-001080-004,TRX-20260911-001080,4,SKU-2006,Mentega Blue Band 200g,2,12500.0,25000.0,0.0,False,NONE
TRX-20260911-001080-005,TRX-20260911-001080,5,SKU-3003,Teh Pucuk Harum 350ml,1,4500.0,4500.0,0.0,False,NONE
TRX-20260911-001081-001,TRX-20260911-001081,1,SKU-3007,Chitato Sapi Panggang 68g,1,12500.0,12500.0,0.0,False,NONE
TRX-20260911-001081-002,TRX-20260911-001081,2,SKU-3004,Kopi Kapal Api Spesial Mix 10s,1,15500.0,15500.0,0.0,False,NONE
TRX-20260911-001081-003,TRX-20260911-001081,3,SKU-2004,Yakult Pack isi 5,1,11500.0,11500.0,0.0,False,NONE
TRX-20260911-001082-001,TRX-20260911-001082,1,SKU-1012,Kornet Sapi Pronas 198g,2,26000.0,52000.0,0.0,False,NONE
TRX-20260911-001082-002,TRX-20260911-001082,2,SKU-1007,Saus Sambal ABC 335ml,2,17500.0,35000.0,0.0,False,NONE
TRX-20260911-001082-003,TRX-20260911-001082,3,SKU-4003,Pasta Gigi Pepsodent 190g,1,17000.0,17000.0,0.0,False,NONE
TRX-20260911-001082-004,TRX-20260911-001082,4,SKU-4004,Sikat Gigi Formula Double Action 3s,2,15500.0,31000.0,0.0,False,NONE
TRX-20260911-001082-005,TRX-20260911-001082,5,SKU-4005,Rexona Deodorant Roll On 45ml,3,20500.0,61500.0,0.0,False,NONE
TRX-20260911-001082-006,TRX-20260911-001082,6,SKU-1003,Gula Pasir Gulaku 1kg,1,17500.0,17500.0,0.0,False,NONE
TRX-20260911-001082-007,TRX-20260911-001082,7,SKU-1011,Sarden ABC Saus Tomat 155g,2,12000.0,24000.0,0.0,False,NONE
TRX-20260911-001082-008,TRX-20260911-001082,8,SKU-4007,Minyak Telon My Baby 90ml,2,28000.0,56000.0,0.0,False,NONE
TRX-20260911-001082-009,TRX-20260911-001082,9,SKU-5003,Sabun Cuci Piring Sunlight 650ml,2,15500.0,31000.0,0.0,False,NONE
TRX-20260911-001082-010,TRX-20260911-001082,10,SKU-5001,Deterjen Rinso Anti Noda 770g,2,23000.0,46000.0,0.0,False,NONE
TRX-20260911-001082-011,TRX-20260911-001082,11,SKU-4006,Paseo Facial Tissue 250 Sheets,3,16500.0,49500.0,0.0,False,NONE
TRX-20260911-001082-012,TRX-20260911-001082,12,SKU-1009,Indomie Kuah Ayam Bawang 69g,1,3400.0,3400.0,0.0,False,NONE
TRX-20260911-001082-013,TRX-20260911-001082,13,SKU-4004,Sikat Gigi Formula Double Action 3s,1,15500.0,15500.0,0.0,False,NONE
TRX-20260911-001083-001,TRX-20260911-001083,1,SKU-3002,Air Mineral Le Minerale 600ml,2,3800.0,7600.0,0.0,False,NONE
TRX-20260911-001083-002,TRX-20260911-001083,2,SKU-4004,Sikat Gigi Formula Double Action 3s,1,15500.0,15500.0,0.0,False,NONE
TRX-20260911-001083-003,TRX-20260911-001083,3,SKU-5004,Pembersih Lantai Super Pell 770ml,1,14500.0,14500.0,0.0,False,NONE
TRX-20260911-001083-004,TRX-20260911-001083,4,SKU-5003,Sabun Cuci Piring Sunlight 650ml,1,15500.0,15500.0,0.0,False,NONE
TRX-20260911-001083-005,TRX-20260911-001083,5,SKU-1011,Sarden ABC Saus Tomat 155g,2,12000.0,24000.0,0.0,True,VOID_ITEM
TRX-20260911-001084-001,TRX-20260911-001084,1,SKU-1007,Saus Sambal ABC 335ml,1,17500.0,17500.0,0.0,False,NONE
TRX-20260911-001084-002,TRX-20260911-001084,2,SKU-5005,Baygon Obat Nyamuk Semprot 600ml,1,42000.0,42000.0,0.0,False,NONE
TRX-20260911-001084-003,TRX-20260911-001084,3,SKU-1009,Indomie Kuah Ayam Bawang 69g,1,3400.0,3400.0,0.0,False,NONE
TRX-20260911-001084-004,TRX-20260911-001084,4,SKU-3007,Chitato Sapi Panggang 68g,1,12500.0,12500.0,0.0,False,NONE
TRX-20260911-001084-005,TRX-20260911-001084,5,SKU-3004,Kopi Kapal Api Spesial Mix 10s,1,15500.0,15500.0,0.0,False,NONE
TRX-20260911-001084-006,TRX-20260911-001084,6,SKU-3002,Air Mineral Le Minerale 600ml,1,3800.0,3800.0,0.0,False,NONE
TRX-20260911-001084-007,TRX-20260911-001084,7,SKU-3010,SilverQueen Cokelat Mede 58g,2,17000.0,34000.0,0.0,False,NONE
TRX-20260911-001085-001,TRX-20260911-001085,1,SKU-3002,Air Mineral Le Minerale 600ml,1,3800.0,3800.0,0.0,False,NONE
TRX-20260911-001085-002,TRX-20260911-001085,2,SKU-2005,Keju Kraft Cheddar 165g,1,24000.0,24000.0,0.0,False,NONE
TRX-20260911-001085-003,TRX-20260911-001085,3,SKU-3006,Coca Cola 390ml,1,7500.0,7500.0,0.0,False,NONE
TRX-20260911-001086-001,TRX-20260911-001086,1,SKU-4002,Shampoo Sunsilk Black Shine 160ml,1,26000.0,26000.0,0.0,False,NONE
TRX-20260911-001086-002,TRX-20260911-001086,2,SKU-4003,Pasta Gigi Pepsodent 190g,1,17000.0,17000.0,0.0,False,NONE
TRX-20260911-001086-003,TRX-20260911-001086,3,SKU-4003,Pasta Gigi Pepsodent 190g,2,17000.0,34000.0,0.0,False,NONE
TRX-20260911-001086-004,TRX-20260911-001086,4,SKU-4004,Sikat Gigi Formula Double Action 3s,2,15500.0,31000.0,0.0,False,NONE
TRX-20260911-001086-005,TRX-20260911-001086,5,SKU-1010,Sedaap Mie Goreng 90g,3,3400.0,10200.0,0.0,False,NONE
TRX-20260911-001086-006,TRX-20260911-001086,6,SKU-1007,Saus Sambal ABC 335ml,2,17500.0,35000.0,0.0,False,NONE
TRX-20260911-001086-007,TRX-20260911-001086,7,SKU-5002,Pewangi Pakaian Molto All in 1 720ml,5,24000.0,120000.0,0.0,False,NONE
TRX-20260911-001086-008,TRX-20260911-001086,8,SKU-4004,Sikat Gigi Formula Double Action 3s,2,15500.0,31000.0,0.0,False,NONE
TRX-20260911-001086-009,TRX-20260911-001086,9,SKU-1012,Kornet Sapi Pronas 198g,3,26000.0,78000.0,0.0,False,NONE
TRX-20260911-001086-010,TRX-20260911-001086,10,SKU-4005,Rexona Deodorant Roll On 45ml,1,20500.0,20500.0,0.0,False,NONE
TRX-20260911-001086-011,TRX-20260911-001086,11,SKU-4001,Sabun Mandi Lifebuoy Total 10 450ml,1,27500.0,27500.0,0.0,False,NONE
TRX-20260911-001086-012,TRX-20260911-001086,12,SKU-1009,Indomie Kuah Ayam Bawang 69g,2,3400.0,6800.0,0.0,False,NONE
TRX-20260911-001086-013,TRX-20260911-001086,13,SKU-1006,Kecap Manis Bango 520ml,2,25500.0,51000.0,0.0,False,NONE
TRX-20260911-001086-014,TRX-20260911-001086,14,SKU-1007,Saus Sambal ABC 335ml,3,17500.0,52500.0,0.0,False,NONE
TRX-20260911-001086-015,TRX-20260911-001086,15,SKU-5005,Baygon Obat Nyamuk Semprot 600ml,2,42000.0,84000.0,0.0,False,NONE
TRX-20260911-001086-016,TRX-20260911-001086,16,SKU-4007,Minyak Telon My Baby 90ml,5,28000.0,140000.0,0.0,False,NONE
TRX-20260911-001086-017,TRX-20260911-001086,17,SKU-5003,Sabun Cuci Piring Sunlight 650ml,1,15500.0,15500.0,0.0,False,NONE
TRX-20260911-001086-018,TRX-20260911-001086,18,SKU-5004,Pembersih Lantai Super Pell 770ml,2,14500.0,29000.0,0.0,False,NONE
TRX-20260911-001086-019,TRX-20260911-001086,19,SKU-1001,Beras Pandan Wangi 5kg,2,78500.0,157000.0,0.0,False,NONE
TRX-20260911-001086-020,TRX-20260911-001086,20,SKU-1005,Garam Dapur Cap Kapal 250g,1,5000.0,5000.0,0.0,False,NONE
TRX-20260911-001086-021,TRX-20260911-001086,21,SKU-1011,Sarden ABC Saus Tomat 155g,1,12000.0,12000.0,0.0,False,NONE
TRX-20260911-001086-022,TRX-20260911-001086,22,SKU-4006,Paseo Facial Tissue 250 Sheets,1,16500.0,16500.0,0.0,False,NONE
TRX-20260911-001086-023,TRX-20260911-001086,23,SKU-1004,Tepung Terigu Segitiga Biru 1kg,2,13500.0,27000.0,0.0,False,NONE
TRX-20260911-001087-001,TRX-20260911-001087,1,SKU-3008,Taro Net Seaweed 65g,1,9800.0,9800.0,0.0,False,NONE
TRX-20260911-001087-002,TRX-20260911-001087,2,SKU-2002,Susu Ultra Milk Full Cream 1L,1,21500.0,21500.0,0.0,False,NONE
TRX-20260911-001087-003,TRX-20260911-001087,3,SKU-3004,Kopi Kapal Api Spesial Mix 10s,1,15500.0,15500.0,0.0,False,NONE
TRX-20260911-001088-001,TRX-20260911-001088,1,SKU-3001,Air Mineral Aqua 600ml,1,4000.0,4000.0,0.0,False,TYPO_SKU
TRX-20260911-001088-002,TRX-20260911-001088,2,SKU-4002,Shampoo Sunsilk Black Shine 160ml,2,26000.0,52000.0,0.0,False,NONE
TRX-20260911-001088-003,TRX-20260911-001088,3,SKU-1007,Saus Sambal ABC 335ml,2,17500.0,35000.0,0.0,False,NONE
TRX-20260911-001088-004,TRX-20260911-001088,4,SKU-4003,Pasta Gigi Pepsodent 190g,5,17000.0,85000.0,0.0,False,NONE
TRX-20260911-001088-005,TRX-20260911-001088,5,SKU-4004,Sikat Gigi Formula Double Action 3s,3,15500.0,46500.0,0.0,False,NONE
TRX-20260911-001088-006,TRX-20260911-001088,6,SKU-1009,Indomie Kuah Ayam Bawang 69g,2,3400.0,6800.0,0.0,False,NONE
TRX-20260911-001088-007,TRX-20260911-001088,7,SKU-5006,Baterai ABC Alkaline AA 4s,1,21000.0,21000.0,0.0,False,NONE
TRX-20260911-001088-008,TRX-20260911-001088,8,SKU-1010,Sedaap Mie Goreng 90g,1,3400.0,3400.0,0.0,False,NONE
TRX-20260911-001088-009,TRX-20260911-001088,9,SKU-1011,Sarden ABC Saus Tomat 155g,1,12000.0,12000.0,0.0,True,VOID_ITEM
TRX-20260911-001088-010,TRX-20260911-001088,10,SKU-1008,Indomie Goreng Spesial 85g,1,3500.0,3500.0,0.0,False,NONE
TRX-20260911-001088-011,TRX-20260911-001088,11,SKU-5003,Sabun Cuci Piring Sunlight 650ml,1,15500.0,15500.0,0.0,False,NONE
TRX-20260911-001088-012,TRX-20260911-001088,12,SKU-4007,Minyak Telon My Baby 90ml,2,28000.0,56000.0,0.0,False,NONE
TRX-20260911-001088-013,TRX-20260911-001088,13,SKU-1004,Tepung Terigu Segitiga Biru 1kg,5,13500.0,67500.0,0.0,False,NONE
TRX-20260911-001088-014,TRX-20260911-001088,14,SKU-5005,Baygon Obat Nyamuk Semprot 600ml,3,42000.0,126000.0,0.0,False,NONE
TRX-20260911-001088-015,TRX-20260911-001088,15,SKU-1005,Garam Dapur Cap Kapal 250g,5,5000.0,25000.0,0.0,False,NONE
TRX-20260911-001088-016,TRX-20260911-001088,16,SKU-4005,Rexona Deodorant Roll On 45ml,2,20500.0,41000.0,0.0,False,NONE
TRX-20260911-001089-001,TRX-20260911-001089,1,SKU-5005,Baygon Obat Nyamuk Semprot 600ml,2,42000.0,84000.0,0.0,False,NONE
TRX-20260911-001089-002,TRX-20260911-001089,2,SKU-4001,Sabun Mandi Lifebuoy Total 10 450ml,2,27500.0,55000.0,0.0,False,NONE
TRX-20260911-001089-003,TRX-20260911-001089,3,SKU-4002,Shampoo Sunsilk Black Shine 160ml,2,26000.0,52000.0,0.0,False,NONE
TRX-20260911-001089-004,TRX-20260911-001089,4,SKU-4005,Rexona Deodorant Roll On 45ml,3,20500.0,61500.0,0.0,False,NONE
TRX-20260911-001089-005,TRX-20260911-001089,5,SKU-4007,Minyak Telon My Baby 90ml,1,28000.0,28000.0,0.0,False,NONE
TRX-20260911-001089-006,TRX-20260911-001089,6,SKU-1007,Saus Sambal ABC 335ml,2,17500.0,35000.0,0.0,False,NONE
TRX-20260911-001089-007,TRX-20260911-001089,7,SKU-1003,Gula Pasir Gulaku 1kg,1,17500.0,17500.0,0.0,False,NONE
TRX-20260911-001089-008,TRX-20260911-001089,8,SKU-5002,Pewangi Pakaian Molto All in 1 720ml,1,24000.0,24000.0,0.0,False,NONE
TRX-20260911-001089-009,TRX-20260911-001089,9,SKU-1010,Sedaap Mie Goreng 90g,1,3400.0,3400.0,0.0,False,NONE
TRX-20260911-001090-001,TRX-20260911-001090,1,SKU-5006,Baterai ABC Alkaline AA 4s,1,21000.0,21000.0,0.0,False,NONE
TRX-20260911-001090-002,TRX-20260911-001090,2,SKU-1011,Sarden ABC Saus Tomat 155g,1,12000.0,12000.0,0.0,False,NONE
TRX-20260911-001090-003,TRX-20260911-001090,3,SKU-5005,Baygon Obat Nyamuk Semprot 600ml,2,42000.0,84000.0,0.0,False,NONE
TRX-20260911-001090-004,TRX-20260911-001090,4,SKU-5003,Sabun Cuci Piring Sunlight 650ml,2,15500.0,31000.0,0.0,False,NONE
TRX-20260911-001090-005,TRX-20260911-001090,5,SKU-5004,Pembersih Lantai Super Pell 770ml,1,14500.0,14500.0,0.0,False,NONE
TRX-20260911-001090-006,TRX-20260911-001090,6,SKU-4001,Sabun Mandi Lifebuoy Total 10 450ml,2,27500.0,55000.0,0.0,False,NONE
TRX-20260911-001090-007,TRX-20260911-001090,7,SKU-4002,Shampoo Sunsilk Black Shine 160ml,2,26000.0,52000.0,0.0,False,NONE
TRX-20260911-001090-008,TRX-20260911-001090,8,SKU-4002,Shampoo Sunsilk Black Shine 160ml,2,26000.0,52000.0,0.0,False,NONE
TRX-20260911-001090-009,TRX-20260911-001090,9,SKU-4006,Paseo Facial Tissue 250 Sheets,1,16500.0,16500.0,0.0,False,NONE
TRX-20260911-001090-010,TRX-20260911-001090,10,SKU-4007,Minyak Telon My Baby 90ml,1,28000.0,28000.0,0.0,False,NONE
TRX-20260911-001090-011,TRX-20260911-001090,11,SKU-1001,Beras Pandan Wangi 5kg,1,78500.0,78500.0,0.0,False,NONE
TRX-20260911-001090-012,TRX-20260911-001090,12,SKU-5004,Pembersih Lantai Super Pell 770ml,1,14500.0,14500.0,0.0,False,NONE
TRX-20260911-001090-013,TRX-20260911-001090,13,SKU-4004,Sikat Gigi Formula Double Action 3s,1,15500.0,15500.0,0.0,False,NONE
TRX-20260911-001090-014,TRX-20260911-001090,14,SKU-1009,Indomie Kuah Ayam Bawang 69g,2,3400.0,6800.0,0.0,False,NONE
TRX-20260911-001090-015,TRX-20260911-001090,15,SKU-1007,Saus Sambal ABC 335ml,1,17500.0,17500.0,0.0,False,NONE
TRX-20260911-001090-016,TRX-20260911-001090,16,SKU-5001,Deterjen Rinso Anti Noda 770g,2,23000.0,46000.0,0.0,False,NONE
TRX-20260911-001090-017,TRX-20260911-001090,17,SKU-5002,Pewangi Pakaian Molto All in 1 720ml,2,24000.0,48000.0,0.0,True,VOID_ITEM
TRX-20260911-001090-018,TRX-20260911-001090,18,SKU-1008,Indomie Goreng Spesial 85g,1,3500.0,3500.0,0.0,False,NONE
TRX-20260911-001090-019,TRX-20260911-001090,19,SKU-2001,Telur Ayam Negeri 1kg,2,31000.0,62000.0,0.0,False,NONE
TRX-20260911-001091-001,TRX-20260911-001091,1,SKU-5004,Pembersih Lantai Super Pell 770ml,1,14500.0,14500.0,0.0,False,NONE
TRX-20260911-001091-002,TRX-20260911-001091,2,SKU-1012,Kornet Sapi Pronas 198g,2,26000.0,52000.0,0.0,False,NONE
TRX-20260911-001091-003,TRX-20260911-001091,3,SKU-1008,Indomie Goreng Spesial 85g,2,3500.0,7000.0,0.0,False,NONE
TRX-20260911-001091-004,TRX-20260911-001091,4,SKU-2001,Telur Ayam Negeri 1kg,1,31000.0,31000.0,0.0,False,NONE
TRX-20260911-001091-005,TRX-20260911-001091,5,SKU-4003,Pasta Gigi Pepsodent 190g,2,17000.0,34000.0,0.0,False,NONE
TRX-20260911-001091-006,TRX-20260911-001091,6,SKU-4002,Shampoo Sunsilk Black Shine 160ml,5,26000.0,130000.0,0.0,False,NONE
TRX-20260911-001091-007,TRX-20260911-001091,7,SKU-4001,Sabun Mandi Lifebuoy Total 10 450ml,1,27500.0,27500.0,0.0,False,NONE
TRX-20260911-001091-008,TRX-20260911-001091,8,SKU-5002,Pewangi Pakaian Molto All in 1 720ml,1,24000.0,24000.0,0.0,False,NONE
TRX-20260911-001091-009,TRX-20260911-001091,9,SKU-1011,Sarden ABC Saus Tomat 155g,1,12000.0,12000.0,0.0,False,NONE
TRX-20260911-001091-010,TRX-20260911-001091,10,SKU-4006,Paseo Facial Tissue 250 Sheets,5,16500.0,82500.0,0.0,False,NONE
TRX-20260911-001091-011,TRX-20260911-001091,11,SKU-5001,Deterjen Rinso Anti Noda 770g,2,23000.0,46000.0,0.0,False,NONE
TRX-20260911-001091-012,TRX-20260911-001091,12,SKU-5003,Sabun Cuci Piring Sunlight 650ml,1,15500.0,15500.0,0.0,False,NONE
TRX-20260911-001091-013,TRX-20260911-001091,13,SKU-4007,Minyak Telon My Baby 90ml,3,28000.0,84000.0,0.0,False,NONE
TRX-20260911-001091-014,TRX-20260911-001091,14,SKU-1003,Gula Pasir Gulaku 1kg,2,17500.0,35000.0,0.0,False,NONE
TRX-20260911-001091-015,TRX-20260911-001091,15,SKU-4005,Rexona Deodorant Roll On 45ml,2,20500.0,41000.0,0.0,False,NONE
TRX-20260911-001091-016,TRX-20260911-001091,16,SKU-1006,Kecap Manis Bango 520ml,1,25500.0,25500.0,0.0,False,NONE
TRX-20260911-001091-017,TRX-20260911-001091,17,SKU-1005,Garam Dapur Cap Kapal 250g,1,5000.0,5000.0,0.0,False,NONE
TRX-20260911-001091-018,TRX-20260911-001091,18,SKU-4004,Sikat Gigi Formula Double Action 3s,2,15500.0,31000.0,0.0,False,NONE
TRX-20260911-001091-019,TRX-20260911-001091,19,SKU-1002,Minyak Goreng Bimoli 2L,1,37500.0,37500.0,0.0,False,NONE
TRX-20260911-001091-020,TRX-20260911-001091,20,SKU-1001,Beras Pandan Wangi 5kg,1,78500.0,78500.0,0.0,False,NONE
TRX-20260911-001091-021,TRX-20260911-001091,21,SKU-5005,Baygon Obat Nyamuk Semprot 600ml,1,42000.0,42000.0,0.0,False,NONE
TRX-20260911-001092-001,TRX-20260911-001092,1,SKU-1005,Garam Dapur Cap Kapal 250g,1,5000.0,5000.0,0.0,False,NONE
TRX-20260911-001092-002,TRX-20260911-001092,2,SKU-1011,Sarden ABC Saus Tomat 155g,1,12000.0,12000.0,0.0,False,NONE
TRX-20260911-001092-003,TRX-20260911-001092,3,SKU-4003,Pasta Gigi Pepsodent 190g,3,17000.0,51000.0,0.0,False,NONE
TRX-20260911-001092-004,TRX-20260911-001092,4,SKU-4004,Sikat Gigi Formula Double Action 3s,1,15500.0,15500.0,0.0,False,NONE
TRX-20260911-001092-005,TRX-20260911-001092,5,SKU-1003,Gula Pasir Gulaku 1kg,3,17500.0,52500.0,0.0,False,NONE
TRX-20260911-001092-006,TRX-20260911-001092,6,SKU-1006,Kecap Manis Bango 520ml,1,25500.0,25500.0,0.0,False,NONE
TRX-20260911-001092-007,TRX-20260911-001092,7,SKU-4004,Sikat Gigi Formula Double Action 3s,1,15500.0,15500.0,0.0,False,NONE
TRX-20260911-001092-008,TRX-20260911-001092,8,SKU-4002,Shampoo Sunsilk Black Shine 160ml,2,26000.0,52000.0,0.0,False,NONE
TRX-20260911-001092-009,TRX-20260911-001092,9,SKU-4005,Rexona Deodorant Roll On 45ml,2,20500.0,41000.0,0.0,False,NONE
TRX-20260911-001092-010,TRX-20260911-001092,10,SKU-1007,Saus Sambal ABC 335ml,3,17500.0,52500.0,0.0,False,NONE
TRX-20260911-001092-011,TRX-20260911-001092,11,SKU-4006,Paseo Facial Tissue 250 Sheets,3,16500.0,49500.0,0.0,False,NONE
TRX-20260911-001092-012,TRX-20260911-001092,12,SKU-1001,Beras Pandan Wangi 5kg,5,78500.0,392500.0,0.0,False,NONE
TRX-20260911-001092-013,TRX-20260911-001092,13,SKU-5005,Baygon Obat Nyamuk Semprot 600ml,2,42000.0,84000.0,0.0,False,NONE
TRX-20260911-001092-014,TRX-20260911-001092,14,SKU-5003,Sabun Cuci Piring Sunlight 650ml,1,15500.0,15500.0,0.0,False,NONE
TRX-20260911-001092-015,TRX-20260911-001092,15,SKU-5004,Pembersih Lantai Super Pell 770ml,2,14500.0,29000.0,0.0,False,NONE
TRX-20260911-001092-016,TRX-20260911-001092,16,SKU-1012,Kornet Sapi Pronas 198g,1,26000.0,26000.0,0.0,False,NONE
TRX-20260911-001093-001,TRX-20260911-001093,1,SKU-5006,Baterai ABC Alkaline AA 4s,1,21000.0,21000.0,0.0,False,NONE
TRX-20260911-001093-002,TRX-20260911-001093,2,SKU-4003,Pasta Gigi Pepsodent 190g,1,17000.0,17000.0,0.0,False,NONE
TRX-20260911-001093-003,TRX-20260911-001093,3,SKU-4004,Sikat Gigi Formula Double Action 3s,1,15500.0,15500.0,0.0,False,NONE
TRX-20260911-001093-004,TRX-20260911-001093,4,SKU-5004,Pembersih Lantai Super Pell 770ml,1,14500.0,14500.0,0.0,False,NONE
TRX-20260911-001093-005,TRX-20260911-001093,5,SKU-4001,Sabun Mandi Lifebuoy Total 10 450ml,1,27500.0,27500.0,0.0,False,NONE
TRX-20260911-001093-006,TRX-20260911-001093,6,SKU-1005,Garam Dapur Cap Kapal 250g,1,5000.0,5000.0,0.0,False,NONE
TRX-20260911-001093-007,TRX-20260911-001093,7,SKU-1004,Tepung Terigu Segitiga Biru 1kg,1,13500.0,13500.0,0.0,False,NONE
TRX-20260911-001093-008,TRX-20260911-001093,8,SKU-1006,Kecap Manis Bango 520ml,2,25500.0,51000.0,0.0,False,NONE
TRX-20260911-001093-009,TRX-20260911-001093,9,SKU-1007,Saus Sambal ABC 335ml,3,17500.0,52500.0,0.0,True,VOID_ITEM
TRX-20260911-001093-010,TRX-20260911-001093,10,SKU-1010,Sedaap Mie Goreng 90g,1,3400.0,3400.0,0.0,False,NONE
TRX-20260911-001093-011,TRX-20260911-001093,11,SKU-1011,Sarden ABC Saus Tomat 155g,1,12000.0,12000.0,0.0,False,NONE
TRX-20260911-001093-012,TRX-20260911-001093,12,SKU-4006,Paseo Facial Tissue 250 Sheets,2,16500.0,33000.0,0.0,False,NONE
TRX-20260911-001093-013,TRX-20260911-001093,13,SKU-1012,Kornet Sapi Pronas 198g,2,26000.0,52000.0,0.0,False,NONE
TRX-20260911-001094-001,TRX-20260911-001094,1,SKU-3004,Kopi Kapal Api Spesial Mix 10s,1,15500.0,15500.0,0.0,False,NONE
TRX-20260911-001095-001,TRX-20260911-001095,1,SKU-3009,Oreo Original Roll 133g,1,11000.0,11000.0,0.0,False,NONE
TRX-20260911-001095-002,TRX-20260911-001095,2,SKU-2002,Susu Ultra Milk Full Cream 1L,1,21500.0,21500.0,0.0,False,NONE
TRX-20260911-001095-003,TRX-20260911-001095,3,SKU-2005,Keju Kraft Cheddar 165g,1,24000.0,24000.0,0.0,False,NONE
TRX-20260911-001096-001,TRX-20260911-001096,1,SKU-4003,Pasta Gigi Pepsodent 190g,1,17000.0,17000.0,0.0,False,NONE
TRX-20260911-001096-002,TRX-20260911-001096,2,SKU-2001,Telur Ayam Negeri 1kg,1,31000.0,31000.0,0.0,False,NONE
TRX-20260911-001096-003,TRX-20260911-001096,3,SKU-1003,Gula Pasir Gulaku 1kg,1,17500.0,17500.0,0.0,False,NONE
TRX-20260911-001096-004,TRX-20260911-001096,4,SKU-2004,Yakult Pack isi 5,1,11500.0,11500.0,0.0,False,NONE
TRX-20260911-001096-005,TRX-20260911-001096,5,SKU-1005,Garam Dapur Cap Kapal 250g,1,5000.0,5000.0,0.0,False,NONE
TRX-20260911-001096-006,TRX-20260911-001096,6,SKU-3008,Taro Net Seaweed 65g,2,9800.0,19600.0,0.0,False,NONE
TRX-20260912-001097-001,TRX-20260912-001097,1,SKU-2004,Yakult Pack isi 5,1,11500.0,11500.0,0.0,False,NONE
TRX-20260912-001097-002,TRX-20260912-001097,2,SKU-3009,Oreo Original Roll 133g,1,11000.0,11000.0,0.0,False,NONE
TRX-20260912-001097-003,TRX-20260912-001097,3,SKU-3007,Chitato Sapi Panggang 68g,1,12500.0,12500.0,0.0,False,NONE
TRX-20260912-001098-001,TRX-20260912-001098,1,SKU-2007,Sari Roti Tawar Spesial,1,16500.0,16500.0,0.0,False,NONE
TRX-20260912-001098-002,TRX-20260912-001098,2,SKU-2006,Mentega Blue Band 200g,1,12500.0,12500.0,0.0,False,NONE
TRX-20260912-001099-001,TRX-20260912-001099,1,SKU-3007,Chitato Sapi Panggang 68g,1,12500.0,12500.0,0.0,False,NONE
TRX-20260912-001099-002,TRX-20260912-001099,2,SKU-2027,UNKNOWN PRODUCT,1,16500.0,16500.0,0.0,False,TYPO_SKU
TRX-20260912-001099-003,TRX-20260912-001099,3,SKU-2004,Yakult Pack isi 5,1,11500.0,11500.0,0.0,False,NONE
TRX-20260912-001100-001,TRX-20260912-001100,1,SKU-3002,Air Mineral Le Minerale 600ml,2,3800.0,7600.0,0.0,False,NONE
TRX-20260912-001100-002,TRX-20260912-001100,2,SKU-1005,Garam Dapur Cap Kapal 250g,1,5000.0,5000.0,0.0,False,NONE
TRX-20260912-001100-003,TRX-20260912-001100,3,SKU-3001,Air Mineral Aqua 600ml,2,4000.0,8000.0,0.0,False,NONE
TRX-20260912-001100-004,TRX-20260912-001100,4,SKU-3007,Chitato Sapi Panggang 68g,1,12500.0,12500.0,0.0,False,NONE
TRX-20260912-001100-005,TRX-20260912-001100,5,SKU-3005,Good Day Moccacino 250ml,1,8000.0,8000.0,0.0,False,NONE
TRX-20260912-001101-001,TRX-20260912-001101,1,SKU-3007,Chitato Sapi Panggang 68g,2,12500.0,25000.0,0.0,False,NONE
TRX-20260912-001101-002,TRX-20260912-001101,2,SKU-5004,Pembersih Lantai Super Pell 770ml,2,14500.0,29000.0,0.0,False,NONE
TRX-20260912-001101-003,TRX-20260912-001101,3,SKU-3009,Oreo Original Roll 133g,2,11000.0,22000.0,0.0,True,VOID_ITEM
TRX-20260912-001101-004,TRX-20260912-001101,4,SKU-5003,Sabun Cuci Piring Sunlight 650ml,1,15500.0,15500.0,0.0,False,NONE
TRX-20260912-001102-001,TRX-20260912-001102,1,SKU-1003,Gula Pasir Gulaku 1kg,1,17500.0,17500.0,0.0,False,NONE
TRX-20260912-001102-002,TRX-20260912-001102,2,SKU-4005,Rexona Deodorant Roll On 45ml,1,20500.0,20500.0,0.0,False,NONE
TRX-20260912-001102-003,TRX-20260912-001102,3,SKU-4002,Shampoo Sunsilk Black Shine 160ml,2,26000.0,52000.0,0.0,False,NONE
TRX-20260912-001102-004,TRX-20260912-001102,4,SKU-1005,Garam Dapur Cap Kapal 250g,1,5000.0,5000.0,0.0,False,NONE
TRX-20260912-001102-005,TRX-20260912-001102,5,SKU-1007,Saus Sambal ABC 335ml,1,17500.0,17500.0,0.0,False,NONE
TRX-20260912-001102-006,TRX-20260912-001102,6,SKU-1011,Sarden ABC Saus Tomat 155g,1,12000.0,12000.0,0.0,False,NONE
TRX-20260912-001102-007,TRX-20260912-001102,7,SKU-5004,Pembersih Lantai Super Pell 770ml,2,14500.0,29000.0,0.0,False,NONE
TRX-20260912-001102-008,TRX-20260912-001102,8,SKU-1012,Kornet Sapi Pronas 198g,1,26000.0,26000.0,0.0,False,NONE
TRX-20260912-001102-009,TRX-20260912-001102,9,SKU-1006,Kecap Manis Bango 520ml,2,25500.0,51000.0,0.0,False,NONE
TRX-20260912-001102-010,TRX-20260912-001102,10,SKU-4903,UNKNOWN PRODUCT,2,17000.0,34000.0,0.0,False,TYPO_SKU
TRX-20260912-001102-011,TRX-20260912-001102,11,SKU-5001,Deterjen Rinso Anti Noda 770g,1,23000.0,23000.0,0.0,False,NONE
TRX-20260912-001102-012,TRX-20260912-001102,12,SKU-4004,Sikat Gigi Formula Double Action 3s,1,15500.0,15500.0,0.0,False,NONE
TRX-20260912-001102-013,TRX-20260912-001102,13,SKU-1001,Beras Pandan Wangi 5kg,1,78500.0,78500.0,0.0,False,NONE
TRX-20260912-001103-001,TRX-20260912-001103,1,SKU-2006,Mentega Blue Band 200g,1,12500.0,12500.0,0.0,False,TYPO_SKU
TRX-20260912-001103-002,TRX-20260912-001103,2,SKU-2002,Susu Ultra Milk Full Cream 1L,1,21500.0,21500.0,0.0,False,NONE
TRX-20260912-001103-003,TRX-20260912-001103,3,SKU-2007,Sari Roti Tawar Spesial,1,16500.0,16500.0,0.0,False,NONE
TRX-20260912-001104-001,TRX-20260912-001104,1,SKU-2021,UNKNOWN PRODUCT,1,31000.0,31000.0,0.0,False,TYPO_SKU
TRX-20260912-001104-002,TRX-20260912-001104,2,SKU-2006,Mentega Blue Band 200g,1,12500.0,12500.0,0.0,False,NONE
TRX-20260912-001105-001,TRX-20260912-001105,1,SKU-2002,Susu Ultra Milk Full Cream 1L,1,21500.0,21500.0,0.0,False,NONE
TRX-20260912-001105-002,TRX-20260912-001105,2,SKU-3004,Kopi Kapal Api Spesial Mix 10s,1,15500.0,15500.0,0.0,False,NONE
TRX-20260912-001105-003,TRX-20260912-001105,3,SKU-3010,SilverQueen Cokelat Mede 58g,1,17000.0,17000.0,0.0,False,NONE
TRX-20260912-001106-001,TRX-20260912-001106,1,SKU-4004,Sikat Gigi Formula Double Action 3s,1,15500.0,15500.0,0.0,False,TYPO_SKU
TRX-20260912-001106-002,TRX-20260912-001106,2,SKU-4004,Sikat Gigi Formula Double Action 3s,1,15500.0,15500.0,0.0,False,NONE
TRX-20260912-001106-003,TRX-20260912-001106,3,SKU-3006,Coca Cola 390ml,2,7500.0,15000.0,0.0,False,NONE
TRX-20260912-001106-004,TRX-20260912-001106,4,SKU-3006,Coca Cola 390ml,1,7500.0,7500.0,0.0,False,TYPO_SKU
TRX-20260912-001107-001,TRX-20260912-001107,1,SKU-3003,Teh Pucuk Harum 350ml,1,4500.0,4500.0,0.0,False,NONE
TRX-20260912-001108-001,TRX-20260912-001108,1,SKU-3004,Kopi Kapal Api Spesial Mix 10s,1,15500.0,15500.0,0.0,False,NONE
TRX-20260912-001109-001,TRX-20260912-001109,1,SKU-5004,Pembersih Lantai Super Pell 770ml,1,14500.0,14500.0,0.0,False,NONE
TRX-20260912-001109-002,TRX-20260912-001109,2,SKU-1007,Saus Sambal ABC 335ml,1,17500.0,17500.0,0.0,False,NONE
TRX-20260912-001109-003,TRX-20260912-001109,3,SKU-5003,Sabun Cuci Piring Sunlight 650ml,2,15500.0,31000.0,0.0,False,NONE
TRX-20260912-001109-004,TRX-20260912-001109,4,SKU-1005,Garam Dapur Cap Kapal 250g,5,5000.0,25000.0,0.0,False,NONE
TRX-20260912-001109-005,TRX-20260912-001109,5,SKU-1003,Gula Pasir Gulaku 1kg,2,17500.0,35000.0,0.0,False,NONE
TRX-20260912-001109-006,TRX-20260912-001109,6,SKU-5001,Deterjen Rinso Anti Noda 770g,3,23000.0,69000.0,0.0,False,TYPO_SKU
TRX-20260912-001109-007,TRX-20260912-001109,7,SKU-4005,Rexona Deodorant Roll On 45ml,2,20500.0,41000.0,0.0,False,NONE
TRX-20260912-001109-008,TRX-20260912-001109,8,SKU-1012,Kornet Sapi Pronas 198g,1,26000.0,26000.0,0.0,False,NONE
TRX-20260912-001109-009,TRX-20260912-001109,9,SKU-1011,Sarden ABC Saus Tomat 155g,1,12000.0,12000.0,0.0,False,NONE
TRX-20260912-001109-010,TRX-20260912-001109,10,SKU-4006,Paseo Facial Tissue 250 Sheets,1,16500.0,16500.0,0.0,False,NONE
TRX-20260912-001109-011,TRX-20260912-001109,11,SKU-5005,Baygon Obat Nyamuk Semprot 600ml,2,42000.0,84000.0,0.0,False,NONE
TRX-20260912-001109-012,TRX-20260912-001109,12,SKU-1001,Beras Pandan Wangi 5kg,3,78500.0,235500.0,0.0,False,NONE
TRX-20260912-001109-013,TRX-20260912-001109,13,SKU-4003,Pasta Gigi Pepsodent 190g,2,17000.0,34000.0,0.0,False,NONE
TRX-20260912-001109-014,TRX-20260912-001109,14,SKU-1006,Kecap Manis Bango 520ml,5,25500.0,127500.0,0.0,False,NONE
TRX-20260912-001109-015,TRX-20260912-001109,15,SKU-1009,Indomie Kuah Ayam Bawang 69g,3,3400.0,10200.0,0.0,False,NONE
TRX-20260912-001109-016,TRX-20260912-001109,16,SKU-4007,Minyak Telon My Baby 90ml,1,28000.0,28000.0,0.0,False,NONE
TRX-20260912-001109-017,TRX-20260912-001109,17,SKU-1004,Tepung Terigu Segitiga Biru 1kg,1,13500.0,13500.0,0.0,True,VOID_ITEM
TRX-20260912-001110-001,TRX-20260912-001110,1,SKU-2004,Yakult Pack isi 5,2,11500.0,23000.0,0.0,False,NONE
TRX-20260912-001110-002,TRX-20260912-001110,2,SKU-3009,Oreo Original Roll 133g,2,11000.0,22000.0,0.0,False,NONE
TRX-20260912-001110-003,TRX-20260912-001110,3,SKU-3008,Taro Net Seaweed 65g,1,9800.0,9800.0,0.0,False,NONE
TRX-20260912-001110-004,TRX-20260912-001110,4,SKU-1011,Sarden ABC Saus Tomat 155g,1,12000.0,12000.0,0.0,False,NONE
TRX-20260912-001110-005,TRX-20260912-001110,5,SKU-3006,Coca Cola 390ml,1,7500.0,7500.0,0.0,False,NONE
TRX-20260912-001110-006,TRX-20260912-001110,6,SKU-2006,Mentega Blue Band 200g,1,12500.0,12500.0,0.0,False,NONE
TRX-20260912-001110-007,TRX-20260912-001110,7,SKU-3002,Air Mineral Le Minerale 600ml,2,3800.0,7600.0,0.0,False,NONE
TRX-20260912-001111-001,TRX-20260912-001111,1,SKU-1009,Indomie Kuah Ayam Bawang 69g,1,3400.0,3400.0,0.0,False,NONE
TRX-20260912-001111-002,TRX-20260912-001111,2,SKU-2001,Telur Ayam Negeri 1kg,2,31000.0,62000.0,0.0,False,NONE
TRX-20260912-001111-003,TRX-20260912-001111,3,SKU-1002,Minyak Goreng Bimoli 2L,3,37500.0,112500.0,0.0,False,NONE
TRX-20260912-001111-004,TRX-20260912-001111,4,SKU-1004,Tepung Terigu Segitiga Biru 1kg,3,13500.0,40500.0,0.0,False,NONE
TRX-20260912-001111-005,TRX-20260912-001111,5,SKU-4007,Minyak Telon My Baby 90ml,1,28000.0,28000.0,0.0,False,NONE
TRX-20260912-001111-006,TRX-20260912-001111,6,SKU-4001,Sabun Mandi Lifebuoy Total 10 450ml,3,27500.0,82500.0,0.0,False,NONE
TRX-20260912-001111-007,TRX-20260912-001111,7,SKU-5001,Deterjen Rinso Anti Noda 770g,2,23000.0,46000.0,0.0,False,NONE
TRX-20260912-001111-008,TRX-20260912-001111,8,SKU-5003,Sabun Cuci Piring Sunlight 650ml,1,15500.0,15500.0,0.0,False,NONE
TRX-20260912-001111-009,TRX-20260912-001111,9,SKU-4002,Shampoo Sunsilk Black Shine 160ml,1,26000.0,26000.0,0.0,False,NONE
TRX-20260912-001111-010,TRX-20260912-001111,10,SKU-4006,Paseo Facial Tissue 250 Sheets,2,16500.0,33000.0,0.0,False,NONE
TRX-20260912-001112-001,TRX-20260912-001112,1,SKU-3908,UNKNOWN PRODUCT,2,9800.0,19600.0,0.0,True,VOID_ITEM
TRX-20260912-001112-002,TRX-20260912-001112,2,SKU-1010,Sedaap Mie Goreng 90g,2,3400.0,6800.0,0.0,True,VOID_ITEM
TRX-20260912-001112-003,TRX-20260912-001112,3,SKU-1005,Garam Dapur Cap Kapal 250g,2,5000.0,10000.0,0.0,False,NONE
TRX-20260912-001112-004,TRX-20260912-001112,4,SKU-5004,Pembersih Lantai Super Pell 770ml,2,14500.0,29000.0,0.0,False,NONE
TRX-20260912-001112-005,TRX-20260912-001112,5,SKU-5003,Sabun Cuci Piring Sunlight 650ml,2,15500.0,31000.0,0.0,False,NONE
TRX-20260912-001112-006,TRX-20260912-001112,6,SKU-1008,Indomie Goreng Spesial 85g,1,3500.0,3500.0,0.0,False,NONE
TRX-20260912-001112-007,TRX-20260912-001112,7,SKU-3006,Coca Cola 390ml,1,7500.0,7500.0,0.0,False,NONE
TRX-20260912-001113-001,TRX-20260912-001113,1,SKU-1002,Minyak Goreng Bimoli 2L,1,37500.0,37500.0,0.0,False,NONE
TRX-20260912-001113-002,TRX-20260912-001113,2,SKU-5001,Deterjen Rinso Anti Noda 770g,1,23000.0,23000.0,0.0,False,NONE
TRX-20260912-001113-003,TRX-20260912-001113,3,SKU-3005,Good Day Moccacino 250ml,1,8000.0,8000.0,0.0,False,NONE
TRX-20260912-001113-004,TRX-20260912-001113,4,SKU-3003,Teh Pucuk Harum 350ml,1,4500.0,4500.0,0.0,False,NONE
TRX-20260912-001113-005,TRX-20260912-001113,5,SKU-4004,Sikat Gigi Formula Double Action 3s,1,15500.0,15500.0,0.0,False,NONE
TRX-20260912-001113-006,TRX-20260912-001113,6,SKU-3003,Teh Pucuk Harum 350ml,2,4500.0,9000.0,0.0,False,NONE
TRX-20260912-001114-001,TRX-20260912-001114,1,SKU-1004,Tepung Terigu Segitiga Biru 1kg,2,13500.0,27000.0,0.0,False,NONE
TRX-20260912-001114-002,TRX-20260912-001114,2,SKU-2006,Mentega Blue Band 200g,2,12500.0,25000.0,0.0,False,NONE
TRX-20260912-001114-003,TRX-20260912-001114,3,SKU-5007,UNKNOWN PRODUCT,2,12500.0,25000.0,0.0,False,TYPO_SKU
TRX-20260912-001114-004,TRX-20260912-001114,4,SKU-1008,Indomie Goreng Spesial 85g,2,3500.0,7000.0,0.0,False,NONE
TRX-20260912-001114-005,TRX-20260912-001114,5,SKU-3008,Taro Net Seaweed 65g,2,9800.0,19600.0,0.0,False,NONE
TRX-20260912-001114-006,TRX-20260912-001114,6,SKU-1010,Sedaap Mie Goreng 90g,1,3400.0,3400.0,0.0,False,NONE
TRX-20260912-001114-007,TRX-20260912-001114,7,SKU-3006,Coca Cola 390ml,1,7500.0,7500.0,0.0,False,NONE
TRX-20260912-001114-008,TRX-20260912-001114,8,SKU-3003,Teh Pucuk Harum 350ml,1,4500.0,4500.0,0.0,False,NONE
TRX-20260912-001115-001,TRX-20260912-001115,1,SKU-2008,Sari Roti Sobek Cokelat,1,19500.0,19500.0,0.0,False,NONE
TRX-20260912-001116-001,TRX-20260912-001116,1,SKU-5002,Pewangi Pakaian Molto All in 1 720ml,2,24000.0,48000.0,0.0,False,NONE
TRX-20260912-001116-002,TRX-20260912-001116,2,SKU-1112,UNKNOWN PRODUCT,3,26000.0,78000.0,0.0,False,TYPO_SKU
TRX-20260912-001116-003,TRX-20260912-001116,3,SKU-1007,Saus Sambal ABC 335ml,1,17500.0,17500.0,0.0,False,NONE
TRX-20260912-001116-004,TRX-20260912-001116,4,SKU-1011,Sarden ABC Saus Tomat 155g,2,12000.0,24000.0,0.0,False,NONE
TRX-20260912-001116-005,TRX-20260912-001116,5,SKU-1092,UNKNOWN PRODUCT,1,37500.0,37500.0,0.0,False,TYPO_SKU
TRX-20260912-001116-006,TRX-20260912-001116,6,SKU-1006,Kecap Manis Bango 520ml,2,25500.0,51000.0,0.0,False,NONE
TRX-20260912-001116-007,TRX-20260912-001116,7,SKU-4004,Sikat Gigi Formula Double Action 3s,2,15500.0,31000.0,0.0,False,NONE
TRX-20260912-001116-008,TRX-20260912-001116,8,SKU-4005,Rexona Deodorant Roll On 45ml,1,20500.0,20500.0,0.0,False,NONE
TRX-20260912-001116-009,TRX-20260912-001116,9,SKU-4008,UNKNOWN PRODUCT,1,16500.0,16500.0,0.0,True,VOID_ITEM
TRX-20260912-001116-010,TRX-20260912-001116,10,SKU-1004,Tepung Terigu Segitiga Biru 1kg,1,13500.0,13500.0,0.0,False,NONE
TRX-20260912-001116-011,TRX-20260912-001116,11,SKU-1003,Gula Pasir Gulaku 1kg,3,17500.0,52500.0,0.0,False,NONE
TRX-20260912-001116-012,TRX-20260912-001116,12,SKU-1006,Kecap Manis Bango 520ml,2,25500.0,51000.0,0.0,False,NONE
TRX-20260912-001116-013,TRX-20260912-001116,13,SKU-1010,Sedaap Mie Goreng 90g,2,3400.0,6800.0,0.0,False,NONE
TRX-20260912-001116-014,TRX-20260912-001116,14,SKU-2001,Telur Ayam Negeri 1kg,2,31000.0,62000.0,0.0,False,NONE
TRX-20260912-001116-015,TRX-20260912-001116,15,SKU-5004,Pembersih Lantai Super Pell 770ml,1,14500.0,14500.0,0.0,False,NONE
TRX-20260912-001116-016,TRX-20260912-001116,16,SKU-1008,Indomie Goreng Spesial 85g,2,3500.0,7000.0,0.0,False,NONE
TRX-20260912-001117-001,TRX-20260912-001117,1,SKU-3007,Chitato Sapi Panggang 68g,1,12500.0,12500.0,0.0,False,NONE
TRX-20260912-001117-002,TRX-20260912-001117,2,SKU-3008,Taro Net Seaweed 65g,1,9800.0,9800.0,0.0,False,NONE
TRX-20260912-001117-003,TRX-20260912-001117,3,SKU-2006,Mentega Blue Band 200g,1,12500.0,12500.0,0.0,False,NONE
TRX-20260912-001118-001,TRX-20260912-001118,1,SKU-5001,Deterjen Rinso Anti Noda 770g,3,23000.0,69000.0,0.0,False,NONE
TRX-20260912-001118-002,TRX-20260912-001118,2,SKU-5002,Pewangi Pakaian Molto All in 1 720ml,1,24000.0,24000.0,0.0,False,NONE
TRX-20260912-001118-003,TRX-20260912-001118,3,SKU-1003,Gula Pasir Gulaku 1kg,2,17500.0,35000.0,0.0,False,NONE
TRX-20260912-001118-004,TRX-20260912-001118,4,SKU-1012,Kornet Sapi Pronas 198g,1,26000.0,26000.0,0.0,False,NONE
TRX-20260912-001118-005,TRX-20260912-001118,5,SKU-4004,Sikat Gigi Formula Double Action 3s,5,15500.0,77500.0,0.0,False,NONE
TRX-20260912-001118-006,TRX-20260912-001118,6,SKU-5005,Baygon Obat Nyamuk Semprot 600ml,2,42000.0,84000.0,0.0,False,NONE
TRX-20260912-001118-007,TRX-20260912-001118,7,SKU-5002,Pewangi Pakaian Molto All in 1 720ml,2,24000.0,48000.0,0.0,False,NONE
TRX-20260912-001118-008,TRX-20260912-001118,8,SKU-4005,Rexona Deodorant Roll On 45ml,1,20500.0,20500.0,0.0,False,NONE
TRX-20260912-001118-009,TRX-20260912-001118,9,SKU-1001,Beras Pandan Wangi 5kg,1,78500.0,78500.0,0.0,False,NONE
TRX-20260912-001118-010,TRX-20260912-001118,10,SKU-1004,Tepung Terigu Segitiga Biru 1kg,2,13500.0,27000.0,0.0,False,NONE
TRX-20260912-001118-011,TRX-20260912-001118,11,SKU-4003,Pasta Gigi Pepsodent 190g,1,17000.0,17000.0,0.0,False,NONE
TRX-20260912-001118-012,TRX-20260912-001118,12,SKU-1002,Minyak Goreng Bimoli 2L,3,37500.0,112500.0,0.0,False,NONE
TRX-20260912-001118-013,TRX-20260912-001118,13,SKU-5004,Pembersih Lantai Super Pell 770ml,1,14500.0,14500.0,0.0,False,NONE
TRX-20260912-001118-014,TRX-20260912-001118,14,SKU-4006,Paseo Facial Tissue 250 Sheets,2,16500.0,33000.0,0.0,False,NONE
TRX-20260912-001118-015,TRX-20260912-001118,15,SKU-1009,Indomie Kuah Ayam Bawang 69g,2,3400.0,6800.0,0.0,False,NONE
TRX-20260912-001118-016,TRX-20260912-001118,16,SKU-1007,Saus Sambal ABC 335ml,1,17500.0,17500.0,0.0,False,NONE
TRX-20260912-001119-001,TRX-20260912-001119,1,SKU-4005,Rexona Deodorant Roll On 45ml,2,20500.0,41000.0,0.0,False,NONE
TRX-20260912-001119-002,TRX-20260912-001119,2,SKU-5003,Sabun Cuci Piring Sunlight 650ml,1,15500.0,15500.0,0.0,False,NONE
TRX-20260912-001119-003,TRX-20260912-001119,3,SKU-5001,Deterjen Rinso Anti Noda 770g,2,23000.0,46000.0,0.0,False,NONE
TRX-20260912-001119-004,TRX-20260912-001119,4,SKU-1005,Garam Dapur Cap Kapal 250g,2,5000.0,10000.0,0.0,False,NONE
TRX-20260912-001119-005,TRX-20260912-001119,5,SKU-1009,Indomie Kuah Ayam Bawang 69g,1,3400.0,3400.0,0.0,False,NONE
TRX-20260912-001119-006,TRX-20260912-001119,6,SKU-2001,Telur Ayam Negeri 1kg,2,31000.0,62000.0,0.0,False,NONE
TRX-20260912-001119-007,TRX-20260912-001119,7,SKU-1002,Minyak Goreng Bimoli 2L,3,37500.0,112500.0,0.0,False,NONE
TRX-20260912-001119-008,TRX-20260912-001119,8,SKU-1001,Beras Pandan Wangi 5kg,2,78500.0,157000.0,0.0,False,NONE
TRX-20260912-001119-009,TRX-20260912-001119,9,SKU-4106,UNKNOWN PRODUCT,2,16500.0,33000.0,0.0,False,TYPO_SKU
TRX-20260912-001119-010,TRX-20260912-001119,10,SKU-1011,Sarden ABC Saus Tomat 155g,2,12000.0,24000.0,0.0,False,NONE
TRX-20260912-001119-011,TRX-20260912-001119,11,SKU-3002,Air Mineral Le Minerale 600ml,3,3800.0,11400.0,0.0,False,TYPO_SKU
TRX-20260912-001119-012,TRX-20260912-001119,12,SKU-4003,Pasta Gigi Pepsodent 190g,2,17000.0,34000.0,0.0,False,NONE
TRX-20260912-001120-001,TRX-20260912-001120,1,SKU-3006,Coca Cola 390ml,2,7500.0,15000.0,0.0,False,NONE
TRX-20260912-001120-002,TRX-20260912-001120,2,SKU-1010,Sedaap Mie Goreng 90g,1,3400.0,3400.0,0.0,False,NONE
TRX-20260912-001120-003,TRX-20260912-001120,3,SKU-1004,Tepung Terigu Segitiga Biru 1kg,2,13500.0,27000.0,0.0,False,NONE
TRX-20260912-001120-004,TRX-20260912-001120,4,SKU-3002,Air Mineral Le Minerale 600ml,2,3800.0,7600.0,0.0,True,VOID_ITEM
TRX-20260912-001120-005,TRX-20260912-001120,5,SKU-3004,Kopi Kapal Api Spesial Mix 10s,1,15500.0,15500.0,0.0,False,NONE
TRX-20260912-001120-006,TRX-20260912-001120,6,SKU-3003,Teh Pucuk Harum 350ml,2,4500.0,9000.0,0.0,False,NONE
TRX-20260912-001121-001,TRX-20260912-001121,1,SKU-5003,Sabun Cuci Piring Sunlight 650ml,1,15500.0,15500.0,0.0,False,NONE
TRX-20260912-001121-002,TRX-20260912-001121,2,SKU-1009,Indomie Kuah Ayam Bawang 69g,2,3400.0,6800.0,0.0,False,NONE
TRX-20260912-001121-003,TRX-20260912-001121,3,SKU-1004,Tepung Terigu Segitiga Biru 1kg,1,13500.0,13500.0,0.0,False,NONE
TRX-20260912-001121-004,TRX-20260912-001121,4,SKU-4004,Sikat Gigi Formula Double Action 3s,2,15500.0,31000.0,0.0,True,VOID_ITEM
TRX-20260912-001121-005,TRX-20260912-001121,5,SKU-3004,Kopi Kapal Api Spesial Mix 10s,1,15500.0,15500.0,0.0,True,VOID_ITEM
TRX-20260912-001122-001,TRX-20260912-001122,1,SKU-1004,Tepung Terigu Segitiga Biru 1kg,5,13500.0,67500.0,0.0,False,NONE
TRX-20260912-001122-002,TRX-20260912-001122,2,SKU-4004,Sikat Gigi Formula Double Action 3s,1,15500.0,15500.0,0.0,False,NONE
TRX-20260912-001122-003,TRX-20260912-001122,3,SKU-5095,UNKNOWN PRODUCT,1,42000.0,42000.0,0.0,False,TYPO_SKU
TRX-20260912-001122-004,TRX-20260912-001122,4,SKU-1007,Saus Sambal ABC 335ml,2,17500.0,35000.0,0.0,False,NONE
TRX-20260912-001122-005,TRX-20260912-001122,5,SKU-1012,Kornet Sapi Pronas 198g,1,26000.0,26000.0,0.0,False,NONE
TRX-20260912-001122-006,TRX-20260912-001122,6,SKU-1006,Kecap Manis Bango 520ml,2,25500.0,51000.0,0.0,False,NONE
TRX-20260912-001122-007,TRX-20260912-001122,7,SKU-1008,Indomie Goreng Spesial 85g,1,3500.0,3500.0,0.0,False,NONE
TRX-20260912-001122-008,TRX-20260912-001122,8,SKU-5002,Pewangi Pakaian Molto All in 1 720ml,2,24000.0,48000.0,0.0,False,NONE
TRX-20260912-001122-009,TRX-20260912-001122,9,SKU-4007,Minyak Telon My Baby 90ml,1,28000.0,28000.0,0.0,False,NONE
TRX-20260912-001122-010,TRX-20260912-001122,10,SKU-4005,Rexona Deodorant Roll On 45ml,2,20500.0,41000.0,0.0,False,NONE
TRX-20260912-001122-011,TRX-20260912-001122,11,SKU-5006,Baterai ABC Alkaline AA 4s,2,21000.0,42000.0,0.0,False,NONE
TRX-20260912-001123-001,TRX-20260912-001123,1,SKU-3004,Kopi Kapal Api Spesial Mix 10s,2,15500.0,31000.0,0.0,False,NONE
TRX-20260912-001123-002,TRX-20260912-001123,2,SKU-3005,Good Day Moccacino 250ml,2,8000.0,16000.0,0.0,False,NONE
TRX-20260912-001123-003,TRX-20260912-001123,3,SKU-3006,Coca Cola 390ml,2,7500.0,15000.0,0.0,False,NONE
TRX-20260912-001123-004,TRX-20260912-001123,4,SKU-4004,Sikat Gigi Formula Double Action 3s,1,15500.0,15500.0,0.0,False,NONE
TRX-20260912-001124-001,TRX-20260912-001124,1,SKU-2008,Sari Roti Sobek Cokelat,1,19500.0,19500.0,0.0,False,NONE
TRX-20260912-001124-002,TRX-20260912-001124,2,SKU-3026,UNKNOWN PRODUCT,1,7500.0,7500.0,0.0,False,TYPO_SKU
TRX-20260912-001125-001,TRX-20260912-001125,1,SKU-3006,Coca Cola 390ml,1,7500.0,7500.0,0.0,False,NONE
TRX-20260912-001125-002,TRX-20260912-001125,2,SKU-4004,Sikat Gigi Formula Double Action 3s,1,15500.0,15500.0,0.0,True,VOID_ITEM
TRX-20260912-001125-003,TRX-20260912-001125,3,SKU-2006,Mentega Blue Band 200g,2,12500.0,25000.0,0.0,False,NONE
TRX-20260912-001125-004,TRX-20260912-001125,4,SKU-3001,Air Mineral Aqua 600ml,2,4000.0,8000.0,0.0,False,NONE
TRX-20260912-001125-005,TRX-20260912-001125,5,SKU-5003,Sabun Cuci Piring Sunlight 650ml,2,15500.0,31000.0,0.0,False,NONE
TRX-20260912-001125-006,TRX-20260912-001125,6,SKU-3002,Air Mineral Le Minerale 600ml,1,3800.0,3800.0,0.0,False,NONE
TRX-20260912-001125-007,TRX-20260912-001125,7,SKU-2004,Yakult Pack isi 5,2,11500.0,23000.0,0.0,False,NONE
TRX-20260912-001125-008,TRX-20260912-001125,8,SKU-5004,Pembersih Lantai Super Pell 770ml,1,14500.0,14500.0,0.0,False,NONE
TRX-20260912-001125-009,TRX-20260912-001125,9,SKU-3008,Taro Net Seaweed 65g,1,9800.0,9800.0,0.0,False,NONE
TRX-20260912-001126-001,TRX-20260912-001126,1,SKU-4001,Sabun Mandi Lifebuoy Total 10 450ml,2,27500.0,55000.0,0.0,False,NONE
TRX-20260912-001126-002,TRX-20260912-001126,2,SKU-4003,Pasta Gigi Pepsodent 190g,1,17000.0,17000.0,0.0,False,NONE
TRX-20260912-001126-003,TRX-20260912-001126,3,SKU-5005,Baygon Obat Nyamuk Semprot 600ml,2,42000.0,84000.0,0.0,False,NONE
TRX-20260912-001126-004,TRX-20260912-001126,4,SKU-1003,Gula Pasir Gulaku 1kg,2,17500.0,35000.0,0.0,True,VOID_ITEM
TRX-20260912-001126-005,TRX-20260912-001126,5,SKU-1008,Indomie Goreng Spesial 85g,3,3500.0,10500.0,0.0,False,NONE
TRX-20260912-001126-006,TRX-20260912-001126,6,SKU-1007,Saus Sambal ABC 335ml,1,17500.0,17500.0,0.0,False,NONE
TRX-20260912-001126-007,TRX-20260912-001126,7,SKU-5004,Pembersih Lantai Super Pell 770ml,1,14500.0,14500.0,0.0,False,NONE
TRX-20260912-001126-008,TRX-20260912-001126,8,SKU-1006,Kecap Manis Bango 520ml,1,25500.0,25500.0,0.0,False,NONE
TRX-20260912-001126-009,TRX-20260912-001126,9,SKU-1011,Sarden ABC Saus Tomat 155g,3,12000.0,36000.0,0.0,False,NONE
TRX-20260912-001126-010,TRX-20260912-001126,10,SKU-5001,Deterjen Rinso Anti Noda 770g,1,23000.0,23000.0,0.0,False,NONE
TRX-20260912-001126-011,TRX-20260912-001126,11,SKU-5003,Sabun Cuci Piring Sunlight 650ml,1,15500.0,15500.0,0.0,False,NONE
TRX-20260912-001126-012,TRX-20260912-001126,12,SKU-4002,Shampoo Sunsilk Black Shine 160ml,1,26000.0,26000.0,0.0,False,NONE
TRX-20260912-001126-013,TRX-20260912-001126,13,SKU-5003,Sabun Cuci Piring Sunlight 650ml,1,15500.0,15500.0,0.0,False,NONE
TRX-20260912-001126-014,TRX-20260912-001126,14,SKU-1009,Indomie Kuah Ayam Bawang 69g,5,3400.0,17000.0,0.0,False,NONE
TRX-20260912-001126-015,TRX-20260912-001126,15,SKU-2001,Telur Ayam Negeri 1kg,1,31000.0,31000.0,0.0,False,NONE
TRX-20260912-001126-016,TRX-20260912-001126,16,SKU-0010,UNKNOWN PRODUCT,1,3400.0,3400.0,0.0,False,TYPO_SKU
TRX-20260912-001126-017,TRX-20260912-001126,17,SKU-1001,Beras Pandan Wangi 5kg,3,78500.0,235500.0,0.0,False,NONE
TRX-20260912-001126-018,TRX-20260912-001126,18,SKU-1002,Minyak Goreng Bimoli 2L,1,37500.0,37500.0,0.0,False,NONE
TRX-20260912-001126-019,TRX-20260912-001126,19,SKU-1007,Saus Sambal ABC 335ml,2,17500.0,35000.0,0.0,False,NONE
TRX-20260912-001126-020,TRX-20260912-001126,20,SKU-1004,Tepung Terigu Segitiga Biru 1kg,1,13500.0,13500.0,0.0,False,NONE
TRX-20260912-001126-021,TRX-20260912-001126,21,SKU-4006,Paseo Facial Tissue 250 Sheets,1,16500.0,16500.0,0.0,False,NONE
TRX-20260912-001126-022,TRX-20260912-001126,22,SKU-5006,Baterai ABC Alkaline AA 4s,2,21000.0,42000.0,0.0,False,NONE
TRX-20260912-001126-023,TRX-20260912-001126,23,SKU-4007,Minyak Telon My Baby 90ml,1,28000.0,28000.0,0.0,False,NONE
TRX-20260912-001127-001,TRX-20260912-001127,1,SKU-1004,Tepung Terigu Segitiga Biru 1kg,2,13500.0,27000.0,0.0,False,NONE
TRX-20260912-001127-002,TRX-20260912-001127,2,SKU-1009,Indomie Kuah Ayam Bawang 69g,1,3400.0,3400.0,0.0,False,NONE
TRX-20260912-001127-003,TRX-20260912-001127,3,SKU-3006,Coca Cola 390ml,1,7500.0,7500.0,0.0,False,NONE
TRX-20260912-001127-004,TRX-20260912-001127,4,SKU-1005,Garam Dapur Cap Kapal 250g,2,5000.0,10000.0,0.0,False,NONE
TRX-20260912-001127-005,TRX-20260912-001127,5,SKU-5004,Pembersih Lantai Super Pell 770ml,1,14500.0,14500.0,0.0,False,NONE
TRX-20260912-001127-006,TRX-20260912-001127,6,SKU-3005,Good Day Moccacino 250ml,1,8000.0,8000.0,0.0,False,NONE
TRX-20260912-001127-007,TRX-20260912-001127,7,SKU-5003,Sabun Cuci Piring Sunlight 650ml,2,15500.0,31000.0,0.0,False,NONE
TRX-20260912-001127-008,TRX-20260912-001127,8,SKU-3004,Kopi Kapal Api Spesial Mix 10s,1,15500.0,15500.0,0.0,False,NONE
TRX-20260912-001128-001,TRX-20260912-001128,1,SKU-1008,Indomie Goreng Spesial 85g,1,3500.0,3500.0,0.0,False,NONE
TRX-20260912-001128-002,TRX-20260912-001128,2,SKU-3007,Chitato Sapi Panggang 68g,1,12500.0,12500.0,0.0,False,NONE
TRX-20260912-001128-003,TRX-20260912-001128,3,SKU-1005,Garam Dapur Cap Kapal 250g,2,5000.0,10000.0,0.0,False,NONE
TRX-20260912-001128-004,TRX-20260912-001128,4,SKU-5003,Sabun Cuci Piring Sunlight 650ml,2,15500.0,31000.0,0.0,False,NONE
TRX-20260912-001128-005,TRX-20260912-001128,5,SKU-3009,Oreo Original Roll 133g,2,11000.0,22000.0,0.0,False,NONE
TRX-20260912-001129-001,TRX-20260912-001129,1,SKU-1007,Saus Sambal ABC 335ml,1,17500.0,17500.0,0.0,False,NONE
TRX-20260912-001129-002,TRX-20260912-001129,2,SKU-4002,Shampoo Sunsilk Black Shine 160ml,1,26000.0,26000.0,0.0,False,NONE
TRX-20260912-001129-003,TRX-20260912-001129,3,SKU-1004,Tepung Terigu Segitiga Biru 1kg,1,13500.0,13500.0,0.0,False,NONE
TRX-20260912-001129-004,TRX-20260912-001129,4,SKU-1012,Kornet Sapi Pronas 198g,1,26000.0,26000.0,0.0,False,NONE
TRX-20260912-001129-005,TRX-20260912-001129,5,SKU-5007,UNKNOWN PRODUCT,2,12500.0,25000.0,0.0,False,TYPO_SKU
TRX-20260912-001130-001,TRX-20260912-001130,1,SKU-4003,Pasta Gigi Pepsodent 190g,1,17000.0,17000.0,0.0,False,NONE
TRX-20260912-001130-002,TRX-20260912-001130,2,SKU-1002,Minyak Goreng Bimoli 2L,1,37500.0,37500.0,0.0,False,NONE
TRX-20260912-001130-003,TRX-20260912-001130,3,SKU-3009,Oreo Original Roll 133g,2,11000.0,22000.0,0.0,False,NONE
TRX-20260912-001130-004,TRX-20260912-001130,4,SKU-3005,Good Day Moccacino 250ml,2,8000.0,16000.0,0.0,False,NONE
TRX-20260912-001130-005,TRX-20260912-001130,5,SKU-3002,Air Mineral Le Minerale 600ml,1,3800.0,3800.0,0.0,False,NONE
TRX-20260912-001131-001,TRX-20260912-001131,1,SKU-3008,Taro Net Seaweed 65g,1,9800.0,9800.0,0.0,False,NONE
TRX-20260912-001132-001,TRX-20260912-001132,1,SKU-5006,Baterai ABC Alkaline AA 4s,1,21000.0,21000.0,0.0,False,NONE
TRX-20260912-001132-002,TRX-20260912-001132,2,SKU-4007,Minyak Telon My Baby 90ml,1,28000.0,28000.0,0.0,False,NONE
TRX-20260912-001132-003,TRX-20260912-001132,3,SKU-5003,Sabun Cuci Piring Sunlight 650ml,1,15500.0,15500.0,0.0,False,NONE
TRX-20260912-001132-004,TRX-20260912-001132,4,SKU-2009,UNKNOWN PRODUCT,1,11000.0,11000.0,0.0,False,TYPO_SKU
TRX-20260912-001132-005,TRX-20260912-001132,5,SKU-3009,Oreo Original Roll 133g,2,11000.0,22000.0,0.0,False,NONE
TRX-20260912-001132-006,TRX-20260912-001132,6,SKU-3004,Kopi Kapal Api Spesial Mix 10s,2,15500.0,31000.0,0.0,False,TYPO_SKU
TRX-20260912-001132-007,TRX-20260912-001132,7,SKU-3003,Teh Pucuk Harum 350ml,1,4500.0,4500.0,0.0,False,NONE
TRX-20260912-001133-001,TRX-20260912-001133,1,SKU-2003,Susu Ultra Milk Cokelat 1L,1,21500.0,21500.0,0.0,False,NONE
TRX-20260912-001133-002,TRX-20260912-001133,2,SKU-3003,Teh Pucuk Harum 350ml,1,4500.0,4500.0,0.0,False,NONE
TRX-20260912-001134-001,TRX-20260912-001134,1,SKU-3005,Good Day Moccacino 250ml,1,8000.0,8000.0,0.0,False,NONE
TRX-20260912-001134-002,TRX-20260912-001134,2,SKU-3007,Chitato Sapi Panggang 68g,1,12500.0,12500.0,0.0,False,NONE
TRX-20260912-001134-003,TRX-20260912-001134,3,SKU-3003,Teh Pucuk Harum 350ml,1,4500.0,4500.0,0.0,False,NONE
TRX-20260912-001135-001,TRX-20260912-001135,1,SKU-3001,Air Mineral Aqua 600ml,1,4000.0,4000.0,0.0,False,NONE
TRX-20260912-001135-002,TRX-20260912-001135,2,SKU-3002,Air Mineral Le Minerale 600ml,1,3800.0,3800.0,0.0,False,NONE
TRX-20260912-001136-001,TRX-20260912-001136,1,SKU-3009,Oreo Original Roll 133g,1,11000.0,11000.0,0.0,False,TYPO_SKU
TRX-20260912-001136-002,TRX-20260912-001136,2,SKU-1011,Sarden ABC Saus Tomat 155g,1,12000.0,12000.0,0.0,False,NONE
TRX-20260912-001136-003,TRX-20260912-001136,3,SKU-1012,Kornet Sapi Pronas 198g,1,26000.0,26000.0,0.0,False,NONE
TRX-20260912-001136-004,TRX-20260912-001136,4,SKU-3001,Air Mineral Aqua 600ml,1,4000.0,4000.0,0.0,False,NONE
TRX-20260912-001136-005,TRX-20260912-001136,5,SKU-5002,Pewangi Pakaian Molto All in 1 720ml,1,24000.0,24000.0,0.0,False,NONE
TRX-20260912-001136-006,TRX-20260912-001136,6,SKU-3006,Coca Cola 390ml,1,7500.0,7500.0,0.0,False,NONE
TRX-20260912-001136-007,TRX-20260912-001136,7,SKU-3008,Taro Net Seaweed 65g,1,9800.0,9800.0,0.0,False,NONE
TRX-20260912-001136-008,TRX-20260912-001136,8,SKU-3003,Teh Pucuk Harum 350ml,2,4500.0,9000.0,0.0,False,NONE
TRX-20260912-001137-001,TRX-20260912-001137,1,SKU-5004,Pembersih Lantai Super Pell 770ml,2,14500.0,29000.0,0.0,False,NONE
TRX-20260912-001137-002,TRX-20260912-001137,2,SKU-3001,Air Mineral Aqua 600ml,2,4000.0,8000.0,0.0,False,NONE
TRX-20260912-001137-003,TRX-20260912-001137,3,SKU-3003,Teh Pucuk Harum 350ml,1,4500.0,4500.0,0.0,False,NONE
TRX-20260912-001137-004,TRX-20260912-001137,4,SKU-3002,Air Mineral Le Minerale 600ml,1,3800.0,3800.0,0.0,False,NONE
TRX-20260912-001137-005,TRX-20260912-001137,5,SKU-5003,Sabun Cuci Piring Sunlight 650ml,1,15500.0,15500.0,0.0,False,NONE
TRX-20260912-001137-006,TRX-20260912-001137,6,SKU-2906,UNKNOWN PRODUCT,2,12500.0,25000.0,0.0,False,TYPO_SKU
TRX-20260912-001137-007,TRX-20260912-001137,7,SKU-1011,Sarden ABC Saus Tomat 155g,1,12000.0,12000.0,0.0,False,NONE
TRX-20260912-001137-008,TRX-20260912-001137,8,SKU-3006,Coca Cola 390ml,2,7500.0,15000.0,0.0,False,NONE
TRX-20260912-001138-001,TRX-20260912-001138,1,SKU-5903,UNKNOWN PRODUCT,1,15500.0,15500.0,0.0,False,TYPO_SKU
TRX-20260912-001138-002,TRX-20260912-001138,2,SKU-3002,Air Mineral Le Minerale 600ml,1,3800.0,3800.0,0.0,False,NONE
TRX-20260912-001138-003,TRX-20260912-001138,3,SKU-5006,Baterai ABC Alkaline AA 4s,1,21000.0,21000.0,0.0,False,NONE
TRX-20260912-001138-004,TRX-20260912-001138,4,SKU-1002,Minyak Goreng Bimoli 2L,1,37500.0,37500.0,0.0,False,NONE
TRX-20260912-001138-005,TRX-20260912-001138,5,SKU-3010,SilverQueen Cokelat Mede 58g,2,17000.0,34000.0,0.0,False,NONE
TRX-20260912-001138-006,TRX-20260912-001138,6,SKU-3002,Air Mineral Le Minerale 600ml,1,3800.0,3800.0,0.0,False,NONE
TRX-20260912-001138-007,TRX-20260912-001138,7,SKU-3005,Good Day Moccacino 250ml,1,8000.0,8000.0,0.0,False,NONE
TRX-20260912-001139-001,TRX-20260912-001139,1,SKU-1008,Indomie Goreng Spesial 85g,2,3500.0,7000.0,0.0,False,NONE
TRX-20260912-001139-002,TRX-20260912-001139,2,SKU-3003,Teh Pucuk Harum 350ml,1,4500.0,4500.0,0.0,False,NONE
TRX-20260912-001139-003,TRX-20260912-001139,3,SKU-1011,Sarden ABC Saus Tomat 155g,2,12000.0,24000.0,0.0,False,NONE
TRX-20260912-001139-004,TRX-20260912-001139,4,SKU-3010,SilverQueen Cokelat Mede 58g,2,17000.0,34000.0,0.0,False,TYPO_SKU
TRX-20260912-001139-005,TRX-20260912-001139,5,SKU-3008,Taro Net Seaweed 65g,2,9800.0,19600.0,0.0,False,NONE
TRX-20260912-001139-006,TRX-20260912-001139,6,SKU-4004,Sikat Gigi Formula Double Action 3s,1,15500.0,15500.0,0.0,False,NONE
TRX-20260912-001139-007,TRX-20260912-001139,7,SKU-3006,Coca Cola 390ml,2,7500.0,15000.0,0.0,False,TYPO_SKU
TRX-20260912-001140-001,TRX-20260912-001140,1,SKU-1004,Tepung Terigu Segitiga Biru 1kg,1,13500.0,13500.0,0.0,True,VOID_ITEM
TRX-20260912-001140-002,TRX-20260912-001140,2,SKU-1009,Indomie Kuah Ayam Bawang 69g,1,3400.0,3400.0,0.0,False,NONE
TRX-20260912-001140-003,TRX-20260912-001140,3,SKU-3004,Kopi Kapal Api Spesial Mix 10s,1,15500.0,15500.0,0.0,False,NONE
TRX-20260912-001140-004,TRX-20260912-001140,4,SKU-1010,Sedaap Mie Goreng 90g,1,3400.0,3400.0,0.0,False,NONE
TRX-20260912-001141-001,TRX-20260912-001141,1,SKU-3002,Air Mineral Le Minerale 600ml,1,3800.0,3800.0,0.0,False,NONE
TRX-20260912-001141-002,TRX-20260912-001141,2,SKU-5004,Pembersih Lantai Super Pell 770ml,1,14500.0,14500.0,0.0,False,NONE
TRX-20260912-001141-003,TRX-20260912-001141,3,SKU-2006,Mentega Blue Band 200g,2,12500.0,25000.0,0.0,False,NONE
TRX-20260912-001141-004,TRX-20260912-001141,4,SKU-3007,Chitato Sapi Panggang 68g,2,12500.0,25000.0,0.0,True,VOID_ITEM
TRX-20260912-001142-001,TRX-20260912-001142,1,SKU-3003,Teh Pucuk Harum 350ml,1,4500.0,4500.0,0.0,False,NONE
TRX-20260912-001143-001,TRX-20260912-001143,1,SKU-1004,Tepung Terigu Segitiga Biru 1kg,2,13500.0,27000.0,0.0,False,NONE
TRX-20260912-001143-002,TRX-20260912-001143,2,SKU-5003,Sabun Cuci Piring Sunlight 650ml,3,15500.0,46500.0,0.0,False,NONE
TRX-20260912-001143-003,TRX-20260912-001143,3,SKU-1012,Kornet Sapi Pronas 198g,3,26000.0,78000.0,0.0,False,NONE
TRX-20260912-001143-004,TRX-20260912-001143,4,SKU-4004,Sikat Gigi Formula Double Action 3s,1,15500.0,15500.0,0.0,False,NONE
TRX-20260912-001143-005,TRX-20260912-001143,5,SKU-1011,Sarden ABC Saus Tomat 155g,2,12000.0,24000.0,0.0,False,NONE
TRX-20260912-001143-006,TRX-20260912-001143,6,SKU-4007,Minyak Telon My Baby 90ml,2,28000.0,56000.0,0.0,False,NONE
TRX-20260912-001143-007,TRX-20260912-001143,7,SKU-1003,Gula Pasir Gulaku 1kg,3,17500.0,52500.0,0.0,False,NONE
TRX-20260912-001143-008,TRX-20260912-001143,8,SKU-4005,Rexona Deodorant Roll On 45ml,1,20500.0,20500.0,0.0,False,NONE
TRX-20260912-001143-009,TRX-20260912-001143,9,SKU-5001,Deterjen Rinso Anti Noda 770g,2,23000.0,46000.0,0.0,False,NONE
TRX-20260912-001143-010,TRX-20260912-001143,10,SKU-5002,Pewangi Pakaian Molto All in 1 720ml,2,24000.0,48000.0,0.0,False,NONE
TRX-20260912-001143-011,TRX-20260912-001143,11,SKU-1001,Beras Pandan Wangi 5kg,3,78500.0,235500.0,0.0,False,NONE
TRX-20260912-001143-012,TRX-20260912-001143,12,SKU-1008,Indomie Goreng Spesial 85g,1,3500.0,3500.0,0.0,False,NONE
TRX-20260912-001143-013,TRX-20260912-001143,13,SKU-1007,Saus Sambal ABC 335ml,2,17500.0,35000.0,0.0,False,NONE
TRX-20260912-001143-014,TRX-20260912-001143,14,SKU-1006,Kecap Manis Bango 520ml,2,25500.0,51000.0,0.0,False,NONE
TRX-20260912-001143-015,TRX-20260912-001143,15,SKU-5002,Pewangi Pakaian Molto All in 1 720ml,3,24000.0,72000.0,0.0,False,NONE
TRX-20260912-001143-016,TRX-20260912-001143,16,SKU-5005,Baygon Obat Nyamuk Semprot 600ml,5,42000.0,210000.0,0.0,False,NONE
TRX-20260912-001144-001,TRX-20260912-001144,1,SKU-5004,Pembersih Lantai Super Pell 770ml,1,14500.0,14500.0,0.0,True,VOID_ITEM
TRX-20260912-001144-002,TRX-20260912-001144,2,SKU-3007,Chitato Sapi Panggang 68g,2,12500.0,25000.0,0.0,False,NONE
TRX-20260912-001144-003,TRX-20260912-001144,3,SKU-3002,Air Mineral Le Minerale 600ml,2,3800.0,7600.0,0.0,False,NONE
TRX-20260912-001144-004,TRX-20260912-001144,4,SKU-1008,Indomie Goreng Spesial 85g,2,3500.0,7000.0,0.0,False,NONE
TRX-20260912-001144-005,TRX-20260912-001144,5,SKU-3004,Kopi Kapal Api Spesial Mix 10s,2,15500.0,31000.0,0.0,False,NONE
TRX-20260912-001144-006,TRX-20260912-001144,6,SKU-3003,Teh Pucuk Harum 350ml,1,4500.0,4500.0,0.0,False,NONE
TRX-20260912-001145-001,TRX-20260912-001145,1,SKU-3001,Air Mineral Aqua 600ml,2,4000.0,8000.0,0.0,False,NONE
TRX-20260912-001145-002,TRX-20260912-001145,2,SKU-1004,Tepung Terigu Segitiga Biru 1kg,2,13500.0,27000.0,0.0,False,NONE
TRX-20260912-001145-003,TRX-20260912-001145,3,SKU-2004,Yakult Pack isi 5,2,11500.0,23000.0,0.0,False,NONE
TRX-20260912-001145-004,TRX-20260912-001145,4,SKU-1008,Indomie Goreng Spesial 85g,2,3500.0,7000.0,0.0,False,NONE
TRX-20260912-001145-005,TRX-20260912-001145,5,SKU-2006,Mentega Blue Band 200g,1,12500.0,12500.0,0.0,False,NONE
TRX-20260912-001145-006,TRX-20260912-001145,6,SKU-5003,Sabun Cuci Piring Sunlight 650ml,1,15500.0,15500.0,0.0,False,NONE
TRX-20260912-001146-001,TRX-20260912-001146,1,SKU-1012,Kornet Sapi Pronas 198g,2,26000.0,52000.0,0.0,False,NONE
TRX-20260912-001146-002,TRX-20260912-001146,2,SKU-1010,Sedaap Mie Goreng 90g,5,3400.0,17000.0,0.0,False,NONE
TRX-20260912-001146-003,TRX-20260912-001146,3,SKU-2001,Telur Ayam Negeri 1kg,2,31000.0,62000.0,0.0,False,NONE
TRX-20260912-001146-004,TRX-20260912-001146,4,SKU-4006,Paseo Facial Tissue 250 Sheets,2,16500.0,33000.0,0.0,False,NONE
TRX-20260912-001146-005,TRX-20260912-001146,5,SKU-1003,Gula Pasir Gulaku 1kg,2,17500.0,35000.0,0.0,False,NONE
TRX-20260912-001146-006,TRX-20260912-001146,6,SKU-1002,Minyak Goreng Bimoli 2L,5,37500.0,187500.0,0.0,False,NONE
TRX-20260912-001146-007,TRX-20260912-001146,7,SKU-1001,Beras Pandan Wangi 5kg,2,78500.0,157000.0,0.0,False,NONE
TRX-20260912-001146-008,TRX-20260912-001146,8,SKU-5004,Pembersih Lantai Super Pell 770ml,2,14500.0,29000.0,0.0,False,NONE
TRX-20260912-001146-009,TRX-20260912-001146,9,SKU-1005,Garam Dapur Cap Kapal 250g,2,5000.0,10000.0,0.0,False,NONE
TRX-20260912-001146-010,TRX-20260912-001146,10,SKU-5006,Baterai ABC Alkaline AA 4s,1,21000.0,21000.0,0.0,False,NONE
TRX-20260912-001146-011,TRX-20260912-001146,11,SKU-5001,Deterjen Rinso Anti Noda 770g,2,23000.0,46000.0,0.0,False,NONE
TRX-20260912-001146-012,TRX-20260912-001146,12,SKU-4004,Sikat Gigi Formula Double Action 3s,2,15500.0,31000.0,0.0,True,VOID_ITEM
TRX-20260912-001146-013,TRX-20260912-001146,13,SKU-1006,Kecap Manis Bango 520ml,5,25500.0,127500.0,0.0,False,NONE
TRX-20260912-001146-014,TRX-20260912-001146,14,SKU-5002,Pewangi Pakaian Molto All in 1 720ml,3,24000.0,72000.0,0.0,False,NONE
TRX-20260912-001147-001,TRX-20260912-001147,1,SKU-3006,Coca Cola 390ml,1,7500.0,7500.0,0.0,False,NONE
TRX-20260912-001147-002,TRX-20260912-001147,2,SKU-2007,Sari Roti Tawar Spesial,1,16500.0,16500.0,0.0,False,NONE
TRX-20260912-001147-003,TRX-20260912-001147,3,SKU-3007,Chitato Sapi Panggang 68g,1,12500.0,12500.0,0.0,False,NONE
TRX-20260912-001148-001,TRX-20260912-001148,1,SKU-5005,Baygon Obat Nyamuk Semprot 600ml,1,42000.0,42000.0,0.0,False,NONE
TRX-20260912-001148-002,TRX-20260912-001148,2,SKU-5002,Pewangi Pakaian Molto All in 1 720ml,1,24000.0,24000.0,0.0,False,NONE
TRX-20260912-001148-003,TRX-20260912-001148,3,SKU-4005,Rexona Deodorant Roll On 45ml,1,20500.0,20500.0,0.0,False,NONE
TRX-20260912-001148-004,TRX-20260912-001148,4,SKU-3008,Taro Net Seaweed 65g,2,9800.0,19600.0,0.0,True,VOID_ITEM
TRX-20260912-001148-005,TRX-20260912-001148,5,SKU-3004,Kopi Kapal Api Spesial Mix 10s,1,15500.0,15500.0,0.0,False,NONE
TRX-20260912-001149-001,TRX-20260912-001149,1,SKU-2004,Yakult Pack isi 5,1,11500.0,11500.0,0.0,False,NONE
TRX-20260912-001149-002,TRX-20260912-001149,2,SKU-2005,Keju Kraft Cheddar 165g,1,24000.0,24000.0,0.0,False,NONE
TRX-20260912-001150-001,TRX-20260912-001150,1,SKU-5005,Baygon Obat Nyamuk Semprot 600ml,5,42000.0,210000.0,0.0,False,NONE
TRX-20260912-001150-002,TRX-20260912-001150,2,SKU-1001,Beras Pandan Wangi 5kg,2,78500.0,157000.0,0.0,False,NONE
TRX-20260912-001150-003,TRX-20260912-001150,3,SKU-1005,Garam Dapur Cap Kapal 250g,2,5000.0,10000.0,0.0,False,NONE
TRX-20260912-001150-004,TRX-20260912-001150,4,SKU-1005,Garam Dapur Cap Kapal 250g,3,5000.0,15000.0,0.0,False,NONE
TRX-20260912-001150-005,TRX-20260912-001150,5,SKU-4005,Rexona Deodorant Roll On 45ml,1,20500.0,20500.0,0.0,False,NONE
TRX-20260912-001150-006,TRX-20260912-001150,6,SKU-1003,Gula Pasir Gulaku 1kg,1,17500.0,17500.0,0.0,False,NONE
TRX-20260912-001150-007,TRX-20260912-001150,7,SKU-4001,Sabun Mandi Lifebuoy Total 10 450ml,2,27500.0,55000.0,0.0,False,NONE
TRX-20260912-001150-008,TRX-20260912-001150,8,SKU-4006,Paseo Facial Tissue 250 Sheets,1,16500.0,16500.0,0.0,False,NONE
TRX-20260912-001150-009,TRX-20260912-001150,9,SKU-1006,Kecap Manis Bango 520ml,2,25500.0,51000.0,0.0,False,NONE
TRX-20260912-001150-010,TRX-20260912-001150,10,SKU-5003,Sabun Cuci Piring Sunlight 650ml,2,15500.0,31000.0,0.0,False,NONE
TRX-20260912-001150-011,TRX-20260912-001150,11,SKU-5004,Pembersih Lantai Super Pell 770ml,1,14500.0,14500.0,0.0,False,NONE
TRX-20260912-001150-012,TRX-20260912-001150,12,SKU-4002,Shampoo Sunsilk Black Shine 160ml,1,26000.0,26000.0,0.0,False,NONE
TRX-20260912-001150-013,TRX-20260912-001150,13,SKU-4003,Pasta Gigi Pepsodent 190g,2,17000.0,34000.0,0.0,False,NONE
TRX-20260912-001150-014,TRX-20260912-001150,14,SKU-5006,Baterai ABC Alkaline AA 4s,3,21000.0,63000.0,0.0,False,NONE
TRX-20260912-001150-015,TRX-20260912-001150,15,SKU-1007,Saus Sambal ABC 335ml,3,17500.0,52500.0,0.0,False,NONE
TRX-20260912-001150-016,TRX-20260912-001150,16,SKU-4003,Pasta Gigi Pepsodent 190g,5,17000.0,85000.0,0.0,False,NONE
TRX-20260912-001150-017,TRX-20260912-001150,17,SKU-4007,Minyak Telon My Baby 90ml,1,28000.0,28000.0,0.0,False,NONE
TRX-20260912-001151-001,TRX-20260912-001151,1,SKU-4103,UNKNOWN PRODUCT,2,17000.0,34000.0,0.0,False,TYPO_SKU
TRX-20260912-001151-002,TRX-20260912-001151,2,SKU-4004,Sikat Gigi Formula Double Action 3s,2,15500.0,31000.0,0.0,False,NONE
TRX-20260912-001151-003,TRX-20260912-001151,3,SKU-1005,Garam Dapur Cap Kapal 250g,5,5000.0,25000.0,0.0,False,NONE
TRX-20260912-001151-004,TRX-20260912-001151,4,SKU-4002,Shampoo Sunsilk Black Shine 160ml,3,26000.0,78000.0,0.0,False,NONE
TRX-20260912-001151-005,TRX-20260912-001151,5,SKU-1012,Kornet Sapi Pronas 198g,1,26000.0,26000.0,0.0,False,NONE
TRX-20260912-001151-006,TRX-20260912-001151,6,SKU-5004,Pembersih Lantai Super Pell 770ml,2,14500.0,29000.0,0.0,False,NONE
TRX-20260912-001151-007,TRX-20260912-001151,7,SKU-1009,Indomie Kuah Ayam Bawang 69g,3,3400.0,10200.0,0.0,False,NONE
TRX-20260912-001151-008,TRX-20260912-001151,8,SKU-3001,Air Mineral Aqua 600ml,2,4000.0,8000.0,0.0,False,NONE
TRX-20260912-001151-009,TRX-20260912-001151,9,SKU-5001,Deterjen Rinso Anti Noda 770g,1,23000.0,23000.0,0.0,False,NONE
TRX-20260912-001151-010,TRX-20260912-001151,10,SKU-5003,Sabun Cuci Piring Sunlight 650ml,1,15500.0,15500.0,0.0,False,NONE
TRX-20260912-001151-011,TRX-20260912-001151,11,SKU-5005,Baygon Obat Nyamuk Semprot 600ml,2,42000.0,84000.0,0.0,False,NONE
TRX-20260912-001151-012,TRX-20260912-001151,12,SKU-1010,Sedaap Mie Goreng 90g,2,3400.0,6800.0,0.0,False,NONE
TRX-20260912-001151-013,TRX-20260912-001151,13,SKU-1001,Beras Pandan Wangi 5kg,1,78500.0,78500.0,0.0,False,NONE
TRX-20260912-001151-014,TRX-20260912-001151,14,SKU-4007,Minyak Telon My Baby 90ml,1,28000.0,28000.0,0.0,False,NONE
TRX-20260912-001151-015,TRX-20260912-001151,15,SKU-1014,UNKNOWN PRODUCT,2,13500.0,27000.0,0.0,False,TYPO_SKU
TRX-20260912-001151-016,TRX-20260912-001151,16,SKU-1002,Minyak Goreng Bimoli 2L,2,37500.0,75000.0,0.0,False,NONE
TRX-20260912-001151-017,TRX-20260912-001151,17,SKU-5002,Pewangi Pakaian Molto All in 1 720ml,2,24000.0,48000.0,0.0,False,NONE
TRX-20260912-001151-018,TRX-20260912-001151,18,SKU-4001,Sabun Mandi Lifebuoy Total 10 450ml,1,27500.0,27500.0,0.0,False,NONE
TRX-20260912-001151-019,TRX-20260912-001151,19,SKU-1003,Gula Pasir Gulaku 1kg,2,17500.0,35000.0,0.0,False,NONE
TRX-20260912-001151-020,TRX-20260912-001151,20,SKU-5006,Baterai ABC Alkaline AA 4s,1,21000.0,21000.0,0.0,False,NONE
TRX-20260912-001152-001,TRX-20260912-001152,1,SKU-3001,Air Mineral Aqua 600ml,1,4000.0,4000.0,0.0,False,NONE
TRX-20260912-001152-002,TRX-20260912-001152,2,SKU-2007,Sari Roti Tawar Spesial,1,16500.0,16500.0,0.0,False,NONE
TRX-20260912-001153-001,TRX-20260912-001153,1,SKU-2007,Sari Roti Tawar Spesial,1,16500.0,16500.0,0.0,False,NONE
TRX-20260912-001153-002,TRX-20260912-001153,2,SKU-3001,Air Mineral Aqua 600ml,1,4000.0,4000.0,0.0,False,NONE
TRX-20260912-001154-001,TRX-20260912-001154,1,SKU-5001,Deterjen Rinso Anti Noda 770g,1,23000.0,23000.0,0.0,False,NONE
TRX-20260912-001154-002,TRX-20260912-001154,2,SKU-1008,Indomie Goreng Spesial 85g,1,3500.0,3500.0,0.0,False,NONE
TRX-20260912-001154-003,TRX-20260912-001154,3,SKU-1001,Beras Pandan Wangi 5kg,1,78500.0,78500.0,0.0,False,NONE
TRX-20260912-001154-004,TRX-20260912-001154,4,SKU-4003,Pasta Gigi Pepsodent 190g,2,17000.0,34000.0,0.0,False,NONE
TRX-20260912-001154-005,TRX-20260912-001154,5,SKU-4004,Sikat Gigi Formula Double Action 3s,2,15500.0,31000.0,0.0,False,NONE
TRX-20260912-001154-006,TRX-20260912-001154,6,SKU-1010,Sedaap Mie Goreng 90g,1,3400.0,3400.0,0.0,False,NONE
TRX-20260912-001154-007,TRX-20260912-001154,7,SKU-1007,Saus Sambal ABC 335ml,2,17500.0,35000.0,0.0,False,NONE
TRX-20260912-001154-008,TRX-20260912-001154,8,SKU-1005,Garam Dapur Cap Kapal 250g,2,5000.0,10000.0,0.0,False,NONE
TRX-20260912-001154-009,TRX-20260912-001154,9,SKU-5002,Pewangi Pakaian Molto All in 1 720ml,2,24000.0,48000.0,0.0,False,NONE
TRX-20260912-001154-010,TRX-20260912-001154,10,SKU-1003,Gula Pasir Gulaku 1kg,1,17500.0,17500.0,0.0,False,NONE
TRX-20260912-001154-011,TRX-20260912-001154,11,SKU-5005,Baygon Obat Nyamuk Semprot 600ml,3,42000.0,126000.0,0.0,False,NONE
TRX-20260912-001154-012,TRX-20260912-001154,12,SKU-4002,Shampoo Sunsilk Black Shine 160ml,2,26000.0,52000.0,0.0,False,NONE
TRX-20260912-001154-013,TRX-20260912-001154,13,SKU-4005,Rexona Deodorant Roll On 45ml,2,20500.0,41000.0,0.0,False,NONE
TRX-20260912-001154-014,TRX-20260912-001154,14,SKU-4007,Minyak Telon My Baby 90ml,2,28000.0,56000.0,0.0,False,NONE
TRX-20260912-001154-015,TRX-20260912-001154,15,SKU-5003,Sabun Cuci Piring Sunlight 650ml,2,15500.0,31000.0,0.0,False,NONE
TRX-20260912-001154-016,TRX-20260912-001154,16,SKU-5004,Pembersih Lantai Super Pell 770ml,1,14500.0,14500.0,0.0,False,NONE
TRX-20260912-001154-017,TRX-20260912-001154,17,SKU-1012,Kornet Sapi Pronas 198g,2,26000.0,52000.0,0.0,False,NONE
TRX-20260912-001154-018,TRX-20260912-001154,18,SKU-1006,Kecap Manis Bango 520ml,2,25500.0,51000.0,0.0,False,NONE
TRX-20260912-001154-019,TRX-20260912-001154,19,SKU-1011,Sarden ABC Saus Tomat 155g,1,12000.0,12000.0,0.0,False,NONE
TRX-20260912-001154-020,TRX-20260912-001154,20,SKU-1004,Tepung Terigu Segitiga Biru 1kg,2,13500.0,27000.0,0.0,False,NONE
TRX-20260912-001154-021,TRX-20260912-001154,21,SKU-1007,Saus Sambal ABC 335ml,1,17500.0,17500.0,0.0,False,NONE
TRX-20260912-001155-001,TRX-20260912-001155,1,SKU-2002,Susu Ultra Milk Full Cream 1L,1,21500.0,21500.0,0.0,False,NONE
TRX-20260912-001155-002,TRX-20260912-001155,2,SKU-3009,Oreo Original Roll 133g,1,11000.0,11000.0,0.0,False,NONE
TRX-20260912-001156-001,TRX-20260912-001156,1,SKU-1011,Sarden ABC Saus Tomat 155g,2,12000.0,24000.0,0.0,False,NONE
TRX-20260912-001156-002,TRX-20260912-001156,2,SKU-3016,UNKNOWN PRODUCT,2,7500.0,15000.0,0.0,False,TYPO_SKU
TRX-20260912-001156-003,TRX-20260912-001156,3,SKU-2006,Mentega Blue Band 200g,2,12500.0,25000.0,0.0,False,NONE
TRX-20260912-001156-004,TRX-20260912-001156,4,SKU-5004,Pembersih Lantai Super Pell 770ml,2,14500.0,29000.0,0.0,False,NONE
TRX-20260912-001157-001,TRX-20260912-001157,1,SKU-3007,Chitato Sapi Panggang 68g,1,12500.0,12500.0,0.0,False,NONE
TRX-20260912-001157-002,TRX-20260912-001157,2,SKU-4004,Sikat Gigi Formula Double Action 3s,1,15500.0,15500.0,0.0,False,NONE
TRX-20260912-001157-003,TRX-20260912-001157,3,SKU-1006,Kecap Manis Bango 520ml,1,25500.0,25500.0,0.0,False,NONE
TRX-20260912-001157-004,TRX-20260912-001157,4,SKU-3002,Air Mineral Le Minerale 600ml,1,3800.0,3800.0,0.0,True,VOID_ITEM
TRX-20260912-001157-005,TRX-20260912-001157,5,SKU-3001,Air Mineral Aqua 600ml,1,4000.0,4000.0,0.0,False,NONE
TRX-20260912-001157-006,TRX-20260912-001157,6,SKU-3003,Teh Pucuk Harum 350ml,1,4500.0,4500.0,0.0,False,NONE
TRX-20260912-001158-001,TRX-20260912-001158,1,SKU-3006,Coca Cola 390ml,2,7500.0,15000.0,0.0,False,NONE
TRX-20260912-001158-002,TRX-20260912-001158,2,SKU-1009,Indomie Kuah Ayam Bawang 69g,2,3400.0,6800.0,0.0,False,NONE
TRX-20260912-001158-003,TRX-20260912-001158,3,SKU-1000,UNKNOWN PRODUCT,1,3500.0,3500.0,0.0,False,TYPO_SKU
TRX-20260912-001158-004,TRX-20260912-001158,4,SKU-2006,Mentega Blue Band 200g,2,12500.0,25000.0,0.0,False,NONE
TRX-20260912-001158-005,TRX-20260912-001158,5,SKU-4004,Sikat Gigi Formula Double Action 3s,2,15500.0,31000.0,0.0,False,NONE
TRX-20260912-001159-001,TRX-20260912-001159,1,SKU-3001,Air Mineral Aqua 600ml,1,4000.0,4000.0,0.0,False,NONE
TRX-20260912-001160-001,TRX-20260912-001160,1,SKU-3002,Air Mineral Le Minerale 600ml,1,3800.0,3800.0,0.0,False,NONE
TRX-20260912-001160-002,TRX-20260912-001160,2,SKU-3001,Air Mineral Aqua 600ml,2,4000.0,8000.0,0.0,False,NONE
TRX-20260912-001160-003,TRX-20260912-001160,3,SKU-3006,Coca Cola 390ml,2,7500.0,15000.0,0.0,False,NONE
TRX-20260912-001160-004,TRX-20260912-001160,4,SKU-1008,Indomie Goreng Spesial 85g,2,3500.0,7000.0,0.0,True,VOID_ITEM
TRX-20260912-001160-005,TRX-20260912-001160,5,SKU-1005,Garam Dapur Cap Kapal 250g,2,5000.0,10000.0,0.0,False,NONE
TRX-20260912-001161-001,TRX-20260912-001161,1,SKU-5003,Sabun Cuci Piring Sunlight 650ml,1,15500.0,15500.0,0.0,False,NONE
TRX-20260912-001161-002,TRX-20260912-001161,2,SKU-1002,Minyak Goreng Bimoli 2L,1,37500.0,37500.0,0.0,False,NONE
TRX-20260912-001161-003,TRX-20260912-001161,3,SKU-3008,Taro Net Seaweed 65g,1,9800.0,9800.0,0.0,False,NONE
TRX-20260912-001161-004,TRX-20260912-001161,4,SKU-3007,Chitato Sapi Panggang 68g,2,12500.0,25000.0,0.0,False,NONE
TRX-20260912-001161-005,TRX-20260912-001161,5,SKU-3003,Teh Pucuk Harum 350ml,2,4500.0,9000.0,0.0,False,NONE
TRX-20260912-001162-001,TRX-20260912-001162,1,SKU-2002,Susu Ultra Milk Full Cream 1L,1,21500.0,21500.0,0.0,False,NONE
TRX-20260912-001163-001,TRX-20260912-001163,1,SKU-3001,Air Mineral Aqua 600ml,1,4000.0,4000.0,0.0,False,NONE
TRX-20260912-001163-002,TRX-20260912-001163,2,SKU-3003,Teh Pucuk Harum 350ml,1,4500.0,4500.0,0.0,False,NONE
TRX-20260912-001163-003,TRX-20260912-001163,3,SKU-3010,SilverQueen Cokelat Mede 58g,1,17000.0,17000.0,0.0,False,NONE
TRX-20260912-001164-001,TRX-20260912-001164,1,SKU-5002,Pewangi Pakaian Molto All in 1 720ml,2,24000.0,48000.0,0.0,False,NONE
TRX-20260912-001164-002,TRX-20260912-001164,2,SKU-1001,Beras Pandan Wangi 5kg,1,78500.0,78500.0,0.0,False,NONE
TRX-20260912-001164-003,TRX-20260912-001164,3,SKU-1002,Minyak Goreng Bimoli 2L,2,37500.0,75000.0,0.0,False,NONE
TRX-20260912-001164-004,TRX-20260912-001164,4,SKU-5003,Sabun Cuci Piring Sunlight 650ml,3,15500.0,46500.0,0.0,False,NONE
TRX-20260912-001164-005,TRX-20260912-001164,5,SKU-5001,Deterjen Rinso Anti Noda 770g,1,23000.0,23000.0,0.0,False,NONE
TRX-20260912-001164-006,TRX-20260912-001164,6,SKU-4007,Minyak Telon My Baby 90ml,1,28000.0,28000.0,0.0,False,NONE
TRX-20260912-001164-007,TRX-20260912-001164,7,SKU-1009,Indomie Kuah Ayam Bawang 69g,3,3400.0,10200.0,0.0,False,NONE
TRX-20260912-001164-008,TRX-20260912-001164,8,SKU-1007,Saus Sambal ABC 335ml,2,17500.0,35000.0,0.0,False,NONE
TRX-20260912-001164-009,TRX-20260912-001164,9,SKU-5001,Deterjen Rinso Anti Noda 770g,1,23000.0,23000.0,0.0,False,NONE
TRX-20260912-001164-010,TRX-20260912-001164,10,SKU-4004,Sikat Gigi Formula Double Action 3s,3,15500.0,46500.0,0.0,False,NONE
TRX-20260912-001164-011,TRX-20260912-001164,11,SKU-4006,Paseo Facial Tissue 250 Sheets,2,16500.0,33000.0,0.0,False,NONE
TRX-20260912-001164-012,TRX-20260912-001164,12,SKU-5006,Baterai ABC Alkaline AA 4s,1,21000.0,21000.0,0.0,False,NONE
TRX-20260912-001164-013,TRX-20260912-001164,13,SKU-1008,Indomie Goreng Spesial 85g,1,3500.0,3500.0,0.0,False,NONE
TRX-20260912-001164-014,TRX-20260912-001164,14,SKU-2001,Telur Ayam Negeri 1kg,2,31000.0,62000.0,0.0,False,NONE
TRX-20260912-001164-015,TRX-20260912-001164,15,SKU-5005,Baygon Obat Nyamuk Semprot 600ml,2,42000.0,84000.0,0.0,False,NONE
TRX-20260912-001164-016,TRX-20260912-001164,16,SKU-1002,Minyak Goreng Bimoli 2L,2,37500.0,75000.0,0.0,False,NONE
TRX-20260912-001164-017,TRX-20260912-001164,17,SKU-1006,Kecap Manis Bango 520ml,1,25500.0,25500.0,0.0,False,NONE
TRX-20260912-001165-001,TRX-20260912-001165,1,SKU-3005,Good Day Moccacino 250ml,1,8000.0,8000.0,0.0,False,NONE
TRX-20260912-001165-002,TRX-20260912-001165,2,SKU-3002,Air Mineral Le Minerale 600ml,2,3800.0,7600.0,0.0,False,NONE
TRX-20260912-001165-003,TRX-20260912-001165,3,SKU-3008,Taro Net Seaweed 65g,2,9800.0,19600.0,0.0,False,NONE
TRX-20260912-001165-004,TRX-20260912-001165,4,SKU-3004,Kopi Kapal Api Spesial Mix 10s,2,15500.0,31000.0,0.0,True,VOID_ITEM
TRX-20260912-001165-005,TRX-20260912-001165,5,SKU-1011,Sarden ABC Saus Tomat 155g,1,12000.0,12000.0,0.0,False,NONE
TRX-20260912-001165-006,TRX-20260912-001165,6,SKU-1010,Sedaap Mie Goreng 90g,1,3400.0,3400.0,0.0,False,NONE
TRX-20260912-001165-007,TRX-20260912-001165,7,SKU-5003,Sabun Cuci Piring Sunlight 650ml,1,15500.0,15500.0,0.0,False,TYPO_SKU
TRX-20260912-001165-008,TRX-20260912-001165,8,SKU-1008,Indomie Goreng Spesial 85g,1,3500.0,3500.0,0.0,False,NONE
TRX-20260912-001166-001,TRX-20260912-001166,1,SKU-1004,Tepung Terigu Segitiga Biru 1kg,1,13500.0,13500.0,0.0,True,VOID_ITEM
TRX-20260912-001166-002,TRX-20260912-001166,2,SKU-1005,Garam Dapur Cap Kapal 250g,1,5000.0,5000.0,0.0,False,NONE
TRX-20260912-001166-003,TRX-20260912-001166,3,SKU-1009,Indomie Kuah Ayam Bawang 69g,2,3400.0,6800.0,0.0,False,NONE
TRX-20260912-001166-004,TRX-20260912-001166,4,SKU-1010,Sedaap Mie Goreng 90g,1,3400.0,3400.0,0.0,True,VOID_ITEM
TRX-20260912-001166-005,TRX-20260912-001166,5,SKU-3006,Coca Cola 390ml,1,7500.0,7500.0,0.0,False,NONE
TRX-20260912-001166-006,TRX-20260912-001166,6,SKU-4004,Sikat Gigi Formula Double Action 3s,1,15500.0,15500.0,0.0,True,VOID_ITEM
TRX-20260912-001166-007,TRX-20260912-001166,7,SKU-5004,Pembersih Lantai Super Pell 770ml,2,14500.0,29000.0,0.0,False,NONE
TRX-20260912-001167-001,TRX-20260912-001167,1,SKU-3005,Good Day Moccacino 250ml,1,8000.0,8000.0,0.0,False,NONE
TRX-20260912-001167-002,TRX-20260912-001167,2,SKU-3006,Coca Cola 390ml,1,7500.0,7500.0,0.0,False,NONE
TRX-20260912-001168-001,TRX-20260912-001168,1,SKU-1011,Sarden ABC Saus Tomat 155g,2,12000.0,24000.0,0.0,False,NONE
TRX-20260912-001168-002,TRX-20260912-001168,2,SKU-1005,Garam Dapur Cap Kapal 250g,1,5000.0,5000.0,0.0,False,NONE
TRX-20260912-001168-003,TRX-20260912-001168,3,SKU-3004,Kopi Kapal Api Spesial Mix 10s,1,15500.0,15500.0,0.0,False,NONE
TRX-20260912-001168-004,TRX-20260912-001168,4,SKU-1004,Tepung Terigu Segitiga Biru 1kg,2,13500.0,27000.0,0.0,False,NONE
TRX-20260912-001169-001,TRX-20260912-001169,1,SKU-3003,Teh Pucuk Harum 350ml,1,4500.0,4500.0,0.0,False,NONE
TRX-20260912-001169-002,TRX-20260912-001169,2,SKU-2008,Sari Roti Sobek Cokelat,1,19500.0,19500.0,0.0,False,NONE
TRX-20260912-001170-001,TRX-20260912-001170,1,SKU-2004,Yakult Pack isi 5,1,11500.0,11500.0,0.0,False,NONE
TRX-20260912-001171-001,TRX-20260912-001171,1,SKU-3005,Good Day Moccacino 250ml,1,8000.0,8000.0,0.0,False,NONE
TRX-20260912-001172-001,TRX-20260912-001172,1,SKU-5003,Sabun Cuci Piring Sunlight 650ml,5,15500.0,77500.0,0.0,False,NONE
TRX-20260912-001172-002,TRX-20260912-001172,2,SKU-5004,Pembersih Lantai Super Pell 770ml,2,14500.0,29000.0,0.0,False,NONE
TRX-20260912-001172-003,TRX-20260912-001172,3,SKU-1012,Kornet Sapi Pronas 198g,2,26000.0,52000.0,0.0,False,NONE
TRX-20260912-001172-004,TRX-20260912-001172,4,SKU-1007,Saus Sambal ABC 335ml,3,17500.0,52500.0,0.0,False,NONE
TRX-20260912-001172-005,TRX-20260912-001172,5,SKU-5004,Pembersih Lantai Super Pell 770ml,1,14500.0,14500.0,0.0,False,NONE
TRX-20260912-001172-006,TRX-20260912-001172,6,SKU-5002,Pewangi Pakaian Molto All in 1 720ml,1,24000.0,24000.0,0.0,False,NONE
TRX-20260912-001172-007,TRX-20260912-001172,7,SKU-4005,Rexona Deodorant Roll On 45ml,2,20500.0,41000.0,0.0,False,NONE
TRX-20260912-001172-008,TRX-20260912-001172,8,SKU-1003,Gula Pasir Gulaku 1kg,1,17500.0,17500.0,0.0,False,NONE
TRX-20260912-001172-009,TRX-20260912-001172,9,SKU-4003,Pasta Gigi Pepsodent 190g,5,17000.0,85000.0,0.0,False,NONE
TRX-20260912-001172-010,TRX-20260912-001172,10,SKU-1006,Kecap Manis Bango 520ml,1,25500.0,25500.0,0.0,False,NONE
TRX-20260912-001172-011,TRX-20260912-001172,11,SKU-4001,Sabun Mandi Lifebuoy Total 10 450ml,1,27500.0,27500.0,0.0,False,NONE
TRX-20260912-001172-012,TRX-20260912-001172,12,SKU-4002,Shampoo Sunsilk Black Shine 160ml,2,26000.0,52000.0,0.0,False,NONE
TRX-20260912-001172-013,TRX-20260912-001172,13,SKU-4004,Sikat Gigi Formula Double Action 3s,1,15500.0,15500.0,0.0,False,NONE
TRX-20260912-001172-014,TRX-20260912-001172,14,SKU-4007,Minyak Telon My Baby 90ml,1,28000.0,28000.0,0.0,False,NONE
TRX-20260912-001172-015,TRX-20260912-001172,15,SKU-1002,Minyak Goreng Bimoli 2L,1,37500.0,37500.0,0.0,False,NONE
TRX-20260912-001172-016,TRX-20260912-001172,16,SKU-5002,Pewangi Pakaian Molto All in 1 720ml,1,24000.0,24000.0,0.0,False,TYPO_SKU
TRX-20260912-001173-001,TRX-20260912-001173,1,SKU-3008,Taro Net Seaweed 65g,1,9800.0,9800.0,0.0,False,NONE
TRX-20260912-001173-002,TRX-20260912-001173,2,SKU-2002,Susu Ultra Milk Full Cream 1L,1,21500.0,21500.0,0.0,False,NONE
TRX-20260912-001174-001,TRX-20260912-001174,1,SKU-5001,Deterjen Rinso Anti Noda 770g,2,23000.0,46000.0,0.0,False,NONE
TRX-20260912-001174-002,TRX-20260912-001174,2,SKU-5005,Baygon Obat Nyamuk Semprot 600ml,3,42000.0,126000.0,0.0,False,NONE
TRX-20260912-001174-003,TRX-20260912-001174,3,SKU-1009,Indomie Kuah Ayam Bawang 69g,3,3400.0,10200.0,0.0,False,NONE
TRX-20260912-001174-004,TRX-20260912-001174,4,SKU-1012,Kornet Sapi Pronas 198g,2,26000.0,52000.0,0.0,False,NONE
TRX-20260912-001174-005,TRX-20260912-001174,5,SKU-5006,Baterai ABC Alkaline AA 4s,2,21000.0,42000.0,0.0,False,NONE
TRX-20260912-001174-006,TRX-20260912-001174,6,SKU-4004,Sikat Gigi Formula Double Action 3s,1,15500.0,15500.0,0.0,False,NONE
TRX-20260912-001174-007,TRX-20260912-001174,7,SKU-1006,Kecap Manis Bango 520ml,3,25500.0,76500.0,0.0,False,NONE
TRX-20260912-001174-008,TRX-20260912-001174,8,SKU-4005,Rexona Deodorant Roll On 45ml,1,20500.0,20500.0,0.0,False,NONE
TRX-20260912-001174-009,TRX-20260912-001174,9,SKU-1011,Sarden ABC Saus Tomat 155g,1,12000.0,12000.0,0.0,False,NONE
TRX-20260912-001174-010,TRX-20260912-001174,10,SKU-4007,Minyak Telon My Baby 90ml,5,28000.0,140000.0,0.0,False,NONE
TRX-20260912-001174-011,TRX-20260912-001174,11,SKU-1001,Beras Pandan Wangi 5kg,5,78500.0,392500.0,0.0,False,NONE
TRX-20260912-001174-012,TRX-20260912-001174,12,SKU-1002,Minyak Goreng Bimoli 2L,2,37500.0,75000.0,0.0,False,NONE
TRX-20260912-001174-013,TRX-20260912-001174,13,SKU-4002,Shampoo Sunsilk Black Shine 160ml,2,26000.0,52000.0,0.0,False,NONE
TRX-20260912-001174-014,TRX-20260912-001174,14,SKU-4003,Pasta Gigi Pepsodent 190g,2,17000.0,34000.0,0.0,False,NONE
TRX-20260912-001175-001,TRX-20260912-001175,1,SKU-3008,Taro Net Seaweed 65g,1,9800.0,9800.0,0.0,False,NONE
TRX-20260912-001175-002,TRX-20260912-001175,2,SKU-2008,Sari Roti Sobek Cokelat,1,19500.0,19500.0,0.0,False,NONE
TRX-20260912-001175-003,TRX-20260912-001175,3,SKU-4004,Sikat Gigi Formula Double Action 3s,1,15500.0,15500.0,0.0,False,NONE
TRX-20260912-001175-004,TRX-20260912-001175,4,SKU-3009,Oreo Original Roll 133g,1,11000.0,11000.0,0.0,False,NONE
TRX-20260912-001175-005,TRX-20260912-001175,5,SKU-3005,Good Day Moccacino 250ml,1,8000.0,8000.0,0.0,False,NONE
TRX-20260912-001176-001,TRX-20260912-001176,1,SKU-1001,Beras Pandan Wangi 5kg,1,78500.0,78500.0,0.0,False,NONE
TRX-20260912-001176-002,TRX-20260912-001176,2,SKU-1005,Garam Dapur Cap Kapal 250g,1,5000.0,5000.0,0.0,False,NONE
TRX-20260912-001176-003,TRX-20260912-001176,3,SKU-1007,Saus Sambal ABC 335ml,2,17500.0,35000.0,0.0,False,NONE
TRX-20260912-001176-004,TRX-20260912-001176,4,SKU-1006,Kecap Manis Bango 520ml,1,25500.0,25500.0,0.0,False,NONE
TRX-20260912-001176-005,TRX-20260912-001176,5,SKU-1011,Sarden ABC Saus Tomat 155g,1,12000.0,12000.0,0.0,False,NONE
TRX-20260912-001176-006,TRX-20260912-001176,6,SKU-5005,Baygon Obat Nyamuk Semprot 600ml,1,42000.0,42000.0,0.0,False,NONE
TRX-20260912-001176-007,TRX-20260912-001176,7,SKU-1002,Minyak Goreng Bimoli 2L,1,37500.0,37500.0,0.0,False,NONE
TRX-20260912-001176-008,TRX-20260912-001176,8,SKU-1004,Tepung Terigu Segitiga Biru 1kg,1,13500.0,13500.0,0.0,False,NONE
TRX-20260912-001176-009,TRX-20260912-001176,9,SKU-4001,Sabun Mandi Lifebuoy Total 10 450ml,1,27500.0,27500.0,0.0,False,NONE
TRX-20260912-001176-010,TRX-20260912-001176,10,SKU-4002,Shampoo Sunsilk Black Shine 160ml,2,26000.0,52000.0,0.0,False,NONE
TRX-20260912-001176-011,TRX-20260912-001176,11,SKU-5002,Pewangi Pakaian Molto All in 1 720ml,5,24000.0,120000.0,0.0,False,NONE
TRX-20260912-001176-012,TRX-20260912-001176,12,SKU-4007,Minyak Telon My Baby 90ml,2,28000.0,56000.0,0.0,False,NONE
TRX-20260912-001176-013,TRX-20260912-001176,13,SKU-5004,Pembersih Lantai Super Pell 770ml,2,14500.0,29000.0,0.0,False,NONE
TRX-20260912-001176-014,TRX-20260912-001176,14,SKU-1008,Indomie Goreng Spesial 85g,3,3500.0,10500.0,0.0,False,NONE
TRX-20260912-001176-015,TRX-20260912-001176,15,SKU-3001,Air Mineral Aqua 600ml,2,4000.0,8000.0,0.0,False,NONE
TRX-20260912-001176-016,TRX-20260912-001176,16,SKU-1005,Garam Dapur Cap Kapal 250g,1,5000.0,5000.0,0.0,False,NONE
TRX-20260912-001176-017,TRX-20260912-001176,17,SKU-1012,Kornet Sapi Pronas 198g,2,26000.0,52000.0,0.0,False,NONE
TRX-20260912-001177-001,TRX-20260912-001177,1,SKU-4003,Pasta Gigi Pepsodent 190g,1,17000.0,17000.0,0.0,False,NONE
TRX-20260912-001177-002,TRX-20260912-001177,2,SKU-4004,Sikat Gigi Formula Double Action 3s,2,15500.0,31000.0,0.0,False,NONE
TRX-20260912-001177-003,TRX-20260912-001177,3,SKU-5001,Deterjen Rinso Anti Noda 770g,2,23000.0,46000.0,0.0,False,NONE
TRX-20260912-001177-004,TRX-20260912-001177,4,SKU-5002,Pewangi Pakaian Molto All in 1 720ml,2,24000.0,48000.0,0.0,False,NONE
TRX-20260912-001177-005,TRX-20260912-001177,5,SKU-1003,Gula Pasir Gulaku 1kg,2,17500.0,35000.0,0.0,False,NONE
TRX-20260912-001177-006,TRX-20260912-001177,6,SKU-1011,Sarden ABC Saus Tomat 155g,2,12000.0,24000.0,0.0,False,NONE
TRX-20260912-001177-007,TRX-20260912-001177,7,SKU-5006,Baterai ABC Alkaline AA 4s,1,21000.0,21000.0,0.0,False,NONE
TRX-20260912-001177-008,TRX-20260912-001177,8,SKU-5003,Sabun Cuci Piring Sunlight 650ml,2,15500.0,31000.0,0.0,False,NONE
TRX-20260912-001177-009,TRX-20260912-001177,9,SKU-1005,Garam Dapur Cap Kapal 250g,2,5000.0,10000.0,0.0,False,NONE
TRX-20260912-001177-010,TRX-20260912-001177,10,SKU-4004,Sikat Gigi Formula Double Action 3s,5,15500.0,77500.0,0.0,False,NONE
TRX-20260912-001177-011,TRX-20260912-001177,11,SKU-1012,Kornet Sapi Pronas 198g,3,26000.0,78000.0,0.0,False,NONE
TRX-20260912-001177-012,TRX-20260912-001177,12,SKU-1001,Beras Pandan Wangi 5kg,3,78500.0,235500.0,0.0,False,NONE
TRX-20260912-001177-013,TRX-20260912-001177,13,SKU-5004,Pembersih Lantai Super Pell 770ml,1,14500.0,14500.0,0.0,False,NONE
TRX-20260912-001177-014,TRX-20260912-001177,14,SKU-4005,Rexona Deodorant Roll On 45ml,3,20500.0,61500.0,0.0,False,NONE
TRX-20260912-001177-015,TRX-20260912-001177,15,SKU-5002,Pewangi Pakaian Molto All in 1 720ml,3,24000.0,72000.0,0.0,False,NONE
TRX-20260912-001177-016,TRX-20260912-001177,16,SKU-1008,Indomie Goreng Spesial 85g,3,3500.0,10500.0,0.0,False,NONE
TRX-20260912-001177-017,TRX-20260912-001177,17,SKU-2001,Telur Ayam Negeri 1kg,2,31000.0,62000.0,0.0,False,NONE
TRX-20260912-001178-001,TRX-20260912-001178,1,SKU-3005,Good Day Moccacino 250ml,1,8000.0,8000.0,0.0,False,NONE
TRX-20260912-001178-002,TRX-20260912-001178,2,SKU-2008,Sari Roti Sobek Cokelat,1,19500.0,19500.0,0.0,False,NONE
TRX-20260912-001179-001,TRX-20260912-001179,1,SKU-3010,SilverQueen Cokelat Mede 58g,1,17000.0,17000.0,0.0,False,NONE
TRX-20260912-001179-002,TRX-20260912-001179,2,SKU-3008,Taro Net Seaweed 65g,1,9800.0,9800.0,0.0,False,NONE
TRX-20260912-001179-003,TRX-20260912-001179,3,SKU-2008,Sari Roti Sobek Cokelat,1,19500.0,19500.0,0.0,False,NONE
TRX-20260912-001180-001,TRX-20260912-001180,1,SKU-5003,Sabun Cuci Piring Sunlight 650ml,2,15500.0,31000.0,0.0,True,VOID_ITEM
TRX-20260912-001180-002,TRX-20260912-001180,2,SKU-5001,Deterjen Rinso Anti Noda 770g,1,23000.0,23000.0,0.0,False,NONE
TRX-20260912-001180-003,TRX-20260912-001180,3,SKU-4002,Shampoo Sunsilk Black Shine 160ml,2,26000.0,52000.0,0.0,False,NONE
TRX-20260912-001180-004,TRX-20260912-001180,4,SKU-4003,Pasta Gigi Pepsodent 190g,2,17000.0,34000.0,0.0,False,NONE
TRX-20260912-001180-005,TRX-20260912-001180,5,SKU-1005,Garam Dapur Cap Kapal 250g,1,5000.0,5000.0,0.0,False,NONE
TRX-20260912-001180-006,TRX-20260912-001180,6,SKU-5004,Pembersih Lantai Super Pell 770ml,1,14500.0,14500.0,0.0,False,NONE
TRX-20260912-001180-007,TRX-20260912-001180,7,SKU-1009,Indomie Kuah Ayam Bawang 69g,1,3400.0,3400.0,0.0,False,NONE
TRX-20260912-001180-008,TRX-20260912-001180,8,SKU-3001,Air Mineral Aqua 600ml,2,4000.0,8000.0,0.0,False,NONE
TRX-20260912-001180-008_DUP,TRX-20260912-001180,9,SKU-3001,Air Mineral Aqua 600ml,1,4000.0,4000.0,0.0,False,DOUBLE_SCAN
TRX-20260912-001180-010,TRX-20260912-001180,10,SKU-1006,Kecap Manis Bango 520ml,1,25500.0,25500.0,0.0,False,NONE
TRX-20260912-001180-011,TRX-20260912-001180,11,SKU-4006,Paseo Facial Tissue 250 Sheets,3,16500.0,49500.0,0.0,False,NONE
TRX-20260912-001180-012,TRX-20260912-001180,12,SKU-1002,Minyak Goreng Bimoli 2L,3,37500.0,112500.0,0.0,False,NONE
TRX-20260912-001180-013,TRX-20260912-001180,13,SKU-1004,Tepung Terigu Segitiga Biru 1kg,1,13500.0,13500.0,0.0,False,NONE
TRX-20260912-001180-014,TRX-20260912-001180,14,SKU-1011,Sarden ABC Saus Tomat 155g,2,12000.0,24000.0,0.0,False,NONE
TRX-20260912-001180-015,TRX-20260912-001180,15,SKU-4001,Sabun Mandi Lifebuoy Total 10 450ml,1,27500.0,27500.0,0.0,False,NONE
TRX-20260912-001180-016,TRX-20260912-001180,16,SKU-5001,Deterjen Rinso Anti Noda 770g,2,23000.0,46000.0,0.0,False,NONE
TRX-20260912-001180-017,TRX-20260912-001180,17,SKU-5002,Pewangi Pakaian Molto All in 1 720ml,1,24000.0,24000.0,0.0,False,NONE
TRX-20260912-001180-018,TRX-20260912-001180,18,SKU-1010,Sedaap Mie Goreng 90g,1,3400.0,3400.0,0.0,False,NONE
TRX-20260912-001180-019,TRX-20260912-001180,19,SKU-2001,Telur Ayam Negeri 1kg,1,31000.0,31000.0,0.0,False,NONE
TRX-20260912-001181-001,TRX-20260912-001181,1,SKU-5002,Pewangi Pakaian Molto All in 1 720ml,1,24000.0,24000.0,0.0,False,NONE
TRX-20260912-001181-002,TRX-20260912-001181,2,SKU-5001,Deterjen Rinso Anti Noda 770g,2,23000.0,46000.0,0.0,False,NONE
TRX-20260912-001181-003,TRX-20260912-001181,3,SKU-4006,Paseo Facial Tissue 250 Sheets,1,16500.0,16500.0,0.0,False,NONE
TRX-20260912-001181-004,TRX-20260912-001181,4,SKU-4002,Shampoo Sunsilk Black Shine 160ml,2,26000.0,52000.0,0.0,False,NONE
TRX-20260912-001181-005,TRX-20260912-001181,5,SKU-4003,Pasta Gigi Pepsodent 190g,2,17000.0,34000.0,0.0,False,NONE
TRX-20260912-001181-006,TRX-20260912-001181,6,SKU-1001,Beras Pandan Wangi 5kg,2,78500.0,157000.0,0.0,False,NONE
TRX-20260912-001181-007,TRX-20260912-001181,7,SKU-1005,Garam Dapur Cap Kapal 250g,2,5000.0,10000.0,0.0,False,NONE
TRX-20260912-001181-008,TRX-20260912-001181,8,SKU-1002,Minyak Goreng Bimoli 2L,1,37500.0,37500.0,0.0,False,NONE
TRX-20260912-001181-009,TRX-20260912-001181,9,SKU-1006,Kecap Manis Bango 520ml,1,25500.0,25500.0,0.0,False,NONE
TRX-20260912-001181-010,TRX-20260912-001181,10,SKU-4005,Rexona Deodorant Roll On 45ml,3,20500.0,61500.0,0.0,False,NONE
TRX-20260912-001181-011,TRX-20260912-001181,11,SKU-5006,Baterai ABC Alkaline AA 4s,2,21000.0,42000.0,0.0,True,VOID_ITEM
TRX-20260912-001181-012,TRX-20260912-001181,12,SKU-4003,Pasta Gigi Pepsodent 190g,5,17000.0,85000.0,0.0,False,NONE
TRX-20260912-001181-013,TRX-20260912-001181,13,SKU-4004,Sikat Gigi Formula Double Action 3s,1,15500.0,15500.0,0.0,False,NONE
TRX-20260912-001181-014,TRX-20260912-001181,14,SKU-1012,Kornet Sapi Pronas 198g,3,26000.0,78000.0,0.0,False,NONE
TRX-20260912-001181-015,TRX-20260912-001181,15,SKU-1009,Indomie Kuah Ayam Bawang 69g,1,3400.0,3400.0,0.0,False,NONE
TRX-20260912-001181-016,TRX-20260912-001181,16,SKU-2001,Telur Ayam Negeri 1kg,2,31000.0,62000.0,0.0,False,NONE
TRX-20260912-001181-017,TRX-20260912-001181,17,SKU-1006,Kecap Manis Bango 520ml,2,25500.0,51000.0,0.0,False,NONE
TRX-20260912-001181-018,TRX-20260912-001181,18,SKU-1005,Garam Dapur Cap Kapal 250g,2,5000.0,10000.0,0.0,False,NONE
TRX-20260912-001181-019,TRX-20260912-001181,19,SKU-1011,Sarden ABC Saus Tomat 155g,1,12000.0,12000.0,0.0,False,NONE
TRX-20260912-001181-020,TRX-20260912-001181,20,SKU-4007,Minyak Telon My Baby 90ml,2,28000.0,56000.0,0.0,False,NONE
TRX-20260912-001181-021,TRX-20260912-001181,21,SKU-4004,Sikat Gigi Formula Double Action 3s,3,15500.0,46500.0,0.0,False,NONE
TRX-20260912-001181-022,TRX-20260912-001181,22,SKU-1007,Saus Sambal ABC 335ml,3,17500.0,52500.0,0.0,False,NONE
TRX-20260912-001181-023,TRX-20260912-001181,23,SKU-1010,Sedaap Mie Goreng 90g,2,3400.0,6800.0,0.0,False,NONE
TRX-20260912-001182-001,TRX-20260912-001182,1,SKU-3007,Chitato Sapi Panggang 68g,2,12500.0,25000.0,0.0,False,NONE
TRX-20260912-001182-002,TRX-20260912-001182,2,SKU-2006,Mentega Blue Band 200g,1,12500.0,12500.0,0.0,False,NONE
TRX-20260912-001182-003,TRX-20260912-001182,3,SKU-1004,Tepung Terigu Segitiga Biru 1kg,2,13500.0,27000.0,0.0,False,NONE
TRX-20260912-001182-004,TRX-20260912-001182,4,SKU-1005,Garam Dapur Cap Kapal 250g,2,5000.0,10000.0,0.0,False,NONE
TRX-20260912-001182-005,TRX-20260912-001182,5,SKU-5004,Pembersih Lantai Super Pell 770ml,1,14500.0,14500.0,0.0,False,NONE
TRX-20260912-001182-006,TRX-20260912-001182,6,SKU-1009,Indomie Kuah Ayam Bawang 69g,2,3400.0,6800.0,0.0,False,NONE
TRX-20260912-001183-001,TRX-20260912-001183,1,SKU-2002,Susu Ultra Milk Full Cream 1L,1,21500.0,21500.0,0.0,False,NONE
TRX-20260912-001183-002,TRX-20260912-001183,2,SKU-3001,Air Mineral Aqua 600ml,1,4000.0,4000.0,0.0,False,NONE
TRX-20260912-001184-001,TRX-20260912-001184,1,SKU-2002,Susu Ultra Milk Full Cream 1L,1,21500.0,21500.0,0.0,False,NONE
TRX-20260912-001184-002,TRX-20260912-001184,2,SKU-3008,Taro Net Seaweed 65g,1,9800.0,9800.0,0.0,False,NONE
TRX-20260912-001184-003,TRX-20260912-001184,3,SKU-4003,Pasta Gigi Pepsodent 190g,1,17000.0,17000.0,0.0,False,NONE
TRX-20260912-001184-004,TRX-20260912-001184,4,SKU-4002,Shampoo Sunsilk Black Shine 160ml,1,26000.0,26000.0,0.0,False,NONE
TRX-20260912-001184-005,TRX-20260912-001184,5,SKU-3010,SilverQueen Cokelat Mede 58g,1,17000.0,17000.0,0.0,False,NONE
TRX-20260912-001185-001,TRX-20260912-001185,1,SKU-3009,Oreo Original Roll 133g,2,11000.0,22000.0,0.0,False,NONE
TRX-20260912-001185-002,TRX-20260912-001185,2,SKU-1010,Sedaap Mie Goreng 90g,1,3400.0,3400.0,0.0,False,NONE
TRX-20260912-001185-003,TRX-20260912-001185,3,SKU-3005,Good Day Moccacino 250ml,2,8000.0,16000.0,0.0,False,NONE
TRX-20260912-001185-004,TRX-20260912-001185,4,SKU-2004,Yakult Pack isi 5,1,11500.0,11500.0,0.0,False,NONE
TRX-20260912-001185-005,TRX-20260912-001185,5,SKU-1008,Indomie Goreng Spesial 85g,2,3500.0,7000.0,0.0,False,NONE
TRX-20260912-001185-006,TRX-20260912-001185,6,SKU-2006,Mentega Blue Band 200g,2,12500.0,25000.0,0.0,False,NONE
TRX-20260912-001185-007,TRX-20260912-001185,7,SKU-4004,Sikat Gigi Formula Double Action 3s,1,15500.0,15500.0,0.0,True,VOID_ITEM
TRX-20260912-001185-008,TRX-20260912-001185,8,SKU-5003,Sabun Cuci Piring Sunlight 650ml,1,15500.0,15500.0,0.0,False,NONE
TRX-20260912-001186-001,TRX-20260912-001186,1,SKU-3009,Oreo Original Roll 133g,1,11000.0,11000.0,0.0,False,NONE
TRX-20260912-001186-002,TRX-20260912-001186,2,SKU-3001,Air Mineral Aqua 600ml,1,4000.0,4000.0,0.0,False,NONE
TRX-20260912-001187-001,TRX-20260912-001187,1,SKU-4006,Paseo Facial Tissue 250 Sheets,1,16500.0,16500.0,0.0,False,NONE
TRX-20260912-001187-002,TRX-20260912-001187,2,SKU-1007,Saus Sambal ABC 335ml,1,17500.0,17500.0,0.0,False,NONE
TRX-20260912-001187-003,TRX-20260912-001187,3,SKU-5006,Baterai ABC Alkaline AA 4s,3,21000.0,63000.0,0.0,False,NONE
TRX-20260912-001187-004,TRX-20260912-001187,4,SKU-5002,Pewangi Pakaian Molto All in 1 720ml,1,24000.0,24000.0,0.0,False,NONE
TRX-20260912-001187-005,TRX-20260912-001187,5,SKU-1002,Minyak Goreng Bimoli 2L,2,37500.0,75000.0,0.0,False,NONE
TRX-20260912-001187-006,TRX-20260912-001187,6,SKU-1004,Tepung Terigu Segitiga Biru 1kg,2,13500.0,27000.0,0.0,False,NONE
TRX-20260912-001187-007,TRX-20260912-001187,7,SKU-1005,Garam Dapur Cap Kapal 250g,1,5000.0,5000.0,0.0,False,NONE
TRX-20260912-001187-008,TRX-20260912-001187,8,SKU-4005,Rexona Deodorant Roll On 45ml,5,20500.0,102500.0,0.0,False,NONE
TRX-20260912-001187-009,TRX-20260912-001187,9,SKU-1003,Gula Pasir Gulaku 1kg,2,17500.0,35000.0,0.0,True,VOID_ITEM
TRX-20260912-001187-010,TRX-20260912-001187,10,SKU-1009,Indomie Kuah Ayam Bawang 69g,5,3400.0,17000.0,0.0,False,NONE
TRX-20260912-001187-011,TRX-20260912-001187,11,SKU-1012,Kornet Sapi Pronas 198g,2,26000.0,52000.0,0.0,False,NONE
TRX-20260912-001187-012,TRX-20260912-001187,12,SKU-5003,Sabun Cuci Piring Sunlight 650ml,5,15500.0,77500.0,0.0,False,NONE
TRX-20260912-001187-013,TRX-20260912-001187,13,SKU-5001,Deterjen Rinso Anti Noda 770g,1,23000.0,23000.0,0.0,False,NONE
TRX-20260912-001188-001,TRX-20260912-001188,1,SKU-2001,Telur Ayam Negeri 1kg,1,31000.0,31000.0,0.0,False,NONE
TRX-20260912-001188-002,TRX-20260912-001188,2,SKU-3005,Good Day Moccacino 250ml,1,8000.0,8000.0,0.0,False,NONE
TRX-20260912-001188-003,TRX-20260912-001188,3,SKU-3003,Teh Pucuk Harum 350ml,1,4500.0,4500.0,0.0,False,NONE
TRX-20260912-001189-001,TRX-20260912-001189,1,SKU-4004,Sikat Gigi Formula Double Action 3s,1,15500.0,15500.0,0.0,False,NONE
TRX-20260912-001189-002,TRX-20260912-001189,2,SKU-4003,Pasta Gigi Pepsodent 190g,1,17000.0,17000.0,0.0,False,NONE
TRX-20260912-001189-003,TRX-20260912-001189,3,SKU-3001,Air Mineral Aqua 600ml,1,4000.0,4000.0,0.0,False,NONE
TRX-20260912-001189-004,TRX-20260912-001189,4,SKU-3010,SilverQueen Cokelat Mede 58g,1,17000.0,17000.0,0.0,False,NONE
TRX-20260912-001189-005,TRX-20260912-001189,5,SKU-3008,Taro Net Seaweed 65g,2,9800.0,19600.0,0.0,True,VOID_ITEM
TRX-20260912-001190-001,TRX-20260912-001190,1,SKU-1003,Gula Pasir Gulaku 1kg,1,17500.0,17500.0,0.0,False,NONE
TRX-20260912-001190-002,TRX-20260912-001190,2,SKU-1012,Kornet Sapi Pronas 198g,1,26000.0,26000.0,0.0,False,NONE
TRX-20260912-001190-003,TRX-20260912-001190,3,SKU-3001,Air Mineral Aqua 600ml,1,4000.0,4000.0,0.0,False,NONE
TRX-20260912-001190-004,TRX-20260912-001190,4,SKU-3008,Taro Net Seaweed 65g,2,9800.0,19600.0,0.0,False,NONE
TRX-20260912-001191-001,TRX-20260912-001191,1,SKU-3007,Chitato Sapi Panggang 68g,1,12500.0,12500.0,0.0,False,NONE
TRX-20260912-001191-002,TRX-20260912-001191,2,SKU-3009,Oreo Original Roll 133g,1,11000.0,11000.0,0.0,True,VOID_ITEM
TRX-20260912-001191-003,TRX-20260912-001191,3,SKU-5004,Pembersih Lantai Super Pell 770ml,1,14500.0,14500.0,0.0,False,NONE
TRX-20260912-001191-004,TRX-20260912-001191,4,SKU-2007,Sari Roti Tawar Spesial,1,16500.0,16500.0,0.0,False,NONE
TRX-20260912-001191-005,TRX-20260912-001191,5,SKU-4007,Minyak Telon My Baby 90ml,1,28000.0,28000.0,0.0,False,NONE
TRX-20260912-001191-006,TRX-20260912-001191,6,SKU-3010,SilverQueen Cokelat Mede 58g,1,17000.0,17000.0,0.0,False,NONE
TRX-20260912-001191-007,TRX-20260912-001191,7,SKU-3004,Kopi Kapal Api Spesial Mix 10s,1,15500.0,15500.0,0.0,False,NONE
TRX-20260912-001191-008,TRX-20260912-001191,8,SKU-3005,Good Day Moccacino 250ml,1,8000.0,8000.0,0.0,False,NONE
TRX-20260912-001192-001,TRX-20260912-001192,1,SKU-3008,Taro Net Seaweed 65g,1,9800.0,9800.0,0.0,False,NONE
TRX-20260912-001192-002,TRX-20260912-001192,2,SKU-2008,Sari Roti Sobek Cokelat,1,19500.0,19500.0,0.0,False,NONE
TRX-20260912-001192-003,TRX-20260912-001192,3,SKU-3022,UNKNOWN PRODUCT,1,3800.0,3800.0,0.0,False,TYPO_SKU
TRX-20260912-001193-001,TRX-20260912-001193,1,SKU-3004,Kopi Kapal Api Spesial Mix 10s,1,15500.0,15500.0,0.0,False,NONE
TRX-20260912-001193-002,TRX-20260912-001193,2,SKU-2008,Sari Roti Sobek Cokelat,1,19500.0,19500.0,0.0,False,NONE
TRX-20260912-001193-003,TRX-20260912-001193,3,SKU-3001,Air Mineral Aqua 600ml,1,4000.0,4000.0,0.0,False,NONE
TRX-20260912-001194-001,TRX-20260912-001194,1,SKU-3007,Chitato Sapi Panggang 68g,1,12500.0,12500.0,0.0,False,NONE
TRX-20260912-001194-002,TRX-20260912-001194,2,SKU-1009,Indomie Kuah Ayam Bawang 69g,1,3400.0,3400.0,0.0,False,NONE
TRX-20260912-001194-003,TRX-20260912-001194,3,SKU-3004,Kopi Kapal Api Spesial Mix 10s,2,15500.0,31000.0,0.0,False,NONE
TRX-20260912-001194-004,TRX-20260912-001194,4,SKU-1010,Sedaap Mie Goreng 90g,1,3400.0,3400.0,0.0,True,VOID_ITEM
TRX-20260912-001194-005,TRX-20260912-001194,5,SKU-5003,Sabun Cuci Piring Sunlight 650ml,1,15500.0,15500.0,0.0,False,NONE
TRX-20260912-001194-006,TRX-20260912-001194,6,SKU-1005,Garam Dapur Cap Kapal 250g,2,5000.0,10000.0,0.0,False,NONE
TRX-20260912-001195-001,TRX-20260912-001195,1,SKU-2006,Mentega Blue Band 200g,1,12500.0,12500.0,0.0,False,NONE
TRX-20260912-001196-001,TRX-20260912-001196,1,SKU-3010,SilverQueen Cokelat Mede 58g,1,17000.0,17000.0,0.0,False,NONE
TRX-20260912-001197-001,TRX-20260912-001197,1,SKU-5004,Pembersih Lantai Super Pell 770ml,1,14500.0,14500.0,0.0,False,NONE
TRX-20260912-001197-002,TRX-20260912-001197,2,SKU-3005,Good Day Moccacino 250ml,2,8000.0,16000.0,0.0,False,NONE
TRX-20260912-001197-003,TRX-20260912-001197,3,SKU-3006,Coca Cola 390ml,2,7500.0,15000.0,0.0,False,NONE
TRX-20260912-001197-004,TRX-20260912-001197,4,SKU-3007,Chitato Sapi Panggang 68g,2,12500.0,25000.0,0.0,False,NONE
TRX-20260912-001198-001,TRX-20260912-001198,1,SKU-4004,Sikat Gigi Formula Double Action 3s,1,15500.0,15500.0,0.0,True,VOID_ITEM
TRX-20260912-001198-002,TRX-20260912-001198,2,SKU-5003,Sabun Cuci Piring Sunlight 650ml,1,15500.0,15500.0,0.0,False,NONE
TRX-20260912-001198-003,TRX-20260912-001198,3,SKU-1004,Tepung Terigu Segitiga Biru 1kg,2,13500.0,27000.0,0.0,False,NONE
TRX-20260912-001198-004,TRX-20260912-001198,4,SKU-3002,Air Mineral Le Minerale 600ml,1,3800.0,3800.0,0.0,True,VOID_ITEM
TRX-20260912-001198-005,TRX-20260912-001198,5,SKU-3009,Oreo Original Roll 133g,1,11000.0,11000.0,0.0,False,NONE
TRX-20260912-001198-006,TRX-20260912-001198,6,SKU-3094,UNKNOWN PRODUCT,1,15500.0,15500.0,0.0,False,TYPO_SKU
TRX-20260912-001198-007,TRX-20260912-001198,7,SKU-3005,Good Day Moccacino 250ml,1,8000.0,8000.0,0.0,False,NONE
TRX-20260912-001199-001,TRX-20260912-001199,1,SKU-3009,Oreo Original Roll 133g,1,11000.0,11000.0,0.0,False,NONE
TRX-20260912-001199-002,TRX-20260912-001199,2,SKU-2008,Sari Roti Sobek Cokelat,1,19500.0,19500.0,0.0,False,NONE
TRX-20260912-001199-003,TRX-20260912-001199,3,SKU-3005,Good Day Moccacino 250ml,1,8000.0,8000.0,0.0,False,NONE
TRX-20260912-001200-001,TRX-20260912-001200,1,SKU-3009,Oreo Original Roll 133g,1,11000.0,11000.0,0.0,False,NONE
TRX-20260912-001200-002,TRX-20260912-001200,2,SKU-3008,Taro Net Seaweed 65g,1,9800.0,9800.0,0.0,False,NONE
TRX-20260912-001201-001,TRX-20260912-001201,1,SKU-2003,Susu Ultra Milk Cokelat 1L,1,21500.0,21500.0,0.0,False,NONE
TRX-20260912-001201-002,TRX-20260912-001201,2,SKU-2006,Mentega Blue Band 200g,1,12500.0,12500.0,0.0,False,NONE
TRX-20260912-001201-003,TRX-20260912-001201,3,SKU-3008,Taro Net Seaweed 65g,1,9800.0,9800.0,0.0,False,NONE
TRX-20260912-001202-001,TRX-20260912-001202,1,SKU-1002,Minyak Goreng Bimoli 2L,1,37500.0,37500.0,0.0,False,NONE
TRX-20260912-001202-002,TRX-20260912-001202,2,SKU-4001,Sabun Mandi Lifebuoy Total 10 450ml,2,27500.0,55000.0,0.0,False,NONE
TRX-20260912-001202-003,TRX-20260912-001202,3,SKU-4003,Pasta Gigi Pepsodent 190g,1,17000.0,17000.0,0.0,False,NONE
TRX-20260912-001202-004,TRX-20260912-001202,4,SKU-4004,Sikat Gigi Formula Double Action 3s,5,15500.0,77500.0,0.0,False,NONE
TRX-20260912-001202-005,TRX-20260912-001202,5,SKU-1007,Saus Sambal ABC 335ml,5,17500.0,87500.0,0.0,False,NONE
TRX-20260912-001202-006,TRX-20260912-001202,6,SKU-1009,Indomie Kuah Ayam Bawang 69g,5,3400.0,17000.0,0.0,True,VOID_ITEM
TRX-20260912-001202-007,TRX-20260912-001202,7,SKU-1003,Gula Pasir Gulaku 1kg,1,17500.0,17500.0,0.0,False,NONE
TRX-20260912-001202-008,TRX-20260912-001202,8,SKU-5001,Deterjen Rinso Anti Noda 770g,2,23000.0,46000.0,0.0,False,NONE
TRX-20260912-001202-009,TRX-20260912-001202,9,SKU-5002,Pewangi Pakaian Molto All in 1 720ml,2,24000.0,48000.0,0.0,False,NONE
TRX-20260912-001202-010,TRX-20260912-001202,10,SKU-5004,Pembersih Lantai Super Pell 770ml,1,14500.0,14500.0,0.0,False,NONE
TRX-20260912-001202-011,TRX-20260912-001202,11,SKU-4006,Paseo Facial Tissue 250 Sheets,5,16500.0,82500.0,0.0,False,NONE
TRX-20260912-001202-012,TRX-20260912-001202,12,SKU-1005,Garam Dapur Cap Kapal 250g,1,5000.0,5000.0,0.0,False,NONE
TRX-20260912-001203-001,TRX-20260912-001203,1,SKU-2004,Yakult Pack isi 5,1,11500.0,11500.0,0.0,False,NONE
TRX-20260912-001204-001,TRX-20260912-001204,1,SKU-2005,Keju Kraft Cheddar 165g,1,24000.0,24000.0,0.0,False,NONE
TRX-20260912-001204-002,TRX-20260912-001204,2,SKU-2004,Yakult Pack isi 5,1,11500.0,11500.0,0.0,False,NONE
TRX-20260912-001204-003,TRX-20260912-001204,3,SKU-3001,Air Mineral Aqua 600ml,1,4000.0,4000.0,0.0,False,NONE
TRX-20260912-001204-004,TRX-20260912-001204,4,SKU-3009,Oreo Original Roll 133g,1,11000.0,11000.0,0.0,False,NONE
TRX-20260912-001204-005,TRX-20260912-001204,5,SKU-2002,Susu Ultra Milk Full Cream 1L,2,21500.0,43000.0,0.0,True,VOID_ITEM
TRX-20260912-001204-006,TRX-20260912-001204,6,SKU-3010,SilverQueen Cokelat Mede 58g,1,17000.0,17000.0,0.0,False,NONE
TRX-20260912-001205-001,TRX-20260912-001205,1,SKU-5006,Baterai ABC Alkaline AA 4s,2,21000.0,42000.0,0.0,False,NONE
TRX-20260912-001205-002,TRX-20260912-001205,2,SKU-5003,Sabun Cuci Piring Sunlight 650ml,2,15500.0,31000.0,0.0,False,NONE
TRX-20260912-001205-003,TRX-20260912-001205,3,SKU-4004,Sikat Gigi Formula Double Action 3s,1,15500.0,15500.0,0.0,False,NONE
TRX-20260912-001205-004,TRX-20260912-001205,4,SKU-1004,Tepung Terigu Segitiga Biru 1kg,1,13500.0,13500.0,0.0,False,NONE
TRX-20260912-001205-005,TRX-20260912-001205,5,SKU-4005,Rexona Deodorant Roll On 45ml,2,20500.0,41000.0,0.0,False,NONE
TRX-20260912-001205-006,TRX-20260912-001205,6,SKU-5005,Baygon Obat Nyamuk Semprot 600ml,1,42000.0,42000.0,0.0,False,NONE
TRX-20260912-001205-007,TRX-20260912-001205,7,SKU-1005,Garam Dapur Cap Kapal 250g,2,5000.0,10000.0,0.0,False,NONE
TRX-20260912-001205-008,TRX-20260912-001205,8,SKU-4007,Minyak Telon My Baby 90ml,2,28000.0,56000.0,0.0,False,NONE
TRX-20260912-001205-009,TRX-20260912-001205,9,SKU-1012,Kornet Sapi Pronas 198g,1,26000.0,26000.0,0.0,False,NONE
TRX-20260912-001205-010,TRX-20260912-001205,10,SKU-1001,Beras Pandan Wangi 5kg,2,78500.0,157000.0,0.0,False,NONE
TRX-20260912-001206-001,TRX-20260912-001206,1,SKU-2005,Keju Kraft Cheddar 165g,1,24000.0,24000.0,0.0,False,NONE
TRX-20260912-001206-002,TRX-20260912-001206,2,SKU-2003,Susu Ultra Milk Cokelat 1L,1,21500.0,21500.0,0.0,False,NONE
TRX-20260912-001207-001,TRX-20260912-001207,1,SKU-2005,Keju Kraft Cheddar 165g,1,24000.0,24000.0,0.0,False,NONE
TRX-20260912-001207-002,TRX-20260912-001207,2,SKU-1002,Minyak Goreng Bimoli 2L,1,37500.0,37500.0,0.0,False,NONE
TRX-20260912-001207-003,TRX-20260912-001207,3,SKU-3006,Coca Cola 390ml,1,7500.0,7500.0,0.0,True,VOID_ITEM
TRX-20260912-001207-004,TRX-20260912-001207,4,SKU-5006,Baterai ABC Alkaline AA 4s,1,21000.0,21000.0,0.0,False,NONE
TRX-20260912-001207-005,TRX-20260912-001207,5,SKU-4002,Shampoo Sunsilk Black Shine 160ml,1,26000.0,26000.0,0.0,False,NONE
TRX-20260912-001207-006,TRX-20260912-001207,6,SKU-3001,Air Mineral Aqua 600ml,1,4000.0,4000.0,0.0,False,NONE
TRX-20260912-001208-001,TRX-20260912-001208,1,SKU-1008,Indomie Goreng Spesial 85g,1,3500.0,3500.0,0.0,False,NONE
TRX-20260912-001208-002,TRX-20260912-001208,2,SKU-5003,Sabun Cuci Piring Sunlight 650ml,2,15500.0,31000.0,0.0,False,NONE
TRX-20260912-001208-003,TRX-20260912-001208,3,SKU-1004,Tepung Terigu Segitiga Biru 1kg,2,13500.0,27000.0,0.0,False,NONE
TRX-20260912-001208-004,TRX-20260912-001208,4,SKU-2006,Mentega Blue Band 200g,1,12500.0,12500.0,0.0,False,NONE
TRX-20260912-001208-005,TRX-20260912-001208,5,SKU-1011,Sarden ABC Saus Tomat 155g,1,12000.0,12000.0,0.0,True,VOID_ITEM
TRX-20260912-001208-006,TRX-20260912-001208,6,SKU-3009,Oreo Original Roll 133g,1,11000.0,11000.0,0.0,False,NONE
TRX-20260912-001209-001,TRX-20260912-001209,1,SKU-3009,Oreo Original Roll 133g,1,11000.0,11000.0,0.0,False,NONE
TRX-20260912-001209-002,TRX-20260912-001209,2,SKU-3004,Kopi Kapal Api Spesial Mix 10s,1,15500.0,15500.0,0.0,False,NONE
TRX-20260912-001209-003,TRX-20260912-001209,3,SKU-3008,Taro Net Seaweed 65g,1,9800.0,9800.0,0.0,False,NONE
TRX-20260912-001210-001,TRX-20260912-001210,1,SKU-3009,Oreo Original Roll 133g,1,11000.0,11000.0,0.0,False,NONE
TRX-20260912-001211-001,TRX-20260912-001211,1,SKU-2004,Yakult Pack isi 5,1,11500.0,11500.0,0.0,True,VOID_ITEM
TRX-20260912-001211-002,TRX-20260912-001211,2,SKU-3008,Taro Net Seaweed 65g,1,9800.0,9800.0,0.0,False,NONE
TRX-20260912-001211-003,TRX-20260912-001211,3,SKU-3010,SilverQueen Cokelat Mede 58g,1,17000.0,17000.0,0.0,False,NONE
TRX-20260912-001212-001,TRX-20260912-001212,1,SKU-3003,Teh Pucuk Harum 350ml,1,4500.0,4500.0,0.0,False,NONE
TRX-20260912-001213-001,TRX-20260912-001213,1,SKU-2006,Mentega Blue Band 200g,1,12500.0,12500.0,0.0,False,NONE
TRX-20260912-001213-002,TRX-20260912-001213,2,SKU-3001,Air Mineral Aqua 600ml,1,4000.0,4000.0,0.0,False,NONE
TRX-20260912-001213-003,TRX-20260912-001213,3,SKU-3006,Coca Cola 390ml,1,7500.0,7500.0,0.0,False,NONE
TRX-20260912-001214-001,TRX-20260912-001214,1,SKU-3002,Air Mineral Le Minerale 600ml,1,3800.0,3800.0,0.0,False,NONE
TRX-20260912-001214-002,TRX-20260912-001214,2,SKU-4007,Minyak Telon My Baby 90ml,1,28000.0,28000.0,0.0,False,NONE
TRX-20260912-001214-003,TRX-20260912-001214,3,SKU-3010,SilverQueen Cokelat Mede 58g,1,17000.0,17000.0,0.0,False,NONE
TRX-20260912-001215-001,TRX-20260912-001215,1,SKU-2005,Keju Kraft Cheddar 165g,1,24000.0,24000.0,0.0,False,NONE
TRX-20260912-001215-002,TRX-20260912-001215,2,SKU-1012,Kornet Sapi Pronas 198g,1,26000.0,26000.0,0.0,False,NONE
TRX-20260912-001215-003,TRX-20260912-001215,3,SKU-3003,Teh Pucuk Harum 350ml,1,4500.0,4500.0,0.0,False,NONE
TRX-20260912-001215-004,TRX-20260912-001215,4,SKU-1004,Tepung Terigu Segitiga Biru 1kg,1,13500.0,13500.0,0.0,False,NONE
TRX-20260912-001215-005,TRX-20260912-001215,5,SKU-5005,Baygon Obat Nyamuk Semprot 600ml,1,42000.0,42000.0,0.0,False,NONE
TRX-20260912-001215-006,TRX-20260912-001215,6,SKU-3007,Chitato Sapi Panggang 68g,1,12500.0,12500.0,0.0,False,NONE
TRX-20260912-001215-007,TRX-20260912-001215,7,SKU-3000,UNKNOWN PRODUCT,1,11000.0,11000.0,0.0,False,TYPO_SKU
TRX-20260912-001215-008,TRX-20260912-001215,8,SKU-3006,Coca Cola 390ml,1,7500.0,7500.0,0.0,False,NONE
TRX-20260912-001216-001,TRX-20260912-001216,1,SKU-3008,Taro Net Seaweed 65g,1,9800.0,9800.0,0.0,False,NONE
TRX-20260912-001216-002,TRX-20260912-001216,2,SKU-2003,Susu Ultra Milk Cokelat 1L,1,21500.0,21500.0,0.0,False,NONE
TRX-20260912-001216-003,TRX-20260912-001216,3,SKU-3007,Chitato Sapi Panggang 68g,1,12500.0,12500.0,0.0,False,NONE
TRX-20260912-001217-001,TRX-20260912-001217,1,SKU-3008,Taro Net Seaweed 65g,2,9800.0,19600.0,0.0,False,NONE
TRX-20260912-001217-002,TRX-20260912-001217,2,SKU-5004,Pembersih Lantai Super Pell 770ml,2,14500.0,29000.0,0.0,False,NONE
TRX-20260912-001217-003,TRX-20260912-001217,3,SKU-3004,Kopi Kapal Api Spesial Mix 10s,2,15500.0,31000.0,0.0,False,NONE
TRX-20260912-001217-004,TRX-20260912-001217,4,SKU-3009,Oreo Original Roll 133g,2,11000.0,22000.0,0.0,False,NONE
TRX-20260912-001217-005,TRX-20260912-001217,5,SKU-3007,Chitato Sapi Panggang 68g,2,12500.0,25000.0,0.0,False,NONE
TRX-20260912-001217-006,TRX-20260912-001217,6,SKU-3002,Air Mineral Le Minerale 600ml,2,3800.0,7600.0,0.0,False,NONE
