transaction_id,store_id,cashier_id,customer_id,timestamp,payment_method,total_amount,item_count,has_error
TRX-20260901-000001,STR-001,CSH-001,CUST-00001,2026-09-01 08:19:55,QRIS,673700.0,14,True
TRX-20260901-000002,STR-001,CSH-003,CUST-00002,2026-09-01 08:23:49,QRIS,87800.0,5,True
TRX-20260901-000003,STR-001,CSH-005,CUST-00003,2026-09-01 08:17:37,QRIS,78100.0,5,False
TRX-20260901-000004,STR-001,CSH-003,CUST-00004,2026-09-01 08:34:13,QRIS,100300.0,8,False
TRX-20260901-000005,STR-001,CSH-003,CUST-00005,2026-09-01 08:57:50,QRIS,74400.0,5,False
TRX-20260901-000006,STR-001,CSH-001,CUST-00006,2026-09-01 08:59:27,CASH,461400.0,16,True
TRX-20260901-000007,STR-001,CSH-001,CUST-00007,2026-09-01 09:44:32,DEBIT,82100.0,6,True
TRX-20260901-000008,STR-001,CSH-003,CUST-00008,2026-09-01 09:02:12,DEBIT,45000.0,4,False
TRX-20260901-000009,STR-001,CSH-003,CUST-00009,2026-09-01 09:17:02,CASH,52500.0,5,False
TRX-20260901-000010,STR-001,CSH-003,CUST-00010,2026-09-01 09:59:36,QRIS,880300.0,19,True
TRX-20260901-000011,STR-001,CSH-001,CUST-00011,2026-09-01 10:43:52,DEBIT,75500.0,5,True
TRX-20260901-000012,STR-001,CSH-005,CUST-00012,2026-09-01 10:19:19,CASH,675900.0,19,False
TRX-20260901-000013,STR-001,CSH-005,CUST-00013,2026-09-01 10:33:26,CASH,88400.0,6,True
TRX-20260901-000014,STR-001,CSH-003,CUST-00014,2026-09-01 10:17:24,DEBIT,55500.0,3,True
TRX-20260901-000015,STR-001,CSH-003,CUST-GUEST,2026-09-01 10:43:57,QRIS,371300.0,12,True
TRX-20260901-000016,STR-001,CSH-005,CUST-00016,2026-09-01 10:18:04,CREDIT,441400.0,11,True
TRX-20260901-000017,STR-001,CSH-001,CUST-GUEST,2026-09-01 10:00:19,CASH,588000.0,7,True
TRX-20260901-000018,STR-001,CSH-005,CUST-00018,2026-09-01 10:52:22,DEBIT,39500.0,3,False
TRX-20260901-000019,STR-001,CSH-003,CUST-00019,2026-09-01 10:16:40,QRIS,1085500.0,21,False
TRX-20260901-000020,STR-001,CSH-001,CUST-00020,2026-09-01 10:12:49,CASH,21500.0,1,False
TRX-20260901-000021,STR-001,CSH-005,CUST-GUEST,2026-09-01 11:20:44,DEBIT,119000.0,6,True
TRX-20260901-000022,STR-001,CSH-005,CUST-00022,2026-09-01 11:58:28,QRIS,112600.0,8,False
TRX-20260901-000023,STR-001,CSH-003,CUST-00023,2026-09-01 11:31:27,DEBIT,22300.0,2,False
TRX-20260901-000024,STR-001,CSH-005,CUST-00024,2026-09-01 11:07:49,CASH,7500.0,1,False
TRX-20260901-000025,STR-001,CSH-001,CUST-00025,2026-09-01 11:36:21,DEBIT,51500.0,4,False
TRX-20260901-000026,STR-001,CSH-001,CUST-GUEST,2026-09-01 11:50:50,QRIS,477800.0,15,True
TRX-20260901-000027,STR-001,CSH-005,CUST-00027,2026-09-01 11:26:36,QRIS,75500.0,5,True
TRX-20260901-000028,STR-001,CSH-003,CUST-00028,2026-09-01 11:07:58,CASH,38800.0,3,False
TRX-20260901-000029,STR-001,CSH-001,CUST-GUEST,2026-09-01 11:10:17,CREDIT,94600.0,6,True
TRX-20260901-000030,STR-001,CSH-005,CUST-00030,2026-09-01 12:13:01,DEBIT,676200.0,20,True
TRX-20260901-000031,STR-001,CSH-003,CUST-00031,2026-09-01 12:50:29,QRIS,27500.0,2,False
TRX-20260901-000032,STR-001,CSH-001,CUST-00032,2026-09-01 12:46:21,CASH,76300.0,5,True
TRX-20260901-000033,STR-001,CSH-001,CUST-00033,2026-09-01 12:08:07,DEBIT,52000.0,3,False
TRX-20260901-000034,STR-001,CSH-005,CUST-00034,2026-09-01 12:05:36,DEBIT,50500.0,3,True
TRX-20260901-000035,STR-001,CSH-005,CUST-00035,2026-09-01 12:48:15,CREDIT,481900.0,14,True
TRX-20260901-000036,STR-001,CSH-003,CUST-GUEST,2026-09-01 12:48:58,QRIS,62000.0,3,True
TRX-20260901-000037,STR-001,CSH-001,CUST-00037,2026-09-01 12:29:26,CASH,77500.0,7,True
TRX-20260901-000038,STR-001,CSH-001,CUST-00038,2026-09-01 12:40:46,CASH,24000.0,2,True
TRX-20260901-000039,STR-001,CSH-005,CUST-00039,2026-09-01 12:42:54,CASH,690900.0,18,True
TRX-20260901-000040,STR-001,CSH-003,CUST-00040,2026-09-01 13:08:52,CASH,73800.0,6,True
TRX-20260901-000041,STR-001,CSH-001,CUST-GUEST,2026-09-01 13:38:10,CASH,26800.0,2,True
TRX-20260901-000042,STR-001,CSH-005,CUST-00042,2026-09-01 13:38:21,CASH,58300.0,4,True
TRX-20260901-000043,STR-001,CSH-005,CUST-00043,2026-09-01 13:04:54,DEBIT,435400.0,11,True
TRX-20260901-000044,STR-001,CSH-003,CUST-00044,2026-09-01 13:09:38,QRIS,43000.0,3,False
TRX-20260901-000045,STR-001,CSH-001,CUST-00045,2026-09-01 13:25:36,CASH,21300.0,2,False
TRX-20260901-000046,STR-001,CSH-001,CUST-00046,2026-09-01 13:30:31,QRIS,20000.0,2,False
TRX-20260901-000047,STR-001,CSH-003,CUST-00047,2026-09-01 13:24:07,DEBIT,868500.0,21,True
TRX-20260901-000048,STR-001,CSH-005,CUST-GUEST,2026-09-01 13:12:14,CASH,46000.0,3,True
TRX-20260901-000049,STR-001,CSH-005,CUST-00049,2026-09-01 14:28:31,DEBIT,11800.0,2,True
TRX-20260901-000050,STR-001,CSH-001,CUST-00050,2026-09-01 14:20:39,CASH,21500.0,1,False
TRX-20260901-000051,STR-001,CSH-005,CUST-00051,2026-09-01 14:18:28,DEBIT,716500.0,14,True
TRX-20260901-000052,STR-001,CSH-003,CUST-00052,2026-09-01 14:50:38,QRIS,37000.0,3,False
TRX-20260901-000053,STR-001,CSH-005,CUST-GUEST,2026-09-01 14:17:17,QRIS,124500.0,8,True
TRX-20260901-000054,STR-001,CSH-003,CUST-00054,2026-09-01 14:22:53,DEBIT,7500.0,1,True
TRX-20260901-000055,STR-001,CSH-003,CUST-00055,2026-09-01 14:52:26,CASH,99600.0,7,True
TRX-20260901-000056,STR-001,CSH-001,CUST-00056,2026-09-01 14:08:09,QRIS,50300.0,6,True
TRX-20260901-000057,STR-001,CSH-001,CUST-00057,2026-09-01 14:51:24,QRIS,497100.0,10,True
TRX-20260901-000058,STR-001,CSH-002,CUST-00058,2026-09-01 15:02:42,CASH,43500.0,3,False
TRX-20260901-000059,STR-001,CSH-006,CUST-00059,2026-09-01 15:12:20,DEBIT,87100.0,6,False
TRX-20260901-000060,STR-001,CSH-002,CUST-00060,2026-09-01 15:01:16,QRIS,36500.0,2,True
TRX-20260901-000061,STR-001,CSH-004,CUST-00061,2026-09-01 15:11:24,CASH,583800.0,11,False
TRX-20260901-000062,STR-001,CSH-002,CUST-00062,2026-09-01 16:34:30,DEBIT,96900.0,7,False
TRX-20260901-000063,STR-001,CSH-006,CUST-GUEST,2026-09-01 16:29:38,CASH,33000.0,3,True
TRX-20260901-000064,STR-001,CSH-002,CUST-00064,2026-09-01 16:32:08,DEBIT,100600.0,7,False
TRX-20260901-000065,STR-001,CSH-006,CUST-00065,2026-09-01 16:04:52,DEBIT,92800.0,6,False
TRX-20260901-000066,STR-001,CSH-004,CUST-00066,2026-09-01 16:37:22,CASH,566900.0,9,False
TRX-20260901-000067,STR-001,CSH-002,CUST-00067,2026-09-01 16:03:46,CASH,64000.0,4,False
TRX-20260901-000068,STR-001,CSH-006,CUST-00068,2026-09-01 16:02:01,QRIS,28800.0,3,False
TRX-20260901-000069,STR-001,CSH-006,CUST-00069,2026-09-01 16:57:50,QRIS,249200.0,12,False
TRX-20260901-000070,STR-001,CSH-004,CUST-00070,2026-09-01 16:00:46,QRIS,27500.0,2,False
TRX-20260901-000071,STR-001,CSH-004,CUST-00071,2026-09-01 16:44:41,QRIS,47500.0,3,False
TRX-20260901-000072,STR-001,CSH-002,CUST-00072,2026-09-01 16:37:17,CREDIT,19500.0,1,False
TRX-20260901-000073,STR-001,CSH-002,CUST-00073,2026-09-01 16:25:58,CREDIT,573400.0,9,True
TRX-20260901-000074,STR-001,CSH-006,CUST-00074,2026-09-01 16:59:19,QRIS,67000.0,3,True
TRX-20260901-000075,STR-001,CSH-004,CUST-00075,2026-09-01 16:12:03,QRIS,7500.0,1,False
TRX-20260901-000076,STR-001,CSH-004,CUST-00076,2026-09-01 17:24:43,QRIS,662000.0,22,False
TRX-20260901-000077,STR-001,CSH-002,CUST-00077,2026-09-01 17:58:06,CREDIT,11000.0,1,False
TRX-20260901-000078,STR-001,CSH-006,CUST-00078,2026-09-01 17:03:56,QRIS,553700.0,14,False
TRX-20260901-000079,STR-001,CSH-004,CUST-00079,2026-09-01 17:11:07,CREDIT,12500.0,1,True
TRX-20260901-000080,STR-001,CSH-002,CUST-00080,2026-09-01 17:11:23,DEBIT,243900.0,10,True
TRX-20260901-000081,STR-001,CSH-002,CUST-00081,2026-09-01 17:47:23,CASH,53300.0,3,False
TRX-20260901-000082,STR-001,CSH-006,CUST-00082,2026-09-01 17:24:43,CASH,864900.0,22,False
TRX-20260901-000083,STR-001,CSH-006,CUST-00083,2026-09-01 17:08:31,QRIS,1236700.0,17,True
TRX-20260901-000084,STR-001,CSH-002,CUST-00084,2026-09-01 17:44:55,CASH,15500.0,1,False
TRX-20260901-000085,STR-001,CSH-006,CUST-00085,2026-09-01 17:46:44,QRIS,4500.0,1,True
TRX-20260901-000086,STR-001,CSH-002,CUST-00086,2026-09-01 17:06:31,DEBIT,624700.0,13,True
TRX-20260901-000087,STR-001,CSH-004,CUST-00087,2026-09-01 17:13:26,CREDIT,66000.0,4,True
TRX-20260901-000088,STR-001,CSH-002,CUST-00088,2026-09-01 17:21:39,QRIS,44300.0,3,False
TRX-20260901-000089,STR-001,CSH-002,CUST-00089,2026-09-01 17:18:45,QRIS,666800.0,13,False
TRX-20260901-000090,STR-001,CSH-002,CUST-00090,2026-09-01 17:36:35,CASH,67400.0,5,True
TRX-20260901-000091,STR-001,CSH-004,CUST-00091,2026-09-01 18:25:36,QRIS,477400.0,15,False
TRX-20260901-000092,STR-001,CSH-002,CUST-00092,2026-09-01 18:41:07,CASH,19500.0,1,False
TRX-20260901-000093,STR-001,CSH-004,CUST-00093,2026-09-01 18:26:27,CASH,79900.0,5,True
TRX-20260901-000094,STR-001,CSH-004,CUST-00094,2026-09-01 18:31:20,QRIS,26000.0,2,False
TRX-20260901-000095,STR-001,CSH-002,CUST-00095,2026-09-01 18:03:18,QRIS,124300.0,6,True
TRX-20260901-000096,STR-001,CSH-002,CUST-00096,2026-09-01 18:05:23,QRIS,429500.0,12,True
TRX-20260901-000097,STR-001,CSH-006,CUST-00097,2026-09-01 18:29:27,QRIS,34800.0,2,False
TRX-20260901-000098,STR-001,CSH-002,CUST-00098,2026-09-01 18:08:15,QRIS,30900.0,4,True
TRX-20260901-000099,STR-001,CSH-002,CUST-00099,2026-09-01 18:45:54,CASH,631300.0,22,True
TRX-20260901-000100,STR-001,CSH-004,CUST-00100,2026-09-01 18:17:45,CASH,119500.0,6,False
TRX-20260901-000101,STR-001,CSH-002,CUST-00101,2026-09-01 18:18:01,DEBIT,33600.0,4,False
TRX-20260901-000102,STR-001,CSH-002,CUST-00102,2026-09-01 19:18:53,CASH,28000.0,2,False
TRX-20260901-000103,STR-001,CSH-002,CUST-00103,2026-09-01 19:56:59,QRIS,3800.0,1,False
TRX-20260901-000104,STR-001,CSH-004,CUST-00104,2026-09-01 19:50:24,CASH,24000.0,2,False
TRX-20260901-000105,STR-001,CSH-006,CUST-00105,2026-09-01 19:32:55,CASH,17000.0,1,True
TRX-20260901-000106,STR-001,CSH-006,CUST-00106,2026-09-01 19:15:51,QRIS,848700.0,19,True
TRX-20260901-000107,STR-001,CSH-002,CUST-00107,2026-09-01 20:30:34,QRIS,13600.0,2,False
TRX-20260901-000108,STR-001,CSH-006,CUST-GUEST,2026-09-01 20:16:39,CASH,89800.0,6,True
TRX-20260901-000109,STR-001,CSH-002,CUST-GUEST,2026-09-01 20:56:58,CASH,100900.0,8,True
TRX-20260901-000110,STR-001,CSH-002,CUST-00110,2026-09-01 20:25:20,CASH,22300.0,2,False
TRX-20260901-000111,STR-001,CSH-006,CUST-00111,2026-09-01 20:31:06,QRIS,57500.0,3,False
TRX-20260901-000112,STR-001,CSH-002,CUST-00112,2026-09-01 20:01:54,DEBIT,669600.0,16,False
TRX-20260902-000113,STR-001,CSH-005,CUST-00113,2026-09-02 08:24:46,QRIS,332500.0,10,True
TRX-20260902-000114,STR-001,CSH-005,CUST-00114,2026-09-02 08:31:24,CASH,91500.0,7,False
TRX-20260902-000115,STR-001,CSH-005,CUST-00115,2026-09-02 08:08:51,CREDIT,89800.0,8,False
TRX-20260902-000116,STR-001,CSH-001,CUST-00116,2026-09-02 08:33:30,DEBIT,72000.0,3,True
TRX-20260902-000117,STR-001,CSH-001,CUST-00117,2026-09-02 09:09:12,DEBIT,65800.0,5,False
TRX-20260902-000118,STR-001,CSH-005,CUST-GUEST,2026-09-02 09:01:35,CASH,19500.0,1,True
TRX-20260902-000119,STR-001,CSH-001,CUST-00119,2026-09-02 09:28:37,CASH,413300.0,14,True
TRX-20260902-000120,STR-001,CSH-001,CUST-00120,2026-09-02 10:15:34,DEBIT,83500.0,5,True
TRX-20260902-000121,STR-001,CSH-005,CUST-00121,2026-09-02 10:16:32,QRIS,23000.0,2,False
TRX-20260902-000122,STR-001,CSH-003,CUST-00122,2026-09-02 10:59:12,CREDIT,111300.0,6,False
TRX-20260902-000123,STR-001,CSH-001,CUST-00123,2026-09-02 11:01:05,DEBIT,375300.0,12,True
TRX-20260902-000124,STR-001,CSH-005,CUST-00124,2026-09-02 11:35:27,CASH,716000.0,20,True
TRX-20260902-000125,STR-001,CSH-003,CUST-00125,2026-09-02 11:21:59,CASH,100100.0,8,False
TRX-20260902-000126,STR-001,CSH-003,CUST-00126,2026-09-02 11:44:17,QRIS,11000.0,1,False
TRX-20260902-000127,STR-001,CSH-001,CUST-00127,2026-09-02 11:45:08,DEBIT,95000.0,5,True
TRX-20260902-000128,STR-001,CSH-003,CUST-00128,2026-09-02 11:12:44,QRIS,42000.0,2,True
TRX-20260902-000129,STR-001,CSH-005,CUST-00129,2026-09-02 11:40:58,DEBIT,36500.0,3,True
TRX-20260902-000130,STR-001,CSH-003,CUST-GUEST,2026-09-02 11:40:34,QRIS,32500.0,2,True
TRX-20260902-000131,STR-001,CSH-005,CUST-GUEST,2026-09-02 12:16:45,DEBIT,546500.0,10,True
TRX-20260902-000132,STR-001,CSH-001,CUST-00132,2026-09-02 12:30:07,QRIS,127500.0,7,True
TRX-20260902-000133,STR-001,CSH-003,CUST-00133,2026-09-02 12:18:31,QRIS,512000.0,10,True
TRX-20260902-000134,STR-001,CSH-003,CUST-00134,2026-09-02 12:49:00,QRIS,105300.0,6,False
TRX-20260902-000135,STR-001,CSH-003,CUST-00135,2026-09-02 12:16:28,DEBIT,48500.0,3,True
TRX-20260902-000136,STR-001,CSH-001,CUST-00136,2026-09-02 12:57:55,QRIS,460500.0,15,True
TRX-20260902-000137,STR-001,CSH-001,CUST-00137,2026-09-02 12:27:36,QRIS,15500.0,2,False
TRX-20260902-000138,STR-001,CSH-003,CUST-00138,2026-09-02 12:50:28,DEBIT,51500.0,3,False
TRX-20260902-000139,STR-001,CSH-005,CUST-00139,2026-09-02 12:12:40,DEBIT,799200.0,21,True
TRX-20260902-000140,STR-001,CSH-001,CUST-00140,2026-09-02 12:14:38,CASH,35800.0,3,False
TRX-20260902-000141,STR-001,CSH-005,CUST-00141,2026-09-02 12:50:38,QRIS,8000.0,1,False
TRX-20260902-000142,STR-001,CSH-001,CUST-00142,2026-09-02 12:34:49,DEBIT,716600.0,19,True
TRX-20260902-000143,STR-001,CSH-003,CUST-00143,2026-09-02 12:14:00,QRIS,557800.0,15,False
TRX-20260902-000144,STR-001,CSH-005,CUST-00144,2026-09-02 12:25:02,QRIS,32000.0,3,False
TRX-20260902-000145,STR-001,CSH-001,CUST-00145,2026-09-02 12:28:50,DEBIT,17000.0,2,False
TRX-20260902-000146,STR-001,CSH-001,CUST-00146,2026-09-02 12:56:14,QRIS,8000.0,1,False
TRX-20260902-000147,STR-001,CSH-005,CUST-00147,2026-09-02 12:35:24,QRIS,46500.0,2,False
TRX-20260902-000148,STR-001,CSH-001,CUST-00148,2026-09-02 12:20:33,DEBIT,787900.0,14,True
TRX-20260902-000149,STR-001,CSH-001,CUST-00149,2026-09-02 12:29:31,QRIS,362200.0,12,False
TRX-20260902-000150,STR-001,CSH-005,CUST-00150,2026-09-02 12:42:38,CASH,601700.0,13,False
TRX-20260902-000151,STR-001,CSH-005,CUST-00151,2026-09-02 13:32:15,CASH,1206500.0,19,True
TRX-20260902-000152,STR-001,CSH-005,CUST-00152,2026-09-02 13:17:06,CASH,23500.0,2,False
TRX-20260902-000153,STR-001,CSH-005,CUST-00153,2026-09-02 13:48:33,DEBIT,101000.0,6,False
TRX-20260902-000154,STR-001,CSH-003,CUST-00154,2026-09-02 13:33:03,QRIS,547000.0,15,True
TRX-20260902-000155,STR-001,CSH-003,CUST-00155,2026-09-02 13:02:02,QRIS,579000.0,12,False
TRX-20260902-000156,STR-001,CSH-003,CUST-00156,2026-09-02 13:17:00,CASH,65500.0,3,False
TRX-20260902-000157,STR-001,CSH-001,CUST-00157,2026-09-02 13:12:18,QRIS,709400.0,18,True
TRX-20260902-000158,STR-001,CSH-005,CUST-00158,2026-09-02 13:21:29,CREDIT,45500.0,3,True
TRX-20260902-000159,STR-001,CSH-001,CUST-00159,2026-09-02 13:06:59,QRIS,65000.0,3,False
TRX-20260902-000160,STR-001,CSH-005,CUST-00160,2026-09-02 13:02:52,DEBIT,19500.0,1,False
TRX-20260902-000161,STR-001,CSH-003,CUST-00161,2026-09-02 13:25:54,DEBIT,118800.0,8,True
TRX-20260902-000162,STR-001,CSH-001,CUST-00162,2026-09-02 14:59:05,QRIS,529100.0,17,True
TRX-20260902-000163,STR-001,CSH-005,CUST-GUEST,2026-09-02 14:02:31,CASH,280400.0,11,True
TRX-20260902-000164,STR-001,CSH-003,CUST-00164,2026-09-02 14:45:05,CASH,850300.0,15,True
TRX-20260902-000165,STR-001,CSH-005,CUST-00165,2026-09-02 14:43:49,CASH,41000.0,2,False
TRX-20260902-000166,STR-001,CSH-005,CUST-00166,2026-09-02 14:07:39,CASH,19500.0,1,False
TRX-20260902-000167,STR-001,CSH-003,CUST-GUEST,2026-09-02 14:53:15,DEBIT,19500.0,2,True
TRX-20260902-000168,STR-001,CSH-003,CUST-00168,2026-09-02 14:27:49,QRIS,24000.0,2,False
TRX-20260902-000169,STR-001,CSH-005,CUST-00169,2026-09-02 14:09:55,QRIS,689200.0,20,True
TRX-20260902-000170,STR-001,CSH-003,CUST-00170,2026-09-02 14:05:19,QRIS,31500.0,2,False
TRX-20260902-000171,STR-001,CSH-004,CUST-00171,2026-09-02 15:07:53,DEBIT,44700.0,4,False
TRX-20260902-000172,STR-001,CSH-006,CUST-00172,2026-09-02 15:09:13,QRIS,50900.0,5,False
TRX-20260902-000173,STR-001,CSH-004,CUST-00173,2026-09-02 15:52:45,CASH,16500.0,2,True
TRX-20260902-000174,STR-001,CSH-006,CUST-00174,2026-09-02 15:14:33,CASH,60400.0,4,False
TRX-20260902-000175,STR-001,CSH-006,CUST-00175,2026-09-02 16:24:21,DEBIT,711400.0,17,False
TRX-20260902-000176,STR-001,CSH-002,CUST-00176,2026-09-02 16:21:17,DEBIT,151900.0,7,True
TRX-20260902-000177,STR-001,CSH-006,CUST-00177,2026-09-02 16:21:04,QRIS,12500.0,1,False
TRX-20260902-000178,STR-001,CSH-002,CUST-00178,2026-09-02 16:45:42,QRIS,77100.0,7,False
TRX-20260902-000179,STR-001,CSH-002,CUST-00179,2026-09-02 16:51:26,QRIS,92100.0,6,True
TRX-20260902-000180,STR-001,CSH-004,CUST-00180,2026-09-02 16:01:33,DEBIT,27800.0,2,False
TRX-20260902-000181,STR-001,CSH-004,CUST-00181,2026-09-02 16:05:30,CASH,100300.0,7,True
TRX-20260902-000182,STR-001,CSH-006,CUST-00182,2026-09-02 16:08:32,CREDIT,47500.0,3,False
TRX-20260902-000183,STR-001,CSH-004,CUST-00183,2026-09-02 16:15:37,CASH,9800.0,1,True
TRX-20260902-000184,STR-001,CSH-002,CUST-00184,2026-09-02 16:27:52,QRIS,139800.0,8,False
TRX-20260902-000185,STR-001,CSH-006,CUST-00185,2026-09-02 16:53:57,CASH,50500.0,4,False
TRX-20260902-000186,STR-001,CSH-002,CUST-00186,2026-09-02 17:45:45,CASH,86500.0,4,False
TRX-20260902-000187,STR-001,CSH-006,CUST-00187,2026-09-02 17:36:44,DEBIT,48800.0,4,True
TRX-20260902-000188,STR-001,CSH-002,CUST-00188,2026-09-02 17:48:28,CASH,64700.0,6,True
TRX-20260902-000189,STR-001,CSH-004,CUST-00189,2026-09-02 17:15:15,QRIS,40200.0,5,False
TRX-20260902-000190,STR-001,CSH-006,CUST-GUEST,2026-09-02 17:35:22,DEBIT,758700.0,20,True
TRX-20260902-000191,STR-001,CSH-006,CUST-00191,2026-09-02 17:33:09,QRIS,11000.0,1,False
TRX-20260902-000192,STR-001,CSH-004,CUST-00192,2026-09-02 17:48:28,CASH,31000.0,1,False
TRX-20260902-000193,STR-001,CSH-006,CUST-00193,2026-09-02 17:41:19,CASH,39000.0,2,True
TRX-20260902-000194,STR-001,CSH-004,CUST-00194,2026-09-02 17:09:23,DEBIT,109800.0,6,False
TRX-20260902-000195,STR-001,CSH-002,CUST-00195,2026-09-02 17:19:27,DEBIT,406800.0,14,False
TRX-20260902-000196,STR-001,CSH-006,CUST-00196,2026-09-02 17:21:29,DEBIT,697400.0,19,True
TRX-20260902-000197,STR-001,CSH-002,CUST-00197,2026-09-02 17:11:28,QRIS,886000.0,19,False
TRX-20260902-000198,STR-001,CSH-004,CUST-00198,2026-09-02 17:45:18,CASH,13800.0,2,True
TRX-20260902-000199,STR-001,CSH-004,CUST-00199,2026-09-02 18:50:16,CASH,663300.0,15,True
TRX-20260902-000200,STR-001,CSH-002,CUST-00200,2026-09-02 18:52:51,DEBIT,68000.0,3,False
TRX-20260902-000201,STR-001,CSH-002,CUST-00201,2026-09-02 18:11:40,CASH,882200.0,22,True
TRX-20260902-000202,STR-001,CSH-004,CUST-00202,2026-09-02 18:58:44,QRIS,494900.0,14,False
TRX-20260902-000203,STR-001,CSH-006,CUST-00203,2026-09-02 18:37:28,CASH,73000.0,4,True
TRX-20260902-000204,STR-001,CSH-002,CUST-00204,2026-09-02 18:36:46,QRIS,62000.0,4,False
TRX-20260902-000205,STR-001,CSH-002,CUST-00205,2026-09-02 18:52:05,CASH,9800.0,1,False
TRX-20260902-000206,STR-001,CSH-006,CUST-00206,2026-09-02 18:29:27,QRIS,950300.0,17,False
TRX-20260902-000207,STR-001,CSH-004,CUST-00207,2026-09-02 18:28:14,CREDIT,19500.0,1,False
TRX-20260902-000208,STR-001,CSH-002,CUST-00208,2026-09-02 18:37:22,QRIS,19500.0,1,False
TRX-20260902-000209,STR-001,CSH-002,CUST-GUEST,2026-09-02 18:17:53,QRIS,569400.0,12,True
TRX-20260902-000210,STR-001,CSH-002,CUST-00210,2026-09-02 18:46:08,QRIS,21000.0,2,False
TRX-20260902-000211,STR-001,CSH-002,CUST-00211,2026-09-02 18:13:35,CASH,97100.0,6,False
TRX-20260902-000212,STR-001,CSH-002,CUST-00212,2026-09-02 18:08:41,QRIS,370200.0,9,True
TRX-20260902-000213,STR-001,CSH-004,CUST-00213,2026-09-02 18:55:21,CASH,85500.0,7,True
TRX-20260902-000214,STR-001,CSH-006,CUST-00214,2026-09-02 18:04:32,CASH,40000.0,4,False
TRX-20260902-000215,STR-001,CSH-006,CUST-00215,2026-09-02 18:16:34,CASH,85500.0,7,True
TRX-20260902-000216,STR-001,CSH-002,CUST-00216,2026-09-02 19:52:13,CREDIT,40000.0,3,True
TRX-20260902-000217,STR-001,CSH-002,CUST-00217,2026-09-02 19:30:06,DEBIT,628400.0,16,False
TRX-20260902-000218,STR-001,CSH-004,CUST-00218,2026-09-02 19:19:35,DEBIT,99000.0,6,False
TRX-20260902-000219,STR-001,CSH-004,CUST-00219,2026-09-02 19:28:17,CASH,21500.0,2,False
TRX-20260902-000220,STR-001,CSH-006,CUST-00220,2026-09-02 19:18:49,CASH,112100.0,7,True
TRX-20260902-000221,STR-001,CSH-002,CUST-00221,2026-09-02 20:14:09,QRIS,41000.0,3,False
TRX-20260902-000222,STR-001,CSH-002,CUST-00222,2026-09-02 20:46:59,QRIS,104500.0,6,False
TRX-20260902-000223,STR-001,CSH-002,CUST-00223,2026-09-02 21:48:39,QRIS,927900.0,20,True
TRX-20260902-000224,STR-001,CSH-006,CUST-00224,2026-09-02 21:26:06,QRIS,73000.0,6,False
TRX-20260903-000225,STR-001,CSH-005,CUST-00225,2026-09-03 08:15:35,CREDIT,37800.0,3,False
TRX-20260903-000226,STR-001,CSH-003,CUST-00226,2026-09-03 08:14:35,QRIS,101500.0,7,True
TRX-20260903-000227,STR-001,CSH-001,CUST-00227,2026-09-03 08:12:14,QRIS,98500.0,4,True
TRX-20260903-000228,STR-001,CSH-001,CUST-00228,2026-09-03 08:24:48,DEBIT,80600.0,7,True
TRX-20260903-000229,STR-001,CSH-003,CUST-00229,2026-09-03 08:19:02,CASH,22500.0,2,False
TRX-20260903-000230,STR-001,CSH-003,CUST-00230,2026-09-03 08:53:57,CASH,361200.0,10,False
TRX-20260903-000231,STR-001,CSH-001,CUST-00231,2026-09-03 09:19:49,CASH,696800.0,17,False
TRX-20260903-000232,STR-001,CSH-001,CUST-00232,2026-09-03 09:52:56,CASH,53300.0,4,True
TRX-20260903-000233,STR-001,CSH-001,CUST-00233,2026-09-03 10:33:43,CREDIT,53400.0,5,True
TRX-20260903-000234,STR-001,CSH-001,CUST-00234,2026-09-03 10:15:44,DEBIT,64500.0,4,True
TRX-20260903-000235,STR-001,CSH-001,CUST-00235,2026-09-03 10:04:40,QRIS,88800.0,7,True
TRX-20260903-000236,STR-001,CSH-001,CUST-00236,2026-09-03 10:05:35,CASH,781500.0,17,True
TRX-20260903-000237,STR-001,CSH-003,CUST-00237,2026-09-03 10:51:18,DEBIT,19300.0,2,False
TRX-20260903-000238,STR-001,CSH-005,CUST-00238,2026-09-03 11:14:01,CASH,12500.0,2,False
TRX-20260903-000239,STR-001,CSH-005,CUST-00239,2026-09-03 11:13:07,QRIS,29500.0,2,False
TRX-20260903-000240,STR-001,CSH-005,CUST-00240,2026-09-03 11:54:14,CASH,27000.0,2,False
TRX-20260903-000241,STR-001,CSH-005,CUST-00241,2026-09-03 11:48:00,CREDIT,95300.0,7,True
TRX-20260903-000242,STR-001,CSH-001,CUST-00242,2026-09-03 11:32:36,DEBIT,50500.0,3,False
TRX-20260903-000243,STR-001,CSH-005,CUST-00243,2026-09-03 12:52:14,QRIS,811300.0,21,True
TRX-20260903-000244,STR-001,CSH-003,CUST-00244,2026-09-03 12:33:31,CREDIT,16300.0,2,True
TRX-20260903-000245,STR-001,CSH-001,CUST-00245,2026-09-03 12:51:14,QRIS,76100.0,5,False
TRX-20260903-000246,STR-001,CSH-001,CUST-GUEST,2026-09-03 12:38:54,QRIS,388100.0,11,True
TRX-20260903-000247,STR-001,CSH-001,CUST-00247,2026-09-03 12:18:27,QRIS,98300.0,7,True
TRX-20260903-000248,STR-001,CSH-001,CUST-00248,2026-09-03 12:16:44,CASH,55000.0,3,True
TRX-20260903-000249,STR-001,CSH-005,CUST-00249,2026-09-03 12:39:42,CASH,43000.0,2,False
TRX-20260903-000250,STR-001,CSH-001,CUST-00250,2026-09-03 12:51:37,CASH,61600.0,4,False
TRX-20260903-000251,STR-001,CSH-001,CUST-00251,2026-09-03 12:43:13,CASH,8000.0,1,False
TRX-20260903-000252,STR-001,CSH-005,CUST-00252,2026-09-03 12:39:55,QRIS,56000.0,3,False
TRX-20260903-000253,STR-001,CSH-003,CUST-00253,2026-09-03 12:14:17,CASH,460400.0,13,False
TRX-20260903-000254,STR-001,CSH-003,CUST-00254,2026-09-03 12:35:33,QRIS,32500.0,2,False
TRX-20260903-000255,STR-001,CSH-005,CUST-00255,2026-09-03 12:14:25,CASH,68100.0,4,False
TRX-20260903-000256,STR-001,CSH-003,CUST-00256,2026-09-03 12:03:47,QRIS,41500.0,3,False
TRX-20260903-000257,STR-001,CSH-003,CUST-00257,2026-09-03 12:48:11,QRIS,17000.0,1,True
TRX-20260903-000258,STR-001,CSH-003,CUST-00258,2026-09-03 13:12:52,DEBIT,1246300.0,23,True
TRX-20260903-000259,STR-001,CSH-003,CUST-00259,2026-09-03 13:26:49,QRIS,12500.0,1,False
TRX-20260903-000260,STR-001,CSH-001,CUST-00260,2026-09-03 13:11:39,DEBIT,80600.0,6,True
TRX-20260903-000261,STR-001,CSH-001,CUST-00261,2026-09-03 13:40:50,QRIS,17000.0,1,True
TRX-20260903-000262,STR-001,CSH-003,CUST-00262,2026-09-03 13:50:30,DEBIT,330000.0,8,True
TRX-20260903-000263,STR-001,CSH-003,CUST-GUEST,2026-09-03 13:01:02,CREDIT,753300.0,19,True
TRX-20260903-000264,STR-001,CSH-005,CUST-00264,2026-09-03 14:39:00,DEBIT,73000.0,4,True
TRX-20260903-000265,STR-001,CSH-005,CUST-00265,2026-09-03 14:29:43,DEBIT,11500.0,1,False
TRX-20260903-000266,STR-001,CSH-005,CUST-00266,2026-09-03 14:02:06,CASH,19300.0,2,True
TRX-20260903-000267,STR-001,CSH-006,CUST-00267,2026-09-03 15:13:41,QRIS,657400.0,17,True
TRX-20260903-000268,STR-001,CSH-002,CUST-00268,2026-09-03 15:11:58,QRIS,16500.0,1,False
TRX-20260903-000269,STR-001,CSH-006,CUST-00269,2026-09-03 15:59:51,DEBIT,15500.0,1,False
TRX-20260903-000270,STR-001,CSH-006,CUST-00270,2026-09-03 15:32:55,QRIS,540300.0,15,True
TRX-20260903-000271,STR-001,CSH-002,CUST-00271,2026-09-03 15:45:25,CASH,55000.0,4,False
TRX-20260903-000272,STR-001,CSH-002,CUST-00272,2026-09-03 15:35:57,QRIS,8000.0,1,False
TRX-20260903-000273,STR-001,CSH-006,CUST-00273,2026-09-03 15:15:34,CREDIT,57400.0,4,False
TRX-20260903-000274,STR-001,CSH-002,CUST-00274,2026-09-03 15:00:23,CREDIT,628500.0,11,True
TRX-20260903-000275,STR-001,CSH-006,CUST-00275,2026-09-03 16:29:23,QRIS,87800.0,6,False
TRX-20260903-000276,STR-001,CSH-006,CUST-00276,2026-09-03 16:15:21,CASH,49300.0,3,False
TRX-20260903-000277,STR-001,CSH-006,CUST-00277,2026-09-03 16:53:02,CASH,21500.0,1,False
TRX-20260903-000278,STR-001,CSH-002,CUST-00278,2026-09-03 17:00:48,CASH,88300.0,6,True
TRX-20260903-000279,STR-001,CSH-002,CUST-00279,2026-09-03 17:49:33,QRIS,893000.0,16,False
TRX-20260903-000280,STR-001,CSH-002,CUST-00280,2026-09-03 17:46:27,CREDIT,103500.0,8,False
TRX-20260903-000281,STR-001,CSH-006,CUST-00281,2026-09-03 17:26:32,CASH,32500.0,2,False
TRX-20260903-000282,STR-001,CSH-006,CUST-00282,2026-09-03 17:11:36,CASH,55000.0,2,False
TRX-20260903-000283,STR-001,CSH-002,CUST-00283,2026-09-03 17:51:48,CASH,8000.0,1,False
TRX-20260903-000284,STR-001,CSH-004,CUST-00284,2026-09-03 17:32:43,QRIS,1012500.0,20,False
TRX-20260903-000285,STR-001,CSH-002,CUST-00285,2026-09-03 17:08:46,QRIS,80500.0,4,False
TRX-20260903-000286,STR-001,CSH-002,CUST-00286,2026-09-03 17:27:23,CASH,118400.0,9,False
TRX-20260903-000287,STR-001,CSH-002,CUST-00287,2026-09-03 17:53:56,QRIS,27800.0,2,True
TRX-20260903-000288,STR-001,CSH-006,CUST-00288,2026-09-03 17:19:10,QRIS,140700.0,8,True
TRX-20260903-000289,STR-001,CSH-004,CUST-00289,2026-09-03 17:33:49,QRIS,43500.0,2,False
TRX-20260903-000290,STR-001,CSH-006,CUST-00290,2026-09-03 18:07:35,CASH,29500.0,3,False
TRX-20260903-000291,STR-001,CSH-002,CUST-00291,2026-09-03 18:20:29,QRIS,38800.0,3,True
TRX-20260903-000292,STR-001,CSH-006,CUST-00292,2026-09-03 18:09:44,QRIS,98000.0,5,True
TRX-20260903-000293,STR-001,CSH-002,CUST-00293,2026-09-03 18:49:48,DEBIT,118100.0,7,True
TRX-20260903-000294,STR-001,CSH-002,CUST-00294,2026-09-03 18:14:04,QRIS,145800.0,6,True
TRX-20260903-000295,STR-001,CSH-006,CUST-00295,2026-09-03 18:15:27,CASH,14300.0,2,False
TRX-20260903-000296,STR-001,CSH-002,CUST-00296,2026-09-03 18:37:43,CASH,143200.0,7,False
TRX-20260903-000297,STR-001,CSH-004,CUST-GUEST,2026-09-03 18:11:41,CASH,69100.0,5,True
TRX-20260903-000298,STR-001,CSH-002,CUST-00298,2026-09-03 18:55:30,QRIS,555300.0,14,True
TRX-20260903-000299,STR-001,CSH-002,CUST-GUEST,2026-09-03 18:25:33,DEBIT,506500.0,17,True
TRX-20260903-000300,STR-001,CSH-006,CUST-00300,2026-09-03 18:18:29,CREDIT,76500.0,6,False
TRX-20260903-000301,STR-001,CSH-004,CUST-00301,2026-09-03 18:32:44,QRIS,87300.0,4,False
TRX-20260903-000302,STR-001,CSH-004,CUST-00302,2026-09-03 18:21:33,QRIS,633500.0,18,True
TRX-20260903-000303,STR-001,CSH-004,CUST-00303,2026-09-03 19:55:12,CASH,38500.0,3,False
TRX-20260903-000304,STR-001,CSH-006,CUST-00304,2026-09-03 19:57:29,QRIS,158900.0,8,True
TRX-20260903-000305,STR-001,CSH-002,CUST-00305,2026-09-03 19:30:34,DEBIT,545500.0,17,False
TRX-20260903-000306,STR-001,CSH-002,CUST-00306,2026-09-03 19:30:45,QRIS,1059700.0,19,True
TRX-20260903-000307,STR-001,CSH-006,CUST-00307,2026-09-03 19:06:46,QRIS,147800.0,5,False
TRX-20260903-000308,STR-001,CSH-004,CUST-00308,2026-09-03 19:35:25,CASH,673600.0,17,True
TRX-20260903-000309,STR-001,CSH-002,CUST-00309,2026-09-03 20:54:13,CASH,21500.0,1,False
TRX-20260903-000310,STR-001,CSH-002,CUST-00310,2026-09-03 20:08:27,CASH,768500.0,21,True
TRX-20260903-000311,STR-001,CSH-004,CUST-00311,2026-09-03 20:14:23,DEBIT,64300.0,5,False
TRX-20260903-000312,STR-001,CSH-006,CUST-00312,2026-09-03 20:55:33,CASH,21500.0,1,False
TRX-20260903-000313,STR-001,CSH-002,CUST-00313,2026-09-03 20:44:37,CASH,42500.0,4,True
TRX-20260903-000314,STR-001,CSH-002,CUST-00314,2026-09-03 21:44:21,CASH,61600.0,5,False
TRX-20260904-000315,STR-001,CSH-001,CUST-GUEST,2026-09-04 08:46:05,CASH,729200.0,20,True
TRX-20260904-000316,STR-001,CSH-001,CUST-00316,2026-09-04 08:21:44,CASH,95000.0,6,False
TRX-20260904-000317,STR-001,CSH-003,CUST-00317,2026-09-04 08:36:13,CASH,15500.0,2,False
TRX-20260904-000318,STR-001,CSH-001,CUST-00318,2026-09-04 09:26:22,CASH,85800.0,7,False
TRX-20260904-000319,STR-001,CSH-005,CUST-00319,2026-09-04 09:31:25,CASH,25300.0,2,True
TRX-20260904-000320,STR-001,CSH-005,CUST-00320,2026-09-04 09:40:39,QRIS,910400.0,16,False
TRX-20260904-000321,STR-001,CSH-005,CUST-00321,2026-09-04 10:53:57,CASH,21500.0,1,False
TRX-20260904-000322,STR-001,CSH-001,CUST-00322,2026-09-04 10:59:21,QRIS,69000.0,6,True
TRX-20260904-000323,STR-001,CSH-003,CUST-00323,2026-09-04 10:10:04,CASH,115800.0,7,False
TRX-20260904-000324,STR-001,CSH-003,CUST-00324,2026-09-04 10:11:29,DEBIT,486800.0,16,True
TRX-20260904-000325,STR-001,CSH-003,CUST-00325,2026-09-04 10:08:23,QRIS,12500.0,1,False
TRX-20260904-000326,STR-001,CSH-003,CUST-00326,2026-09-04 10:21:12,QRIS,29500.0,2,True
TRX-20260904-000327,STR-001,CSH-003,CUST-00327,2026-09-04 11:37:09,QRIS,990300.0,22,True
TRX-20260904-000328,STR-001,CSH-005,CUST-00328,2026-09-04 11:54:59,QRIS,32000.0,2,True
TRX-20260904-000329,STR-001,CSH-003,CUST-00329,2026-09-04 11:42:55,QRIS,34800.0,3,False
TRX-20260904-000330,STR-001,CSH-005,CUST-00330,2026-09-04 11:18:23,DEBIT,97400.0,6,True
TRX-20260904-000331,STR-001,CSH-001,CUST-00331,2026-09-04 11:26:18,CASH,571000.0,14,True
TRX-20260904-000332,STR-001,CSH-005,CUST-00332,2026-09-04 11:11:39,DEBIT,26300.0,2,True
TRX-20260904-000333,STR-001,CSH-003,CUST-00333,2026-09-04 11:06:04,QRIS,1096000.0,20,True
TRX-20260904-000334,STR-001,CSH-005,CUST-00334,2026-09-04 11:30:49,CASH,53500.0,5,False
TRX-20260904-000335,STR-001,CSH-001,CUST-00335,2026-09-04 12:35:39,CREDIT,723200.0,21,False
TRX-20260904-000336,STR-001,CSH-003,CUST-00336,2026-09-04 12:15:05,CREDIT,174000.0,7,True
TRX-20260904-000337,STR-001,CSH-005,CUST-GUEST,2026-09-04 12:01:07,CREDIT,726700.0,15,True
TRX-20260904-000338,STR-001,CSH-005,CUST-00338,2026-09-04 12:33:31,CASH,54000.0,3,True
TRX-20260904-000339,STR-001,CSH-003,CUST-00339,2026-09-04 12:34:44,QRIS,63900.0,7,True
TRX-20260904-000340,STR-001,CSH-005,CUST-00340,2026-09-04 12:42:12,DEBIT,172000.0,5,True
TRX-20260904-000341,STR-001,CSH-005,CUST-00341,2026-09-04 12:35:19,QRIS,24000.0,2,False
TRX-20260904-000342,STR-001,CSH-001,CUST-00342,2026-09-04 12:13:44,QRIS,24000.0,1,False
TRX-20260904-000343,STR-001,CSH-005,CUST-00343,2026-09-04 12:34:38,CREDIT,68300.0,7,True
TRX-20260904-000344,STR-001,CSH-003,CUST-00344,2026-09-04 13:43:13,CREDIT,77000.0,5,True
TRX-20260904-000345,STR-001,CSH-003,CUST-00345,2026-09-04 13:05:24,CREDIT,21500.0,1,True
TRX-20260904-000346,STR-001,CSH-001,CUST-00346,2026-09-04 13:06:14,CREDIT,94000.0,5,False
TRX-20260904-000347,STR-001,CSH-003,CUST-00347,2026-09-04 13:56:07,CASH,738500.0,19,True
TRX-20260904-000348,STR-001,CSH-005,CUST-00348,2026-09-04 13:57:07,CASH,501900.0,15,False
TRX-20260904-000349,STR-001,CSH-003,CUST-00349,2026-09-04 13:06:02,QRIS,864800.0,18,False
TRX-20260904-000350,STR-001,CSH-005,CUST-00350,2026-09-04 13:25:04,CASH,39500.0,3,True
TRX-20260904-000351,STR-001,CSH-005,CUST-00351,2026-09-04 13:53:18,QRIS,75800.0,6,False
TRX-20260904-000352,STR-001,CSH-001,CUST-00352,2026-09-04 13:50:26,QRIS,103900.0,4,False
TRX-20260904-000353,STR-001,CSH-001,CUST-00353,2026-09-04 13:28:38,DEBIT,51300.0,5,False
TRX-20260904-000354,STR-001,CSH-003,CUST-00354,2026-09-04 13:12:11,CASH,52600.0,5,False
TRX-20260904-000355,STR-001,CSH-005,CUST-00355,2026-09-04 13:12:50,CREDIT,60000.0,3,False
TRX-20260904-000356,STR-001,CSH-005,CUST-00356,2026-09-04 13:17:16,QRIS,35000.0,2,False
TRX-20260904-000357,STR-001,CSH-005,CUST-00357,2026-09-04 13:38:18,QRIS,46800.0,3,True
TRX-20260904-000358,STR-001,CSH-003,CUST-00358,2026-09-04 14:45:29,QRIS,95000.0,5,True
TRX-20260904-000359,STR-001,CSH-003,CUST-00359,2026-09-04 14:01:16,CASH,102400.0,7,True
TRX-20260904-000360,STR-001,CSH-004,CUST-00360,2026-09-04 15:39:36,DEBIT,9800.0,1,False
TRX-20260904-000361,STR-001,CSH-004,CUST-00361,2026-09-04 15:57:29,DEBIT,45800.0,4,False
TRX-20260904-000362,STR-001,CSH-004,CUST-00362,2026-09-04 16:44:18,DEBIT,39500.0,3,False
TRX-20260904-000363,STR-001,CSH-004,CUST-00363,2026-09-04 16:13:31,QRIS,460500.0,9,False
TRX-20260904-000364,STR-001,CSH-002,CUST-00364,2026-09-04 16:58:30,DEBIT,49500.0,3,False
TRX-20260904-000365,STR-001,CSH-002,CUST-00365,2026-09-04 16:41:17,QRIS,96800.0,6,True
TRX-20260904-000366,STR-001,CSH-002,CUST-00366,2026-09-04 16:30:24,CASH,24300.0,3,False
TRX-20260904-000367,STR-001,CSH-002,CUST-00367,2026-09-04 17:01:03,CREDIT,147300.0,8,True
TRX-20260904-000368,STR-001,CSH-006,CUST-00368,2026-09-04 17:06:11,QRIS,36500.0,2,False
TRX-20260904-000369,STR-001,CSH-004,CUST-00369,2026-09-04 17:08:10,DEBIT,17000.0,1,False
TRX-20260904-000370,STR-001,CSH-006,CUST-00370,2026-09-04 17:02:48,DEBIT,58500.0,3,False
TRX-20260904-000371,STR-001,CSH-002,CUST-00371,2026-09-04 17:19:46,QRIS,873600.0,14,False
TRX-20260904-000372,STR-001,CSH-006,CUST-00372,2026-09-04 17:57:06,QRIS,69400.0,6,False
TRX-20260904-000373,STR-001,CSH-006,CUST-GUEST,2026-09-04 17:55:01,DEBIT,270000.0,11,True
TRX-20260904-000374,STR-001,CSH-006,CUST-00374,2026-09-04 17:58:35,DEBIT,310400.0,10,False
TRX-20260904-000375,STR-001,CSH-002,CUST-00375,2026-09-04 17:55:27,DEBIT,527300.0,19,True
TRX-20260904-000376,STR-001,CSH-002,CUST-00376,2026-09-04 17:48:32,DEBIT,19800.0,3,True
TRX-20260904-000377,STR-001,CSH-006,CUST-00377,2026-09-04 17:03:39,QRIS,72000.0,4,False
TRX-20260904-000378,STR-001,CSH-004,CUST-00378,2026-09-04 17:58:30,QRIS,95000.0,6,False
TRX-20260904-000379,STR-001,CSH-006,CUST-00379,2026-09-04 17:42:34,CREDIT,47800.0,3,False
TRX-20260904-000380,STR-001,CSH-002,CUST-00380,2026-09-04 17:50:22,QRIS,653000.0,14,True
TRX-20260904-000381,STR-001,CSH-006,CUST-00381,2026-09-04 18:23:17,CREDIT,44500.0,3,False
TRX-20260904-000382,STR-001,CSH-006,CUST-00382,2026-09-04 18:33:27,QRIS,90400.0,6,False
TRX-20260904-000383,STR-001,CSH-002,CUST-00383,2026-09-04 18:26:12,QRIS,11500.0,1,True
TRX-20260904-000384,STR-001,CSH-004,CUST-GUEST,2026-09-04 18:29:35,QRIS,36000.0,3,True
TRX-20260904-000385,STR-001,CSH-006,CUST-00385,2026-09-04 18:15:51,DEBIT,508400.0,13,True
TRX-20260904-000386,STR-001,CSH-002,CUST-00386,2026-09-04 18:51:54,DEBIT,65500.0,4,True
TRX-20260904-000387,STR-001,CSH-002,CUST-00387,2026-09-04 18:05:08,CASH,58500.0,3,False
TRX-20260904-000388,STR-001,CSH-006,CUST-00388,2026-09-04 18:48:54,QRIS,548000.0,16,False
TRX-20260904-000389,STR-001,CSH-006,CUST-00389,2026-09-04 18:35:05,CASH,835700.0,19,True
TRX-20260904-000390,STR-001,CSH-006,CUST-00390,2026-09-04 18:00:44,DEBIT,21500.0,1,False
TRX-20260904-000391,STR-001,CSH-002,CUST-00391,2026-09-04 18:07:08,QRIS,577100.0,16,True
TRX-20260904-000392,STR-001,CSH-004,CUST-00392,2026-09-04 19:51:47,CASH,56500.0,3,False
TRX-20260904-000393,STR-001,CSH-004,CUST-00393,2026-09-04 19:56:07,QRIS,675500.0,15,False
TRX-20260904-000394,STR-001,CSH-002,CUST-00394,2026-09-04 19:09:42,CASH,471100.0,15,True
TRX-20260904-000395,STR-001,CSH-002,CUST-00395,2026-09-04 19:56:58,QRIS,11500.0,1,False
TRX-20260904-000396,STR-001,CSH-004,CUST-00396,2026-09-04 19:31:01,QRIS,127400.0,8,False
TRX-20260904-000397,STR-001,CSH-002,CUST-00397,2026-09-04 19:29:59,CASH,30500.0,3,False
TRX-20260904-000398,STR-001,CSH-006,CUST-00398,2026-09-04 19:11:49,QRIS,44500.0,3,False
TRX-20260904-000399,STR-001,CSH-006,CUST-00399,2026-09-04 19:39:52,CREDIT,17000.0,1,False
TRX-20260904-000400,STR-001,CSH-002,CUST-00400,2026-09-04 20:50:58,QRIS,24000.0,2,False
TRX-20260904-000401,STR-001,CSH-006,CUST-00401,2026-09-04 20:25:45,CASH,60500.0,5,True
TRX-20260904-000402,STR-001,CSH-004,CUST-00402,2026-09-04 20:49:15,CASH,79000.0,4,False
TRX-20260904-000403,STR-001,CSH-004,CUST-00403,2026-09-04 21:59:59,CASH,81900.0,5,False
TRX-20260904-000404,STR-001,CSH-006,CUST-00404,2026-09-04 21:41:32,QRIS,85300.0,6,False
TRX-20260905-000405,STR-001,CSH-003,CUST-00405,2026-09-05 08:16:24,QRIS,17000.0,1,True
TRX-20260905-000406,STR-001,CSH-003,CUST-00406,2026-09-05 08:09:11,DEBIT,91500.0,4,True
TRX-20260905-000407,STR-001,CSH-005,CUST-00407,2026-09-05 08:17:37,QRIS,43000.0,2,False
TRX-20260905-000408,STR-001,CSH-001,CUST-00408,2026-09-05 08:08:15,CREDIT,117000.0,7,False
TRX-20260905-000409,STR-001,CSH-003,CUST-00409,2026-09-05 09:02:05,CASH,688400.0,17,True
TRX-20260905-000410,STR-001,CSH-001,CUST-GUEST,2026-09-05 09:03:44,CASH,1203300.0,19,True
TRX-20260905-000411,STR-001,CSH-001,CUST-00411,2026-09-05 09:34:15,QRIS,89300.0,8,False
TRX-20260905-000412,STR-001,CSH-001,CUST-00412,2026-09-05 09:17:26,CASH,21300.0,2,False
TRX-20260905-000413,STR-001,CSH-001,CUST-00413,2026-09-05 10:30:47,QRIS,600700.0,19,True
TRX-20260905-000414,STR-001,CSH-001,CUST-00414,2026-09-05 10:24:58,QRIS,9800.0,1,False
TRX-20260905-000415,STR-001,CSH-003,CUST-00415,2026-09-05 10:54:42,QRIS,3800.0,1,False
TRX-20260905-000416,STR-001,CSH-001,CUST-00416,2026-09-05 10:14:10,QRIS,102600.0,8,False
TRX-20260905-000417,STR-001,CSH-001,CUST-00417,2026-09-05 10:02:46,QRIS,63400.0,5,True
TRX-20260905-000418,STR-001,CSH-003,CUST-00418,2026-09-05 10:43:34,DEBIT,12500.0,1,False
TRX-20260905-000419,STR-001,CSH-005,CUST-00419,2026-09-05 10:50:40,DEBIT,27000.0,3,True
TRX-20260905-000420,STR-001,CSH-001,CUST-GUEST,2026-09-05 10:39:24,CASH,278500.0,8,True
TRX-20260905-000421,STR-001,CSH-005,CUST-00421,2026-09-05 10:24:10,CREDIT,47300.0,4,True
TRX-20260905-000422,STR-001,CSH-003,CUST-00422,2026-09-05 11:52:01,QRIS,33800.0,3,True
TRX-20260905-000423,STR-001,CSH-005,CUST-00423,2026-09-05 11:36:24,CASH,15500.0,1,False
TRX-20260905-000424,STR-001,CSH-001,CUST-00424,2026-09-05 11:00:43,QRIS,692500.0,15,True
TRX-20260905-000425,STR-001,CSH-003,CUST-00425,2026-09-05 11:21:10,QRIS,92900.0,8,True
TRX-20260905-000426,STR-001,CSH-001,CUST-00426,2026-09-05 11:20:18,CREDIT,147500.0,9,True
TRX-20260905-000427,STR-001,CSH-005,CUST-00427,2026-09-05 11:22:06,CREDIT,73300.0,6,False
TRX-20260905-000428,STR-001,CSH-003,CUST-00428,2026-09-05 11:38:18,QRIS,144500.0,9,False
TRX-20260905-000429,STR-001,CSH-005,CUST-00429,2026-09-05 12:24:10,QRIS,57400.0,5,True
TRX-20260905-000430,STR-001,CSH-001,CUST-00430,2026-09-05 12:55:01,QRIS,19000.0,2,True
TRX-20260905-000431,STR-001,CSH-005,CUST-00431,2026-09-05 12:35:54,QRIS,73500.0,3,False
TRX-20260905-000432,STR-001,CSH-003,CUST-00432,2026-09-05 12:35:05,CASH,271600.0,9,False
TRX-20260905-000433,STR-001,CSH-003,CUST-00433,2026-09-05 12:25:46,CASH,102500.0,6,False
TRX-20260905-000434,STR-001,CSH-003,CUST-00434,2026-09-05 12:11:34,CASH,30300.0,3,False
TRX-20260905-000435,STR-001,CSH-001,CUST-00435,2026-09-05 12:21:14,QRIS,53500.0,3,False
TRX-20260905-000436,STR-001,CSH-003,CUST-00436,2026-09-05 12:17:25,QRIS,21000.0,2,False
TRX-20260905-000437,STR-001,CSH-005,CUST-00437,2026-09-05 12:48:01,QRIS,29000.0,2,False
TRX-20260905-000438,STR-001,CSH-001,CUST-00438,2026-09-05 12:12:48,QRIS,15500.0,1,False
TRX-20260905-000439,STR-001,CSH-003,CUST-00439,2026-09-05 12:10:37,DEBIT,91000.0,6,False
TRX-20260905-000440,STR-001,CSH-001,CUST-00440,2026-09-05 12:15:58,CASH,31000.0,1,True
TRX-20260905-000441,STR-001,CSH-005,CUST-00441,2026-09-05 12:19:21,DEBIT,539500.0,13,True
TRX-20260905-000442,STR-001,CSH-003,CUST-00442,2026-09-05 12:44:29,CASH,48400.0,5,False
TRX-20260905-000443,STR-001,CSH-001,CUST-00443,2026-09-05 13:12:58,QRIS,94100.0,4,False
TRX-20260905-000444,STR-001,CSH-001,CUST-00444,2026-09-05 13:56:35,CASH,42800.0,3,True
TRX-20260905-000445,STR-001,CSH-003,CUST-00445,2026-09-05 13:28:39,CREDIT,77600.0,5,False
TRX-20260905-000446,STR-001,CSH-003,CUST-00446,2026-09-05 13:23:02,CASH,79700.0,7,True
TRX-20260905-000447,STR-001,CSH-005,CUST-00447,2026-09-05 13:17:52,CASH,575800.0,20,True
TRX-20260905-000448,STR-001,CSH-001,CUST-00448,2026-09-05 13:11:33,QRIS,11500.0,1,False
TRX-20260905-000449,STR-001,CSH-005,CUST-00449,2026-09-05 13:10:30,QRIS,73800.0,5,True
TRX-20260905-000450,STR-001,CSH-003,CUST-00450,2026-09-05 13:13:30,QRIS,85300.0,7,False
TRX-20260905-000451,STR-001,CSH-001,CUST-00451,2026-09-05 13:24:09,CASH,460900.0,12,True
TRX-20260905-000452,STR-001,CSH-005,CUST-00452,2026-09-05 13:06:55,QRIS,794400.0,17,False
TRX-20260905-000453,STR-001,CSH-005,CUST-00453,2026-09-05 13:56:45,DEBIT,12500.0,1,False
TRX-20260905-000454,STR-001,CSH-003,CUST-00454,2026-09-05 13:48:48,DEBIT,90200.0,9,False
TRX-20260905-000455,STR-001,CSH-001,CUST-GUEST,2026-09-05 14:13:11,DEBIT,328000.0,9,True
TRX-20260905-000456,STR-001,CSH-005,CUST-00456,2026-09-05 14:35:57,CASH,103500.0,6,True
TRX-20260905-000457,STR-001,CSH-003,CUST-00457,2026-09-05 14:38:53,CASH,36000.0,3,False
TRX-20260905-000458,STR-001,CSH-003,CUST-00458,2026-09-05 14:33:40,QRIS,138700.0,8,True
TRX-20260905-000459,STR-001,CSH-001,CUST-00459,2026-09-05 14:23:17,CASH,9800.0,1,True
TRX-20260905-000460,STR-001,CSH-001,CUST-00460,2026-09-05 14:34:36,QRIS,15500.0,1,False
TRX-20260905-000461,STR-001,CSH-001,CUST-00461,2026-09-05 14:34:30,CASH,560800.0,12,True
TRX-20260905-000462,STR-001,CSH-001,CUST-00462,2026-09-05 14:55:18,QRIS,40300.0,4,True
TRX-20260905-000463,STR-001,CSH-002,CUST-00463,2026-09-05 15:24:02,QRIS,570200.0,16,False
TRX-20260905-000464,STR-001,CSH-004,CUST-00464,2026-09-05 15:11:07,CASH,42800.0,4,False
TRX-20260905-000465,STR-001,CSH-006,CUST-00465,2026-09-05 15:40:02,CASH,106500.0,7,False
TRX-20260905-000466,STR-001,CSH-002,CUST-00466,2026-09-05 15:02:39,QRIS,29000.0,2,False
TRX-20260905-000467,STR-001,CSH-002,CUST-00467,2026-09-05 15:52:08,QRIS,640800.0,18,False
TRX-20260905-000468,STR-001,CSH-004,CUST-00468,2026-09-05 16:59:01,CASH,61500.0,5,False
TRX-20260905-000469,STR-001,CSH-006,CUST-00469,2026-09-05 16:57:42,DEBIT,4500.0,1,True
TRX-20260905-000470,STR-001,CSH-002,CUST-00470,2026-09-05 16:49:24,CASH,84600.0,6,False
TRX-20260905-000471,STR-001,CSH-006,CUST-00471,2026-09-05 16:36:57,CASH,4000.0,1,False
TRX-20260905-000472,STR-001,CSH-004,CUST-00472,2026-09-05 16:50:27,CASH,35000.0,2,False
TRX-20260905-000473,STR-001,CSH-004,CUST-00473,2026-09-05 16:21:00,QRIS,46500.0,3,True
TRX-20260905-000474,STR-001,CSH-002,CUST-00474,2026-09-05 16:27:34,CASH,7500.0,1,False
TRX-20260905-000475,STR-001,CSH-004,CUST-00475,2026-09-05 16:39:38,CASH,31800.0,4,True
TRX-20260905-000476,STR-001,CSH-006,CUST-00476,2026-09-05 16:14:28,DEBIT,738700.0,13,True
TRX-20260905-000477,STR-001,CSH-004,CUST-00477,2026-09-05 16:41:12,CASH,21500.0,1,False
TRX-20260905-000478,STR-001,CSH-004,CUST-00478,2026-09-05 16:11:25,QRIS,791500.0,12,True
TRX-20260905-000479,STR-001,CSH-004,CUST-00479,2026-09-05 16:58:14,QRIS,762200.0,20,True
TRX-20260905-000480,STR-001,CSH-004,CUST-00480,2026-09-05 16:19:44,QRIS,604400.0,14,True
TRX-20260905-000481,STR-001,CSH-002,CUST-00481,2026-09-05 16:48:31,DEBIT,76500.0,4,False
TRX-20260905-000482,STR-001,CSH-006,CUST-00482,2026-09-05 16:22:49,DEBIT,68300.0,4,False
TRX-20260905-000483,STR-001,CSH-004,CUST-00483,2026-09-05 17:56:58,QRIS,19300.0,3,False
TRX-20260905-000484,STR-001,CSH-006,CUST-00484,2026-09-05 17:48:38,DEBIT,473400.0,13,False
TRX-20260905-000485,STR-001,CSH-006,CUST-00485,2026-09-05 17:10:48,DEBIT,102000.0,6,False
TRX-20260905-000486,STR-001,CSH-004,CUST-00486,2026-09-05 17:04:49,CASH,43000.0,2,False
TRX-20260905-000487,STR-001,CSH-006,CUST-00487,2026-09-05 17:22:49,QRIS,19000.0,2,False
TRX-20260905-000488,STR-001,CSH-004,CUST-00488,2026-09-05 17:47:48,QRIS,53900.0,5,False
TRX-20260905-000489,STR-001,CSH-006,CUST-00489,2026-09-05 17:51:45,QRIS,37000.0,3,False
TRX-20260905-000490,STR-001,CSH-004,CUST-00490,2026-09-05 17:16:41,CASH,15500.0,1,True
TRX-20260905-000491,STR-001,CSH-004,CUST-00491,2026-09-05 17:51:36,DEBIT,66000.0,3,False
TRX-20260905-000492,STR-001,CSH-002,CUST-00492,2026-09-05 17:16:09,CASH,118500.0,5,True
TRX-20260905-000493,STR-001,CSH-006,CUST-00493,2026-09-05 17:04:28,DEBIT,597500.0,19,False
TRX-20260905-000494,STR-001,CSH-004,CUST-00494,2026-09-05 17:54:36,CASH,819200.0,20,True
TRX-20260905-000495,STR-001,CSH-002,CUST-00495,2026-09-05 17:10:35,CREDIT,559500.0,13,True
TRX-20260905-000496,STR-001,CSH-002,CUST-00496,2026-09-05 17:23:53,QRIS,55400.0,6,True
TRX-20260905-000497,STR-001,CSH-002,CUST-00497,2026-09-05 17:22:56,QRIS,20500.0,2,False
TRX-20260905-000498,STR-001,CSH-002,CUST-00498,2026-09-05 17:09:25,QRIS,58500.0,3,False
TRX-20260905-000499,STR-001,CSH-004,CUST-00499,2026-09-05 18:42:11,DEBIT,149900.0,8,True
TRX-20260905-000500,STR-001,CSH-002,CUST-00500,2026-09-05 18:55:18,QRIS,11800.0,2,False
TRX-20260905-000501,STR-001,CSH-006,CUST-00501,2026-09-05 18:32:13,CREDIT,113600.0,7,True
TRX-20260905-000502,STR-001,CSH-006,CUST-00502,2026-09-05 18:39:47,DEBIT,102400.0,5,True
TRX-20260905-000503,STR-001,CSH-004,CUST-00503,2026-09-05 18:52:11,DEBIT,78700.0,7,True
TRX-20260905-000504,STR-001,CSH-006,CUST-00504,2026-09-05 18:19:14,QRIS,668900.0,18,True
TRX-20260905-000505,STR-001,CSH-006,CUST-GUEST,2026-09-05 18:24:52,DEBIT,825700.0,18,True
TRX-20260905-000506,STR-001,CSH-006,CUST-00506,2026-09-05 18:55:59,QRIS,515200.0,18,True
TRX-20260905-000507,STR-001,CSH-006,CUST-00507,2026-09-05 18:32:26,QRIS,114000.0,9,False
TRX-20260905-000508,STR-001,CSH-004,CUST-00508,2026-09-05 18:38:46,DEBIT,530000.0,12,True
TRX-20260905-000509,STR-001,CSH-002,CUST-00509,2026-09-05 18:26:47,QRIS,112900.0,8,False
TRX-20260905-000510,STR-001,CSH-002,CUST-00510,2026-09-05 18:45:24,DEBIT,37800.0,3,True
TRX-20260905-000511,STR-001,CSH-006,CUST-00511,2026-09-05 18:57:16,CASH,55100.0,5,False
TRX-20260905-000512,STR-001,CSH-002,CUST-00512,2026-09-05 18:26:01,DEBIT,77400.0,6,False
TRX-20260905-000513,STR-001,CSH-002,CUST-00513,2026-09-05 18:16:54,DEBIT,21500.0,1,False
TRX-20260905-000514,STR-001,CSH-006,CUST-00514,2026-09-05 18:41:18,QRIS,28000.0,3,True
TRX-20260905-000515,STR-001,CSH-006,CUST-00515,2026-09-05 19:05:18,DEBIT,374700.0,12,False
TRX-20260905-000516,STR-001,CSH-004,CUST-00516,2026-09-05 19:55:40,CASH,40000.0,3,False
TRX-20260905-000517,STR-001,CSH-006,CUST-00517,2026-09-05 19:13:03,CASH,498100.0,16,True
TRX-20260905-000518,STR-001,CSH-004,CUST-00518,2026-09-05 19:53:29,QRIS,624200.0,17,False
TRX-20260905-000519,STR-001,CSH-006,CUST-00519,2026-09-05 19:10:10,QRIS,48000.0,3,True
TRX-20260905-000520,STR-001,CSH-004,CUST-00520,2026-09-05 20:08:35,CASH,92700.0,8,True
TRX-20260905-000521,STR-001,CSH-002,CUST-00521,2026-09-05 20:07:26,CASH,15500.0,1,False
TRX-20260905-000522,STR-001,CSH-002,CUST-00522,2026-09-05 20:47:54,QRIS,99800.0,9,False
TRX-20260905-000523,STR-001,CSH-002,CUST-00523,2026-09-05 21:07:35,DEBIT,0,0,True
TRX-20260905-000524,STR-001,CSH-006,CUST-00524,2026-09-05 21:24:42,DEBIT,128200.0,8,False
TRX-20260905-000525,STR-001,CSH-006,CUST-00525,2026-09-05 21:04:34,QRIS,80500.0,5,False
TRX-20260906-000526,STR-001,CSH-005,CUST-00526,2026-09-06 08:51:30,CASH,3800.0,1,False
TRX-20260906-000527,STR-001,CSH-001,CUST-00527,2026-09-06 08:49:09,QRIS,97800.0,6,False
TRX-20260906-000528,STR-001,CSH-005,CUST-00528,2026-09-06 08:19:55,DEBIT,61700.0,5,False
TRX-20260906-000529,STR-001,CSH-003,CUST-00529,2026-09-06 09:04:03,QRIS,109000.0,6,False
TRX-20260906-000530,STR-001,CSH-005,CUST-00530,2026-09-06 09:36:14,QRIS,53500.0,5,True
TRX-20260906-000531,STR-001,CSH-001,CUST-00531,2026-09-06 09:00:07,CASH,25000.0,2,True
TRX-20260906-000532,STR-001,CSH-001,CUST-00532,2026-09-06 09:16:06,QRIS,607700.0,19,True
TRX-20260906-000533,STR-001,CSH-003,CUST-00533,2026-09-06 09:58:19,QRIS,651800.0,10,False
TRX-20260906-000534,STR-001,CSH-005,CUST-00534,2026-09-06 09:16:27,QRIS,539400.0,15,True
TRX-20260906-000535,STR-001,CSH-003,CUST-00535,2026-09-06 09:47:22,CREDIT,24000.0,1,False
TRX-20260906-000536,STR-001,CSH-003,CUST-00536,2026-09-06 10:17:00,QRIS,51500.0,3,False
TRX-20260906-000537,STR-001,CSH-003,CUST-00537,2026-09-06 10:49:04,CASH,729500.0,15,True
TRX-20260906-000538,STR-001,CSH-001,CUST-00538,2026-09-06 10:06:47,QRIS,298400.0,13,True
TRX-20260906-000539,STR-001,CSH-005,CUST-00539,2026-09-06 10:54:41,QRIS,133300.0,6,False
TRX-20260906-000540,STR-001,CSH-001,CUST-00540,2026-09-06 11:32:03,DEBIT,16500.0,1,False
TRX-20260906-000541,STR-001,CSH-003,CUST-00541,2026-09-06 11:52:05,QRIS,538000.0,14,False
TRX-20260906-000542,STR-001,CSH-005,CUST-00542,2026-09-06 11:58:43,CASH,953800.0,15,True
TRX-20260906-000543,STR-001,CSH-003,CUST-00543,2026-09-06 11:45:25,QRIS,72300.0,4,True
TRX-20260906-000544,STR-001,CSH-001,CUST-00544,2026-09-06 11:04:41,QRIS,11500.0,1,False
TRX-20260906-000545,STR-001,CSH-001,CUST-00545,2026-09-06 11:54:08,CASH,36000.0,3,True
TRX-20260906-000546,STR-001,CSH-001,CUST-00546,2026-09-06 11:27:24,CASH,3800.0,1,False
TRX-20260906-000547,STR-001,CSH-003,CUST-00547,2026-09-06 11:14:05,QRIS,15500.0,1,False
TRX-20260906-000548,STR-001,CSH-003,CUST-00548,2026-09-06 12:43:50,CASH,11500.0,1,False
TRX-20260906-000549,STR-001,CSH-001,CUST-00549,2026-09-06 12:33:41,QRIS,83600.0,5,True
TRX-20260906-000550,STR-001,CSH-005,CUST-00550,2026-09-06 12:36:17,CASH,44800.0,3,False
TRX-20260906-000551,STR-001,CSH-005,CUST-00551,2026-09-06 12:54:39,CASH,126900.0,7,True
TRX-20260906-000552,STR-001,CSH-003,CUST-00552,2026-09-06 12:06:12,QRIS,893900.0,21,False
TRX-20260906-000553,STR-001,CSH-003,CUST-00553,2026-09-06 12:52:45,DEBIT,77100.0,7,False
TRX-20260906-000554,STR-001,CSH-005,CUST-00554,2026-09-06 12:47:23,DEBIT,43500.0,3,True
TRX-20260906-000555,STR-001,CSH-003,CUST-00555,2026-09-06 12:47:18,QRIS,57300.0,4,False
TRX-20260906-000556,STR-001,CSH-001,CUST-GUEST,2026-09-06 12:04:15,DEBIT,886900.0,20,True
TRX-20260906-000557,STR-001,CSH-001,CUST-00557,2026-09-06 12:35:24,QRIS,36000.0,3,False
TRX-20260906-000558,STR-001,CSH-003,CUST-00558,2026-09-06 12:42:59,QRIS,130000.0,9,False
TRX-20260906-000559,STR-001,CSH-001,CUST-GUEST,2026-09-06 12:21:54,QRIS,56100.0,4,True
TRX-20260906-000560,STR-001,CSH-001,CUST-00560,2026-09-06 12:54:14,DEBIT,77400.0,5,False
TRX-20260906-000561,STR-001,CSH-003,CUST-00561,2026-09-06 12:49:31,QRIS,42000.0,2,False
TRX-20260906-000562,STR-001,CSH-003,CUST-00562,2026-09-06 12:41:01,CASH,41000.0,3,False
TRX-20260906-000563,STR-001,CSH-003,CUST-00563,2026-09-06 12:32:07,DEBIT,118900.0,8,True
TRX-20260906-000564,STR-001,CSH-003,CUST-GUEST,2026-09-06 12:05:32,QRIS,722200.0,17,True
TRX-20260906-000565,STR-001,CSH-001,CUST-00565,2026-09-06 12:45:16,QRIS,107900.0,6,True
TRX-20260906-000566,STR-001,CSH-005,CUST-GUEST,2026-09-06 13:16:42,QRIS,21500.0,2,True
TRX-20260906-000567,STR-001,CSH-005,CUST-00567,2026-09-06 13:58:21,QRIS,21500.0,1,False
TRX-20260906-000568,STR-001,CSH-001,CUST-00568,2026-09-06 13:29:24,CASH,35800.0,3,True
TRX-20260906-000569,STR-001,CSH-005,CUST-00569,2026-09-06 13:24:23,CASH,309900.0,9,True
TRX-20260906-000570,STR-001,CSH-001,CUST-00570,2026-09-06 13:00:44,DEBIT,33500.0,2,True
TRX-20260906-000571,STR-001,CSH-005,CUST-00571,2026-09-06 13:19:40,QRIS,52800.0,4,True
TRX-20260906-000572,STR-001,CSH-005,CUST-GUEST,2026-09-06 13:46:38,CASH,94800.0,8,True
TRX-20260906-000573,STR-001,CSH-003,CUST-00573,2026-09-06 13:46:38,CASH,95900.0,6,False
TRX-20260906-000574,STR-001,CSH-001,CUST-00574,2026-09-06 13:05:42,QRIS,8300.0,2,True
TRX-20260906-000575,STR-001,CSH-005,CUST-GUEST,2026-09-06 13:07:52,QRIS,637900.0,19,True
TRX-20260906-000576,STR-001,CSH-003,CUST-00576,2026-09-06 13:51:13,QRIS,82000.0,5,False
TRX-20260906-000577,STR-001,CSH-005,CUST-00577,2026-09-06 13:03:36,CREDIT,736300.0,18,True
TRX-20260906-000578,STR-001,CSH-005,CUST-00578,2026-09-06 13:30:44,QRIS,26700.0,3,False
TRX-20260906-000579,STR-001,CSH-001,CUST-00579,2026-09-06 13:40:08,QRIS,459000.0,10,True
TRX-20260906-000580,STR-001,CSH-003,CUST-00580,2026-09-06 14:28:02,CASH,22500.0,3,False
TRX-20260906-000581,STR-001,CSH-005,CUST-00581,2026-09-06 14:32:36,DEBIT,106000.0,5,True
TRX-20260906-000582,STR-001,CSH-003,CUST-00582,2026-09-06 14:19:57,QRIS,50500.0,3,False
TRX-20260906-000583,STR-001,CSH-005,CUST-00583,2026-09-06 14:15:30,QRIS,29800.0,3,False
TRX-20260906-000584,STR-001,CSH-004,CUST-00584,2026-09-06 15:08:52,CASH,56200.0,5,False
TRX-20260906-000585,STR-001,CSH-006,CUST-00585,2026-09-06 15:06:27,QRIS,45000.0,2,True
TRX-20260906-000586,STR-001,CSH-006,CUST-00586,2026-09-06 15:28:02,DEBIT,105000.0,8,True
TRX-20260906-000587,STR-001,CSH-006,CUST-00587,2026-09-06 16:28:01,CASH,87800.0,6,True
TRX-20260906-000588,STR-001,CSH-004,CUST-00588,2026-09-06 16:34:03,QRIS,573800.0,14,False
TRX-20260906-000589,STR-001,CSH-004,CUST-GUEST,2026-09-06 16:59:34,QRIS,871900.0,17,True
TRX-20260906-000590,STR-001,CSH-006,CUST-00590,2026-09-06 16:04:22,CREDIT,93000.0,6,False
TRX-20260906-000591,STR-001,CSH-004,CUST-GUEST,2026-09-06 16:03:33,CASH,610000.0,15,True
TRX-20260906-000592,STR-001,CSH-002,CUST-00592,2026-09-06 16:16:40,CASH,46000.0,3,False
TRX-20260906-000593,STR-001,CSH-002,CUST-00593,2026-09-06 16:26:45,DEBIT,66600.0,5,False
TRX-20260906-000594,STR-001,CSH-006,CUST-00594,2026-09-06 16:14:05,QRIS,513000.0,11,False
TRX-20260906-000595,STR-001,CSH-002,CUST-00595,2026-09-06 16:12:35,QRIS,35000.0,4,False
TRX-20260906-000596,STR-001,CSH-002,CUST-00596,2026-09-06 17:52:25,QRIS,100600.0,9,True
TRX-20260906-000597,STR-001,CSH-004,CUST-00597,2026-09-06 17:10:52,CASH,420400.0,14,False
TRX-20260906-000598,STR-001,CSH-004,CUST-00598,2026-09-06 17:37:19,QRIS,91100.0,7,True
TRX-20260906-000599,STR-001,CSH-004,CUST-00599,2026-09-06 17:46:20,CREDIT,94800.0,8,False
TRX-20260906-000600,STR-001,CSH-004,CUST-00600,2026-09-06 17:33:52,QRIS,575800.0,15,True
TRX-20260906-000601,STR-001,CSH-004,CUST-00601,2026-09-06 17:26:10,QRIS,108000.0,6,True
TRX-20260906-000602,STR-001,CSH-006,CUST-00602,2026-09-06 17:28:42,CASH,758200.0,17,True
TRX-20260906-000603,STR-001,CSH-004,CUST-00603,2026-09-06 17:16:20,CASH,52500.0,3,False
TRX-20260906-000604,STR-001,CSH-004,CUST-00604,2026-09-06 17:32:03,QRIS,537500.0,15,False
TRX-20260906-000605,STR-001,CSH-002,CUST-00605,2026-09-06 17:38:04,DEBIT,15500.0,2,False
TRX-20260906-000606,STR-001,CSH-006,CUST-00606,2026-09-06 17:34:39,DEBIT,589700.0,19,False
TRX-20260906-000607,STR-001,CSH-004,CUST-00607,2026-09-06 17:45:50,CASH,49300.0,4,False
TRX-20260906-000608,STR-001,CSH-002,CUST-00608,2026-09-06 17:14:25,QRIS,97600.0,5,False
TRX-20260906-000609,STR-001,CSH-006,CUST-00609,2026-09-06 17:24:54,QRIS,53000.0,3,False
TRX-20260906-000610,STR-001,CSH-004,CUST-00610,2026-09-06 17:52:55,QRIS,51000.0,3,False
TRX-20260906-000611,STR-001,CSH-004,CUST-00611,2026-09-06 17:57:02,CASH,61600.0,5,False
TRX-20260906-000612,STR-001,CSH-002,CUST-00612,2026-09-06 17:56:19,QRIS,101500.0,5,False
TRX-20260906-000613,STR-001,CSH-004,CUST-00613,2026-09-06 18:33:04,QRIS,63500.0,4,False
TRX-20260906-000614,STR-001,CSH-004,CUST-00614,2026-09-06 18:10:38,CASH,835000.0,19,True
TRX-20260906-000615,STR-001,CSH-006,CUST-00615,2026-09-06 18:01:05,QRIS,7500.0,1,False
TRX-20260906-000616,STR-001,CSH-002,CUST-00616,2026-09-06 18:38:50,CASH,120500.0,6,True
TRX-20260906-000617,STR-001,CSH-006,CUST-00617,2026-09-06 18:54:57,QRIS,46400.0,4,False
TRX-20260906-000618,STR-001,CSH-004,CUST-00618,2026-09-06 18:06:59,QRIS,50500.0,4,False
TRX-20260906-000619,STR-001,CSH-006,CUST-00619,2026-09-06 18:42:11,QRIS,68400.0,6,False
TRX-20260906-000620,STR-001,CSH-006,CUST-00620,2026-09-06 18:26:56,QRIS,104700.0,9,False
TRX-20260906-000621,STR-001,CSH-004,CUST-00621,2026-09-06 18:28:59,QRIS,481700.0,15,False
TRX-20260906-000622,STR-001,CSH-006,CUST-00622,2026-09-06 18:03:33,QRIS,12500.0,1,False
TRX-20260906-000623,STR-001,CSH-004,CUST-00623,2026-09-06 18:15:02,DEBIT,113300.0,6,True
TRX-20260906-000624,STR-001,CSH-004,CUST-00624,2026-09-06 18:16:55,CASH,659800.0,14,False
TRX-20260906-000625,STR-001,CSH-006,CUST-GUEST,2026-09-06 18:01:31,CASH,542000.0,9,True
TRX-20260906-000626,STR-001,CSH-006,CUST-00626,2026-09-06 18:01:51,QRIS,467900.0,17,False
TRX-20260906-000627,STR-001,CSH-006,CUST-00627,2026-09-06 18:20:41,CREDIT,62300.0,4,True
TRX-20260906-000628,STR-001,CSH-006,CUST-00628,2026-09-06 18:31:18,QRIS,36500.0,2,False
TRX-20260906-000629,STR-001,CSH-002,CUST-00629,2026-09-06 18:06:31,DEBIT,21800.0,3,False
TRX-20260906-000630,STR-001,CSH-006,CUST-00630,2026-09-06 18:13:36,CASH,101400.0,7,False
TRX-20260906-000631,STR-001,CSH-006,CUST-00631,2026-09-06 18:52:32,CASH,586500.0,13,True
TRX-20260906-000632,STR-001,CSH-002,CUST-00632,2026-09-06 18:32:00,QRIS,73500.0,5,False
TRX-20260906-000633,STR-001,CSH-006,CUST-GUEST,2026-09-06 19:26:19,CASH,59800.0,4,True
TRX-20260906-000634,STR-001,CSH-002,CUST-00634,2026-09-06 19:52:18,DEBIT,64500.0,5,False
TRX-20260906-000635,STR-001,CSH-006,CUST-00635,2026-09-06 19:20:35,CASH,285800.0,12,False
TRX-20260906-000636,STR-001,CSH-004,CUST-00636,2026-09-06 19:11:57,CREDIT,87200.0,7,True
TRX-20260906-000637,STR-001,CSH-002,CUST-00637,2026-09-06 19:45:11,CASH,84900.0,6,False
TRX-20260906-000638,STR-001,CSH-002,CUST-00638,2026-09-06 19:42:20,QRIS,43500.0,3,False
TRX-20260906-000639,STR-001,CSH-006,CUST-00639,2026-09-06 19:20:28,QRIS,24000.0,1,False
TRX-20260906-000640,STR-001,CSH-002,CUST-00640,2026-09-06 20:50:51,CASH,508800.0,14,False
TRX-20260906-000641,STR-001,CSH-004,CUST-GUEST,2026-09-06 20:50:10,QRIS,1355500.0,21,True
TRX-20260906-000642,STR-001,CSH-004,CUST-00642,2026-09-06 20:06:46,CASH,128600.0,8,False
TRX-20260906-000643,STR-001,CSH-004,CUST-00643,2026-09-06 21:58:51,CASH,63700.0,5,False
TRX-20260906-000644,STR-001,CSH-006,CUST-GUEST,2026-09-06 21:50:30,CASH,96000.0,7,True
TRX-20260906-000645,STR-001,CSH-004,CUST-00645,2026-09-06 21:33:34,QRIS,16000.0,2,False
TRX-20260906-000646,STR-001,CSH-002,CUST-00646,2026-09-06 21:35:37,QRIS,692100.0,19,True
TRX-20260907-000647,STR-001,CSH-003,CUST-00647,2026-09-07 08:57:29,CREDIT,32000.0,3,True
TRX-20260907-000648,STR-001,CSH-001,CUST-00648,2026-09-07 09:22:39,QRIS,53500.0,3,False
TRX-20260907-000649,STR-001,CSH-003,CUST-00649,2026-09-07 09:49:31,QRIS,90900.0,7,False
TRX-20260907-000650,STR-001,CSH-005,CUST-00650,2026-09-07 09:36:09,QRIS,454500.0,10,True
TRX-20260907-000651,STR-001,CSH-003,CUST-00651,2026-09-07 10:21:55,CREDIT,108000.0,8,True
TRX-20260907-000652,STR-001,CSH-001,CUST-00652,2026-09-07 10:10:52,CASH,22000.0,3,True
TRX-20260907-000653,STR-001,CSH-003,CUST-00653,2026-09-07 10:30:32,CASH,8300.0,2,False
TRX-20260907-000654,STR-001,CSH-001,CUST-00654,2026-09-07 11:55:44,DEBIT,49000.0,3,False
TRX-20260907-000655,STR-001,CSH-003,CUST-00655,2026-09-07 11:55:18,CASH,32000.0,3,False
TRX-20260907-000656,STR-001,CSH-003,CUST-00656,2026-09-07 11:30:16,QRIS,1017300.0,16,True
TRX-20260907-000657,STR-001,CSH-005,CUST-00657,2026-09-07 11:35:29,QRIS,104200.0,7,True
TRX-20260907-000658,STR-001,CSH-001,CUST-00658,2026-09-07 11:44:41,CREDIT,45000.0,3,True
TRX-20260907-000659,STR-001,CSH-003,CUST-GUEST,2026-09-07 11:14:39,CREDIT,39800.0,5,True
TRX-20260907-000660,STR-001,CSH-003,CUST-00660,2026-09-07 11:37:19,CASH,862600.0,20,True
TRX-20260907-000661,STR-001,CSH-005,CUST-00661,2026-09-07 11:45:37,QRIS,51800.0,3,False
TRX-20260907-000662,STR-001,CSH-005,CUST-00662,2026-09-07 11:46:20,QRIS,733600.0,21,True
TRX-20260907-000663,STR-001,CSH-005,CUST-00663,2026-09-07 11:27:08,CASH,106700.0,6,True
TRX-20260907-000664,STR-001,CSH-001,CUST-00664,2026-09-07 12:38:04,QRIS,71500.0,7,False
TRX-20260907-000665,STR-001,CSH-003,CUST-00665,2026-09-07 12:51:01,QRIS,51500.0,4,False
TRX-20260907-000666,STR-001,CSH-005,CUST-00666,2026-09-07 12:18:45,CASH,12500.0,1,True
TRX-20260907-000667,STR-001,CSH-005,CUST-00667,2026-09-07 12:26:49,QRIS,60200.0,6,True
TRX-20260907-000668,STR-001,CSH-001,CUST-00668,2026-09-07 12:46:04,DEBIT,33500.0,3,True
TRX-20260907-000669,STR-001,CSH-005,CUST-00669,2026-09-07 12:23:48,QRIS,35500.0,2,False
TRX-20260907-000670,STR-001,CSH-005,CUST-00670,2026-09-07 12:50:45,QRIS,582800.0,17,True
TRX-20260907-000671,STR-001,CSH-005,CUST-00671,2026-09-07 12:19:13,CASH,20000.0,2,False
TRX-20260907-000672,STR-001,CSH-005,CUST-00672,2026-09-07 12:14:43,CASH,27500.0,2,False
TRX-20260907-000673,STR-001,CSH-001,CUST-00673,2026-09-07 12:24:10,QRIS,929900.0,17,False
TRX-20260907-000674,STR-001,CSH-001,CUST-00674,2026-09-07 12:13:15,QRIS,116100.0,7,True
TRX-20260907-000675,STR-001,CSH-001,CUST-00675,2026-09-07 12:36:08,DEBIT,126900.0,8,False
TRX-20260907-000676,STR-001,CSH-005,CUST-00676,2026-09-07 12:33:36,CASH,638600.0,18,False
TRX-20260907-000677,STR-001,CSH-001,CUST-00677,2026-09-07 12:47:09,DEBIT,808300.0,16,True
TRX-20260907-000678,STR-001,CSH-005,CUST-00678,2026-09-07 12:25:21,QRIS,113700.0,7,True
TRX-20260907-000679,STR-001,CSH-003,CUST-00679,2026-09-07 12:27:50,QRIS,172500.0,8,False
TRX-20260907-000680,STR-001,CSH-003,CUST-00680,2026-09-07 12:31:03,QRIS,15500.0,1,False
TRX-20260907-000681,STR-001,CSH-001,CUST-00681,2026-09-07 13:30:21,CASH,402800.0,11,True
TRX-20260907-000682,STR-001,CSH-003,CUST-00682,2026-09-07 13:07:29,CREDIT,15500.0,1,False
TRX-20260907-000683,STR-001,CSH-003,CUST-00683,2026-09-07 13:13:20,QRIS,642400.0,14,True
TRX-20260907-000684,STR-001,CSH-003,CUST-00684,2026-09-07 13:34:02,CASH,79000.0,5,False
TRX-20260907-000685,STR-001,CSH-005,CUST-00685,2026-09-07 13:11:02,CASH,20000.0,2,False
TRX-20260907-000686,STR-001,CSH-003,CUST-00686,2026-09-07 13:06:38,QRIS,837800.0,21,False
TRX-20260907-000687,STR-001,CSH-001,CUST-00687,2026-09-07 13:57:28,CREDIT,43000.0,3,False
TRX-20260907-000688,STR-001,CSH-003,CUST-00688,2026-09-07 13:59:44,QRIS,1020200.0,21,True
TRX-20260907-000689,STR-001,CSH-005,CUST-GUEST,2026-09-07 13:42:40,CASH,88800.0,6,True
TRX-20260907-000690,STR-001,CSH-003,CUST-00690,2026-09-07 13:14:42,QRIS,7500.0,1,False
TRX-20260907-000691,STR-001,CSH-001,CUST-00691,2026-09-07 13:44:57,QRIS,9800.0,1,False
TRX-20260907-000692,STR-001,CSH-005,CUST-00692,2026-09-07 13:05:44,CASH,139600.0,7,True
TRX-20260907-000693,STR-001,CSH-003,CUST-00693,2026-09-07 14:57:41,CASH,37000.0,3,False
TRX-20260907-000694,STR-001,CSH-003,CUST-00694,2026-09-07 14:19:00,CASH,28300.0,3,False
TRX-20260907-000695,STR-001,CSH-005,CUST-00695,2026-09-07 14:50:09,DEBIT,75500.0,7,True
TRX-20260907-000696,STR-001,CSH-003,CUST-00696,2026-09-07 14:02:07,QRIS,21500.0,1,False
TRX-20260907-000697,STR-001,CSH-001,CUST-GUEST,2026-09-07 14:41:27,QRIS,722900.0,14,True
TRX-20260907-000698,STR-001,CSH-004,CUST-00698,2026-09-07 15:57:00,QRIS,42500.0,3,False
TRX-20260907-000699,STR-001,CSH-004,CUST-00699,2026-09-07 15:27:15,CASH,103400.0,7,True
TRX-20260907-000700,STR-001,CSH-006,CUST-00700,2026-09-07 15:03:31,QRIS,62500.0,3,False
TRX-20260907-000701,STR-001,CSH-002,CUST-00701,2026-09-07 15:03:21,CREDIT,39300.0,3,True
TRX-20260907-000702,STR-001,CSH-006,CUST-00702,2026-09-07 15:06:00,QRIS,38500.0,3,False
TRX-20260907-000703,STR-001,CSH-002,CUST-00703,2026-09-07 16:18:51,CASH,53500.0,3,False
TRX-20260907-000704,STR-001,CSH-004,CUST-00704,2026-09-07 16:04:10,QRIS,447500.0,11,False
TRX-20260907-000705,STR-001,CSH-002,CUST-00705,2026-09-07 16:18:41,CASH,77000.0,5,False
TRX-20260907-000706,STR-001,CSH-006,CUST-00706,2026-09-07 16:26:24,CASH,43500.0,2,False
TRX-20260907-000707,STR-001,CSH-006,CUST-00707,2026-09-07 16:30:49,DEBIT,344800.0,12,True
TRX-20260907-000708,STR-001,CSH-004,CUST-00708,2026-09-07 16:38:01,QRIS,49800.0,5,True
TRX-20260907-000709,STR-001,CSH-004,CUST-00709,2026-09-07 17:52:08,QRIS,20800.0,2,False
TRX-20260907-000710,STR-001,CSH-002,CUST-00710,2026-09-07 17:00:28,QRIS,7800.0,2,False
TRX-20260907-000711,STR-001,CSH-002,CUST-00711,2026-09-07 17:57:11,DEBIT,159400.0,5,False
TRX-20260907-000712,STR-001,CSH-006,CUST-00712,2026-09-07 17:17:45,CASH,974300.0,16,False
TRX-20260907-000713,STR-001,CSH-006,CUST-00713,2026-09-07 17:44:58,DEBIT,741900.0,22,False
TRX-20260907-000714,STR-001,CSH-004,CUST-00714,2026-09-07 17:31:14,CASH,47600.0,4,False
TRX-20260907-000715,STR-001,CSH-002,CUST-00715,2026-09-07 17:45:51,QRIS,102500.0,6,False
TRX-20260907-000716,STR-001,CSH-006,CUST-00716,2026-09-07 17:05:47,CREDIT,34000.0,2,False
TRX-20260907-000717,STR-001,CSH-002,CUST-00717,2026-09-07 17:02:13,QRIS,150300.0,9,True
TRX-20260907-000718,STR-001,CSH-004,CUST-00718,2026-09-07 17:40:08,CASH,101900.0,7,False
TRX-20260907-000719,STR-001,CSH-002,CUST-00719,2026-09-07 17:30:32,QRIS,94000.0,7,False
TRX-20260907-000720,STR-001,CSH-006,CUST-00720,2026-09-07 17:29:34,CASH,101600.0,8,True
TRX-20260907-000721,STR-001,CSH-004,CUST-00721,2026-09-07 18:00:19,QRIS,38500.0,3,False
TRX-20260907-000722,STR-001,CSH-006,CUST-00722,2026-09-07 18:12:45,QRIS,39000.0,3,True
TRX-20260907-000723,STR-001,CSH-002,CUST-00723,2026-09-07 18:40:30,CASH,29300.0,2,False
TRX-20260907-000724,STR-001,CSH-004,CUST-GUEST,2026-09-07 18:05:21,DEBIT,75000.0,4,True
TRX-20260907-000725,STR-001,CSH-006,CUST-00725,2026-09-07 18:22:36,QRIS,32000.0,3,False
TRX-20260907-000726,STR-001,CSH-004,CUST-00726,2026-09-07 18:46:33,QRIS,562900.0,12,False
TRX-20260907-000727,STR-001,CSH-006,CUST-00727,2026-09-07 18:49:21,DEBIT,156300.0,6,False
TRX-20260907-000728,STR-001,CSH-006,CUST-00728,2026-09-07 18:41:37,QRIS,96000.0,7,False
TRX-20260907-000729,STR-001,CSH-004,CUST-00729,2026-09-07 18:34:18,DEBIT,22300.0,2,True
TRX-20260907-000730,STR-001,CSH-004,CUST-00730,2026-09-07 19:33:07,QRIS,526600.0,15,True
TRX-20260907-000731,STR-001,CSH-006,CUST-00731,2026-09-07 19:29:47,QRIS,397400.0,14,False
TRX-20260907-000732,STR-001,CSH-004,CUST-00732,2026-09-07 19:11:16,CASH,476200.0,16,False
TRX-20260907-000733,STR-001,CSH-004,CUST-00733,2026-09-07 19:11:24,CASH,44800.0,5,True
TRX-20260907-000734,STR-001,CSH-006,CUST-00734,2026-09-07 19:46:02,CASH,835900.0,19,False
TRX-20260907-000735,STR-001,CSH-002,CUST-GUEST,2026-09-07 21:24:25,CASH,553000.0,11,True
TRX-20260907-000736,STR-001,CSH-002,CUST-00736,2026-09-07 21:55:31,DEBIT,80400.0,7,False
TRX-20260908-000737,STR-001,CSH-005,CUST-00737,2026-09-08 08:06:21,QRIS,522900.0,18,False
TRX-20260908-000738,STR-001,CSH-003,CUST-00738,2026-09-08 08:03:52,QRIS,28000.0,2,False
TRX-20260908-000739,STR-001,CSH-005,CUST-00739,2026-09-08 08:30:31,QRIS,796300.0,21,False
TRX-20260908-000740,STR-001,CSH-003,CUST-00740,2026-09-08 09:57:01,DEBIT,82300.0,4,False
TRX-20260908-000741,STR-001,CSH-001,CUST-00741,2026-09-08 09:49:51,QRIS,120800.0,7,True
TRX-20260908-000742,STR-001,CSH-003,CUST-00742,2026-09-08 09:44:24,QRIS,128500.0,6,False
TRX-20260908-000743,STR-001,CSH-005,CUST-00743,2026-09-08 10:10:49,CASH,809300.0,21,True
TRX-20260908-000744,STR-001,CSH-005,CUST-00744,2026-09-08 10:39:19,QRIS,15500.0,1,True
TRX-20260908-000745,STR-001,CSH-003,CUST-00745,2026-09-08 10:57:37,QRIS,17000.0,2,True
TRX-20260908-000746,STR-001,CSH-001,CUST-00746,2026-09-08 11:24:20,QRIS,84000.0,4,False
TRX-20260908-000747,STR-001,CSH-001,CUST-GUEST,2026-09-08 11:45:31,QRIS,545700.0,19,True
TRX-20260908-000748,STR-001,CSH-005,CUST-00748,2026-09-08 11:26:27,CREDIT,22300.0,2,False
TRX-20260908-000749,STR-001,CSH-003,CUST-GUEST,2026-09-08 11:57:24,QRIS,59000.0,3,True
TRX-20260908-000750,STR-001,CSH-005,CUST-00750,2026-09-08 12:14:54,QRIS,74800.0,5,True
TRX-20260908-000751,STR-001,CSH-005,CUST-00751,2026-09-08 12:42:55,DEBIT,74100.0,4,True
TRX-20260908-000752,STR-001,CSH-001,CUST-00752,2026-09-08 12:30:01,QRIS,25500.0,2,False
TRX-20260908-000753,STR-001,CSH-001,CUST-00753,2026-09-08 12:52:57,CREDIT,58000.0,3,False
TRX-20260908-000754,STR-001,CSH-001,CUST-00754,2026-09-08 12:50:27,QRIS,615500.0,14,True
TRX-20260908-000755,STR-001,CSH-001,CUST-00755,2026-09-08 12:24:52,QRIS,4500.0,1,False
TRX-20260908-000756,STR-001,CSH-001,CUST-00756,2026-09-08 12:18:56,CASH,1087500.0,13,True
TRX-20260908-000757,STR-001,CSH-005,CUST-00757,2026-09-08 12:58:26,CASH,129600.0,7,False
TRX-20260908-000758,STR-001,CSH-005,CUST-00758,2026-09-08 12:18:26,QRIS,93100.0,7,True
TRX-20260908-000759,STR-001,CSH-001,CUST-00759,2026-09-08 12:19:19,DEBIT,82900.0,8,True
TRX-20260908-000760,STR-001,CSH-003,CUST-00760,2026-09-08 13:10:22,QRIS,16300.0,2,False
TRX-20260908-000761,STR-001,CSH-003,CUST-00761,2026-09-08 13:53:45,CASH,42000.0,3,False
TRX-20260908-000762,STR-001,CSH-003,CUST-00762,2026-09-08 13:41:57,CREDIT,86400.0,6,True
TRX-20260908-000763,STR-001,CSH-003,CUST-00763,2026-09-08 13:59:04,CASH,1081800.0,15,True
TRX-20260908-000764,STR-001,CSH-003,CUST-GUEST,2026-09-08 13:18:38,QRIS,54500.0,5,True
TRX-20260908-000765,STR-001,CSH-005,CUST-00765,2026-09-08 13:08:22,CASH,85000.0,4,False
TRX-20260908-000766,STR-001,CSH-003,CUST-00766,2026-09-08 13:39:42,CASH,25300.0,2,False
TRX-20260908-000767,STR-001,CSH-005,CUST-00767,2026-09-08 13:40:51,QRIS,66400.0,7,True
TRX-20260908-000768,STR-001,CSH-005,CUST-00768,2026-09-08 13:49:10,QRIS,15500.0,1,False
TRX-20260908-000769,STR-001,CSH-005,CUST-GUEST,2026-09-08 13:41:31,QRIS,455900.0,10,True
TRX-20260908-000770,STR-001,CSH-003,CUST-00770,2026-09-08 14:30:43,CASH,369000.0,12,True
TRX-20260908-000771,STR-001,CSH-003,CUST-00771,2026-09-08 14:19:08,CASH,25500.0,2,False
TRX-20260908-000772,STR-001,CSH-005,CUST-00772,2026-09-08 14:34:26,QRIS,92600.0,6,True
TRX-20260908-000773,STR-001,CSH-001,CUST-00773,2026-09-08 14:40:00,CASH,906400.0,24,True
TRX-20260908-000774,STR-001,CSH-005,CUST-00774,2026-09-08 14:54:35,QRIS,781800.0,18,False
TRX-20260908-000775,STR-001,CSH-005,CUST-00775,2026-09-08 14:05:19,QRIS,697900.0,16,True
TRX-20260908-000776,STR-001,CSH-001,CUST-00776,2026-09-08 14:57:12,CREDIT,24000.0,3,False
TRX-20260908-000777,STR-001,CSH-005,CUST-00777,2026-09-08 14:36:59,QRIS,70800.0,5,True
TRX-20260908-000778,STR-001,CSH-004,CUST-00778,2026-09-08 15:28:38,QRIS,15500.0,1,False
TRX-20260908-000779,STR-001,CSH-002,CUST-00779,2026-09-08 15:22:30,DEBIT,68000.0,5,False
TRX-20260908-000780,STR-001,CSH-006,CUST-00780,2026-09-08 15:26:26,QRIS,77300.0,6,False
TRX-20260908-000781,STR-001,CSH-002,CUST-00781,2026-09-08 15:10:18,DEBIT,754300.0,18,False
TRX-20260908-000782,STR-001,CSH-004,CUST-00782,2026-09-08 15:07:06,CASH,49000.0,3,True
TRX-20260908-000783,STR-001,CSH-004,CUST-00783,2026-09-08 15:32:41,CASH,17000.0,2,True
TRX-20260908-000784,STR-001,CSH-002,CUST-00784,2026-09-08 15:47:17,CASH,34000.0,2,False
TRX-20260908-000785,STR-001,CSH-006,CUST-00785,2026-09-08 15:07:39,CASH,40500.0,3,False
TRX-20260908-000786,STR-001,CSH-002,CUST-00786,2026-09-08 16:15:27,DEBIT,319000.0,11,False
TRX-20260908-000787,STR-001,CSH-004,CUST-GUEST,2026-09-08 16:40:12,QRIS,363000.0,11,True
TRX-20260908-000788,STR-001,CSH-006,CUST-GUEST,2026-09-08 16:08:49,QRIS,58600.0,7,True
TRX-20260908-000789,STR-001,CSH-002,CUST-00789,2026-09-08 16:48:56,DEBIT,43500.0,2,False
TRX-20260908-000790,STR-001,CSH-006,CUST-00790,2026-09-08 16:44:42,CASH,447500.0,13,False
TRX-20260908-000791,STR-001,CSH-002,CUST-00791,2026-09-08 16:48:59,QRIS,88600.0,7,True
TRX-20260908-000792,STR-001,CSH-004,CUST-00792,2026-09-08 16:50:14,QRIS,15500.0,1,False
TRX-20260908-000793,STR-001,CSH-006,CUST-00793,2026-09-08 17:02:00,DEBIT,63600.0,5,False
TRX-20260908-000794,STR-001,CSH-002,CUST-00794,2026-09-08 17:27:22,QRIS,1040900.0,17,False
TRX-20260908-000795,STR-001,CSH-002,CUST-00795,2026-09-08 17:26:54,CASH,19500.0,1,False
TRX-20260908-000796,STR-001,CSH-002,CUST-00796,2026-09-08 17:53:36,CASH,0,0,True
TRX-20260908-000797,STR-001,CSH-002,CUST-00797,2026-09-08 17:15:09,DEBIT,377900.0,9,True
TRX-20260908-000798,STR-001,CSH-006,CUST-00798,2026-09-08 17:28:27,QRIS,86000.0,5,False
TRX-20260908-000799,STR-001,CSH-004,CUST-00799,2026-09-08 17:56:33,CREDIT,23500.0,2,False
TRX-20260908-000800,STR-001,CSH-006,CUST-00800,2026-09-08 17:35:15,CASH,12500.0,1,False
TRX-20260908-000801,STR-001,CSH-004,CUST-00801,2026-09-08 17:30:36,CASH,23400.0,3,True
TRX-20260908-000802,STR-001,CSH-002,CUST-00802,2026-09-08 17:35:21,QRIS,38000.0,4,False
TRX-20260908-000803,STR-001,CSH-002,CUST-00803,2026-09-08 17:03:18,CASH,88700.0,7,False
TRX-20260908-000804,STR-001,CSH-004,CUST-00804,2026-09-08 17:18:11,DEBIT,401400.0,11,True
TRX-20260908-000805,STR-001,CSH-004,CUST-00805,2026-09-08 17:49:16,QRIS,3800.0,1,True
TRX-20260908-000806,STR-001,CSH-006,CUST-00806,2026-09-08 18:26:37,CASH,29500.0,3,False
TRX-20260908-000807,STR-001,CSH-006,CUST-00807,2026-09-08 18:16:43,QRIS,15500.0,2,False
TRX-20260908-000808,STR-001,CSH-006,CUST-GUEST,2026-09-08 18:40:51,CREDIT,550200.0,18,True
TRX-20260908-000809,STR-001,CSH-004,CUST-00809,2026-09-08 18:32:38,QRIS,88500.0,7,False
TRX-20260908-000810,STR-001,CSH-002,CUST-00810,2026-09-08 18:54:29,CASH,437500.0,11,True
TRX-20260908-000811,STR-001,CSH-006,CUST-00811,2026-09-08 18:43:44,CREDIT,69000.0,3,True
TRX-20260908-000812,STR-001,CSH-002,CUST-00812,2026-09-08 18:55:46,CASH,1069500.0,20,True
TRX-20260908-000813,STR-001,CSH-006,CUST-00813,2026-09-08 18:30:42,QRIS,8000.0,1,False
TRX-20260908-000814,STR-001,CSH-004,CUST-00814,2026-09-08 18:59:16,QRIS,97800.0,6,False
TRX-20260908-000815,STR-001,CSH-006,CUST-00815,2026-09-08 19:29:01,QRIS,66900.0,5,True
TRX-20260908-000816,STR-001,CSH-004,CUST-00816,2026-09-08 19:44:02,QRIS,16300.0,2,True
TRX-20260908-000817,STR-001,CSH-004,CUST-GUEST,2026-09-08 19:58:55,CASH,116800.0,8,True
TRX-20260908-000818,STR-001,CSH-004,CUST-00818,2026-09-08 19:27:33,QRIS,26000.0,2,False
TRX-20260908-000819,STR-001,CSH-006,CUST-00819,2026-09-08 19:42:12,DEBIT,116700.0,8,True
TRX-20260908-000820,STR-001,CSH-002,CUST-00820,2026-09-08 20:08:07,QRIS,12000.0,2,False
TRX-20260908-000821,STR-001,CSH-006,CUST-00821,2026-09-08 20:10:58,QRIS,66000.0,5,False
TRX-20260908-000822,STR-001,CSH-004,CUST-00822,2026-09-08 20:58:20,QRIS,81800.0,6,False
TRX-20260908-000823,STR-001,CSH-002,CUST-00823,2026-09-08 20:17:45,CASH,48500.0,3,False
TRX-20260908-000824,STR-001,CSH-006,CUST-GUEST,2026-09-08 20:02:35,QRIS,641900.0,17,True
TRX-20260908-000825,STR-001,CSH-002,CUST-00825,2026-09-08 21:05:27,QRIS,18500.0,2,False
TRX-20260908-000826,STR-001,CSH-006,CUST-00826,2026-09-08 21:06:04,DEBIT,66000.0,3,True
TRX-20260909-000827,STR-001,CSH-003,CUST-00827,2026-09-09 08:43:45,QRIS,32500.0,3,False
TRX-20260909-000828,STR-001,CSH-003,CUST-GUEST,2026-09-09 08:01:52,QRIS,116200.0,7,True
TRX-20260909-000829,STR-001,CSH-005,CUST-00829,2026-09-09 08:11:29,QRIS,24000.0,1,False
TRX-20260909-000830,STR-001,CSH-003,CUST-00830,2026-09-09 08:09:02,QRIS,3800.0,1,False
TRX-20260909-000831,STR-001,CSH-005,CUST-00831,2026-09-09 09:40:31,QRIS,297300.0,10,False
TRX-20260909-000832,STR-001,CSH-001,CUST-00832,2026-09-09 09:39:10,QRIS,55500.0,3,False
TRX-20260909-000833,STR-001,CSH-005,CUST-00833,2026-09-09 10:46:13,DEBIT,37500.0,4,False
TRX-20260909-000834,STR-001,CSH-005,CUST-00834,2026-09-09 10:04:12,QRIS,55000.0,5,False
TRX-20260909-000835,STR-001,CSH-003,CUST-00835,2026-09-09 10:54:46,CASH,11300.0,2,False
TRX-20260909-000836,STR-001,CSH-003,CUST-00836,2026-09-09 10:54:35,QRIS,47000.0,3,True
TRX-20260909-000837,STR-001,CSH-001,CUST-GUEST,2026-09-09 11:48:33,CASH,99500.0,6,True
TRX-20260909-000838,STR-001,CSH-005,CUST-00838,2026-09-09 11:12:15,CASH,33000.0,2,False
TRX-20260909-000839,STR-001,CSH-001,CUST-00839,2026-09-09 11:16:03,QRIS,19500.0,1,False
TRX-20260909-000840,STR-001,CSH-005,CUST-00840,2026-09-09 11:16:10,CREDIT,638500.0,11,True
TRX-20260909-000841,STR-001,CSH-003,CUST-00841,2026-09-09 11:22:23,QRIS,30800.0,3,False
TRX-20260909-000842,STR-001,CSH-003,CUST-00842,2026-09-09 11:56:40,QRIS,35500.0,2,False
TRX-20260909-000843,STR-001,CSH-001,CUST-00843,2026-09-09 11:45:53,QRIS,95500.0,7,True
TRX-20260909-000844,STR-001,CSH-005,CUST-00844,2026-09-09 11:25:34,DEBIT,111800.0,7,True
TRX-20260909-000845,STR-001,CSH-003,CUST-GUEST,2026-09-09 12:59:06,CREDIT,21500.0,1,True
TRX-20260909-000846,STR-001,CSH-001,CUST-00846,2026-09-09 12:08:03,QRIS,88600.0,7,True
TRX-20260909-000847,STR-001,CSH-005,CUST-00847,2026-09-09 12:24:51,QRIS,12500.0,1,True
TRX-20260909-000848,STR-001,CSH-001,CUST-00848,2026-09-09 12:22:33,CASH,370900.0,12,True
TRX-20260909-000849,STR-001,CSH-003,CUST-00849,2026-09-09 12:24:50,CASH,69900.0,6,True
TRX-20260909-000850,STR-001,CSH-003,CUST-00850,2026-09-09 12:24:32,QRIS,4000.0,1,False
TRX-20260909-000851,STR-001,CSH-005,CUST-00851,2026-09-09 12:28:49,CREDIT,24500.0,2,False
TRX-20260909-000852,STR-001,CSH-003,CUST-00852,2026-09-09 12:47:14,QRIS,109700.0,9,False
TRX-20260909-000853,STR-001,CSH-001,CUST-00853,2026-09-09 12:53:52,QRIS,475800.0,12,False
TRX-20260909-000854,STR-001,CSH-001,CUST-00854,2026-09-09 12:25:11,CASH,11500.0,1,False
TRX-20260909-000855,STR-001,CSH-005,CUST-00855,2026-09-09 12:08:32,QRIS,56100.0,3,False
TRX-20260909-000856,STR-001,CSH-001,CUST-00856,2026-09-09 12:57:57,QRIS,34800.0,2,True
TRX-20260909-000857,STR-001,CSH-003,CUST-00857,2026-09-09 12:23:28,QRIS,31000.0,1,False
TRX-20260909-000858,STR-001,CSH-001,CUST-00858,2026-09-09 13:20:22,CREDIT,23500.0,3,False
TRX-20260909-000859,STR-001,CSH-001,CUST-00859,2026-09-09 13:01:04,DEBIT,123000.0,6,True
TRX-20260909-000860,STR-001,CSH-005,CUST-00860,2026-09-09 13:52:52,CREDIT,37800.0,3,True
TRX-20260909-000861,STR-001,CSH-005,CUST-00861,2026-09-09 13:20:32,CASH,301000.0,9,True
TRX-20260909-000862,STR-001,CSH-003,CUST-00862,2026-09-09 13:06:57,DEBIT,41300.0,4,False
TRX-20260909-000863,STR-001,CSH-001,CUST-00863,2026-09-09 13:04:35,DEBIT,41300.0,4,True
TRX-20260909-000864,STR-001,CSH-003,CUST-00864,2026-09-09 13:42:36,QRIS,78300.0,6,True
TRX-20260909-000865,STR-001,CSH-003,CUST-00865,2026-09-09 13:14:00,CASH,137000.0,9,True
TRX-20260909-000866,STR-001,CSH-005,CUST-GUEST,2026-09-09 13:50:18,DEBIT,56500.0,5,True
TRX-20260909-000867,STR-001,CSH-001,CUST-GUEST,2026-09-09 13:48:39,QRIS,57100.0,4,True
TRX-20260909-000868,STR-001,CSH-001,CUST-00868,2026-09-09 14:45:59,QRIS,644400.0,13,True
TRX-20260909-000869,STR-001,CSH-003,CUST-00869,2026-09-09 14:48:44,QRIS,16500.0,1,False
TRX-20260909-000870,STR-001,CSH-003,CUST-00870,2026-09-09 14:20:17,CASH,66500.0,3,True
TRX-20260909-000871,STR-001,CSH-005,CUST-00871,2026-09-09 14:08:34,QRIS,636800.0,15,False
TRX-20260909-000872,STR-001,CSH-001,CUST-00872,2026-09-09 14:50:52,DEBIT,21500.0,1,False
TRX-20260909-000873,STR-001,CSH-003,CUST-00873,2026-09-09 14:34:46,CASH,517700.0,15,False
TRX-20260909-000874,STR-001,CSH-006,CUST-00874,2026-09-09 15:09:13,CASH,104000.0,8,True
TRX-20260909-000875,STR-001,CSH-006,CUST-00875,2026-09-09 15:33:37,CASH,20500.0,2,False
TRX-20260909-000876,STR-001,CSH-004,CUST-00876,2026-09-09 15:46:38,CASH,119000.0,4,False
TRX-20260909-000877,STR-001,CSH-006,CUST-00877,2026-09-09 15:31:34,DEBIT,41800.0,3,False
TRX-20260909-000878,STR-001,CSH-002,CUST-00878,2026-09-09 15:14:09,CASH,489000.0,10,True
TRX-20260909-000879,STR-001,CSH-006,CUST-00879,2026-09-09 15:12:54,CREDIT,79500.0,5,False
TRX-20260909-000880,STR-001,CSH-002,CUST-00880,2026-09-09 16:58:32,QRIS,1139500.0,22,False
TRX-20260909-000881,STR-001,CSH-002,CUST-00881,2026-09-09 16:38:56,QRIS,329700.0,10,False
TRX-20260909-000882,STR-001,CSH-004,CUST-00882,2026-09-09 16:04:42,CASH,589000.0,11,False
TRX-20260909-000883,STR-001,CSH-004,CUST-00883,2026-09-09 16:53:47,QRIS,81600.0,7,False
TRX-20260909-000884,STR-001,CSH-002,CUST-00884,2026-09-09 16:09:38,DEBIT,12500.0,1,False
TRX-20260909-000885,STR-001,CSH-006,CUST-00885,2026-09-09 16:05:16,CREDIT,3800.0,1,False
TRX-20260909-000886,STR-001,CSH-006,CUST-00886,2026-09-09 16:10:27,QRIS,286000.0,9,True
TRX-20260909-000887,STR-001,CSH-006,CUST-00887,2026-09-09 17:45:46,QRIS,640800.0,19,False
TRX-20260909-000888,STR-001,CSH-002,CUST-00888,2026-09-09 17:06:00,QRIS,151100.0,6,False
TRX-20260909-000889,STR-001,CSH-006,CUST-00889,2026-09-09 17:33:53,QRIS,31500.0,3,True
TRX-20260909-000890,STR-001,CSH-002,CUST-00890,2026-09-09 17:11:54,DEBIT,0,0,True
TRX-20260909-000891,STR-001,CSH-006,CUST-00891,2026-09-09 17:29:48,DEBIT,1145800.0,21,False
TRX-20260909-000892,STR-001,CSH-002,CUST-00892,2026-09-09 17:34:01,CREDIT,813500.0,19,False
TRX-20260909-000893,STR-001,CSH-006,CUST-00893,2026-09-09 17:41:21,DEBIT,130000.0,4,False
TRX-20260909-000894,STR-001,CSH-006,CUST-00894,2026-09-09 17:18:00,CASH,276700.0,12,False
TRX-20260909-000895,STR-001,CSH-004,CUST-00895,2026-09-09 17:09:17,CASH,16500.0,1,True
TRX-20260909-000896,STR-001,CSH-002,CUST-00896,2026-09-09 17:38:48,CASH,66300.0,5,True
TRX-20260909-000897,STR-001,CSH-004,CUST-00897,2026-09-09 18:08:06,QRIS,56500.0,3,False
TRX-20260909-000898,STR-001,CSH-004,CUST-00898,2026-09-09 18:37:27,DEBIT,106400.0,8,True
TRX-20260909-000899,STR-001,CSH-002,CUST-GUEST,2026-09-09 18:58:30,CREDIT,62000.0,4,True
TRX-20260909-000900,STR-001,CSH-002,CUST-00900,2026-09-09 18:53:43,QRIS,32500.0,3,False
TRX-20260909-000901,STR-001,CSH-006,CUST-00901,2026-09-09 18:39:57,QRIS,0,0,True
TRX-20260909-000902,STR-001,CSH-002,CUST-00902,2026-09-09 18:39:31,CASH,28500.0,2,True
TRX-20260909-000903,STR-001,CSH-002,CUST-00903,2026-09-09 19:16:18,CREDIT,68300.0,4,True
TRX-20260909-000904,STR-001,CSH-002,CUST-00904,2026-09-09 19:11:50,QRIS,38000.0,2,False
TRX-20260909-000905,STR-001,CSH-002,CUST-00905,2026-09-09 19:08:11,CASH,4500.0,1,False
TRX-20260909-000906,STR-001,CSH-002,CUST-00906,2026-09-09 19:31:58,CASH,50500.0,4,False
TRX-20260909-000907,STR-001,CSH-002,CUST-00907,2026-09-09 19:42:44,QRIS,526800.0,18,False
TRX-20260909-000908,STR-001,CSH-002,CUST-00908,2026-09-09 19:02:16,QRIS,112000.0,5,False
TRX-20260909-000909,STR-001,CSH-002,CUST-00909,2026-09-09 19:43:11,DEBIT,79500.0,5,True
TRX-20260909-000910,STR-001,CSH-004,CUST-00910,2026-09-09 19:28:45,DEBIT,571500.0,17,False
TRX-20260909-000911,STR-001,CSH-006,CUST-00911,2026-09-09 20:56:44,QRIS,27000.0,2,False
TRX-20260909-000912,STR-001,CSH-004,CUST-GUEST,2026-09-09 20:26:00,CASH,54700.0,8,True
TRX-20260909-000913,STR-001,CSH-002,CUST-GUEST,2026-09-09 20:51:46,CASH,878500.0,11,True
TRX-20260909-000914,STR-001,CSH-006,CUST-00914,2026-09-09 21:01:19,CASH,489900.0,12,True
TRX-20260909-000915,STR-001,CSH-006,CUST-GUEST,2026-09-09 21:02:31,DEBIT,368400.0,14,True
TRX-20260909-000916,STR-001,CSH-006,CUST-00916,2026-09-09 21:23:10,QRIS,7500.0,1,False
TRX-20260910-000917,STR-001,CSH-003,CUST-00917,2026-09-10 08:12:42,QRIS,404500.0,13,False
TRX-20260910-000918,STR-001,CSH-003,CUST-00918,2026-09-10 08:24:29,CASH,392700.0,15,False
TRX-20260910-000919,STR-001,CSH-001,CUST-GUEST,2026-09-10 08:52:00,QRIS,104500.0,8,True
TRX-20260910-000920,STR-001,CSH-001,CUST-00920,2026-09-10 08:34:57,CASH,1036000.0,22,True
TRX-20260910-000921,STR-001,CSH-001,CUST-00921,2026-09-10 09:15:09,DEBIT,64500.0,5,True
TRX-20260910-000922,STR-001,CSH-003,CUST-00922,2026-09-10 10:08:16,QRIS,62100.0,4,False
TRX-20260910-000923,STR-001,CSH-003,CUST-00923,2026-09-10 11:33:02,QRIS,40000.0,3,False
TRX-20260910-000924,STR-001,CSH-001,CUST-00924,2026-09-10 11:44:21,QRIS,54000.0,4,True
TRX-20260910-000925,STR-001,CSH-003,CUST-00925,2026-09-10 11:02:49,QRIS,170000.0,8,False
TRX-20260910-000926,STR-001,CSH-003,CUST-00926,2026-09-10 11:48:14,DEBIT,3800.0,1,False
TRX-20260910-000927,STR-001,CSH-001,CUST-00927,2026-09-10 11:24:23,CASH,54500.0,3,False
TRX-20260910-000928,STR-001,CSH-001,CUST-00928,2026-09-10 11:29:36,QRIS,41800.0,4,False
TRX-20260910-000929,STR-001,CSH-005,CUST-00929,2026-09-10 11:42:13,CREDIT,3800.0,1,True
TRX-20260910-000930,STR-001,CSH-001,CUST-00930,2026-09-10 11:16:29,QRIS,256000.0,11,False
TRX-20260910-000931,STR-001,CSH-001,CUST-00931,2026-09-10 11:16:45,QRIS,119800.0,7,True
TRX-20260910-000932,STR-001,CSH-005,CUST-00932,2026-09-10 12:13:55,QRIS,32000.0,3,True
TRX-20260910-000933,STR-001,CSH-001,CUST-00933,2026-09-10 12:49:57,QRIS,25300.0,2,False
TRX-20260910-000934,STR-001,CSH-001,CUST-00934,2026-09-10 12:37:00,CASH,31000.0,1,False
TRX-20260910-000935,STR-001,CSH-005,CUST-00935,2026-09-10 12:37:09,CREDIT,68600.0,6,True
TRX-20260910-000936,STR-001,CSH-005,CUST-00936,2026-09-10 12:07:44,CREDIT,31500.0,2,False
TRX-20260910-000937,STR-001,CSH-005,CUST-00937,2026-09-10 12:34:04,DEBIT,839100.0,20,True
TRX-20260910-000938,STR-001,CSH-001,CUST-00938,2026-09-10 12:03:34,CASH,27500.0,3,False
TRX-20260910-000939,STR-001,CSH-001,CUST-00939,2026-09-10 12:00:59,CREDIT,32000.0,2,False
TRX-20260910-000940,STR-001,CSH-001,CUST-00940,2026-09-10 12:22:28,QRIS,23000.0,3,False
TRX-20260910-000941,STR-001,CSH-005,CUST-00941,2026-09-10 12:23:54,DEBIT,22500.0,2,False
TRX-20260910-000942,STR-001,CSH-001,CUST-00942,2026-09-10 12:18:10,QRIS,126100.0,7,True
TRX-20260910-000943,STR-001,CSH-005,CUST-GUEST,2026-09-10 12:06:16,CASH,852900.0,18,True
TRX-20260910-000944,STR-001,CSH-003,CUST-00944,2026-09-10 12:25:56,CREDIT,952500.0,18,True
TRX-20260910-000945,STR-001,CSH-003,CUST-00945,2026-09-10 12:19:03,QRIS,25300.0,2,False
TRX-20260910-000946,STR-001,CSH-005,CUST-00946,2026-09-10 13:44:42,CASH,23000.0,3,False
TRX-20260910-000947,STR-001,CSH-001,CUST-00947,2026-09-10 13:32:53,QRIS,643000.0,15,False
TRX-20260910-000948,STR-001,CSH-003,CUST-00948,2026-09-10 13:52:00,QRIS,13800.0,2,False
TRX-20260910-000949,STR-001,CSH-001,CUST-00949,2026-09-10 13:57:07,QRIS,586500.0,11,False
TRX-20260910-000950,STR-001,CSH-003,CUST-00950,2026-09-10 13:59:24,QRIS,125100.0,8,True
TRX-20260910-000951,STR-001,CSH-001,CUST-00951,2026-09-10 13:07:56,CASH,971900.0,13,False
TRX-20260910-000952,STR-001,CSH-003,CUST-GUEST,2026-09-10 13:18:55,CASH,15500.0,2,True
TRX-20260910-000953,STR-001,CSH-005,CUST-00953,2026-09-10 13:41:26,DEBIT,84600.0,6,True
TRX-20260910-000954,STR-001,CSH-005,CUST-00954,2026-09-10 13:41:31,DEBIT,79000.0,6,True
TRX-20260910-000955,STR-001,CSH-005,CUST-00955,2026-09-10 13:12:46,QRIS,720400.0,18,True
TRX-20260910-000956,STR-001,CSH-003,CUST-00956,2026-09-10 14:18:34,QRIS,33000.0,2,False
TRX-20260910-000957,STR-001,CSH-005,CUST-00957,2026-09-10 14:17:08,CASH,45000.0,3,False
TRX-20260910-000958,STR-001,CSH-001,CUST-00958,2026-09-10 14:23:41,CASH,61500.0,5,False
TRX-20260910-000959,STR-001,CSH-005,CUST-00959,2026-09-10 14:01:36,DEBIT,103800.0,9,True
TRX-20260910-000960,STR-001,CSH-003,CUST-00960,2026-09-10 14:16:02,QRIS,12500.0,1,False
TRX-20260910-000961,STR-001,CSH-003,CUST-00961,2026-09-10 14:47:15,QRIS,28000.0,3,False
TRX-20260910-000962,STR-001,CSH-002,CUST-00962,2026-09-10 15:06:22,QRIS,53900.0,4,False
TRX-20260910-000963,STR-001,CSH-002,CUST-00963,2026-09-10 15:24:29,QRIS,116300.0,5,False
TRX-20260910-000964,STR-001,CSH-002,CUST-00964,2026-09-10 15:47:57,DEBIT,134800.0,8,True
TRX-20260910-000965,STR-001,CSH-002,CUST-00965,2026-09-10 16:40:59,QRIS,39900.0,4,False
TRX-20260910-000966,STR-001,CSH-006,CUST-00966,2026-09-10 16:13:27,CASH,61000.0,5,False
TRX-20260910-000967,STR-001,CSH-004,CUST-00967,2026-09-10 16:35:30,QRIS,12500.0,1,False
TRX-20260910-000968,STR-001,CSH-006,CUST-00968,2026-09-10 16:04:07,CREDIT,52500.0,4,False
TRX-20260910-000969,STR-001,CSH-002,CUST-00969,2026-09-10 16:20:18,QRIS,82200.0,8,False
TRX-20260910-000970,STR-001,CSH-006,CUST-00970,2026-09-10 16:10:44,QRIS,26000.0,2,False
TRX-20260910-000971,STR-001,CSH-002,CUST-00971,2026-09-10 17:30:22,QRIS,54500.0,3,False
TRX-20260910-000972,STR-001,CSH-002,CUST-GUEST,2026-09-10 17:54:05,CASH,604500.0,14,True
TRX-20260910-000973,STR-001,CSH-004,CUST-00973,2026-09-10 17:29:27,QRIS,93100.0,5,True
TRX-20260910-000974,STR-001,CSH-006,CUST-00974,2026-09-10 17:36:51,CASH,39500.0,2,False
TRX-20260910-000975,STR-001,CSH-006,CUST-00975,2026-09-10 17:45:48,QRIS,879900.0,20,False
TRX-20260910-000976,STR-001,CSH-004,CUST-00976,2026-09-10 17:56:10,QRIS,680000.0,17,True
TRX-20260910-000977,STR-001,CSH-006,CUST-00977,2026-09-10 17:16:36,CASH,17900.0,3,False
TRX-20260910-000978,STR-001,CSH-002,CUST-00978,2026-09-10 17:10:06,DEBIT,625800.0,16,False
TRX-20260910-000979,STR-001,CSH-006,CUST-00979,2026-09-10 17:35:03,QRIS,45500.0,4,True
TRX-20260910-000980,STR-001,CSH-004,CUST-00980,2026-09-10 17:32:26,CASH,675500.0,12,True
TRX-20260910-000981,STR-001,CSH-006,CUST-00981,2026-09-10 17:21:08,CASH,38800.0,3,False
TRX-20260910-000982,STR-001,CSH-004,CUST-00982,2026-09-10 17:35:13,QRIS,24300.0,3,False
TRX-20260910-000983,STR-001,CSH-006,CUST-00983,2026-09-10 17:17:33,CREDIT,0,0,True
TRX-20260910-000984,STR-001,CSH-002,CUST-00984,2026-09-10 18:27:22,CASH,22300.0,2,False
TRX-20260910-000985,STR-001,CSH-002,CUST-00985,2026-09-10 18:35:27,DEBIT,19000.0,2,True
TRX-20260910-000986,STR-001,CSH-004,CUST-00986,2026-09-10 18:30:45,QRIS,26000.0,2,False
TRX-20260910-000987,STR-001,CSH-004,CUST-00987,2026-09-10 18:03:03,CASH,108000.0,5,False
TRX-20260910-000988,STR-001,CSH-002,CUST-00988,2026-09-10 18:44:54,DEBIT,236000.0,8,True
TRX-20260910-000989,STR-001,CSH-004,CUST-00989,2026-09-10 18:49:32,CASH,278300.0,8,True
TRX-20260910-000990,STR-001,CSH-004,CUST-00990,2026-09-10 18:58:28,DEBIT,91000.0,2,True
TRX-20260910-000991,STR-001,CSH-002,CUST-00991,2026-09-10 18:41:11,CREDIT,89600.0,4,True
TRX-20260910-000992,STR-001,CSH-006,CUST-GUEST,2026-09-10 18:18:29,QRIS,47100.0,3,True
TRX-20260910-000993,STR-001,CSH-002,CUST-00993,2026-09-10 18:51:48,QRIS,15500.0,1,False
TRX-20260910-000994,STR-001,CSH-004,CUST-00994,2026-09-10 18:04:02,QRIS,19500.0,1,True
TRX-20260910-000995,STR-001,CSH-002,CUST-00995,2026-09-10 18:37:03,QRIS,49300.0,3,False
TRX-20260910-000996,STR-001,CSH-004,CUST-00996,2026-09-10 18:01:16,QRIS,88600.0,8,False
TRX-20260910-000997,STR-001,CSH-006,CUST-00997,2026-09-10 18:46:59,CASH,69500.0,4,False
TRX-20260910-000998,STR-001,CSH-002,CUST-GUEST,2026-09-10 19:11:47,CASH,117100.0,8,True
TRX-20260910-000999,STR-001,CSH-002,CUST-00999,2026-09-10 19:52:21,CASH,27000.0,3,False
TRX-20260910-001000,STR-001,CSH-002,CUST-01000,2026-09-10 19:57:44,QRIS,88200.0,6,False
TRX-20260910-001001,STR-001,CSH-002,CUST-01001,2026-09-10 19:05:59,QRIS,99600.0,6,False
TRX-20260910-001002,STR-001,CSH-006,CUST-01002,2026-09-10 19:48:20,CASH,25500.0,2,False
TRX-20260910-001003,STR-001,CSH-006,CUST-01003,2026-09-10 20:16:30,DEBIT,24000.0,2,False
TRX-20260910-001004,STR-001,CSH-006,CUST-01004,2026-09-10 20:03:51,DEBIT,26000.0,2,False
TRX-20260910-001005,STR-001,CSH-002,CUST-01005,2026-09-10 21:02:13,QRIS,50900.0,5,False
TRX-20260910-001006,STR-001,CSH-004,CUST-01006,2026-09-10 21:27:42,QRIS,69600.0,5,False
TRX-20260911-001007,STR-001,CSH-001,CUST-01007,2026-09-11 08:16:58,CASH,37000.0,3,False
TRX-20260911-001008,STR-001,CSH-001,CUST-01008,2026-09-11 09:37:39,QRIS,4000.0,1,False
TRX-20260911-001009,STR-001,CSH-005,CUST-01009,2026-09-11 09:51:59,DEBIT,73600.0,7,True
TRX-20260911-001010,STR-001,CSH-005,CUST-01010,2026-09-11 10:24:53,QRIS,17000.0,1,False
TRX-20260911-001011,STR-001,CSH-005,CUST-01011,2026-09-11 10:24:02,CREDIT,53000.0,3,False
TRX-20260911-001012,STR-001,CSH-001,CUST-01012,2026-09-11 10:14:35,QRIS,53000.0,4,True
TRX-20260911-001013,STR-001,CSH-001,CUST-01013,2026-09-11 10:27:06,QRIS,28000.0,2,False
TRX-20260911-001014,STR-001,CSH-005,CUST-01014,2026-09-11 11:48:15,QRIS,32500.0,2,False
TRX-20260911-001015,STR-001,CSH-003,CUST-01015,2026-09-11 11:32:39,DEBIT,71800.0,7,True
TRX-20260911-001016,STR-001,CSH-003,CUST-01016,2026-09-11 11:15:09,QRIS,67300.0,6,True
TRX-20260911-001017,STR-001,CSH-005,CUST-01017,2026-09-11 11:00:58,CASH,9800.0,1,False
TRX-20260911-001018,STR-001,CSH-005,CUST-01018,2026-09-11 11:37:31,CREDIT,28000.0,2,True
TRX-20260911-001019,STR-001,CSH-001,CUST-01019,2026-09-11 11:51:32,QRIS,749600.0,17,True
TRX-20260911-001020,STR-001,CSH-001,CUST-01020,2026-09-11 11:19:18,QRIS,24000.0,1,False
TRX-20260911-001021,STR-001,CSH-001,CUST-01021,2026-09-11 11:46:48,CREDIT,16500.0,1,True
TRX-20260911-001022,STR-001,CSH-001,CUST-01022,2026-09-11 11:01:37,DEBIT,72800.0,8,False
TRX-20260911-001023,STR-001,CSH-003,CUST-01023,2026-09-11 11:14:49,CASH,54800.0,5,False
TRX-20260911-001024,STR-001,CSH-005,CUST-01024,2026-09-11 11:00:22,CREDIT,88100.0,6,False
TRX-20260911-001025,STR-001,CSH-005,CUST-01025,2026-09-11 11:11:30,DEBIT,34500.0,3,False
TRX-20260911-001026,STR-001,CSH-001,CUST-01026,2026-09-11 11:19:42,CASH,55900.0,6,False
TRX-20260911-001027,STR-001,CSH-001,CUST-01027,2026-09-11 11:40:13,CASH,551900.0,12,True
TRX-20260911-001028,STR-001,CSH-003,CUST-01028,2026-09-11 12:00:18,DEBIT,54700.0,6,True
TRX-20260911-001029,STR-001,CSH-003,CUST-01029,2026-09-11 12:21:08,DEBIT,88400.0,6,True
TRX-20260911-001030,STR-001,CSH-005,CUST-GUEST,2026-09-11 12:53:26,QRIS,516000.0,11,True
TRX-20260911-001031,STR-001,CSH-001,CUST-GUEST,2026-09-11 12:47:41,CREDIT,57300.0,3,True
TRX-20260911-001032,STR-001,CSH-003,CUST-01032,2026-09-11 12:33:46,CREDIT,376200.0,13,True
TRX-20260911-001033,STR-001,CSH-003,CUST-01033,2026-09-11 12:15:26,QRIS,95000.0,5,False
TRX-20260911-001034,STR-001,CSH-001,CUST-01034,2026-09-11 12:27:42,CASH,441100.0,11,True
TRX-20260911-001035,STR-001,CSH-003,CUST-01035,2026-09-11 12:14:53,DEBIT,42000.0,3,False
TRX-20260911-001036,STR-001,CSH-003,CUST-01036,2026-09-11 12:10:50,QRIS,103300.0,7,False
TRX-20260911-001037,STR-001,CSH-001,CUST-01037,2026-09-11 13:48:52,CREDIT,43000.0,3,True
TRX-20260911-001038,STR-001,CSH-005,CUST-01038,2026-09-11 13:43:36,QRIS,105700.0,8,False
TRX-20260911-001039,STR-001,CSH-001,CUST-01039,2026-09-11 13:17:20,QRIS,701000.0,15,True
TRX-20260911-001040,STR-001,CSH-003,CUST-01040,2026-09-11 13:35:37,CASH,62000.0,5,True
TRX-20260911-001041,STR-001,CSH-005,CUST-01041,2026-09-11 13:04:01,QRIS,113800.0,6,True
TRX-20260911-001042,STR-001,CSH-003,CUST-01042,2026-09-11 13:57:13,CASH,745700.0,19,True
TRX-20260911-001043,STR-001,CSH-005,CUST-01043,2026-09-11 13:08:26,DEBIT,698700.0,17,True
TRX-20260911-001044,STR-001,CSH-003,CUST-01044,2026-09-11 13:53:34,DEBIT,65000.0,6,False
TRX-20260911-001045,STR-001,CSH-001,CUST-01045,2026-09-11 13:09:27,QRIS,173700.0,7,True
TRX-20260911-001046,STR-001,CSH-003,CUST-01046,2026-09-11 13:33:28,QRIS,44900.0,4,True
TRX-20260911-001047,STR-001,CSH-001,CUST-01047,2026-09-11 13:11:38,QRIS,107800.0,7,True
TRX-20260911-001048,STR-001,CSH-003,CUST-01048,2026-09-11 13:24:41,QRIS,664800.0,15,True
TRX-20260911-001049,STR-001,CSH-003,CUST-01049,2026-09-11 14:24:33,CASH,93800.0,8,True
TRX-20260911-001050,STR-001,CSH-001,CUST-01050,2026-09-11 14:14:25,QRIS,108000.0,6,False
TRX-20260911-001051,STR-001,CSH-001,CUST-01051,2026-09-11 14:13:54,QRIS,296800.0,8,False
TRX-20260911-001052,STR-001,CSH-005,CUST-01052,2026-09-11 14:58:41,DEBIT,8000.0,1,False
TRX-20260911-001053,STR-001,CSH-004,CUST-01053,2026-09-11 15:49:03,CASH,38300.0,3,False
TRX-20260911-001054,STR-001,CSH-006,CUST-01054,2026-09-11 15:27:28,QRIS,105200.0,7,True
TRX-20260911-001055,STR-001,CSH-002,CUST-01055,2026-09-11 15:44:35,QRIS,135000.0,7,False
TRX-20260911-001056,STR-001,CSH-002,CUST-01056,2026-09-11 15:49:33,QRIS,7500.0,1,False
TRX-20260911-001057,STR-001,CSH-004,CUST-01057,2026-09-11 15:19:50,QRIS,27000.0,2,True
TRX-20260911-001058,STR-001,CSH-006,CUST-01058,2026-09-11 16:10:18,CREDIT,89800.0,6,False
TRX-20260911-001059,STR-001,CSH-002,CUST-01059,2026-09-11 16:26:31,DEBIT,49500.0,3,False
TRX-20260911-001060,STR-001,CSH-002,CUST-01060,2026-09-11 16:26:14,QRIS,82000.0,7,True
TRX-20260911-001061,STR-001,CSH-006,CUST-01061,2026-09-11 16:37:54,QRIS,124300.0,8,False
TRX-20260911-001062,STR-001,CSH-004,CUST-01062,2026-09-11 17:35:49,DEBIT,578800.0,11,True
TRX-20260911-001063,STR-001,CSH-004,CUST-01063,2026-09-11 17:23:02,QRIS,54300.0,3,False
TRX-20260911-001064,STR-001,CSH-004,CUST-01064,2026-09-11 17:51:41,QRIS,55500.0,3,False
TRX-20260911-001065,STR-001,CSH-006,CUST-01065,2026-09-11 17:09:15,QRIS,68300.0,5,True
TRX-20260911-001066,STR-001,CSH-006,CUST-01066,2026-09-11 17:45:47,QRIS,105200.0,8,False
TRX-20260911-001067,STR-001,CSH-006,CUST-01067,2026-09-11 17:26:14,QRIS,47300.0,4,True
TRX-20260911-001068,STR-001,CSH-004,CUST-01068,2026-09-11 17:25:27,QRIS,32000.0,2,False
TRX-20260911-001069,STR-001,CSH-006,CUST-01069,2026-09-11 17:12:12,QRIS,81200.0,7,True
TRX-20260911-001070,STR-001,CSH-002,CUST-01070,2026-09-11 17:01:33,QRIS,26000.0,2,False
TRX-20260911-001071,STR-001,CSH-004,CUST-01071,2026-09-11 17:47:23,DEBIT,48500.0,3,True
TRX-20260911-001072,STR-001,CSH-006,CUST-01072,2026-09-11 17:44:21,CASH,437200.0,17,False
TRX-20260911-001073,STR-001,CSH-004,CUST-01073,2026-09-11 17:19:25,CREDIT,51500.0,3,True
TRX-20260911-001074,STR-001,CSH-002,CUST-01074,2026-09-11 17:46:30,CASH,28000.0,2,False
TRX-20260911-001075,STR-001,CSH-004,CUST-01075,2026-09-11 18:42:29,CASH,72700.0,7,True
TRX-20260911-001076,STR-001,CSH-002,CUST-01076,2026-09-11 18:59:17,CASH,52500.0,2,False
TRX-20260911-001077,STR-001,CSH-006,CUST-01077,2026-09-11 18:19:12,QRIS,99000.0,7,False
TRX-20260911-001078,STR-001,CSH-002,CUST-GUEST,2026-09-11 18:02:17,CREDIT,378000.0,10,True
TRX-20260911-001079,STR-001,CSH-006,CUST-01079,2026-09-11 18:04:39,CREDIT,33500.0,2,True
TRX-20260911-001080,STR-001,CSH-002,CUST-01080,2026-09-11 18:57:30,QRIS,78100.0,5,False
TRX-20260911-001081,STR-001,CSH-006,CUST-01081,2026-09-11 18:15:47,QRIS,39500.0,3,False
TRX-20260911-001082,STR-001,CSH-002,CUST-GUEST,2026-09-11 18:02:15,CASH,439400.0,13,True
TRX-20260911-001083,STR-001,CSH-002,CUST-01083,2026-09-11 18:56:12,QRIS,53100.0,4,True
TRX-20260911-001084,STR-001,CSH-006,CUST-01084,2026-09-11 18:59:20,QRIS,128700.0,7,False
TRX-20260911-001085,STR-001,CSH-006,CUST-01085,2026-09-11 19:29:45,DEBIT,35300.0,3,False
TRX-20260911-001086,STR-001,CSH-004,CUST-01086,2026-09-11 19:28:09,CASH,1026500.0,23,False
TRX-20260911-001087,STR-001,CSH-004,CUST-01087,2026-09-11 19:55:17,QRIS,46800.0,3,False
TRX-20260911-001088,STR-001,CSH-004,CUST-01088,2026-09-11 19:52:44,DEBIT,588200.0,15,True
TRX-20260911-001089,STR-001,CSH-006,CUST-01089,2026-09-11 20:27:59,QRIS,360400.0,9,False
TRX-20260911-001090,STR-001,CSH-002,CUST-01090,2026-09-11 20:11:06,QRIS,610300.0,18,True
TRX-20260911-001091,STR-001,CSH-002,CUST-01091,2026-09-11 20:26:17,QRIS,855500.0,21,False
TRX-20260911-001092,STR-001,CSH-002,CUST-01092,2026-09-11 21:31:14,CASH,919000.0,16,False
TRX-20260911-001093,STR-001,CSH-002,CUST-01093,2026-09-11 21:42:57,CASH,265400.0,12,True
TRX-20260911-001094,STR-001,CSH-002,CUST-01094,2026-09-11 21:56:10,CASH,15500.0,1,False
TRX-20260911-001095,STR-001,CSH-004,CUST-01095,2026-09-11 21:45:40,DEBIT,56500.0,3,True
TRX-20260911-001096,STR-001,CSH-006,CUST-01096,2026-09-11 21:49:24,CASH,101600.0,6,False
TRX-20260912-001097,STR-001,CSH-003,CUST-01097,2026-09-12 08:08:51,QRIS,35000.0,3,False
TRX-20260912-001098,STR-001,CSH-003,CUST-01098,2026-09-12 08:46:57,CASH,29000.0,2,False
TRX-20260912-001099,STR-001,CSH-003,CUST-01099,2026-09-12 09:50:29,QRIS,40500.0,3,True
TRX-20260912-001100,STR-001,CSH-003,CUST-01100,2026-09-12 09:28:23,CASH,41100.0,5,False
TRX-20260912-001101,STR-001,CSH-003,CUST-01101,2026-09-12 09:15:04,CREDIT,69500.0,3,True
TRX-20260912-001102,STR-001,CSH-003,CUST-01102,2026-09-12 09:23:56,QRIS,381500.0,13,True
TRX-20260912-001103,STR-001,CSH-005,CUST-01103,2026-09-12 09:21:31,CREDIT,50500.0,3,True
TRX-20260912-001104,STR-001,CSH-001,CUST-01104,2026-09-12 09:08:07,QRIS,43500.0,2,True
TRX-20260912-001105,STR-001,CSH-003,CUST-01105,2026-09-12 09:49:41,QRIS,54000.0,3,False
TRX-20260912-001106,STR-001,CSH-001,CUST-01106,2026-09-12 09:38:26,CASH,53500.0,4,True
TRX-20260912-001107,STR-001,CSH-001,CUST-01107,2026-09-12 10:29:23,CASH,4500.0,1,False
TRX-20260912-001108,STR-001,CSH-005,CUST-01108,2026-09-12 10:52:24,CREDIT,15500.0,1,False
TRX-20260912-001109,STR-001,CSH-005,CUST-01109,2026-09-12 10:28:57,QRIS,806700.0,16,True
TRX-20260912-001110,STR-001,CSH-005,CUST-01110,2026-09-12 10:49:05,DEBIT,94400.0,7,False
TRX-20260912-001111,STR-001,CSH-001,CUST-01111,2026-09-12 10:32:19,QRIS,449400.0,10,False
TRX-20260912-001112,STR-001,CSH-003,CUST-01112,2026-09-12 10:42:28,CREDIT,81000.0,5,True
TRX-20260912-001113,STR-001,CSH-005,CUST-01113,2026-09-12 11:07:26,CASH,97500.0,6,False
TRX-20260912-001114,STR-001,CSH-005,CUST-01114,2026-09-12 11:24:39,CASH,119000.0,8,True
TRX-20260912-001115,STR-001,CSH-003,CUST-01115,2026-09-12 11:06:32,CASH,19500.0,1,False
TRX-20260912-001116,STR-001,CSH-001,CUST-01116,2026-09-12 11:30:25,QRIS,514800.0,15,True
TRX-20260912-001117,STR-001,CSH-001,CUST-01117,2026-09-12 11:28:34,QRIS,34800.0,3,False
TRX-20260912-001118,STR-001,CSH-003,CUST-01118,2026-09-12 11:07:36,CASH,690800.0,16,False
TRX-20260912-001119,STR-001,CSH-001,CUST-01119,2026-09-12 11:34:46,DEBIT,549800.0,12,True
TRX-20260912-001120,STR-001,CSH-001,CUST-01120,2026-09-12 12:41:32,QRIS,69900.0,5,True
TRX-20260912-001121,STR-001,CSH-001,CUST-01121,2026-09-12 12:51:08,QRIS,35800.0,3,True
TRX-20260912-001122,STR-001,CSH-005,CUST-01122,2026-09-12 12:22:01,DEBIT,399500.0,11,True
TRX-20260912-001123,STR-001,CSH-001,CUST-01123,2026-09-12 12:31:10,DEBIT,77500.0,4,False
TRX-20260912-001124,STR-001,CSH-001,CUST-01124,2026-09-12 12:24:02,DEBIT,27000.0,2,True
TRX-20260912-001125,STR-001,CSH-001,CUST-01125,2026-09-12 12:41:47,CASH,122600.0,8,True
TRX-20260912-001126,STR-001,CSH-001,CUST-01126,2026-09-12 12:33:25,QRIS,799400.0,22,True
TRX-20260912-001127,STR-001,CSH-005,CUST-01127,2026-09-12 12:11:08,CASH,116900.0,8,False
TRX-20260912-001128,STR-001,CSH-005,CUST-01128,2026-09-12 12:32:34,CASH,79000.0,5,False
TRX-20260912-001129,STR-001,CSH-003,CUST-01129,2026-09-12 12:05:07,CASH,108000.0,5,True
TRX-20260912-001130,STR-001,CSH-003,CUST-01130,2026-09-12 12:04:31,CASH,96300.0,5,False
TRX-20260912-001131,STR-001,CSH-003,CUST-01131,2026-09-12 12:22:30,QRIS,9800.0,1,False
TRX-20260912-001132,STR-001,CSH-001,CUST-01132,2026-09-12 12:45:24,CASH,133000.0,7,True
TRX-20260912-001133,STR-001,CSH-005,CUST-01133,2026-09-12 12:51:44,QRIS,26000.0,2,False
TRX-20260912-001134,STR-001,CSH-005,CUST-01134,2026-09-12 13:32:11,QRIS,25000.0,3,False
TRX-20260912-001135,STR-001,CSH-005,CUST-01135,2026-09-12 13:37:45,QRIS,7800.0,2,False
TRX-20260912-001136,STR-001,CSH-005,CUST-01136,2026-09-12 13:46:02,QRIS,103300.0,8,True
TRX-20260912-001137,STR-001,CSH-003,CUST-01137,2026-09-12 13:24:07,CASH,112800.0,8,True
TRX-20260912-001138,STR-001,CSH-001,CUST-01138,2026-09-12 13:50:21,CASH,123600.0,7,True
TRX-20260912-001139,STR-001,CSH-003,CUST-01139,2026-09-12 13:23:18,QRIS,119600.0,7,True
TRX-20260912-001140,STR-001,CSH-003,CUST-01140,2026-09-12 13:07:18,QRIS,22300.0,3,True
TRX-20260912-001141,STR-001,CSH-001,CUST-01141,2026-09-12 13:22:07,QRIS,43300.0,3,True
TRX-20260912-001142,STR-001,CSH-001,CUST-01142,2026-09-12 13:52:52,CREDIT,4500.0,1,False
TRX-20260912-001143,STR-001,CSH-005,CUST-01143,2026-09-12 13:09:33,QRIS,1021000.0,16,False
TRX-20260912-001144,STR-001,CSH-003,CUST-GUEST,2026-09-12 13:34:36,QRIS,75100.0,5,True
TRX-20260912-001145,STR-001,CSH-005,CUST-01145,2026-09-12 13:52:54,QRIS,93000.0,6,False
TRX-20260912-001146,STR-001,CSH-005,CUST-01146,2026-09-12 13:54:43,CASH,849000.0,13,True
TRX-20260912-001147,STR-001,CSH-003,CUST-01147,2026-09-12 13:11:28,DEBIT,36500.0,3,False
TRX-20260912-001148,STR-001,CSH-005,CUST-01148,2026-09-12 13:03:33,QRIS,102000.0,4,True
TRX-20260912-001149,STR-001,CSH-005,CUST-01149,2026-09-12 13:15:43,QRIS,35500.0,2,False
TRX-20260912-001150,STR-001,CSH-003,CUST-GUEST,2026-09-12 13:33:42,QRIS,886500.0,17,True
TRX-20260912-001151,STR-001,CSH-001,CUST-GUEST,2026-09-12 14:43:29,CASH,710500.0,20,True
TRX-20260912-001152,STR-001,CSH-001,CUST-01152,2026-09-12 14:39:40,CASH,20500.0,2,False
TRX-20260912-001153,STR-001,CSH-003,CUST-01153,2026-09-12 14:43:43,CASH,20500.0,2,False
TRX-20260912-001154,STR-001,CSH-003,CUST-01154,2026-09-12 14:44:40,CASH,763900.0,21,False
TRX-20260912-001155,STR-001,CSH-001,CUST-01155,2026-09-12 14:11:28,QRIS,32500.0,2,False
TRX-20260912-001156,STR-001,CSH-001,CUST-01156,2026-09-12 14:53:26,QRIS,93000.0,4,True
TRX-20260912-001157,STR-001,CSH-005,CUST-01157,2026-09-12 14:05:13,CASH,62000.0,5,True
TRX-20260912-001158,STR-001,CSH-001,CUST-01158,2026-09-12 14:12:17,CASH,81300.0,5,True
TRX-20260912-001159,STR-001,CSH-002,CUST-GUEST,2026-09-12 15:03:53,CASH,4000.0,1,True
TRX-20260912-001160,STR-001,CSH-006,CUST-01160,2026-09-12 15:58:41,QRIS,36800.0,4,True
TRX-20260912-001161,STR-001,CSH-006,CUST-01161,2026-09-12 15:33:22,QRIS,96800.0,5,False
TRX-20260912-001162,STR-001,CSH-002,CUST-GUEST,2026-09-12 15:58:18,QRIS,21500.0,1,True
TRX-20260912-001163,STR-001,CSH-006,CUST-01163,2026-09-12 16:36:51,CASH,25500.0,3,False
TRX-20260912-001164,STR-001,CSH-006,CUST-01164,2026-09-12 16:17:29,CASH,717700.0,17,False
TRX-20260912-001165,STR-001,CSH-002,CUST-GUEST,2026-09-12 16:29:56,QRIS,69600.0,7,True
TRX-20260912-001166,STR-001,CSH-006,CUST-01166,2026-09-12 16:06:51,QRIS,48300.0,4,True
TRX-20260912-001167,STR-001,CSH-006,CUST-01167,2026-09-12 16:30:07,QRIS,15500.0,2,False
TRX-20260912-001168,STR-001,CSH-006,CUST-01168,2026-09-12 16:22:44,CASH,71500.0,4,False
TRX-20260912-001169,STR-001,CSH-002,CUST-01169,2026-09-12 16:08:42,CASH,24000.0,2,False
TRX-20260912-001170,STR-001,CSH-002,CUST-01170,2026-09-12 16:04:29,QRIS,11500.0,1,False
TRX-20260912-001171,STR-001,CSH-006,CUST-01171,2026-09-12 16:18:30,QRIS,8000.0,1,False
TRX-20260912-001172,STR-001,CSH-006,CUST-01172,2026-09-12 16:01:50,CREDIT,603000.0,16,True
TRX-20260912-001173,STR-001,CSH-006,CUST-01173,2026-09-12 17:49:00,CREDIT,31300.0,2,False
TRX-20260912-001174,STR-001,CSH-004,CUST-GUEST,2026-09-12 17:15:02,CASH,1094200.0,14,True
TRX-20260912-001175,STR-001,CSH-002,CUST-01175,2026-09-12 17:10:27,QRIS,63800.0,5,False
TRX-20260912-001176,STR-001,CSH-004,CUST-01176,2026-09-12 17:49:17,QRIS,609000.0,17,False
TRX-20260912-001177,STR-001,CSH-002,CUST-01177,2026-09-12 17:55:35,CASH,874500.0,17,False
TRX-20260912-001178,STR-001,CSH-002,CUST-01178,2026-09-12 17:04:42,QRIS,27500.0,2,False
TRX-20260912-001179,STR-001,CSH-006,CUST-01179,2026-09-12 17:34:18,DEBIT,46300.0,3,True
TRX-20260912-001180,STR-001,CSH-002,CUST-01180,2026-09-12 17:15:31,CASH,500800.0,18,True
TRX-20260912-001181,STR-001,CSH-002,CUST-01181,2026-09-12 17:24:42,QRIS,942700.0,22,True
TRX-20260912-001182,STR-001,CSH-002,CUST-01182,2026-09-12 17:17:32,DEBIT,95800.0,6,False
TRX-20260912-001183,STR-001,CSH-002,CUST-01183,2026-09-12 17:45:02,CASH,25500.0,2,False
TRX-20260912-001184,STR-001,CSH-006,CUST-01184,2026-09-12 17:53:02,CREDIT,91300.0,5,False
TRX-20260912-001185,STR-001,CSH-006,CUST-01185,2026-09-12 17:29:30,QRIS,100400.0,7,True
TRX-20260912-001186,STR-001,CSH-004,CUST-01186,2026-09-12 17:28:15,DEBIT,15000.0,2,False
TRX-20260912-001187,STR-001,CSH-006,CUST-01187,2026-09-12 17:21:10,QRIS,500000.0,12,True
TRX-20260912-001188,STR-001,CSH-004,CUST-01188,2026-09-12 17:24:14,QRIS,43500.0,3,False
TRX-20260912-001189,STR-001,CSH-002,CUST-01189,2026-09-12 17:13:38,QRIS,53500.0,4,True
TRX-20260912-001190,STR-001,CSH-002,CUST-01190,2026-09-12 17:14:09,CREDIT,67100.0,4,False
TRX-20260912-001191,STR-001,CSH-004,CUST-01191,2026-09-12 18:04:15,CASH,112000.0,7,True
TRX-20260912-001192,STR-001,CSH-006,CUST-GUEST,2026-09-12 18:13:20,CREDIT,33100.0,3,True
TRX-20260912-001193,STR-001,CSH-002,CUST-GUEST,2026-09-12 18:16:42,QRIS,39000.0,3,True
TRX-20260912-001194,STR-001,CSH-002,CUST-GUEST,2026-09-12 18:05:35,CASH,72400.0,5,True
TRX-20260912-001195,STR-001,CSH-006,CUST-01195,2026-09-12 18:24:37,CREDIT,12500.0,1,False
TRX-20260912-001196,STR-001,CSH-002,CUST-01196,2026-09-12 18:44:32,QRIS,17000.0,1,False
TRX-20260912-001197,STR-001,CSH-004,CUST-01197,2026-09-12 18:57:32,QRIS,70500.0,4,False
TRX-20260912-001198,STR-001,CSH-004,CUST-GUEST,2026-09-12 18:47:47,CREDIT,77000.0,5,True
TRX-20260912-001199,STR-001,CSH-002,CUST-01199,2026-09-12 18:30:43,CASH,38500.0,3,False
TRX-20260912-001200,STR-001,CSH-002,CUST-01200,2026-09-12 18:40:18,CREDIT,20800.0,2,True
TRX-20260912-001201,STR-001,CSH-004,CUST-01201,2026-09-12 18:30:58,CASH,43800.0,3,False
TRX-20260912-001202,STR-001,CSH-004,CUST-01202,2026-09-12 18:39:53,CREDIT,488000.0,11,True
TRX-20260912-001203,STR-001,CSH-002,CUST-01203,2026-09-12 19:54:13,DEBIT,11500.0,1,False
TRX-20260912-001204,STR-001,CSH-002,CUST-01204,2026-09-12 19:50:16,DEBIT,67500.0,5,True
TRX-20260912-001205,STR-001,CSH-006,CUST-01205,2026-09-12 19:46:06,CASH,434000.0,10,False
TRX-20260912-001206,STR-001,CSH-004,CUST-01206,2026-09-12 19:57:28,QRIS,45500.0,2,False
TRX-20260912-001207,STR-001,CSH-006,CUST-01207,2026-09-12 19:10:33,DEBIT,112500.0,5,True
TRX-20260912-001208,STR-001,CSH-002,CUST-01208,2026-09-12 19:06:48,DEBIT,85000.0,5,True
TRX-20260912-001209,STR-001,CSH-004,CUST-01209,2026-09-12 19:59:20,QRIS,36300.0,3,False
TRX-20260912-001210,STR-001,CSH-006,CUST-01210,2026-09-12 20:55:43,CASH,11000.0,1,False
TRX-20260912-001211,STR-001,CSH-002,CUST-01211,2026-09-12 20:27:52,DEBIT,26800.0,2,True
TRX-20260912-001212,STR-001,CSH-004,CUST-01212,2026-09-12 20:38:45,CREDIT,4500.0,1,False
TRX-20260912-001213,STR-001,CSH-004,CUST-01213,2026-09-12 20:12:00,QRIS,24000.0,3,False
TRX-20260912-001214,STR-001,CSH-004,CUST-01214,2026-09-12 21:50:25,CASH,48800.0,3,False
TRX-20260912-001215,STR-001,CSH-006,CUST-01215,2026-09-12 21:39:18,QRIS,141000.0,8,True
TRX-20260912-001216,STR-001,CSH-002,CUST-01216,2026-09-12 21:01:03,CASH,43800.0,3,False
TRX-20260912-001217,STR-001,CSH-004,CUST-01217,2026-09-12 21:41:17,CASH,134200.0,6,False
